{
  "bids_meta": {
    "AcquisitionNumber": 1,
    "DeviceSerialNumber": "35442  ",
    "EchoNumber": 1,
    "EchoTime": 0.00298,
    "FlipAngle": 9,
    "ImageOrientationPatientDICOM": [
      "-0.0058407191201",
      "0.99822332235069",
      "0.05929658266129",
      "0.01786506797371",
      "0.05939229331186",
      "-0.9980748443085  "
    ],
    "ImageType": [
      "ORIGINAL",
      "PRIMARY",
      "M",
      "ND",
      "NORM "
    ],
    "ImagingFrequency": 123.247328,
    "InPlanePhaseEncodingDirectionDICOM": "ROW  ",
    "IntendedFor": [
      "ses-PREBL00/func/sub-6433158_ses-PREBL00_task-retrieval_run-001_bold.nii.gz",
      "ses-PREBL00/func/sub-6433158_ses-PREBL00_task-rest_run-002_bold.nii.gz",
      "ses-PREBL00/fmap/sub-6433158_ses-PREBL00_run-003_phasediff.nii.gz",
      "ses-PREBL00/anat/sub-6433158_ses-PREBL00_run-001_T2star.nii.gz",
      "ses-PREBL00/anat/sub-6433158_ses-PREBL00_run-001_T1w.nii.gz",
      "ses-PREBL00/func/sub-6433158_ses-PREBL00_task-rest_run-001_bold.nii.gz",
      "ses-PREBL00/fmap/sub-6433158_ses-PREBL00_run-001_phasediff.nii.gz",
      "ses-PREBL00/asl/sub-6433158_ses-PREBL00_run-001_asl.nii.gz",
      "ses-PREBL00/func/sub-6433158_ses-PREBL00_task-encoding_run-001_bold.nii.gz",
      "ses-PREBL00/fmap/sub-6433158_ses-PREBL00_run-002_phasediff.nii.gz"
    ],
    "InversionTime": 0.9,
    "MRAcquisitionType": "3D ",
    "MagneticFieldStrength": 3,
    "Manufacturer": "SIEMENS  ",
    "ManufacturerModelName": "TrioTim  ",
    "Modality": "MRI__ ",
    "PatientPosition": "HFS  ",
    "PercentPhaseFOV": 93.75,
    "PhaseEncodingSteps": 239,
    "PixelBandwidth": 238,
    "ProtocolName": "MPRAGE ADNI_iPAT2  ",
    "PulseSequenceType": "*tfl3d1_ns ",
    "ReceiveCoilName": "HeadMatrixix\\\\ ",
    "RepetitionTime": 2.3,
    "SAR": 0.09087713118903,
    "ScanningSequence": "GR\\\\IR  ",
    "SequenceName": "*tfl3d1_ns ",
    "SequenceVariant": "SP\\\\MP  ",
    "SeriesDescription": "MPRAGE ADNI_iPAT2  ",
    "SeriesNumber": 17,
    "SliceOrder": "interleaved ",
    "SliceThickness": 1,
    "SliceTiming": null,
    "SoftwareVersions": "syngo MR B17 ",
    "dataset": "<unset>",
    "modality": "T1w",
    "run_id": 2,
    "session_id": "PREBL00",
    "subject_id": "6433158"
  },
  "cjv": 0.48321284171144785,
  "cnr": 2.8381315379528145,
  "efc": 0.6152560792033919,
  "fber": 130.4513397216797,
  "fwhm_avg": 3.0391399999999997,
  "fwhm_x": 3.17167,
  "fwhm_y": 3.04227,
  "fwhm_z": 2.90348,
  "icvs_csf": 0.23536108006311432,
  "icvs_gm": 0.4227789620334326,
  "icvs_wm": 0.341859957903453,
  "inu_med": 1.1873477697372437,
  "inu_range": 0.3356287479400637,
  "provenance": {
    "md5sum": "7f5a60c07651d220b66a5f4dc6ff6d2a",
    "settings": {
      "testing": false
    },
    "software": "mriqc",
    "version": "0.16.1",
    "warnings": {
      "large_rot_frame": true,
      "small_air_mask": false
    },
    "webapi_port": null,
    "webapi_url": "https://mriqc.nimh.nih.gov/api/v1"
  },
  "qi_1": 0.00011472339743966614,
  "qi_2": 0.004049373453433104,
  "rpve_csf": 25.160309257832715,
  "rpve_gm": 13.714587659019175,
  "rpve_wm": 18.734805790664545,
  "size_x": 176,
  "size_y": 240,
  "size_z": 256,
  "snr_csf": 2.8747182577729715,
  "snr_gm": 7.286755086698924,
  "snr_total": 7.161956897445602,
  "snr_wm": 11.324397347864911,
  "snrd_csf": 11.92975032640173,
  "snrd_gm": 26.015758562920574,
  "snrd_total": 26.350086028016296,
  "snrd_wm": 41.104749194726594,
  "spacing_x": 1.0,
  "spacing_y": 1.0,
  "spacing_z": 1.0,
  "summary_bg_k": 639.498305684752,
  "summary_bg_mad": 15.937272544785232,
  "summary_bg_mean": 51.362754821777344,
  "summary_bg_median": 48.407554626464844,
  "summary_bg_n": 2924627.0,
  "summary_bg_p05": 24.965426635742187,
  "summary_bg_p95": 80.84591751098631,
  "summary_bg_stdv": 37.2504997253418,
  "summary_csf_k": 29.324332853981034,
  "summary_csf_mad": 80.01812483229995,
  "summary_csf_mean": 302.94989013671875,
  "summary_csf_median": 290.2108459472656,
  "summary_csf_n": 48334.0,
  "summary_csf_p05": 173.86365280151367,
  "summary_csf_p95": 472.32007904052733,
  "summary_csf_stdv": 100.95175170898438,
  "summary_gm_k": -0.28037543601041426,
  "summary_gm_mad": 91.65642556036764,
  "summary_gm_mean": 631.31103515625,
  "summary_gm_median": 632.876220703125,
  "summary_gm_n": 10262.0,
  "summary_gm_p05": 486.2504547119141,
  "summary_gm_p95": 770.4593170166015,
  "summary_gm_stdv": 86.84872436523438,
  "summary_wm_k": 0.1606337937745912,
  "summary_wm_mad": 85.71389091136477,
  "summary_wm_mean": 1003.8932495117188,
  "summary_wm_median": 999.9407958984375,
  "summary_wm_n": 120042.0,
  "summary_wm_p05": 864.5407257080078,
  "summary_wm_p95": 1156.6725158691406,
  "summary_wm_stdv": 88.29932403564453,
  "tpm_overlap_csf": 0.14549092948436737,
  "tpm_overlap_gm": 0.3837277591228485,
  "tpm_overlap_wm": 0.4247147738933563,
  "wm2max": 0.6029417312000597
}