{
  "bids_meta": {
    "AcquisitionNumber": 1,
    "DeviceSerialNumber": "35442  ",
    "EchoNumber": 1,
    "EchoTime": 0.00298,
    "FlipAngle": 9,
    "ImageOrientationPatientDICOM": [
      "-0.0068323897331",
      "0.99997659819872",
      "-0.0003485763263",
      "0.05343296832106",
      "1.699689838e-005",
      "-0.9985714384096  "
    ],
    "ImageType": [
      "ORIGINAL",
      "PRIMARY",
      "M",
      "ND",
      "NORM "
    ],
    "ImagingFrequency": 123.247337,
    "InPlanePhaseEncodingDirectionDICOM": "ROW  ",
    "IntendedFor": [
      "ses-NAPFU12/func/sub-9748277_ses-NAPFU12_task-retrieval_run-001_bold.nii.gz",
      "ses-NAPFU12/fmap/sub-9748277_ses-NAPFU12_run-001_phasediff.nii.gz",
      "ses-NAPFU12/func/sub-9748277_ses-NAPFU12_task-rest_run-001_bold.nii.gz",
      "ses-NAPFU12/asl/sub-9748277_ses-NAPFU12_run-001_asl.nii.gz",
      "ses-NAPFU12/func/sub-9748277_ses-NAPFU12_task-encoding_run-001_bold.nii.gz",
      "ses-NAPFU12/anat/sub-9748277_ses-NAPFU12_run-001_T2star.nii.gz",
      "ses-NAPFU12/fmap/sub-9748277_ses-NAPFU12_run-003_phasediff.nii.gz",
      "ses-NAPFU12/func/sub-9748277_ses-NAPFU12_task-rest_run-002_bold.nii.gz",
      "ses-NAPFU12/fmap/sub-9748277_ses-NAPFU12_run-002_phasediff.nii.gz"
    ],
    "InversionTime": 0.9,
    "MRAcquisitionType": "3D ",
    "MagneticFieldStrength": 3,
    "Manufacturer": "SIEMENS  ",
    "ManufacturerModelName": "TrioTim  ",
    "Modality": "MRI__ ",
    "PatientPosition": "HFS  ",
    "PercentPhaseFOV": 93.75,
    "PhaseEncodingSteps": 239,
    "PixelBandwidth": 238,
    "ProtocolName": "MPRAGE ADNI_iPAT2  ",
    "PulseSequenceType": "*tfl3d1_ns ",
    "ReceiveCoilName": "HeadMatrixix\\\\ ",
    "RepetitionTime": 2.3,
    "SAR": 0.07758955797591,
    "ScanningSequence": "GR\\\\IR  ",
    "SequenceName": "*tfl3d1_ns ",
    "SequenceVariant": "SP\\\\MP  ",
    "SeriesDescription": "MPRAGE ADNI_iPAT2  ",
    "SeriesNumber": 12,
    "SliceOrder": "interleaved ",
    "SliceThickness": 1,
    "SliceTiming": null,
    "SoftwareVersions": "syngo MR B17 ",
    "dataset": "<unset>",
    "modality": "T1w",
    "run_id": 1,
    "session_id": "NAPFU12",
    "subject_id": "9748277"
  },
  "cjv": 0.38792482048924787,
  "cnr": 3.404706242138623,
  "efc": 0.5896999969952111,
  "fber": 132.67835998535156,
  "fwhm_avg": 3.433313333333333,
  "fwhm_x": 3.48543,
  "fwhm_y": 3.56328,
  "fwhm_z": 3.25123,
  "icvs_csf": 0.20541226752171568,
  "icvs_gm": 0.41150326035274604,
  "icvs_wm": 0.3830844721255383,
  "inu_med": 1.3318231105804443,
  "inu_range": 0.40453299283981314,
  "provenance": {
    "md5sum": "67bac8162237df7d17cf46b648b2e84b",
    "settings": {
      "testing": false
    },
    "software": "mriqc",
    "version": "0.16.1",
    "warnings": {
      "large_rot_frame": false,
      "small_air_mask": false
    },
    "webapi_port": null,
    "webapi_url": "https://mriqc.nimh.nih.gov/api/v1"
  },
  "qi_1": 0.0,
  "qi_2": 0.004912913890514753,
  "rpve_csf": 27.42425968545732,
  "rpve_gm": 14.249818037583752,
  "rpve_wm": 18.50108122626209,
  "size_x": 176,
  "size_y": 240,
  "size_z": 256,
  "snr_csf": 3.015681870302668,
  "snr_gm": 9.46549966213478,
  "snr_total": 10.443124444760057,
  "snr_wm": 18.84819180184272,
  "snrd_csf": 13.616517245235114,
  "snrd_gm": 26.526770154052105,
  "snrd_total": 26.30204219135058,
  "snrd_wm": 38.762839174764515,
  "spacing_x": 1.0,
  "spacing_y": 1.0,
  "spacing_z": 1.0,
  "summary_bg_k": 1925.545654896125,
  "summary_bg_mad": 16.90110198537242,
  "summary_bg_mean": 56.71682357788086,
  "summary_bg_median": 55.27910614013672,
  "summary_bg_n": 3008726.0,
  "summary_bg_p05": 30.47947359085083,
  "summary_bg_p95": 86.7780818939209,
  "summary_bg_stdv": 23.545005798339844,
  "summary_csf_k": -0.09955169312835599,
  "summary_csf_mad": 123.74774150042822,
  "summary_csf_mean": 363.5948791503906,
  "summary_csf_median": 351.2767028808594,
  "summary_csf_n": 16979.0,
  "summary_csf_p05": 194.69004974365234,
  "summary_csf_p95": 571.1212585449218,
  "summary_csf_stdv": 116.47991180419922,
  "summary_gm_k": 0.03175388822575176,
  "summary_gm_mad": 71.10626841224402,
  "summary_gm_mean": 683.326904296875,
  "summary_gm_median": 684.3333129882812,
  "summary_gm_n": 18905.0,
  "summary_gm_p05": 562.093115234375,
  "summary_gm_p95": 800.9890625,
  "summary_gm_stdv": 72.29573059082031,
  "summary_wm_k": 0.3066152804154316,
  "summary_wm_mad": 51.34768004502724,
  "summary_wm_mean": 999.2622680664062,
  "summary_wm_median": 999.9974365234375,
  "summary_wm_n": 198695.0,
  "summary_wm_p05": 910.8849609375,
  "summary_wm_p95": 1084.8969482421876,
  "summary_wm_stdv": 53.05521774291992,
  "tpm_overlap_csf": 0.18106813728809357,
  "tpm_overlap_gm": 0.44268500804901123,
  "tpm_overlap_wm": 0.5277783870697021,
  "wm2max": 0.5171967135433583
}