{
  "bids_meta": {
    "AcquisitionNumber": 1,
    "DeviceSerialNumber": "35442  ",
    "EchoNumber": 1,
    "EchoTime": 0.00298,
    "FlipAngle": 9,
    "ImageOrientationPatientDICOM": [
      "0.02754915654838",
      "0.99962044995762",
      "1.44527794e-008",
      "0.06492103974831",
      "-0.0017891845501",
      "-0.9978888001259 "
    ],
    "ImageType": [
      "ORIGINAL",
      "PRIMARY",
      "M",
      "ND",
      "NORM "
    ],
    "ImagingFrequency": 123.247279,
    "InPlanePhaseEncodingDirectionDICOM": "ROW  ",
    "IntendedFor": [
      "ses-NAPBL00/anat/sub-1438245_ses-NAPBL00_run-001_T2star.nii.gz",
      "ses-NAPBL00/func/sub-1438245_ses-NAPBL00_task-rest_run-002_bold.nii.gz",
      "ses-NAPBL00/asl/sub-1438245_ses-NAPBL00_run-001_asl.nii.gz",
      "ses-NAPBL00/func/sub-1438245_ses-NAPBL00_task-rest_run-001_bold.nii.gz",
      "ses-NAPBL00/func/sub-1438245_ses-NAPBL00_task-encoding_run-001_bold.nii.gz",
      "ses-NAPBL00/fmap/sub-1438245_ses-NAPBL00_run-002_phasediff.nii.gz",
      "ses-NAPBL00/fmap/sub-1438245_ses-NAPBL00_run-001_phasediff.nii.gz",
      "ses-NAPBL00/func/sub-1438245_ses-NAPBL00_task-retrieval_run-001_bold.nii.gz",
      "ses-NAPBL00/fmap/sub-1438245_ses-NAPBL00_run-003_phasediff.nii.gz"
    ],
    "InversionTime": 0.9,
    "MRAcquisitionType": "3D ",
    "MagneticFieldStrength": 3,
    "Manufacturer": "SIEMENS  ",
    "ManufacturerModelName": "TrioTim  ",
    "Modality": "MRI__ ",
    "PatientPosition": "HFS  ",
    "PercentPhaseFOV": 93.75,
    "PhaseEncodingSteps": 239,
    "PixelBandwidth": 238,
    "ProtocolName": "MPRAGE ADNI_iPAT2  ",
    "PulseSequenceType": "*tfl3d1_ns ",
    "ReceiveCoilName": "HeadMatrixix\\\\ ",
    "RepetitionTime": 2.3,
    "SAR": 0.07396331612222,
    "ScanningSequence": "GR\\\\IR  ",
    "SequenceName": "*tfl3d1_ns ",
    "SequenceVariant": "SP\\\\MP  ",
    "SeriesDescription": "MPRAGE ADNI_iPAT2  ",
    "SeriesNumber": 12,
    "SliceOrder": "interleaved ",
    "SliceThickness": 1,
    "SliceTiming": null,
    "SoftwareVersions": "syngo MR B17 ",
    "dataset": "<unset>",
    "modality": "T1w",
    "run_id": 1,
    "session_id": "NAPBL00",
    "subject_id": "1438245"
  },
  "cjv": 0.39953996608561115,
  "cnr": 3.310643459902613,
  "efc": 0.6091768690391645,
  "fber": 97.22119140625,
  "fwhm_avg": 3.317346666666667,
  "fwhm_x": 3.35511,
  "fwhm_y": 3.43485,
  "fwhm_z": 3.16208,
  "icvs_csf": 0.19788612007968698,
  "icvs_gm": 0.4104536140815114,
  "icvs_wm": 0.39166026583880165,
  "inu_med": 1.3109303712844849,
  "inu_range": 0.4231623411178591,
  "provenance": {
    "md5sum": "5171801095beb48bcb5e366061337d76",
    "settings": {
      "testing": false
    },
    "software": "mriqc",
    "version": "0.16.1",
    "warnings": {
      "large_rot_frame": false,
      "small_air_mask": false
    },
    "webapi_port": null,
    "webapi_url": "https://mriqc.nimh.nih.gov/api/v1"
  },
  "qi_1": 3.677106558391333e-05,
  "qi_2": 0.004387104302358974,
  "rpve_csf": 28.622648098485293,
  "rpve_gm": 14.51450973458549,
  "rpve_wm": 18.563639535747413,
  "size_x": 176,
  "size_y": 240,
  "size_z": 256,
  "snr_csf": 2.682286762610724,
  "snr_gm": 9.161817483614135,
  "snr_total": 10.289559203767041,
  "snr_wm": 19.024573365076265,
  "snrd_csf": 10.519406206685709,
  "snrd_gm": 23.10882953672603,
  "snrd_total": 22.43809046640008,
  "snrd_wm": 33.6860356557885,
  "spacing_x": 1.0,
  "spacing_y": 1.0,
  "spacing_z": 1.0,
  "summary_bg_k": 2136.6052274405843,
  "summary_bg_mad": 19.448408328491034,
  "summary_bg_mean": 65.74361419677734,
  "summary_bg_median": 64.16144561767578,
  "summary_bg_n": 2912309.0,
  "summary_bg_p05": 35.776335906982425,
  "summary_bg_p95": 100.28487396240234,
  "summary_bg_stdv": 25.02646827697754,
  "summary_csf_k": -0.15912798900655378,
  "summary_csf_mad": 114.59033813701811,
  "summary_csf_mean": 334.473388671875,
  "summary_csf_median": 312.2795715332031,
  "summary_csf_n": 12981.0,
  "summary_csf_p05": 176.37408447265625,
  "summary_csf_p95": 548.8114624023438,
  "summary_csf_stdv": 116.41840362548828,
  "summary_gm_k": -0.048866352829074255,
  "summary_gm_mad": 74.81530770253379,
  "summary_gm_mean": 685.2139892578125,
  "summary_gm_median": 686.009765625,
  "summary_gm_n": 13546.0,
  "summary_gm_p05": 559.0364685058594,
  "summary_gm_p95": 806.5797119140625,
  "summary_gm_stdv": 74.87427520751953,
  "summary_wm_k": 0.3177767912411178,
  "summary_wm_mad": 50.638412699528764,
  "summary_wm_mean": 999.4097900390625,
  "summary_wm_median": 1000.0051879882812,
  "summary_wm_n": 197097.0,
  "summary_wm_p05": 911.9250122070312,
  "summary_wm_p95": 1084.1881591796875,
  "summary_wm_stdv": 52.56373596191406,
  "tpm_overlap_csf": 0.18429847061634064,
  "tpm_overlap_gm": 0.4415668845176697,
  "tpm_overlap_wm": 0.5111333727836609,
  "wm2max": 0.49564287625192177
}