{
  "bids_meta": {
    "AcquisitionNumber": 1,
    "DeviceSerialNumber": "35442  ",
    "EchoNumber": 1,
    "EchoTime": 0.00298,
    "FlipAngle": 9,
    "ImageOrientationPatientDICOM": [
      "0.01480350995083",
      "0.9998904220429",
      "-2.47127048e-008",
      "-0.0132963500534",
      "0.00019682950798",
      "-0.9999115802577 "
    ],
    "ImageType": [
      "ORIGINAL",
      "PRIMARY",
      "M",
      "ND",
      "NORM "
    ],
    "ImagingFrequency": 123.247429,
    "InPlanePhaseEncodingDirectionDICOM": "ROW  ",
    "IntendedFor": [
      "ses-NAPFU03/anat/sub-2773553_ses-NAPFU03_run-001_T2star.nii.gz",
      "ses-NAPFU03/func/sub-2773553_ses-NAPFU03_task-retrieval_run-001_bold.nii.gz",
      "ses-NAPFU03/anat/sub-2773553_ses-NAPFU03_run-002_T1w.nii.gz",
      "ses-NAPFU03/fmap/sub-2773553_ses-NAPFU03_run-003_phasediff.nii.gz",
      "ses-NAPFU03/func/sub-2773553_ses-NAPFU03_task-rest_run-001_bold.nii.gz",
      "ses-NAPFU03/func/sub-2773553_ses-NAPFU03_task-rest_run-002_bold.nii.gz",
      "ses-NAPFU03/fmap/sub-2773553_ses-NAPFU03_run-002_phasediff.nii.gz",
      "ses-NAPFU03/fmap/sub-2773553_ses-NAPFU03_run-001_phasediff.nii.gz",
      "ses-NAPFU03/asl/sub-2773553_ses-NAPFU03_run-001_asl.nii.gz",
      "ses-NAPFU03/func/sub-2773553_ses-NAPFU03_task-encoding_run-001_bold.nii.gz"
    ],
    "InversionTime": 0.9,
    "MRAcquisitionType": "3D ",
    "MagneticFieldStrength": 3,
    "Manufacturer": "SIEMENS  ",
    "ManufacturerModelName": "TrioTim  ",
    "Modality": "MRI__ ",
    "PatientPosition": "HFS  ",
    "PercentPhaseFOV": 93.75,
    "PhaseEncodingSteps": 239,
    "PixelBandwidth": 238,
    "ProtocolName": "MPRAGE ADNI_iPAT2  ",
    "PulseSequenceType": "*tfl3d1_ns ",
    "ReceiveCoilName": "HeadMatrixix\\\\ ",
    "RepetitionTime": 2.3,
    "SAR": 0.07906394391894,
    "ScanningSequence": "GR\\\\IR  ",
    "SequenceName": "*tfl3d1_ns ",
    "SequenceVariant": "SP\\\\MP  ",
    "SeriesDescription": "MPRAGE ADNI_iPAT2  ",
    "SeriesNumber": 12,
    "SliceOrder": "interleaved ",
    "SliceThickness": 1,
    "SliceTiming": null,
    "SoftwareVersions": "syngo MR B17 ",
    "dataset": "<unset>",
    "modality": "T1w",
    "run_id": 1,
    "session_id": "NAPFU03",
    "subject_id": "2773553"
  },
  "cjv": 0.4846816957023536,
  "cnr": 2.8073521817922016,
  "efc": 0.5772054365067436,
  "fber": 131.611572265625,
  "fwhm_avg": 3.369006666666667,
  "fwhm_x": 3.40623,
  "fwhm_y": 3.48204,
  "fwhm_z": 3.21875,
  "icvs_csf": 0.2204218211110439,
  "icvs_gm": 0.40722881142412987,
  "icvs_wm": 0.3723493674648262,
  "inu_med": 1.5240821838378906,
  "inu_range": 0.4207484960556034,
  "provenance": {
    "md5sum": "9b4d3a0d3d0c987a95c80becc232eb67",
    "settings": {
      "testing": false
    },
    "software": "mriqc",
    "version": "0.16.1",
    "warnings": {
      "large_rot_frame": false,
      "small_air_mask": false
    },
    "webapi_port": null,
    "webapi_url": "https://mriqc.nimh.nih.gov/api/v1"
  },
  "qi_1": 0.0,
  "qi_2": 0.003289008007479724,
  "rpve_csf": 30.06482931850476,
  "rpve_gm": 16.159606656580937,
  "rpve_wm": 20.671552113895437,
  "size_x": 176,
  "size_y": 240,
  "size_z": 256,
  "snr_csf": 3.1322992553813123,
  "snr_gm": 9.89961313856661,
  "snr_total": 9.226074063310316,
  "snr_wm": 14.64630979598303,
  "snrd_csf": 13.089541305350194,
  "snrd_gm": 25.23032267418585,
  "snrd_total": 24.532556546955266,
  "snrd_wm": 35.27780566132976,
  "spacing_x": 1.0,
  "spacing_y": 1.0,
  "spacing_z": 1.0,
  "summary_bg_k": 10.860005584908386,
  "summary_bg_mad": 18.570878888102886,
  "summary_bg_mean": 59.020751953125,
  "summary_bg_median": 57.26451110839844,
  "summary_bg_n": 3832644.0,
  "summary_bg_p05": 29.827132225036625,
  "summary_bg_p95": 93.52634696960446,
  "summary_bg_stdv": 20.297649383544922,
  "summary_csf_k": 1.3270681848746682,
  "summary_csf_mad": 123.88214304736643,
  "summary_csf_mean": 372.9070129394531,
  "summary_csf_median": 371.0437927246094,
  "summary_csf_n": 17268.0,
  "summary_csf_p05": 187.2994644165039,
  "summary_csf_p95": 567.4104248046873,
  "summary_csf_stdv": 118.45389556884766,
  "summary_gm_k": -0.07375403963492788,
  "summary_gm_mad": 71.66333013448038,
  "summary_gm_mean": 713.6538696289062,
  "summary_gm_median": 715.1934814453125,
  "summary_gm_n": 11471.0,
  "summary_gm_p05": 591.2881774902344,
  "summary_gm_p95": 829.8822937011719,
  "summary_gm_stdv": 72.24143981933594,
  "summary_wm_k": 0.31994236678997234,
  "summary_wm_mad": 66.37974991389291,
  "summary_wm_mean": 1001.45654296875,
  "summary_wm_median": 1000.0053100585938,
  "summary_wm_n": 160214.0,
  "summary_wm_p05": 892.0834655761719,
  "summary_wm_p95": 1116.0127868652344,
  "summary_wm_stdv": 68.2767333984375,
  "tpm_overlap_csf": 0.16518394649028778,
  "tpm_overlap_gm": 0.43349239230155945,
  "tpm_overlap_wm": 0.5066587328910828,
  "wm2max": 0.4886777366432037
}