{
  "bids_meta": {
    "AcquisitionNumber": 1,
    "DeviceSerialNumber": "35442  ",
    "EchoNumber": 1,
    "EchoTime": 0.00298,
    "FlipAngle": 9,
    "ImageOrientationPatientDICOM": [
      "-0.0209466116109",
      "0.99948261329821",
      "0.0244078916869",
      "0.04409361444192",
      "0.02531303255914",
      "-0.9987066654169 "
    ],
    "ImageType": [
      "ORIGINAL",
      "PRIMARY",
      "M",
      "ND",
      "NORM "
    ],
    "ImagingFrequency": 123.247221,
    "InPlanePhaseEncodingDirectionDICOM": "ROW  ",
    "IntendedFor": [
      "ses-NAPEN00/anat/sub-3455156_ses-NAPEN00_run-001_FLAIR.nii.gz",
      "ses-NAPEN00/dwi/sub-3455156_ses-NAPEN00_run-001_dwi.nii.gz",
      "ses-NAPEN00/fmap/sub-3455156_ses-NAPEN00_run-002_phasediff.nii.gz",
      "ses-NAPEN00/fmap/sub-3455156_ses-NAPEN00_run-001_phasediff.nii.gz"
    ],
    "InversionTime": 0.9,
    "MRAcquisitionType": "3D ",
    "MagneticFieldStrength": 3,
    "Manufacturer": "SIEMENS  ",
    "ManufacturerModelName": "TrioTim  ",
    "Modality": "MRI__ ",
    "PatientPosition": "HFS  ",
    "PercentPhaseFOV": 93.75,
    "PhaseEncodingSteps": 239,
    "PixelBandwidth": 238,
    "ProtocolName": "MPRAGE ADNI_iPAT2  ",
    "PulseSequenceType": "*tfl3d1_ns ",
    "ReceiveCoilName": "HeadMatrixix\\\\ ",
    "RepetitionTime": 2.3,
    "SAR": 0.08227676262024,
    "ScanningSequence": "GR\\\\IR  ",
    "SequenceName": "*tfl3d1_ns ",
    "SequenceVariant": "SP\\\\MP  ",
    "SeriesDescription": "MPRAGE ADNI_iPAT2  ",
    "SeriesNumber": 4,
    "SliceOrder": "interleaved ",
    "SliceThickness": 1,
    "SliceTiming": null,
    "SoftwareVersions": "syngo MR B17 ",
    "dataset": "<unset>",
    "modality": "T1w",
    "run_id": 1,
    "session_id": "NAPEN00",
    "subject_id": "3455156"
  },
  "cjv": 0.39731491994421714,
  "cnr": 3.372699952930095,
  "efc": 0.6242066299388808,
  "fber": 116.18428802490234,
  "fwhm_avg": 3.3040933333333338,
  "fwhm_x": 3.38198,
  "fwhm_y": 3.39072,
  "fwhm_z": 3.13958,
  "icvs_csf": 0.19669078817898855,
  "icvs_gm": 0.4224133805550818,
  "icvs_wm": 0.38089583126592963,
  "inu_med": 1.1774953603744507,
  "inu_range": 0.35848915576934803,
  "provenance": {
    "md5sum": "2e819b03d1b95298d0b31d7703df9ba6",
    "settings": {
      "testing": false
    },
    "software": "mriqc",
    "version": "0.16.1",
    "warnings": {
      "large_rot_frame": true,
      "small_air_mask": false
    },
    "webapi_port": null,
    "webapi_url": "https://mriqc.nimh.nih.gov/api/v1"
  },
  "qi_1": 1.2245081708909198e-05,
  "qi_2": 0.004903597206398647,
  "rpve_csf": 27.613062547428264,
  "rpve_gm": 13.659544166841698,
  "rpve_wm": 18.10564219418101,
  "size_x": 176,
  "size_y": 240,
  "size_z": 256,
  "snr_csf": 3.015768793353991,
  "snr_gm": 9.540153896375495,
  "snr_total": 9.999232648858127,
  "snr_wm": 17.441775256844895,
  "snrd_csf": 11.981310361988399,
  "snrd_gm": 24.126079554552035,
  "snrd_total": 23.848144891912696,
  "snrd_wm": 35.437044759197654,
  "spacing_x": 1.0,
  "spacing_y": 1.0,
  "spacing_z": 1.0,
  "summary_bg_k": 1554.0389760462047,
  "summary_bg_mad": 18.48690902749897,
  "summary_bg_mean": 60.5177001953125,
  "summary_bg_median": 58.876441955566406,
  "summary_bg_n": 2567347.0,
  "summary_bg_p05": 32.290972518920896,
  "summary_bg_p95": 93.39085769653319,
  "summary_bg_stdv": 24.016450881958008,
  "summary_csf_k": 12.908104140091485,
  "summary_csf_mad": 124.13965740669944,
  "summary_csf_mean": 347.9881896972656,
  "summary_csf_median": 338.09356689453125,
  "summary_csf_n": 13045.0,
  "summary_csf_p05": 189.61923522949218,
  "summary_csf_p95": 521.8753295898437,
  "summary_csf_stdv": 112.10428619384766,
  "summary_gm_k": -0.0025063433264187474,
  "summary_gm_mad": 70.93098762017581,
  "summary_gm_mean": 678.9425659179688,
  "summary_gm_median": 680.7996826171875,
  "summary_gm_n": 15314.0,
  "summary_gm_p05": 558.6869567871094,
  "summary_gm_p95": 793.9561889648437,
  "summary_gm_stdv": 71.35916900634766,
  "summary_wm_k": 0.19835965698414215,
  "summary_wm_mad": 55.882991360291044,
  "summary_wm_mean": 999.9871215820312,
  "summary_wm_median": 999.9771728515625,
  "summary_wm_n": 194313.0,
  "summary_wm_p05": 905.8900634765625,
  "summary_wm_p95": 1094.42880859375,
  "summary_wm_stdv": 57.332157135009766,
  "tpm_overlap_csf": 0.17821940779685974,
  "tpm_overlap_gm": 0.44270059466362,
  "tpm_overlap_wm": 0.5131475925445557,
  "wm2max": 0.5058259612390994
}