{
  "bids_meta": {
    "AcquisitionNumber": 1,
    "DeviceSerialNumber": "35442  ",
    "EchoNumber": 1,
    "EchoTime": 0.00298,
    "FlipAngle": 9,
    "ImageOrientationPatientDICOM": [
      "-0.0293986433905",
      "0.99780711676048",
      "0.05930158099855",
      "-0.0144929530185",
      "0.05889548119704",
      "-0.9981589435593  "
    ],
    "ImageType": [
      "ORIGINAL",
      "PRIMARY",
      "M",
      "ND",
      "NORM "
    ],
    "ImagingFrequency": 123.251446,
    "InPlanePhaseEncodingDirectionDICOM": "ROW  ",
    "IntendedFor": [
      "ses-NAPFU36/func/sub-8919906_ses-NAPFU36_task-rest_run-002_bold.nii.gz",
      "ses-NAPFU36/asl/sub-8919906_ses-NAPFU36_run-001_asl.nii.gz",
      "ses-NAPFU36/fmap/sub-8919906_ses-NAPFU36_run-001_phasediff.nii.gz",
      "ses-NAPFU36/anat/sub-8919906_ses-NAPFU36_run-001_T2star.nii.gz",
      "ses-NAPFU36/func/sub-8919906_ses-NAPFU36_task-rest_run-001_bold.nii.gz",
      "ses-NAPFU36/anat/sub-8919906_ses-NAPFU36_run-001_FLAIR.nii.gz",
      "ses-NAPFU36/fmap/sub-8919906_ses-NAPFU36_run-002_phasediff.nii.gz"
    ],
    "InversionTime": 0.9,
    "MRAcquisitionType": "3D ",
    "MagneticFieldStrength": 3,
    "Manufacturer": "SIEMENS  ",
    "ManufacturerModelName": "TrioTim  ",
    "Modality": "MRI__ ",
    "PatientPosition": "HFS  ",
    "PercentPhaseFOV": 93.75,
    "PhaseEncodingSteps": 239,
    "PixelBandwidth": 238,
    "ProtocolName": "MPRAGE ADNI_iPAT2  ",
    "PulseSequenceType": "*tfl3d1_ns ",
    "ReceiveCoilName": "HeadMatrixix\\\\ ",
    "RepetitionTime": 2.3,
    "SAR": 0.0827638455391,
    "ScanningSequence": "GR\\\\IR  ",
    "SequenceName": "*tfl3d1_ns ",
    "SequenceVariant": "SP\\\\MP  ",
    "SeriesDescription": "MPRAGE ADNI_iPAT2  ",
    "SeriesNumber": 5,
    "SliceOrder": "interleaved ",
    "SliceThickness": 1,
    "SliceTiming": null,
    "SoftwareVersions": "syngo MR B17 ",
    "dataset": "<unset>",
    "modality": "T1w",
    "run_id": 1,
    "session_id": "NAPFU36",
    "subject_id": "8919906"
  },
  "cjv": 0.5255957237874139,
  "cnr": 2.515416349765673,
  "efc": 0.6490510058455482,
  "fber": 71.1408462524414,
  "fwhm_avg": 3.2388933333333334,
  "fwhm_x": 3.31803,
  "fwhm_y": 3.38956,
  "fwhm_z": 3.00909,
  "icvs_csf": 0.20720605653443974,
  "icvs_gm": 0.3936244538830898,
  "icvs_wm": 0.39916948958247045,
  "inu_med": 1.3928179740905762,
  "inu_range": 0.534368097782135,
  "provenance": {
    "md5sum": "5f40b93fe30953d651c4e6925a5480a4",
    "settings": {
      "testing": false
    },
    "software": "mriqc",
    "version": "0.16.1",
    "warnings": {
      "large_rot_frame": true,
      "small_air_mask": false
    },
    "webapi_port": null,
    "webapi_url": "https://mriqc.nimh.nih.gov/api/v1"
  },
  "qi_1": 0.0,
  "qi_2": 0.004529285430788688,
  "rpve_csf": 28.141960681520313,
  "rpve_gm": 14.93117710847588,
  "rpve_wm": 18.44799314712229,
  "size_x": 176,
  "size_y": 240,
  "size_z": 256,
  "snr_csf": 2.555457579138354,
  "snr_gm": 8.480930940058741,
  "snr_total": 9.21763791805715,
  "snr_wm": 16.616525234974354,
  "snrd_csf": 9.508830958215343,
  "snrd_gm": 19.770078502779207,
  "snrd_total": 18.81968055820774,
  "snrd_wm": 27.180132213628667,
  "spacing_x": 1.0,
  "spacing_y": 1.0,
  "spacing_z": 1.0,
  "summary_bg_k": 1067.3576246691346,
  "summary_bg_mad": 24.10384060215496,
  "summary_bg_mean": 81.02076721191406,
  "summary_bg_median": 79.06661987304688,
  "summary_bg_n": 2696630.0,
  "summary_bg_p05": 44.11010322570801,
  "summary_bg_p95": 123.89966659545898,
  "summary_bg_stdv": 27.749523162841797,
  "summary_csf_k": -0.9173267810997618,
  "summary_csf_mad": 171.91315216266543,
  "summary_csf_mean": 363.22705078125,
  "summary_csf_median": 349.8498229980469,
  "summary_csf_n": 7907.0,
  "summary_csf_p05": 168.57051391601564,
  "summary_csf_p95": 582.8834533691406,
  "summary_csf_stdv": 136.89434814453125,
  "summary_gm_k": -0.021663693380842286,
  "summary_gm_mad": 84.86572009873947,
  "summary_gm_mean": 730.76025390625,
  "summary_gm_median": 727.3826293945312,
  "summary_gm_n": 10626.0,
  "summary_gm_p05": 595.3347320556641,
  "summary_gm_p95": 879.6298828125,
  "summary_gm_stdv": 85.76280212402344,
  "summary_wm_k": 0.25884877929519456,
  "summary_wm_mad": 58.42818247960244,
  "summary_wm_mean": 999.7614135742188,
  "summary_wm_median": 1000.0140380859375,
  "summary_wm_n": 194064.0,
  "summary_wm_p05": 900.5464477539062,
  "summary_wm_p95": 1097.8484313964843,
  "summary_wm_stdv": 60.18174362182617,
  "tpm_overlap_csf": 0.1644870936870575,
  "tpm_overlap_gm": 0.4179233908653259,
  "tpm_overlap_wm": 0.5083006024360657,
  "wm2max": 0.47960166335354937
}