{
  "bids_meta": {
    "AcquisitionNumber": 1,
    "DeviceSerialNumber": "35442  ",
    "EchoNumber": 1,
    "EchoTime": 0.00298,
    "FlipAngle": 9,
    "ImageOrientationPatientDICOM": [
      "0.0613089699965",
      "0.99811877476866",
      "-0.000348786855",
      "-0.0369531549227",
      "0.00192062500523",
      "-0.9993151532629  "
    ],
    "ImageType": [
      "ORIGINAL",
      "PRIMARY",
      "M",
      "ND",
      "NORM "
    ],
    "ImagingFrequency": 123.247113,
    "InPlanePhaseEncodingDirectionDICOM": "ROW  ",
    "IntendedFor": [
      "ses-PREFU12/fmap/sub-2599481_ses-PREFU12_run-002_phasediff.nii.gz",
      "ses-PREFU12/fmap/sub-2599481_ses-PREFU12_run-003_phasediff.nii.gz",
      "ses-PREFU12/asl/sub-2599481_ses-PREFU12_run-001_asl.nii.gz",
      "ses-PREFU12/func/sub-2599481_ses-PREFU12_task-rest_run-002_bold.nii.gz",
      "ses-PREFU12/anat/sub-2599481_ses-PREFU12_run-001_T2star.nii.gz",
      "ses-PREFU12/func/sub-2599481_ses-PREFU12_task-encoding_run-001_bold.nii.gz",
      "ses-PREFU12/func/sub-2599481_ses-PREFU12_task-rest_run-001_bold.nii.gz",
      "ses-PREFU12/func/sub-2599481_ses-PREFU12_task-retrieval_run-001_bold.nii.gz",
      "ses-PREFU12/fmap/sub-2599481_ses-PREFU12_run-001_phasediff.nii.gz"
    ],
    "InversionTime": 0.9,
    "MRAcquisitionType": "3D ",
    "MagneticFieldStrength": 3,
    "Manufacturer": "SIEMENS  ",
    "ManufacturerModelName": "TrioTim  ",
    "Modality": "MRI__ ",
    "PatientPosition": "HFS  ",
    "PercentPhaseFOV": 93.75,
    "PhaseEncodingSteps": 239,
    "PixelBandwidth": 238,
    "ProtocolName": "MPRAGE ADNI_iPAT2  ",
    "PulseSequenceType": "*tfl3d1_ns ",
    "ReceiveCoilName": "HeadMatrixix\\\\ ",
    "RepetitionTime": 2.3,
    "SAR": 0.10320206349497,
    "ScanningSequence": "GR\\\\IR  ",
    "SequenceName": "*tfl3d1_ns ",
    "SequenceVariant": "SP\\\\MP  ",
    "SeriesDescription": "MPRAGE ADNI_iPAT2  ",
    "SeriesNumber": 12,
    "SliceOrder": "interleaved ",
    "SliceThickness": 1,
    "SliceTiming": null,
    "SoftwareVersions": "syngo MR B17 ",
    "dataset": "<unset>",
    "modality": "T1w",
    "run_id": 1,
    "session_id": "PREFU12",
    "subject_id": "2599481"
  },
  "cjv": 0.47497962263283094,
  "cnr": 2.794494784622166,
  "efc": 0.6328714102996734,
  "fber": 79.81884002685547,
  "fwhm_avg": 3.0456866666666667,
  "fwhm_x": 3.09569,
  "fwhm_y": 3.16463,
  "fwhm_z": 2.87674,
  "icvs_csf": 0.21275502978574828,
  "icvs_gm": 0.40747972495175366,
  "icvs_wm": 0.37976524526249805,
  "inu_med": 1.3124988079071045,
  "inu_range": 0.43439123034477234,
  "provenance": {
    "md5sum": "6ed074ebdb53446d2b5ed627fc3a5928",
    "settings": {
      "testing": false
    },
    "software": "mriqc",
    "version": "0.16.1",
    "warnings": {
      "large_rot_frame": true,
      "small_air_mask": false
    },
    "webapi_port": null,
    "webapi_url": "https://mriqc.nimh.nih.gov/api/v1"
  },
  "qi_1": 0.0,
  "qi_2": 0.004523397419253216,
  "rpve_csf": 30.043762929829466,
  "rpve_gm": 15.764352815676368,
  "rpve_wm": 20.195820908983297,
  "size_x": 176,
  "size_y": 240,
  "size_z": 256,
  "snr_csf": 2.9297637868086883,
  "snr_gm": 9.456205503209715,
  "snr_total": 9.296253363870804,
  "snr_wm": 15.50279080159401,
  "snrd_csf": 10.571001906399685,
  "snrd_gm": 20.52216581963093,
  "snrd_total": 19.986922707691278,
  "snrd_wm": 28.867600397043223,
  "spacing_x": 1.0,
  "spacing_y": 1.0,
  "spacing_z": 1.0,
  "summary_bg_k": 1397.297140626649,
  "summary_bg_mad": 22.694572740591546,
  "summary_bg_mean": 75.67601776123047,
  "summary_bg_median": 73.7354736328125,
  "summary_bg_n": 2715520.0,
  "summary_bg_p05": 40.72696800231933,
  "summary_bg_p95": 116.07077598571775,
  "summary_bg_stdv": 29.83527183532715,
  "summary_csf_k": -0.26010311696567134,
  "summary_csf_mad": 127.43187318203613,
  "summary_csf_mean": 384.3569641113281,
  "summary_csf_median": 366.1899719238281,
  "summary_csf_n": 7942.0,
  "summary_csf_p05": 206.8283821105957,
  "summary_csf_p95": 609.6596862792968,
  "summary_csf_stdv": 124.98171997070312,
  "summary_gm_k": -0.06866067945529064,
  "summary_gm_mad": 74.33109112103821,
  "summary_gm_mean": 710.2064819335938,
  "summary_gm_median": 710.9081420898438,
  "summary_gm_n": 8311.0,
  "summary_gm_p05": 582.0955200195312,
  "summary_gm_p95": 833.4020080566406,
  "summary_gm_stdv": 75.17448425292969,
  "summary_wm_k": 0.17264282450221025,
  "summary_wm_mad": 62.98272310220465,
  "summary_wm_mean": 1000.5391845703125,
  "summary_wm_median": 1000.0022583007812,
  "summary_wm_n": 157338.0,
  "summary_wm_p05": 895.3674072265626,
  "summary_wm_p95": 1107.231005859375,
  "summary_wm_stdv": 64.50445556640625,
  "tpm_overlap_csf": 0.15007789433002472,
  "tpm_overlap_gm": 0.4083954095840454,
  "tpm_overlap_wm": 0.49109581112861633,
  "wm2max": 0.46435800184014286
}