{
  "bids_meta": {
    "AcquisitionNumber": 1,
    "DeviceSerialNumber": "35442  ",
    "EchoNumber": 1,
    "EchoTime": 0.00298,
    "FlipAngle": 9,
    "ImageOrientationPatientDICOM": [
      "0.00214594883234",
      "0.99955778320563",
      "0.02965860645175",
      "-0.0226022253803",
      "0.0296995800091",
      "-0.9993032944783 "
    ],
    "ImageType": [
      "ORIGINAL",
      "PRIMARY",
      "M",
      "ND",
      "NORM "
    ],
    "ImagingFrequency": 123.247159,
    "InPlanePhaseEncodingDirectionDICOM": "ROW  ",
    "IntendedFor": [
      "ses-PREFU12/func/sub-3692881_ses-PREFU12_task-rest_run-002_bold.nii.gz",
      "ses-PREFU12/fmap/sub-3692881_ses-PREFU12_run-002_phasediff.nii.gz",
      "ses-PREFU12/func/sub-3692881_ses-PREFU12_task-encoding_run-001_bold.nii.gz",
      "ses-PREFU12/func/sub-3692881_ses-PREFU12_task-retrieval_run-001_bold.nii.gz",
      "ses-PREFU12/fmap/sub-3692881_ses-PREFU12_run-001_phasediff.nii.gz",
      "ses-PREFU12/asl/sub-3692881_ses-PREFU12_run-001_asl.nii.gz",
      "ses-PREFU12/anat/sub-3692881_ses-PREFU12_run-001_T2star.nii.gz",
      "ses-PREFU12/fmap/sub-3692881_ses-PREFU12_run-003_phasediff.nii.gz",
      "ses-PREFU12/func/sub-3692881_ses-PREFU12_task-rest_run-001_bold.nii.gz"
    ],
    "InversionTime": 0.9,
    "MRAcquisitionType": "3D ",
    "MagneticFieldStrength": 3,
    "Manufacturer": "SIEMENS  ",
    "ManufacturerModelName": "TrioTim  ",
    "Modality": "MRI__ ",
    "PatientPosition": "HFS  ",
    "PercentPhaseFOV": 93.75,
    "PhaseEncodingSteps": 239,
    "PixelBandwidth": 238,
    "ProtocolName": "MPRAGE ADNI_iPAT2  ",
    "PulseSequenceType": "*tfl3d1_ns ",
    "ReceiveCoilName": "HeadMatrixix\\\\ ",
    "RepetitionTime": 2.3,
    "SAR": 0.08532769267421,
    "ScanningSequence": "GR\\\\IR  ",
    "SequenceName": "*tfl3d1_ns ",
    "SequenceVariant": "SP\\\\MP  ",
    "SeriesDescription": "MPRAGE ADNI_iPAT2  ",
    "SeriesNumber": 12,
    "SliceOrder": "interleaved ",
    "SliceThickness": 1,
    "SliceTiming": null,
    "SoftwareVersions": "syngo MR B17 ",
    "dataset": "<unset>",
    "modality": "T1w",
    "run_id": 1,
    "session_id": "PREFU12",
    "subject_id": "3692881"
  },
  "cjv": 0.5456520373765722,
  "cnr": 2.4612268181248105,
  "efc": 0.6678238818253687,
  "fber": 73.08583068847656,
  "fwhm_avg": 3.0374266666666667,
  "fwhm_x": 3.11937,
  "fwhm_y": 3.13728,
  "fwhm_z": 2.85563,
  "icvs_csf": 0.2110910290459907,
  "icvs_gm": 0.3824210826196139,
  "icvs_wm": 0.4064878883343954,
  "inu_med": 1.3423175811767578,
  "inu_range": 0.5000608742237092,
  "provenance": {
    "md5sum": "4d1e64badeaf2178386fd1d742b3a400",
    "settings": {
      "testing": false
    },
    "software": "mriqc",
    "version": "0.16.1",
    "warnings": {
      "large_rot_frame": true,
      "small_air_mask": false
    },
    "webapi_port": null,
    "webapi_url": "https://mriqc.nimh.nih.gov/api/v1"
  },
  "qi_1": 2.884877782542591e-05,
  "qi_2": 0.0038338666492228205,
  "rpve_csf": 26.003502864548636,
  "rpve_gm": 14.035173378863853,
  "rpve_wm": 16.540495786294017,
  "size_x": 176,
  "size_y": 240,
  "size_z": 256,
  "snr_csf": 3.5664191630523647,
  "snr_gm": 9.050884691422844,
  "snr_total": 9.033523654552562,
  "snr_wm": 14.483267109182478,
  "snrd_csf": 11.988794426321322,
  "snrd_gm": 18.989059231475203,
  "snrd_total": 19.004376295527525,
  "snrd_wm": 26.035275228786045,
  "spacing_x": 1.0,
  "spacing_y": 1.0,
  "spacing_z": 1.0,
  "summary_bg_k": 50.09286717215261,
  "summary_bg_mad": 25.164206821259576,
  "summary_bg_mean": 84.04702758789062,
  "summary_bg_median": 81.22394561767578,
  "summary_bg_n": 2351099.0,
  "summary_bg_p05": 45.17919692993164,
  "summary_bg_p95": 131.07192840576175,
  "summary_bg_stdv": 28.842466354370117,
  "summary_csf_k": 9.962536159165854,
  "summary_csf_mad": 125.87436715576881,
  "summary_csf_mean": 450.1830139160156,
  "summary_csf_median": 460.49725341796875,
  "summary_csf_n": 5393.0,
  "summary_csf_p05": 233.6782745361328,
  "summary_csf_p95": 637.9019897460936,
  "summary_csf_stdv": 129.10836791992188,
  "summary_gm_k": 0.10931037934637766,
  "summary_gm_mad": 79.41070494755148,
  "summary_gm_mean": 727.7741088867188,
  "summary_gm_median": 729.3818969726562,
  "summary_gm_n": 5153.0,
  "summary_gm_p05": 590.6827270507813,
  "summary_gm_p95": 855.5583862304686,
  "summary_gm_stdv": 80.57898712158203,
  "summary_wm_k": 0.1235954879026262,
  "summary_wm_mad": 68.26983246625659,
  "summary_wm_mean": 1001.2118530273438,
  "summary_wm_median": 1000.0315551757812,
  "summary_wm_n": 202431.0,
  "summary_wm_p05": 889.6478576660156,
  "summary_wm_p95": 1116.4207153320312,
  "summary_wm_stdv": 69.04720306396484,
  "tpm_overlap_csf": 0.13689462840557098,
  "tpm_overlap_gm": 0.4035142660140991,
  "tpm_overlap_wm": 0.5007150173187256,
  "wm2max": 0.4548263867540407
}