{
  "bids_meta": {
    "AcquisitionNumber": 1,
    "DeviceSerialNumber": "35442  ",
    "EchoNumber": 1,
    "EchoTime": 0.00298,
    "FlipAngle": 9,
    "ImageOrientationPatientDICOM": [
      "0.01328392256657",
      "0.99826917689673",
      "-0.0572903819081",
      "0.09678773388036",
      "-0.0583101122857",
      "-0.9935955240316  "
    ],
    "ImageType": [
      "ORIGINAL",
      "PRIMARY",
      "M",
      "ND",
      "NORM "
    ],
    "ImagingFrequency": 123.247124,
    "InPlanePhaseEncodingDirectionDICOM": "ROW  ",
    "IntendedFor": [
      "ses-NAPFU24/func/sub-8889872_ses-NAPFU24_task-encoding_run-001_bold.nii.gz",
      "ses-NAPFU24/fmap/sub-8889872_ses-NAPFU24_run-003_phasediff.nii.gz",
      "ses-NAPFU24/fmap/sub-8889872_ses-NAPFU24_run-002_phasediff.nii.gz",
      "ses-NAPFU24/anat/sub-8889872_ses-NAPFU24_run-001_T2star.nii.gz",
      "ses-NAPFU24/fmap/sub-8889872_ses-NAPFU24_run-001_phasediff.nii.gz",
      "ses-NAPFU24/func/sub-8889872_ses-NAPFU24_task-rest_run-001_bold.nii.gz",
      "ses-NAPFU24/func/sub-8889872_ses-NAPFU24_task-rest_run-002_bold.nii.gz",
      "ses-NAPFU24/func/sub-8889872_ses-NAPFU24_task-retrieval_run-001_bold.nii.gz",
      "ses-NAPFU24/asl/sub-8889872_ses-NAPFU24_run-001_asl.nii.gz"
    ],
    "InversionTime": 0.9,
    "MRAcquisitionType": "3D ",
    "MagneticFieldStrength": 3,
    "Manufacturer": "SIEMENS  ",
    "ManufacturerModelName": "TrioTim  ",
    "Modality": "MRI__ ",
    "PatientPosition": "HFS  ",
    "PercentPhaseFOV": 93.75,
    "PhaseEncodingSteps": 239,
    "PixelBandwidth": 238,
    "ProtocolName": "MPRAGE ADNI_iPAT2  ",
    "PulseSequenceType": "*tfl3d1_ns ",
    "ReceiveCoilName": "HeadMatrixix\\\\ ",
    "RepetitionTime": 2.3,
    "SAR": 0.08996570666619,
    "ScanningSequence": "GR\\\\IR  ",
    "SequenceName": "*tfl3d1_ns ",
    "SequenceVariant": "SP\\\\MP  ",
    "SeriesDescription": "MPRAGE ADNI_iPAT2  ",
    "SeriesNumber": 12,
    "SliceOrder": "interleaved ",
    "SliceThickness": 1,
    "SliceTiming": null,
    "SoftwareVersions": "syngo MR B17 ",
    "dataset": "<unset>",
    "modality": "T1w",
    "run_id": 1,
    "session_id": "NAPFU24",
    "subject_id": "8889872"
  },
  "cjv": 0.36072964742052877,
  "cnr": 3.6250129745215482,
  "efc": 0.5958115641555656,
  "fber": 114.24073791503906,
  "fwhm_avg": 3.24037,
  "fwhm_x": 3.29186,
  "fwhm_y": 3.40127,
  "fwhm_z": 3.02798,
  "icvs_csf": 0.21739713747064945,
  "icvs_gm": 0.4146565374697385,
  "icvs_wm": 0.36794632505961206,
  "inu_med": 1.308370590209961,
  "inu_range": 0.4350220441818238,
  "provenance": {
    "md5sum": "2f5223f334f6e898d79b08132e622827",
    "settings": {
      "testing": false
    },
    "software": "mriqc",
    "version": "0.16.1",
    "warnings": {
      "large_rot_frame": true,
      "small_air_mask": false
    },
    "webapi_port": null,
    "webapi_url": "https://mriqc.nimh.nih.gov/api/v1"
  },
  "qi_1": 0.0,
  "qi_2": 0.004504953424085705,
  "rpve_csf": 26.63786470618875,
  "rpve_gm": 14.270334931428991,
  "rpve_wm": 19.031802220308773,
  "size_x": 176,
  "size_y": 240,
  "size_z": 256,
  "snr_csf": 2.922961921006891,
  "snr_gm": 9.168198623726873,
  "snr_total": 9.908896982026635,
  "snr_wm": 17.635530401346138,
  "snrd_csf": 11.191155061416394,
  "snrd_gm": 24.780851835930505,
  "snrd_total": 24.52510163960311,
  "snrd_wm": 37.603298021462436,
  "spacing_x": 1.0,
  "spacing_y": 1.0,
  "spacing_z": 1.0,
  "summary_bg_k": 1891.550710735819,
  "summary_bg_mad": 17.422309532940595,
  "summary_bg_mean": 58.74182891845703,
  "summary_bg_median": 57.383201599121094,
  "summary_bg_n": 3002908.0,
  "summary_bg_p05": 31.933023166656497,
  "summary_bg_p95": 89.64975929260254,
  "summary_bg_stdv": 21.60968780517578,
  "summary_csf_k": 0.7306367926909654,
  "summary_csf_mad": 91.79406215548158,
  "summary_csf_mean": 316.3106689453125,
  "summary_csf_median": 297.6109619140625,
  "summary_csf_n": 17519.0,
  "summary_csf_p05": 181.5519989013672,
  "summary_csf_p95": 510.2143737792968,
  "summary_csf_stdv": 101.81537628173828,
  "summary_gm_k": 0.2361159104866397,
  "summary_gm_mad": 68.89792951207247,
  "summary_gm_mean": 658.4091186523438,
  "summary_gm_median": 659.00732421875,
  "summary_gm_n": 11735.0,
  "summary_gm_p05": 538.7989929199218,
  "summary_gm_p95": 777.3516174316405,
  "summary_gm_stdv": 71.87663269042969,
  "summary_wm_k": 0.3837150473969788,
  "summary_wm_mad": 54.10819416109974,
  "summary_wm_mean": 999.80859375,
  "summary_wm_median": 999.9998779296875,
  "summary_wm_n": 174810.0,
  "summary_wm_p05": 906.2434173583983,
  "summary_wm_p95": 1092.2190673828125,
  "summary_wm_stdv": 56.70354080200195,
  "tpm_overlap_csf": 0.1759052574634552,
  "tpm_overlap_gm": 0.4310496747493744,
  "tpm_overlap_wm": 0.503699779510498,
  "wm2max": 0.5231064282861853
}