{
  "bids_meta": {
    "AcquisitionNumber": 1,
    "DeviceSerialNumber": "35442  ",
    "EchoNumber": 1,
    "EchoTime": 0.00298,
    "FlipAngle": 9,
    "ImageOrientationPatientDICOM": [
      "0.04582774635721",
      "0.99894935690645",
      "-5.7118327e-009",
      "0.10957427351551",
      "-0.0050268290946",
      "-0.9939658996026 "
    ],
    "ImageType": [
      "ORIGINAL",
      "PRIMARY",
      "M",
      "ND",
      "NORM "
    ],
    "ImagingFrequency": 123.247056,
    "InPlanePhaseEncodingDirectionDICOM": "ROW  ",
    "IntendedFor": [
      "ses-NAPFU03/fmap/sub-2757160_ses-NAPFU03_run-003_phasediff.nii.gz",
      "ses-NAPFU03/func/sub-2757160_ses-NAPFU03_task-encoding_run-001_bold.nii.gz",
      "ses-NAPFU03/fmap/sub-2757160_ses-NAPFU03_run-002_phasediff.nii.gz",
      "ses-NAPFU03/asl/sub-2757160_ses-NAPFU03_run-001_asl.nii.gz",
      "ses-NAPFU03/func/sub-2757160_ses-NAPFU03_task-retrieval_run-001_bold.nii.gz",
      "ses-NAPFU03/func/sub-2757160_ses-NAPFU03_task-rest_run-002_bold.nii.gz",
      "ses-NAPFU03/func/sub-2757160_ses-NAPFU03_task-rest_run-001_bold.nii.gz",
      "ses-NAPFU03/anat/sub-2757160_ses-NAPFU03_run-001_T2star.nii.gz",
      "ses-NAPFU03/fmap/sub-2757160_ses-NAPFU03_run-001_phasediff.nii.gz"
    ],
    "InversionTime": 0.9,
    "MRAcquisitionType": "3D ",
    "MagneticFieldStrength": 3,
    "Manufacturer": "SIEMENS  ",
    "ManufacturerModelName": "TrioTim  ",
    "Modality": "MRI__ ",
    "PatientPosition": "HFS  ",
    "PercentPhaseFOV": 93.75,
    "PhaseEncodingSteps": 239,
    "PixelBandwidth": 238,
    "ProtocolName": "MPRAGE ADNI_iPAT2  ",
    "PulseSequenceType": "*tfl3d1_ns ",
    "ReceiveCoilName": "HeadMatrixix\\\\ ",
    "RepetitionTime": 2.3,
    "SAR": 0.08585155082007,
    "ScanningSequence": "GR\\\\IR  ",
    "SequenceName": "*tfl3d1_ns ",
    "SequenceVariant": "SP\\\\MP  ",
    "SeriesDescription": "MPRAGE ADNI_iPAT2  ",
    "SeriesNumber": 12,
    "SliceOrder": "interleaved ",
    "SliceThickness": 1,
    "SliceTiming": null,
    "SoftwareVersions": "syngo MR B17 ",
    "dataset": "<unset>",
    "modality": "T1w",
    "run_id": 1,
    "session_id": "NAPFU03",
    "subject_id": "2757160"
  },
  "cjv": 0.41670067921738924,
  "cnr": 3.216130993770477,
  "efc": 0.5817361045550866,
  "fber": 113.3515853881836,
  "fwhm_avg": 3.2854566666666667,
  "fwhm_x": 3.3607,
  "fwhm_y": 3.37015,
  "fwhm_z": 3.12552,
  "icvs_csf": 0.19592619792845814,
  "icvs_gm": 0.4309712204394199,
  "icvs_wm": 0.37310258163212195,
  "inu_med": 1.4904019832611084,
  "inu_range": 0.45933541655540466,
  "provenance": {
    "md5sum": "e8cf39dd2fce5551338ccb12a9d49c8d",
    "settings": {
      "testing": false
    },
    "software": "mriqc",
    "version": "0.16.1",
    "warnings": {
      "large_rot_frame": true,
      "small_air_mask": false
    },
    "webapi_port": null,
    "webapi_url": "https://mriqc.nimh.nih.gov/api/v1"
  },
  "qi_1": 1.3808009490893054e-05,
  "qi_2": 0.004881200574541605,
  "rpve_csf": 33.45884099837506,
  "rpve_gm": 16.321874513324598,
  "rpve_wm": 22.230522440356467,
  "size_x": 176,
  "size_y": 240,
  "size_z": 256,
  "snr_csf": 2.885966787389786,
  "snr_gm": 9.889022483980172,
  "snr_total": 10.059662669869828,
  "snr_wm": 17.403998738239526,
  "snrd_csf": 11.370047402863758,
  "snrd_gm": 23.376112831587395,
  "snrd_total": 22.76436622346822,
  "snrd_wm": 33.546938435953514,
  "spacing_x": 1.0,
  "spacing_y": 1.0,
  "spacing_z": 1.0,
  "summary_bg_k": 1629.359160349345,
  "summary_bg_mad": 19.52906961709702,
  "summary_bg_mean": 63.78751754760742,
  "summary_bg_median": 61.94997024536133,
  "summary_bg_n": 3330379.0,
  "summary_bg_p05": 33.79971122741699,
  "summary_bg_p95": 98.89319458007807,
  "summary_bg_stdv": 24.908903121948242,
  "summary_csf_k": -0.23410588664700516,
  "summary_csf_mad": 127.74680399081018,
  "summary_csf_mean": 356.80096435546875,
  "summary_csf_median": 338.931640625,
  "summary_csf_n": 7360.0,
  "summary_csf_p05": 195.64950485229494,
  "summary_csf_p95": 560.9055297851563,
  "summary_csf_stdv": 117.43330383300781,
  "summary_gm_k": -0.02080007546653828,
  "summary_gm_mad": 70.78611175641682,
  "summary_gm_mean": 697.3554077148438,
  "summary_gm_median": 696.8224487304688,
  "summary_gm_n": 15151.0,
  "summary_gm_p05": 582.7773742675781,
  "summary_gm_p95": 813.6854248046875,
  "summary_gm_stdv": 70.4619140625,
  "summary_wm_k": 0.26141471332651944,
  "summary_wm_mad": 55.550799420341455,
  "summary_wm_mean": 1000.475830078125,
  "summary_wm_median": 1000.0062866210938,
  "summary_wm_n": 159171.0,
  "summary_wm_p05": 907.0579223632812,
  "summary_wm_p95": 1095.614501953125,
  "summary_wm_stdv": 57.4582405090332,
  "tpm_overlap_csf": 0.17049263417720795,
  "tpm_overlap_gm": 0.44299647212028503,
  "tpm_overlap_wm": 0.5029485821723938,
  "wm2max": 0.49649123668453243
}