{
  "bids_meta": {
    "AcquisitionNumber": 1,
    "DeviceSerialNumber": "35442  ",
    "EchoNumber": 1,
    "EchoTime": 0.00298,
    "FlipAngle": 9,
    "ImageOrientationPatientDICOM": [
      "-0.0141979211662",
      "0.99209618465887",
      "0.12467389229451",
      "0.03755520529883",
      "0.12512758102706",
      "-0.9914296218196  "
    ],
    "ImageType": [
      "ORIGINAL",
      "PRIMARY",
      "M",
      "ND",
      "NORM "
    ],
    "ImagingFrequency": 123.251559,
    "InPlanePhaseEncodingDirectionDICOM": "ROW  ",
    "IntendedFor": [
      "ses-PREFU24/anat/sub-3730353_ses-PREFU24_run-001_T2star.nii.gz",
      "ses-PREFU24/fmap/sub-3730353_ses-PREFU24_run-004_phasediff.nii.gz",
      "ses-PREFU24/dwi/sub-3730353_ses-PREFU24_run-001_dwi.nii.gz",
      "ses-PREFU24/func/sub-3730353_ses-PREFU24_task-rest_run-001_bold.nii.gz",
      "ses-PREFU24/func/sub-3730353_ses-PREFU24_task-retrieval_run-001_bold.nii.gz",
      "ses-PREFU24/anat/sub-3730353_ses-PREFU24_run-002_T1w.nii.gz",
      "ses-PREFU24/func/sub-3730353_ses-PREFU24_task-rest_run-002_bold.nii.gz",
      "ses-PREFU24/fmap/sub-3730353_ses-PREFU24_run-005_phasediff.nii.gz",
      "ses-PREFU24/fmap/sub-3730353_ses-PREFU24_run-001_phasediff.nii.gz",
      "ses-PREFU24/fmap/sub-3730353_ses-PREFU24_run-003_phasediff.nii.gz",
      "ses-PREFU24/func/sub-3730353_ses-PREFU24_task-encoding_run-001_bold.nii.gz",
      "ses-PREFU24/anat/sub-3730353_ses-PREFU24_run-001_FLAIR.nii.gz",
      "ses-PREFU24/fmap/sub-3730353_ses-PREFU24_run-002_phasediff.nii.gz",
      "ses-PREFU24/asl/sub-3730353_ses-PREFU24_run-001_asl.nii.gz"
    ],
    "InversionTime": 0.9,
    "MRAcquisitionType": "3D ",
    "MagneticFieldStrength": 3,
    "Manufacturer": "SIEMENS  ",
    "ManufacturerModelName": "TrioTim  ",
    "Modality": "MRI__ ",
    "PatientPosition": "HFS  ",
    "PercentPhaseFOV": 93.75,
    "PhaseEncodingSteps": 239,
    "PixelBandwidth": 238,
    "ProtocolName": "MPRAGE ADNI_iPAT2  ",
    "PulseSequenceType": "*tfl3d1_ns ",
    "ReceiveCoilName": "HeadMatrixix\\\\ ",
    "RepetitionTime": 2.3,
    "SAR": 0.09054573050153,
    "ScanningSequence": "GR\\\\IR  ",
    "SequenceName": "*tfl3d1_ns ",
    "SequenceVariant": "SP\\\\MP  ",
    "SeriesDescription": "MPRAGE ADNI_iPAT2  ",
    "SeriesNumber": 12,
    "SliceOrder": "interleaved ",
    "SliceThickness": 1,
    "SliceTiming": null,
    "SoftwareVersions": "syngo MR B17 ",
    "dataset": "<unset>",
    "modality": "T1w",
    "run_id": 1,
    "session_id": "PREFU24",
    "subject_id": "3730353"
  },
  "cjv": 0.4159129425538927,
  "cnr": 3.1291493847594816,
  "efc": 0.6447224375688998,
  "fber": 103.47795867919922,
  "fwhm_avg": 3.12372,
  "fwhm_x": 3.13596,
  "fwhm_y": 3.28618,
  "fwhm_z": 2.94902,
  "icvs_csf": 0.21186639399281534,
  "icvs_gm": 0.4104371887854039,
  "icvs_wm": 0.37769641722178077,
  "inu_med": 1.390578269958496,
  "inu_range": 0.4710575044155123,
  "provenance": {
    "md5sum": "03d9574f9c5288a4018f4697a5a0094c",
    "settings": {
      "testing": false
    },
    "software": "mriqc",
    "version": "0.16.1",
    "warnings": {
      "large_rot_frame": true,
      "small_air_mask": false
    },
    "webapi_port": null,
    "webapi_url": "https://mriqc.nimh.nih.gov/api/v1"
  },
  "qi_1": 0.0,
  "qi_2": 0.003704443127043771,
  "rpve_csf": 25.6653826657485,
  "rpve_gm": 13.315524723542158,
  "rpve_wm": 17.405720991448337,
  "size_x": 176,
  "size_y": 240,
  "size_z": 256,
  "snr_csf": 3.0404999200955216,
  "snr_gm": 8.459403882767912,
  "snr_total": 9.12155301276366,
  "snr_wm": 15.864755235427552,
  "snrd_csf": 10.370199041081698,
  "snrd_gm": 22.355892673975188,
  "snrd_total": 22.102161016959837,
  "snrd_wm": 33.58039133582262,
  "spacing_x": 1.0,
  "spacing_y": 1.0,
  "spacing_z": 1.0,
  "summary_bg_k": 595.9711101024399,
  "summary_bg_mad": 19.509444412254584,
  "summary_bg_mean": 61.99930191040039,
  "summary_bg_median": 59.00641632080078,
  "summary_bg_n": 2640216.0,
  "summary_bg_p05": 30.63798189163208,
  "summary_bg_p95": 96.69999694824219,
  "summary_bg_stdv": 35.27927780151367,
  "summary_csf_k": -0.0517960524957326,
  "summary_csf_mad": 106.16785627736733,
  "summary_csf_mean": 321.35498046875,
  "summary_csf_median": 308.81634521484375,
  "summary_csf_n": 14915.0,
  "summary_csf_p05": 174.8834671020508,
  "summary_csf_p95": 499.9718505859375,
  "summary_csf_stdv": 101.56421661376953,
  "summary_gm_k": -0.09691789854375443,
  "summary_gm_mad": 77.79847457487051,
  "summary_gm_mean": 665.8695068359375,
  "summary_gm_median": 665.7408447265625,
  "summary_gm_n": 10910.0,
  "summary_gm_p05": 532.284701538086,
  "summary_gm_p95": 796.2867767333985,
  "summary_gm_stdv": 78.69470977783203,
  "summary_wm_k": 0.2503477287607949,
  "summary_wm_mad": 61.22321885802601,
  "summary_wm_mean": 1000.0537109375,
  "summary_wm_median": 999.99755859375,
  "summary_wm_n": 192535.0,
  "summary_wm_p05": 896.9249938964845,
  "summary_wm_p95": 1103.9352416992188,
  "summary_wm_stdv": 63.03248596191406,
  "tpm_overlap_csf": 0.162125363945961,
  "tpm_overlap_gm": 0.4231254756450653,
  "tpm_overlap_wm": 0.48379141092300415,
  "wm2max": 0.5153854427686225
}