{
  "bids_meta": {
    "AcquisitionNumber": 1,
    "DeviceSerialNumber": "35442  ",
    "EchoNumber": 1,
    "EchoTime": 0.00298,
    "FlipAngle": 9,
    "ImageOrientationPatientDICOM": [
      "-0.048152494607",
      "0.99874642793838",
      "-0.0136715011413",
      "-0.0089302092674",
      "-0.0141173024229",
      "-0.9998604668326 "
    ],
    "ImageType": [
      "ORIGINAL",
      "PRIMARY",
      "M",
      "ND",
      "NORM "
    ],
    "ImagingFrequency": 123.247123,
    "InPlanePhaseEncodingDirectionDICOM": "ROW  ",
    "IntendedFor": [
      "ses-NAPFU24/fmap/sub-4538817_ses-NAPFU24_run-003_phasediff.nii.gz",
      "ses-NAPFU24/anat/sub-4538817_ses-NAPFU24_run-001_T2star.nii.gz",
      "ses-NAPFU24/func/sub-4538817_ses-NAPFU24_task-encoding_run-001_bold.nii.gz",
      "ses-NAPFU24/fmap/sub-4538817_ses-NAPFU24_run-001_phasediff.nii.gz",
      "ses-NAPFU24/func/sub-4538817_ses-NAPFU24_task-rest_run-002_bold.nii.gz",
      "ses-NAPFU24/fmap/sub-4538817_ses-NAPFU24_run-002_phasediff.nii.gz",
      "ses-NAPFU24/func/sub-4538817_ses-NAPFU24_task-rest_run-001_bold.nii.gz",
      "ses-NAPFU24/func/sub-4538817_ses-NAPFU24_task-retrieval_run-001_bold.nii.gz",
      "ses-NAPFU24/asl/sub-4538817_ses-NAPFU24_run-001_asl.nii.gz"
    ],
    "InversionTime": 0.9,
    "MRAcquisitionType": "3D ",
    "MagneticFieldStrength": 3,
    "Manufacturer": "SIEMENS  ",
    "ManufacturerModelName": "TrioTim  ",
    "Modality": "MRI__ ",
    "PatientPosition": "HFS  ",
    "PercentPhaseFOV": 93.75,
    "PhaseEncodingSteps": 239,
    "PixelBandwidth": 238,
    "ProtocolName": "MPRAGE ADNI_iPAT2  ",
    "PulseSequenceType": "*tfl3d1_ns ",
    "ReceiveCoilName": "HeadMatrixix\\\\ ",
    "RepetitionTime": 2.3,
    "SAR": 0.07504417783325,
    "ScanningSequence": "GR\\\\IR  ",
    "SequenceName": "*tfl3d1_ns ",
    "SequenceVariant": "SP\\\\MP  ",
    "SeriesDescription": "MPRAGE ADNI_iPAT2  ",
    "SeriesNumber": 12,
    "SliceOrder": "interleaved ",
    "SliceThickness": 1,
    "SliceTiming": null,
    "SoftwareVersions": "syngo MR B17 ",
    "dataset": "<unset>",
    "modality": "T1w",
    "run_id": 1,
    "session_id": "NAPFU24",
    "subject_id": "4538817"
  },
  "cjv": 0.408956164862449,
  "cnr": 3.3388374592385754,
  "efc": 0.6333741613649329,
  "fber": 84.25953674316406,
  "fwhm_avg": 3.2890800000000002,
  "fwhm_x": 3.36247,
  "fwhm_y": 3.40713,
  "fwhm_z": 3.09764,
  "icvs_csf": 0.23129751649070598,
  "icvs_gm": 0.40368570752441224,
  "icvs_wm": 0.36501677598488175,
  "inu_med": 1.2822203636169434,
  "inu_range": 0.3626181840896605,
  "provenance": {
    "md5sum": "30b1dc27ceec926a4d59931029e9f0ad",
    "settings": {
      "testing": false
    },
    "software": "mriqc",
    "version": "0.16.1",
    "warnings": {
      "large_rot_frame": true,
      "small_air_mask": false
    },
    "webapi_port": null,
    "webapi_url": "https://mriqc.nimh.nih.gov/api/v1"
  },
  "qi_1": 1.8512845644433904e-05,
  "qi_2": 0.004455622959769884,
  "rpve_csf": 24.145113475336828,
  "rpve_gm": 13.5674527113195,
  "rpve_wm": 17.791614672665656,
  "size_x": 176,
  "size_y": 240,
  "size_z": 256,
  "snr_csf": 2.944322176519589,
  "snr_gm": 8.286654637028382,
  "snr_total": 9.071188271143027,
  "snr_wm": 15.982587999881112,
  "snrd_csf": 10.744830688245539,
  "snrd_gm": 21.83382069105301,
  "snrd_total": 21.948116110955144,
  "snrd_wm": 33.26569695356689,
  "spacing_x": 1.0,
  "spacing_y": 1.0,
  "spacing_z": 1.0,
  "summary_bg_k": 2.0210838003342246,
  "summary_bg_mad": 19.693921337773446,
  "summary_bg_mean": 65.31787872314453,
  "summary_bg_median": 63.681739807128906,
  "summary_bg_n": 2650192.0,
  "summary_bg_p05": 35.230716705322266,
  "summary_bg_p95": 100.75616149902342,
  "summary_bg_stdv": 20.154376983642578,
  "summary_csf_k": -0.26797846155862626,
  "summary_csf_mad": 117.00418177585092,
  "summary_csf_mean": 337.24359130859375,
  "summary_csf_median": 322.9981689453125,
  "summary_csf_n": 21355.0,
  "summary_csf_p05": 180.14578857421873,
  "summary_csf_p95": 531.7245910644531,
  "summary_csf_stdv": 109.69947814941406,
  "summary_gm_k": -0.11818002593273302,
  "summary_gm_mad": 79.90035098053085,
  "summary_gm_mean": 656.1673583984375,
  "summary_gm_median": 656.342041015625,
  "summary_gm_n": 9960.0,
  "summary_gm_p05": 524.5547241210937,
  "summary_gm_p95": 786.4913055419921,
  "summary_gm_stdv": 79.20072937011719,
  "summary_wm_k": 0.2823074604225688,
  "summary_wm_mad": 60.637969233503,
  "summary_wm_mean": 1000.4196166992188,
  "summary_wm_median": 999.9933471679688,
  "summary_wm_n": 173770.0,
  "summary_wm_p05": 898.5236907958985,
  "summary_wm_p95": 1103.617297363281,
  "summary_wm_stdv": 62.5674934387207,
  "tpm_overlap_csf": 0.1665118783712387,
  "tpm_overlap_gm": 0.4231509268283844,
  "tpm_overlap_wm": 0.4971233904361725,
  "wm2max": 0.519635990979556
}