{
  "bids_meta": {
    "AcquisitionNumber": 1,
    "DeviceSerialNumber": "35442  ",
    "EchoNumber": 1,
    "EchoTime": 0.00298,
    "FlipAngle": 9,
    "ImageOrientationPatientDICOM": [
      "-0.0151568568601",
      "0.9998851282473",
      "4.0055744e-009",
      "0.02073155820566",
      "0.00031426536514",
      "-0.9997850287595 "
    ],
    "ImageType": [
      "ORIGINAL",
      "PRIMARY",
      "M",
      "ND",
      "NORM "
    ],
    "ImagingFrequency": 123.247094,
    "InPlanePhaseEncodingDirectionDICOM": "ROW  ",
    "IntendedFor": [
      "ses-NAPFU12/func/sub-9939055_ses-NAPFU12_task-rest_run-002_bold.nii.gz",
      "ses-NAPFU12/anat/sub-9939055_ses-NAPFU12_run-001_T2star.nii.gz",
      "ses-NAPFU12/asl/sub-9939055_ses-NAPFU12_run-001_asl.nii.gz",
      "ses-NAPFU12/func/sub-9939055_ses-NAPFU12_task-retrieval_run-001_bold.nii.gz",
      "ses-NAPFU12/fmap/sub-9939055_ses-NAPFU12_run-001_phasediff.nii.gz",
      "ses-NAPFU12/func/sub-9939055_ses-NAPFU12_task-rest_run-001_bold.nii.gz",
      "ses-NAPFU12/func/sub-9939055_ses-NAPFU12_task-encoding_run-001_bold.nii.gz",
      "ses-NAPFU12/fmap/sub-9939055_ses-NAPFU12_run-002_phasediff.nii.gz",
      "ses-NAPFU12/fmap/sub-9939055_ses-NAPFU12_run-003_phasediff.nii.gz"
    ],
    "InversionTime": 0.9,
    "MRAcquisitionType": "3D ",
    "MagneticFieldStrength": 3,
    "Manufacturer": "SIEMENS  ",
    "ManufacturerModelName": "TrioTim  ",
    "Modality": "MRI__ ",
    "PatientPosition": "HFS  ",
    "PercentPhaseFOV": 93.75,
    "PhaseEncodingSteps": 239,
    "PixelBandwidth": 238,
    "ProtocolName": "MPRAGE ADNI_iPAT2  ",
    "PulseSequenceType": "*tfl3d1_ns ",
    "ReceiveCoilName": "HeadMatrixix\\\\ ",
    "RepetitionTime": 2.3,
    "SAR": 0.08874082099367,
    "ScanningSequence": "GR\\\\IR  ",
    "SequenceName": "*tfl3d1_ns ",
    "SequenceVariant": "SP\\\\MP  ",
    "SeriesDescription": "MPRAGE ADNI_iPAT2  ",
    "SeriesNumber": 12,
    "SliceOrder": "interleaved ",
    "SliceThickness": 1,
    "SliceTiming": null,
    "SoftwareVersions": "syngo MR B17 ",
    "dataset": "<unset>",
    "modality": "T1w",
    "run_id": 1,
    "session_id": "NAPFU12",
    "subject_id": "9939055"
  },
  "cjv": 0.4297900343784336,
  "cnr": 3.0946583830097687,
  "efc": 0.5804860594554947,
  "fber": 103.8349380493164,
  "fwhm_avg": 3.198153333333334,
  "fwhm_x": 3.23744,
  "fwhm_y": 3.3677,
  "fwhm_z": 2.98932,
  "icvs_csf": 0.19927639329161198,
  "icvs_gm": 0.41124954641859457,
  "icvs_wm": 0.3894740602897935,
  "inu_med": 1.3430571556091309,
  "inu_range": 0.40116462111473083,
  "provenance": {
    "md5sum": "b45408dc12d95e613d2d2a04d499f9ea",
    "settings": {
      "testing": false
    },
    "software": "mriqc",
    "version": "0.16.1",
    "warnings": {
      "large_rot_frame": false,
      "small_air_mask": false
    },
    "webapi_port": null,
    "webapi_url": "https://mriqc.nimh.nih.gov/api/v1"
  },
  "qi_1": 0.00011367632022588264,
  "qi_2": 0.00515839802675608,
  "rpve_csf": 33.32968222316636,
  "rpve_gm": 16.831977568881072,
  "rpve_wm": 21.78369707869538,
  "size_x": 176,
  "size_y": 240,
  "size_z": 256,
  "snr_csf": 2.5706514271119394,
  "snr_gm": 9.480802652985771,
  "snr_total": 10.223108333652577,
  "snr_wm": 18.61787092086002,
  "snrd_csf": 11.144989729916317,
  "snrd_gm": 24.06496193694755,
  "snrd_total": 23.05719647669781,
  "snrd_wm": 33.96163776322957,
  "spacing_x": 1.0,
  "spacing_y": 1.0,
  "spacing_z": 1.0,
  "summary_bg_k": 125.7008901591916,
  "summary_bg_mad": 19.290484814135063,
  "summary_bg_mean": 63.98187255859375,
  "summary_bg_median": 62.488037109375,
  "summary_bg_n": 3000666.0,
  "summary_bg_p05": 34.40497016906738,
  "summary_bg_p95": 98.55582427978516,
  "summary_bg_stdv": 19.915021896362305,
  "summary_csf_k": -0.3180185740925272,
  "summary_csf_mad": 142.7439443884635,
  "summary_csf_mean": 350.1576843261719,
  "summary_csf_median": 328.16412353515625,
  "summary_csf_n": 8127.0,
  "summary_csf_p05": 175.12715911865234,
  "summary_csf_p95": 570.9456176757812,
  "summary_csf_stdv": 127.65010833740234,
  "summary_gm_k": 0.014246254790584612,
  "summary_gm_mad": 73.58395335144034,
  "summary_gm_mean": 709.689208984375,
  "summary_gm_median": 708.5925903320312,
  "summary_gm_n": 9450.0,
  "summary_gm_p05": 588.8664947509766,
  "summary_gm_p95": 835.3656494140623,
  "summary_gm_stdv": 74.73577117919922,
  "summary_wm_k": 0.32793128386149384,
  "summary_wm_mad": 51.66009973249004,
  "summary_wm_mean": 999.2803344726562,
  "summary_wm_median": 1000.0001220703125,
  "summary_wm_n": 164340.0,
  "summary_wm_p05": 909.8187194824219,
  "summary_wm_p95": 1086.2946655273436,
  "summary_wm_stdv": 53.71167755126953,
  "tpm_overlap_csf": 0.1778486967086792,
  "tpm_overlap_gm": 0.44082728028297424,
  "tpm_overlap_wm": 0.5149176716804504,
  "wm2max": 0.4952574903910013
}