{
  "bids_meta": {
    "AcquisitionNumber": 1,
    "DeviceSerialNumber": "35442  ",
    "EchoNumber": 1,
    "EchoTime": 0.00298,
    "FlipAngle": 9,
    "ImageOrientationPatientDICOM": [
      "-0.0584932611771",
      "0.93331288441034",
      "0.35426769284049",
      "-0.0043162264789",
      "0.35463554951225",
      "-0.9349946508997  "
    ],
    "ImageType": [
      "ORIGINAL",
      "PRIMARY",
      "M",
      "ND",
      "NORM "
    ],
    "ImagingFrequency": 123.247179,
    "InPlanePhaseEncodingDirectionDICOM": "ROW  ",
    "IntendedFor": [
      "ses-PREBL00/func/sub-5448142_ses-PREBL00_task-retrieval_run-001_bold.nii.gz",
      "ses-PREBL00/fmap/sub-5448142_ses-PREBL00_run-003_phasediff.nii.gz",
      "ses-PREBL00/fmap/sub-5448142_ses-PREBL00_run-001_phasediff.nii.gz",
      "ses-PREBL00/anat/sub-5448142_ses-PREBL00_run-001_T2star.nii.gz",
      "ses-PREBL00/func/sub-5448142_ses-PREBL00_task-rest_run-001_bold.nii.gz",
      "ses-PREBL00/func/sub-5448142_ses-PREBL00_task-rest_run-002_bold.nii.gz",
      "ses-PREBL00/asl/sub-5448142_ses-PREBL00_run-001_asl.nii.gz",
      "ses-PREBL00/func/sub-5448142_ses-PREBL00_task-encoding_run-001_bold.nii.gz",
      "ses-PREBL00/fmap/sub-5448142_ses-PREBL00_run-002_phasediff.nii.gz"
    ],
    "InversionTime": 0.9,
    "MRAcquisitionType": "3D ",
    "MagneticFieldStrength": 3,
    "Manufacturer": "SIEMENS  ",
    "ManufacturerModelName": "TrioTim  ",
    "Modality": "MRI__ ",
    "PatientPosition": "HFS  ",
    "PercentPhaseFOV": 93.75,
    "PhaseEncodingSteps": 239,
    "PixelBandwidth": 238,
    "ProtocolName": "MPRAGE ADNI_iPAT2  ",
    "PulseSequenceType": "*tfl3d1_ns ",
    "ReceiveCoilName": "HeadMatrixix\\\\ ",
    "RepetitionTime": 2.3,
    "SAR": 0.09100644522184,
    "ScanningSequence": "GR\\\\IR  ",
    "SequenceName": "*tfl3d1_ns ",
    "SequenceVariant": "SP\\\\MP  ",
    "SeriesDescription": "MPRAGE ADNI_iPAT2  ",
    "SeriesNumber": 12,
    "SliceOrder": "interleaved ",
    "SliceThickness": 1,
    "SliceTiming": null,
    "SoftwareVersions": "syngo MR B17 ",
    "dataset": "<unset>",
    "modality": "T1w",
    "run_id": 1,
    "session_id": "PREBL00",
    "subject_id": "5448142"
  },
  "cjv": 0.4241322482422691,
  "cnr": 3.1548862439338063,
  "efc": 0.6109915218352253,
  "fber": 102.56803131103516,
  "fwhm_avg": 3.35925,
  "fwhm_x": 3.37073,
  "fwhm_y": 3.53811,
  "fwhm_z": 3.16891,
  "icvs_csf": 0.19691741088559458,
  "icvs_gm": 0.41585765070765845,
  "icvs_wm": 0.387224938406747,
  "inu_med": 1.362916350364685,
  "inu_range": 0.4886008143424989,
  "provenance": {
    "md5sum": "4d28a8ab3e07cfd3467cf28ecd5d3a40",
    "settings": {
      "testing": false
    },
    "software": "mriqc",
    "version": "0.16.1",
    "warnings": {
      "large_rot_frame": true,
      "small_air_mask": false
    },
    "webapi_port": null,
    "webapi_url": "https://mriqc.nimh.nih.gov/api/v1"
  },
  "qi_1": 0.0,
  "qi_2": 0.0047582423819833245,
  "rpve_csf": 26.201888487013907,
  "rpve_gm": 13.01059957264905,
  "rpve_wm": 16.55313362001841,
  "size_x": 176,
  "size_y": 240,
  "size_z": 256,
  "snr_csf": 2.5545211260296,
  "snr_gm": 8.905945085446364,
  "snr_total": 9.691906117099615,
  "snr_wm": 17.615252139822886,
  "snrd_csf": 10.15500093048636,
  "snrd_gm": 23.149695869941343,
  "snrd_total": 22.300559809891272,
  "snrd_wm": 33.59698262924612,
  "spacing_x": 1.0,
  "spacing_y": 1.0,
  "spacing_z": 1.0,
  "summary_bg_k": 1407.7084365385822,
  "summary_bg_mad": 19.50027655719707,
  "summary_bg_mean": 65.56759643554688,
  "summary_bg_median": 64.06953430175781,
  "summary_bg_n": 3005342.0,
  "summary_bg_p05": 35.4637565612793,
  "summary_bg_p95": 100.32370300292966,
  "summary_bg_stdv": 22.510173797607422,
  "summary_csf_k": 0.7950947974404086,
  "summary_csf_mad": 108.87491291903908,
  "summary_csf_mean": 326.7104797363281,
  "summary_csf_median": 302.26580810546875,
  "summary_csf_n": 17312.0,
  "summary_csf_p05": 171.25426025390624,
  "summary_csf_p95": 554.2810516357422,
  "summary_csf_stdv": 118.32240295410156,
  "summary_gm_k": 0.028770929909503806,
  "summary_gm_mad": 76.46305573700452,
  "summary_gm_mean": 689.6502685546875,
  "summary_gm_median": 689.0557250976562,
  "summary_gm_n": 15739.0,
  "summary_gm_p05": 562.226513671875,
  "summary_gm_p95": 818.4134643554686,
  "summary_gm_stdv": 77.36785125732422,
  "summary_wm_k": 0.22605949593419217,
  "summary_wm_mad": 55.427550871659534,
  "summary_wm_mean": 999.8428955078125,
  "summary_wm_median": 1000.021484375,
  "summary_wm_n": 220425.0,
  "summary_wm_p05": 906.3750366210938,
  "summary_wm_p95": 1092.322705078125,
  "summary_wm_stdv": 56.770076751708984,
  "tpm_overlap_csf": 0.15450331568717957,
  "tpm_overlap_gm": 0.43420693278312683,
  "tpm_overlap_wm": 0.48654529452323914,
  "wm2max": 0.5429420681636199
}