{
  "bids_meta": {
    "AcquisitionNumber": 1,
    "DeviceSerialNumber": "35442  ",
    "EchoNumber": 1,
    "EchoTime": 0.00298,
    "FlipAngle": 9,
    "ImageOrientationPatientDICOM": [
      "0.01521057849612",
      "0.9998843124591",
      "-1.70672261e-008",
      "0.03539192968099",
      "-0.0005384110685",
      "-0.9993733643774 "
    ],
    "ImageType": [
      "ORIGINAL",
      "PRIMARY",
      "M",
      "ND",
      "NORM "
    ],
    "ImagingFrequency": 123.251287,
    "InPlanePhaseEncodingDirectionDICOM": "ROW  ",
    "IntendedFor": [
      "ses-PREFU48/fmap/sub-7237992_ses-PREFU48_run-001_phasediff.nii.gz",
      "ses-PREFU48/fmap/sub-7237992_ses-PREFU48_run-002_phasediff.nii.gz",
      "ses-PREFU48/func/sub-7237992_ses-PREFU48_task-encoding_run-001_bold.nii.gz",
      "ses-PREFU48/asl/sub-7237992_ses-PREFU48_run-001_asl.nii.gz",
      "ses-PREFU48/fmap/sub-7237992_ses-PREFU48_run-003_phasediff.nii.gz",
      "ses-PREFU48/func/sub-7237992_ses-PREFU48_task-retrieval_run-001_bold.nii.gz",
      "ses-PREFU48/func/sub-7237992_ses-PREFU48_task-rest_run-002_bold.nii.gz",
      "ses-PREFU48/anat/sub-7237992_ses-PREFU48_run-001_T2star.nii.gz",
      "ses-PREFU48/func/sub-7237992_ses-PREFU48_task-rest_run-001_bold.nii.gz"
    ],
    "InversionTime": 0.9,
    "MRAcquisitionType": "3D ",
    "MagneticFieldStrength": 3,
    "Manufacturer": "SIEMENS  ",
    "ManufacturerModelName": "TrioTim  ",
    "Modality": "MRI__ ",
    "PatientPosition": "HFS  ",
    "PercentPhaseFOV": 93.75,
    "PhaseEncodingSteps": 239,
    "PixelBandwidth": 238,
    "ProtocolName": "MPRAGE ADNI_iPAT2  ",
    "PulseSequenceType": "*tfl3d1_ns ",
    "ReceiveCoilName": "HeadMatrixix\\\\ ",
    "RepetitionTime": 2.3,
    "SAR": 0.09880420304325,
    "ScanningSequence": "GR\\\\IR  ",
    "SequenceName": "*tfl3d1_ns ",
    "SequenceVariant": "SP\\\\MP  ",
    "SeriesDescription": "MPRAGE ADNI_iPAT2  ",
    "SeriesNumber": 12,
    "SliceOrder": "interleaved ",
    "SliceThickness": 1,
    "SliceTiming": null,
    "SoftwareVersions": "syngo MR B17 ",
    "dataset": "<unset>",
    "modality": "T1w",
    "run_id": 1,
    "session_id": "PREFU48",
    "subject_id": "7237992"
  },
  "cjv": 0.49288650429537123,
  "cnr": 2.697748305758282,
  "efc": 0.6383835042233565,
  "fber": 103.98250579833984,
  "fwhm_avg": 2.7247199999999996,
  "fwhm_x": 2.7855,
  "fwhm_y": 2.70682,
  "fwhm_z": 2.68184,
  "icvs_csf": 0.19952181019604437,
  "icvs_gm": 0.4264478238089465,
  "icvs_wm": 0.3740303659950091,
  "inu_med": 1.247727632522583,
  "inu_range": 0.34164986610412607,
  "provenance": {
    "md5sum": "2c2c0e89d0201bdc6cd7122454468954",
    "settings": {
      "testing": false
    },
    "software": "mriqc",
    "version": "0.16.1",
    "warnings": {
      "large_rot_frame": false,
      "small_air_mask": false
    },
    "webapi_port": null,
    "webapi_url": "https://mriqc.nimh.nih.gov/api/v1"
  },
  "qi_1": 0.0002748200600720805,
  "qi_2": 0.003429497958256581,
  "rpve_csf": 29.073851404710133,
  "rpve_gm": 13.854343346793028,
  "rpve_wm": 18.146767346276565,
  "size_x": 176,
  "size_y": 240,
  "size_z": 256,
  "snr_csf": 0.7033834972646741,
  "snr_gm": 7.383151836592743,
  "snr_total": 6.7330162546213375,
  "snr_wm": 12.112513430006596,
  "snrd_csf": 11.483254570424258,
  "snrd_gm": 20.99177442006402,
  "snrd_total": 21.442637798046658,
  "snrd_wm": 31.852884403651693,
  "spacing_x": 1.0,
  "spacing_y": 1.0,
  "spacing_z": 1.0,
  "summary_bg_k": 665.1688324085776,
  "summary_bg_mad": 20.566943202294325,
  "summary_bg_mean": 67.157470703125,
  "summary_bg_median": 63.68107604980469,
  "summary_bg_n": 3122587.0,
  "summary_bg_p05": 34.6484790802002,
  "summary_bg_p95": 106.7042427062988,
  "summary_bg_stdv": 34.5361213684082,
  "summary_csf_k": 1.6622271862299538,
  "summary_csf_mad": 164.84900595068513,
  "summary_csf_mean": 572.8173828125,
  "summary_csf_median": 360.4981384277344,
  "summary_csf_n": 21943.0,
  "summary_csf_p05": 177.43962249755862,
  "summary_csf_p95": 1798.1556152343749,
  "summary_csf_stdv": 512.5083618164062,
  "summary_gm_k": -0.046261656376721305,
  "summary_gm_mad": 89.11946910913998,
  "summary_gm_mean": 660.19580078125,
  "summary_gm_median": 659.002685546875,
  "summary_gm_n": 8381.0,
  "summary_gm_p05": 514.2720336914062,
  "summary_gm_p95": 808.2225952148438,
  "summary_gm_stdv": 89.25231170654297,
  "summary_wm_k": 0.30789206565227056,
  "summary_wm_mad": 78.9385236501783,
  "summary_wm_mean": 1005.3740234375,
  "summary_wm_median": 999.9696044921875,
  "summary_wm_n": 164772.0,
  "summary_wm_p05": 879.0360809326172,
  "summary_wm_p95": 1151.6112548828123,
  "summary_wm_stdv": 82.55648803710938,
  "tpm_overlap_csf": 0.13916030526161194,
  "tpm_overlap_gm": 0.3766029179096222,
  "tpm_overlap_wm": 0.4626464545726776,
  "wm2max": 0.5015705557944181
}