{
  "bids_meta": {
    "AcquisitionNumber": 1,
    "DeviceSerialNumber": "35442  ",
    "EchoNumber": 1,
    "EchoTime": 0.00298,
    "FlipAngle": 9,
    "ImageOrientationPatientDICOM": [
      "-0.0573873643096",
      "0.99835192743176",
      "-0.0003455587857",
      "0.14037593148103",
      "0.00772641166681",
      "-0.9900681291828  "
    ],
    "ImageType": [
      "ORIGINAL",
      "PRIMARY",
      "M",
      "ND",
      "NORM "
    ],
    "ImagingFrequency": 123.247456,
    "InPlanePhaseEncodingDirectionDICOM": "ROW  ",
    "IntendedFor": [
      "ses-NAPBL00/func/sub-9488568_ses-NAPBL00_task-rest_run-002_bold.nii.gz",
      "ses-NAPBL00/fmap/sub-9488568_ses-NAPBL00_run-001_phasediff.nii.gz",
      "ses-NAPBL00/fmap/sub-9488568_ses-NAPBL00_run-002_phasediff.nii.gz",
      "ses-NAPBL00/func/sub-9488568_ses-NAPBL00_task-rest_run-001_bold.nii.gz",
      "ses-NAPBL00/anat/sub-9488568_ses-NAPBL00_run-001_T2star.nii.gz",
      "ses-NAPBL00/fmap/sub-9488568_ses-NAPBL00_run-003_phasediff.nii.gz",
      "ses-NAPBL00/func/sub-9488568_ses-NAPBL00_task-encoding_run-001_bold.nii.gz",
      "ses-NAPBL00/asl/sub-9488568_ses-NAPBL00_run-001_asl.nii.gz",
      "ses-NAPBL00/func/sub-9488568_ses-NAPBL00_task-retrieval_run-001_bold.nii.gz"
    ],
    "InversionTime": 0.9,
    "MRAcquisitionType": "3D ",
    "MagneticFieldStrength": 3,
    "Manufacturer": "SIEMENS  ",
    "ManufacturerModelName": "TrioTim  ",
    "Modality": "MRI__ ",
    "PatientPosition": "HFS  ",
    "PercentPhaseFOV": 93.75,
    "PhaseEncodingSteps": 239,
    "PixelBandwidth": 238,
    "ProtocolName": "MPRAGE ADNI_iPAT2  ",
    "PulseSequenceType": "*tfl3d1_ns ",
    "ReceiveCoilName": "HeadMatrixix\\\\ ",
    "RepetitionTime": 2.3,
    "SAR": 0.08881449937314,
    "ScanningSequence": "GR\\\\IR  ",
    "SequenceName": "*tfl3d1_ns ",
    "SequenceVariant": "SP\\\\MP  ",
    "SeriesDescription": "MPRAGE ADNI_iPAT2  ",
    "SeriesNumber": 12,
    "SliceOrder": "interleaved ",
    "SliceThickness": 1,
    "SliceTiming": null,
    "SoftwareVersions": "syngo MR B17 ",
    "dataset": "<unset>",
    "modality": "T1w",
    "run_id": 1,
    "session_id": "NAPBL00",
    "subject_id": "9488568"
  },
  "cjv": 0.3846935252024289,
  "cnr": 3.4539752963994204,
  "efc": 0.5939150336062591,
  "fber": 107.07352447509766,
  "fwhm_avg": 3.3366133333333337,
  "fwhm_x": 3.3991,
  "fwhm_y": 3.45344,
  "fwhm_z": 3.1573,
  "icvs_csf": 0.24261724570658624,
  "icvs_gm": 0.3937754280841659,
  "icvs_wm": 0.36360732620924785,
  "inu_med": 1.3002345561981201,
  "inu_range": 0.36263537406921387,
  "provenance": {
    "md5sum": "7da08b82d3db04241130b13040f1c689",
    "settings": {
      "testing": false
    },
    "software": "mriqc",
    "version": "0.16.1",
    "warnings": {
      "large_rot_frame": true,
      "small_air_mask": false
    },
    "webapi_port": null,
    "webapi_url": "https://mriqc.nimh.nih.gov/api/v1"
  },
  "qi_1": 0.0,
  "qi_2": 0.004491868388857597,
  "rpve_csf": 26.419136637559955,
  "rpve_gm": 16.010715565303034,
  "rpve_wm": 20.87256870153421,
  "size_x": 176,
  "size_y": 240,
  "size_z": 256,
  "snr_csf": 2.0296121618390774,
  "snr_gm": 8.717486820786911,
  "snr_total": 9.3929437960918,
  "snr_wm": 17.43173240564941,
  "snrd_csf": 12.167419556785743,
  "snrd_gm": 23.86884731995306,
  "snrd_total": 24.075497920421697,
  "snrd_wm": 36.19022688452629,
  "spacing_x": 1.0,
  "spacing_y": 1.0,
  "spacing_z": 1.0,
  "summary_bg_k": 1516.7593273483196,
  "summary_bg_mad": 18.102809269092944,
  "summary_bg_mean": 60.39336395263672,
  "summary_bg_median": 58.4177131652832,
  "summary_bg_n": 2797178.0,
  "summary_bg_p05": 32.32566471099854,
  "summary_bg_p95": 93.48759803771974,
  "summary_bg_stdv": 26.490619659423828,
  "summary_csf_k": 32.330088944227775,
  "summary_csf_mad": 128.1593970581488,
  "summary_csf_mean": 352.2557067871094,
  "summary_csf_median": 336.2116394042969,
  "summary_csf_n": 23543.0,
  "summary_csf_p05": 169.49596099853517,
  "summary_csf_p95": 537.9904052734375,
  "summary_csf_stdv": 165.64962768554688,
  "summary_gm_k": -0.015030817098376836,
  "summary_gm_mad": 75.92906918357424,
  "summary_gm_mean": 659.8961791992188,
  "summary_gm_median": 659.5469360351562,
  "summary_gm_n": 14493.0,
  "summary_gm_p05": 535.0865966796875,
  "summary_gm_p95": 784.161865234375,
  "summary_gm_stdv": 75.65531158447266,
  "summary_wm_k": 0.41692986278431343,
  "summary_wm_mad": 55.0459509232075,
  "summary_wm_mean": 999.6721801757812,
  "summary_wm_median": 1000.0128173828125,
  "summary_wm_n": 161813.0,
  "summary_wm_p05": 904.9511840820312,
  "summary_wm_p95": 1092.833935546875,
  "summary_wm_stdv": 57.36720275878906,
  "tpm_overlap_csf": 0.15641845762729645,
  "tpm_overlap_gm": 0.4174785017967224,
  "tpm_overlap_wm": 0.4961532950401306,
  "wm2max": 0.5359558478943031
}