{
  "bids_meta": {
    "AcquisitionNumber": 1,
    "DeviceSerialNumber": "35442  ",
    "EchoNumber": 1,
    "EchoTime": 0.00298,
    "FlipAngle": 9,
    "ImageOrientationPatientDICOM": [
      "0.02841256173661",
      "0.99817202734812",
      "0.05334163622641",
      "0.01986689759662",
      "0.05278874648185",
      "-0.9984080601762  "
    ],
    "ImageType": [
      "ORIGINAL",
      "PRIMARY",
      "M",
      "ND",
      "NORM "
    ],
    "ImagingFrequency": 123.251391,
    "InPlanePhaseEncodingDirectionDICOM": "ROW  ",
    "IntendedFor": [
      "ses-NAPFU48/fmap/sub-6519252_ses-NAPFU48_run-003_phasediff.nii.gz",
      "ses-NAPFU48/anat/sub-6519252_ses-NAPFU48_run-003_T1w.nii.gz",
      "ses-NAPFU48/fmap/sub-6519252_ses-NAPFU48_run-001_phasediff.nii.gz",
      "ses-NAPFU48/anat/sub-6519252_ses-NAPFU48_run-002_T1w.nii.gz",
      "ses-NAPFU48/asl/sub-6519252_ses-NAPFU48_run-001_asl.nii.gz",
      "ses-NAPFU48/func/sub-6519252_ses-NAPFU48_task-encoding_run-001_bold.nii.gz",
      "ses-NAPFU48/func/sub-6519252_ses-NAPFU48_task-rest_run-002_bold.nii.gz",
      "ses-NAPFU48/anat/sub-6519252_ses-NAPFU48_run-001_T2star.nii.gz",
      "ses-NAPFU48/fmap/sub-6519252_ses-NAPFU48_run-004_phasediff.nii.gz",
      "ses-NAPFU48/anat/sub-6519252_ses-NAPFU48_run-001_FLAIR.nii.gz",
      "ses-NAPFU48/dwi/sub-6519252_ses-NAPFU48_run-001_dwi.nii.gz",
      "ses-NAPFU48/fmap/sub-6519252_ses-NAPFU48_run-005_phasediff.nii.gz",
      "ses-NAPFU48/func/sub-6519252_ses-NAPFU48_task-retrieval_run-001_bold.nii.gz",
      "ses-NAPFU48/fmap/sub-6519252_ses-NAPFU48_run-002_phasediff.nii.gz",
      "ses-NAPFU48/func/sub-6519252_ses-NAPFU48_task-rest_run-001_bold.nii.gz"
    ],
    "InversionTime": 0.9,
    "MRAcquisitionType": "3D ",
    "MagneticFieldStrength": 3,
    "Manufacturer": "SIEMENS  ",
    "ManufacturerModelName": "TrioTim  ",
    "Modality": "MRI__ ",
    "PatientPosition": "HFS  ",
    "PercentPhaseFOV": 93.75,
    "PhaseEncodingSteps": 239,
    "PixelBandwidth": 238,
    "ProtocolName": "MPRAGE ADNI_iPAT2  ",
    "PulseSequenceType": "*tfl3d1_ns ",
    "ReceiveCoilName": "HeadMatrixix\\\\ ",
    "RepetitionTime": 2.3,
    "SAR": 0.08572965355,
    "ScanningSequence": "GR\\\\IR  ",
    "SequenceName": "*tfl3d1_ns ",
    "SequenceVariant": "SP\\\\MP  ",
    "SeriesDescription": "MPRAGE ADNI_iPAT2  ",
    "SeriesNumber": 12,
    "SliceOrder": "interleaved ",
    "SliceThickness": 1,
    "SliceTiming": null,
    "SoftwareVersions": "syngo MR B17 ",
    "dataset": "<unset>",
    "modality": "T1w",
    "run_id": 1,
    "session_id": "NAPFU48",
    "subject_id": "6519252"
  },
  "cjv": 0.4493392345621876,
  "cnr": 2.9621056846900546,
  "efc": 0.6034761965782058,
  "fber": 67.20169830322266,
  "fwhm_avg": 3.2527566666666665,
  "fwhm_x": 3.29456,
  "fwhm_y": 3.45258,
  "fwhm_z": 3.01113,
  "icvs_csf": 0.22320067330287002,
  "icvs_gm": 0.4158383249001415,
  "icvs_wm": 0.3609610017969884,
  "inu_med": 1.3644728660583496,
  "inu_range": 0.4192393541336059,
  "provenance": {
    "md5sum": "63cd63caae5c74354898543701d0e273",
    "settings": {
      "testing": false
    },
    "software": "mriqc",
    "version": "0.16.1",
    "warnings": {
      "large_rot_frame": true,
      "small_air_mask": false
    },
    "webapi_port": null,
    "webapi_url": "https://mriqc.nimh.nih.gov/api/v1"
  },
  "qi_1": 0.0,
  "qi_2": 0.0037283277694838864,
  "rpve_csf": 30.073455703535377,
  "rpve_gm": 16.299446720123953,
  "rpve_wm": 22.383666978211952,
  "size_x": 176,
  "size_y": 240,
  "size_z": 256,
  "snr_csf": 2.841644734801197,
  "snr_gm": 9.04206068895965,
  "snr_total": 9.765564859729436,
  "snr_wm": 17.412989155427457,
  "snrd_csf": 8.74510232010292,
  "snrd_gm": 20.170476595124985,
  "snrd_total": 19.181840211339495,
  "snrd_wm": 28.62994171879059,
  "spacing_x": 1.0,
  "spacing_y": 1.0,
  "spacing_z": 1.0,
  "summary_bg_k": 19.934132204919305,
  "summary_bg_mad": 22.883045403061754,
  "summary_bg_mean": 76.73776245117188,
  "summary_bg_median": 74.81379699707031,
  "summary_bg_n": 2927148.0,
  "summary_bg_p05": 41.60887699127198,
  "summary_bg_p95": 117.95218429565426,
  "summary_bg_stdv": 24.125253677368164,
  "summary_csf_k": -0.27189851899940853,
  "summary_csf_mad": 108.09680465326912,
  "summary_csf_mean": 326.5256042480469,
  "summary_csf_median": 305.454833984375,
  "summary_csf_n": 11429.0,
  "summary_csf_p05": 179.47469482421874,
  "summary_csf_p95": 521.4284912109375,
  "summary_csf_stdv": 107.48756408691406,
  "summary_gm_k": 0.06907902122886034,
  "summary_gm_mad": 77.04943649725331,
  "summary_gm_mean": 705.6640625,
  "summary_gm_median": 704.5280151367188,
  "summary_gm_n": 12283.0,
  "summary_gm_p05": 576.6354492187501,
  "summary_gm_p95": 835.2528991699219,
  "summary_gm_stdv": 77.91358184814453,
  "summary_wm_k": 0.28331072058003226,
  "summary_wm_mad": 55.72037928835168,
  "summary_wm_mean": 998.96826171875,
  "summary_wm_median": 1000.0059204101562,
  "summary_wm_n": 153567.0,
  "summary_wm_p05": 902.7878723144531,
  "summary_wm_p95": 1091.3254028320312,
  "summary_wm_stdv": 57.42854690551758,
  "tpm_overlap_csf": 0.1538432091474533,
  "tpm_overlap_gm": 0.41861197352409363,
  "tpm_overlap_wm": 0.48944592475891113,
  "wm2max": 0.44712108479240464
}