{
  "bids_meta": {
    "AcquisitionNumber": 1,
    "DeviceSerialNumber": "35442  ",
    "EchoNumber": 1,
    "EchoTime": 0.00298,
    "FlipAngle": 9,
    "ImageOrientationPatientDICOM": [
      "0",
      "0.99999993908387",
      "-0.0003490447892",
      "0",
      "-0.0003490447892",
      "-0.9999999390839  "
    ],
    "ImageType": [
      "ORIGINAL",
      "PRIMARY",
      "M",
      "ND",
      "NORM "
    ],
    "ImagingFrequency": 123.247091,
    "InPlanePhaseEncodingDirectionDICOM": "ROW  ",
    "IntendedFor": [
      "ses-PREEN00/fmap/sub-6755055_ses-PREEN00_run-002_phasediff.nii.gz",
      "ses-PREEN00/anat/sub-6755055_ses-PREEN00_run-001_FLAIR.nii.gz",
      "ses-PREEN00/dwi/sub-6755055_ses-PREEN00_run-001_dwi.nii.gz",
      "ses-PREEN00/fmap/sub-6755055_ses-PREEN00_run-001_phasediff.nii.gz"
    ],
    "InversionTime": 0.9,
    "MRAcquisitionType": "3D ",
    "MagneticFieldStrength": 3,
    "Manufacturer": "SIEMENS  ",
    "ManufacturerModelName": "TrioTim  ",
    "Modality": "MRI__ ",
    "PatientPosition": "HFS  ",
    "PercentPhaseFOV": 93.75,
    "PhaseEncodingSteps": 239,
    "PixelBandwidth": 238,
    "ProtocolName": "MPRAGE ADNI_iPAT2  ",
    "PulseSequenceType": "*tfl3d1_ns ",
    "ReceiveCoilName": "HeadMatrixix\\\\ ",
    "RepetitionTime": 2.3,
    "SAR": 0.0842381024032,
    "ScanningSequence": "GR\\\\IR  ",
    "SequenceName": "*tfl3d1_ns ",
    "SequenceVariant": "SP\\\\MP  ",
    "SeriesDescription": "MPRAGE ADNI_iPAT2  ",
    "SeriesNumber": 4,
    "SliceOrder": "interleaved ",
    "SliceThickness": 1,
    "SliceTiming": null,
    "SoftwareVersions": "syngo MR B17 ",
    "dataset": "<unset>",
    "modality": "T1w",
    "run_id": 1,
    "session_id": "PREEN00",
    "subject_id": "6755055"
  },
  "cjv": 0.40975440148853,
  "cnr": 3.3578164049329713,
  "efc": 0.5972664537227942,
  "fber": 138.15756225585938,
  "fwhm_avg": 3.3474833333333334,
  "fwhm_x": 3.38511,
  "fwhm_y": 3.50967,
  "fwhm_z": 3.14767,
  "icvs_csf": 0.2245061272364149,
  "icvs_gm": 0.4064239040558826,
  "icvs_wm": 0.36906996870770253,
  "inu_med": 1.403954267501831,
  "inu_range": 0.3162338972091676,
  "provenance": {
    "md5sum": "89ed99a321e96e757b38cd3104a056da",
    "settings": {
      "testing": false
    },
    "software": "mriqc",
    "version": "0.16.1",
    "warnings": {
      "large_rot_frame": false,
      "small_air_mask": false
    },
    "webapi_port": null,
    "webapi_url": "https://mriqc.nimh.nih.gov/api/v1"
  },
  "qi_1": 5.865182905728915e-06,
  "qi_2": 0.005249112370901659,
  "rpve_csf": 26.897225507095325,
  "rpve_gm": 14.939095403669674,
  "rpve_wm": 20.01605847572047,
  "size_x": 176,
  "size_y": 240,
  "size_z": 256,
  "snr_csf": 2.9381291964368934,
  "snr_gm": 9.059964892267843,
  "snr_total": 9.682789011811291,
  "snr_wm": 17.050272946729137,
  "snrd_csf": 12.475943740669118,
  "snrd_gm": 27.97486984534094,
  "snrd_total": 27.31039485541723,
  "snrd_wm": 41.480370980241624,
  "spacing_x": 1.0,
  "spacing_y": 1.0,
  "spacing_z": 1.0,
  "summary_bg_k": 1343.1344922726137,
  "summary_bg_mad": 15.793708798468145,
  "summary_bg_mean": 51.602500915527344,
  "summary_bg_median": 50.15178680419922,
  "summary_bg_n": 3355603.0,
  "summary_bg_p05": 26.59729919433594,
  "summary_bg_p95": 80.41165084838867,
  "summary_bg_stdv": 20.532161712646484,
  "summary_csf_k": 0.23349699963292014,
  "summary_csf_mad": 104.28673231995191,
  "summary_csf_mean": 314.7750244140625,
  "summary_csf_median": 300.76397705078125,
  "summary_csf_n": 14957.0,
  "summary_csf_p05": 171.2952423095703,
  "summary_csf_p95": 498.60701293945306,
  "summary_csf_stdv": 102.36238861083984,
  "summary_gm_k": -0.11407686378641957,
  "summary_gm_mad": 76.0767502639332,
  "summary_gm_mean": 672.2333374023438,
  "summary_gm_median": 674.404541015625,
  "summary_gm_n": 11720.0,
  "summary_gm_p05": 546.4381500244141,
  "summary_gm_p95": 791.5112976074219,
  "summary_gm_stdv": 74.43470001220703,
  "summary_wm_k": 0.20764977405081275,
  "summary_wm_mad": 57.33274539731975,
  "summary_wm_mean": 1000.2662353515625,
  "summary_wm_median": 999.9885864257812,
  "summary_wm_n": 174501.0,
  "summary_wm_p05": 904.7249145507812,
  "summary_wm_p95": 1097.0784912109375,
  "summary_wm_stdv": 58.64925003051758,
  "tpm_overlap_csf": 0.17269384860992432,
  "tpm_overlap_gm": 0.42958495020866394,
  "tpm_overlap_wm": 0.508491575717926,
  "wm2max": 0.5700761980013568
}