{
  "bids_meta": {
    "AcquisitionNumber": 1,
    "DeviceSerialNumber": "35442  ",
    "EchoNumber": 1,
    "EchoTime": 0.00298,
    "FlipAngle": 9,
    "ImageOrientationPatientDICOM": [
      "0.04075296128332",
      "0.98794087671543",
      "-0.1493720866206",
      "0.10400992870734",
      "-0.1528786623196",
      "-0.9827563529877  "
    ],
    "ImageType": [
      "ORIGINAL",
      "PRIMARY",
      "M",
      "ND",
      "NORM "
    ],
    "ImagingFrequency": 123.247104,
    "InPlanePhaseEncodingDirectionDICOM": "ROW  ",
    "IntendedFor": [
      "ses-NAPFU03/asl/sub-5181071_ses-NAPFU03_run-001_asl.nii.gz",
      "ses-NAPFU03/func/sub-5181071_ses-NAPFU03_task-retrieval_run-001_bold.nii.gz",
      "ses-NAPFU03/func/sub-5181071_ses-NAPFU03_task-rest_run-001_bold.nii.gz",
      "ses-NAPFU03/fmap/sub-5181071_ses-NAPFU03_run-003_phasediff.nii.gz",
      "ses-NAPFU03/fmap/sub-5181071_ses-NAPFU03_run-002_phasediff.nii.gz",
      "ses-NAPFU03/anat/sub-5181071_ses-NAPFU03_run-001_T2star.nii.gz",
      "ses-NAPFU03/func/sub-5181071_ses-NAPFU03_task-rest_run-002_bold.nii.gz",
      "ses-NAPFU03/func/sub-5181071_ses-NAPFU03_task-encoding_run-001_bold.nii.gz",
      "ses-NAPFU03/fmap/sub-5181071_ses-NAPFU03_run-001_phasediff.nii.gz"
    ],
    "InversionTime": 0.9,
    "MRAcquisitionType": "3D ",
    "MagneticFieldStrength": 3,
    "Manufacturer": "SIEMENS  ",
    "ManufacturerModelName": "TrioTim  ",
    "Modality": "MRI__ ",
    "PatientPosition": "HFS  ",
    "PercentPhaseFOV": 93.75,
    "PhaseEncodingSteps": 239,
    "PixelBandwidth": 238,
    "ProtocolName": "MPRAGE ADNI_iPAT2  ",
    "PulseSequenceType": "*tfl3d1_ns ",
    "ReceiveCoilName": "HeadMatrixix\\\\ ",
    "RepetitionTime": 2.3,
    "SAR": 0.10814737608278,
    "ScanningSequence": "GR\\\\IR  ",
    "SequenceName": "*tfl3d1_ns ",
    "SequenceVariant": "SP\\\\MP  ",
    "SeriesDescription": "MPRAGE ADNI_iPAT2  ",
    "SeriesNumber": 12,
    "SliceOrder": "interleaved ",
    "SliceThickness": 1,
    "SliceTiming": null,
    "SoftwareVersions": "syngo MR B17 ",
    "dataset": "<unset>",
    "modality": "T1w",
    "run_id": 1,
    "session_id": "NAPFU03",
    "subject_id": "5181071"
  },
  "cjv": 0.4924213929973602,
  "cnr": 2.734562800392806,
  "efc": 0.6301586019698018,
  "fber": 117.6428451538086,
  "fwhm_avg": 3.1427933333333335,
  "fwhm_x": 3.24156,
  "fwhm_y": 3.21757,
  "fwhm_z": 2.96925,
  "icvs_csf": 0.19695701071602156,
  "icvs_gm": 0.41396307167664037,
  "icvs_wm": 0.38907991760733807,
  "inu_med": 1.238806962966919,
  "inu_range": 0.19888111352920523,
  "provenance": {
    "md5sum": "0ed2db416e047bca6bf7a30ceaa01a1a",
    "settings": {
      "testing": false
    },
    "software": "mriqc",
    "version": "0.16.1",
    "warnings": {
      "large_rot_frame": true,
      "small_air_mask": false
    },
    "webapi_port": null,
    "webapi_url": "https://mriqc.nimh.nih.gov/api/v1"
  },
  "qi_1": 0.0,
  "qi_2": 0.004705385821332822,
  "rpve_csf": 30.80733358373067,
  "rpve_gm": 15.492053503461776,
  "rpve_wm": 19.880076550423432,
  "size_x": 176,
  "size_y": 240,
  "size_z": 256,
  "snr_csf": 3.168928968948247,
  "snr_gm": 9.271180527406377,
  "snr_total": 9.331280941844613,
  "snr_wm": 15.553733329179213,
  "snrd_csf": 11.859001069726157,
  "snrd_gm": 24.83694946220441,
  "snrd_total": 23.79236683881078,
  "snrd_wm": 34.68114998450178,
  "spacing_x": 1.0,
  "spacing_y": 1.0,
  "spacing_z": 1.0,
  "summary_bg_k": 1291.002344244888,
  "summary_bg_mad": 18.890062767205904,
  "summary_bg_mean": 60.52427291870117,
  "summary_bg_median": 58.59781265258789,
  "summary_bg_n": 2809639.0,
  "summary_bg_p05": 31.4725284576416,
  "summary_bg_p95": 94.69155731201174,
  "summary_bg_stdv": 25.975725173950195,
  "summary_csf_k": 0.1844782073272615,
  "summary_csf_mad": 113.01285625383335,
  "summary_csf_mean": 351.4942321777344,
  "summary_csf_median": 341.9399108886719,
  "summary_csf_n": 8831.0,
  "summary_csf_p05": 196.2198486328125,
  "summary_csf_p95": 540.7870788574219,
  "summary_csf_stdv": 107.8978271484375,
  "summary_gm_k": -0.04241983334177002,
  "summary_gm_mad": 77.30294663611704,
  "summary_gm_mean": 715.3099975585938,
  "summary_gm_median": 716.143310546875,
  "summary_gm_n": 9946.0,
  "summary_gm_p05": 588.534423828125,
  "summary_gm_p95": 841.9630584716797,
  "summary_gm_stdv": 77.24014282226562,
  "summary_wm_k": 0.21247568398706607,
  "summary_wm_mad": 62.46868978297729,
  "summary_wm_mean": 1001.8717651367188,
  "summary_wm_median": 999.9888916015625,
  "summary_wm_n": 185598.0,
  "summary_wm_p05": 899.946710205078,
  "summary_wm_p95": 1111.1452758789062,
  "summary_wm_stdv": 64.2923583984375,
  "tpm_overlap_csf": 0.16686120629310608,
  "tpm_overlap_gm": 0.41936537623405457,
  "tpm_overlap_wm": 0.5011332035064697,
  "wm2max": 0.5147801740425253
}