{
  "bids_meta": {
    "AcquisitionNumber": 1,
    "DeviceSerialNumber": "35442  ",
    "EchoNumber": 1,
    "EchoTime": 0.00298,
    "FlipAngle": 9,
    "ImageOrientationPatientDICOM": [
      "0.01568795662874",
      "0.99987687556951",
      "-0.0003488813075",
      "0.02915519017259",
      "-0.0008062175076",
      "-0.9995745719551  "
    ],
    "ImageType": [
      "ORIGINAL",
      "PRIMARY",
      "M",
      "ND",
      "NORM "
    ],
    "ImagingFrequency": 123.251373,
    "InPlanePhaseEncodingDirectionDICOM": "ROW  ",
    "InversionTime": 0.9,
    "MRAcquisitionType": "3D ",
    "MagneticFieldStrength": 3,
    "Manufacturer": "SIEMENS  ",
    "ManufacturerModelName": "TrioTim  ",
    "Modality": "MRI__ ",
    "PatientPosition": "HFS  ",
    "PercentPhaseFOV": 93.75,
    "PhaseEncodingSteps": 239,
    "PixelBandwidth": 238,
    "ProtocolName": "MPRAGE ADNI_iPAT2  ",
    "PulseSequenceType": "*tfl3d1_ns ",
    "ReceiveCoilName": "32Ch_Headad\\\\  ",
    "RepetitionTime": 2.3,
    "SAR": 0.08644777833007,
    "ScanningSequence": "GR\\\\IR  ",
    "SequenceName": "*tfl3d1_ns ",
    "SequenceVariant": "SP\\\\MP  ",
    "SeriesDescription": "MPRAGE ADNI_iPAT2  ",
    "SeriesNumber": 12,
    "SliceOrder": "interleaved ",
    "SliceThickness": 1,
    "SliceTiming": null,
    "SoftwareVersions": "syngo MR B17 ",
    "dataset": "<unset>",
    "modality": "T1w",
    "run_id": 1,
    "session_id": "PREBL00",
    "subject_id": "1283278"
  },
  "cjv": 0.3964300894181023,
  "cnr": 3.4225604514170285,
  "efc": 0.5713113607464734,
  "fber": 109.43211364746094,
  "fwhm_avg": 3.3371133333333334,
  "fwhm_x": 3.32414,
  "fwhm_y": 3.52734,
  "fwhm_z": 3.15986,
  "icvs_csf": 0.20050249235764903,
  "icvs_gm": 0.4384669901032981,
  "icvs_wm": 0.3610305175390529,
  "inu_med": 1.3151180744171143,
  "inu_range": 0.420123815536499,
  "provenance": {
    "md5sum": "ebf7b91c135fa1bf6e95a184bcf095a5",
    "settings": {
      "testing": false
    },
    "software": "mriqc",
    "version": "0.16.1",
    "warnings": {
      "large_rot_frame": false,
      "small_air_mask": false
    },
    "webapi_port": null,
    "webapi_url": "https://mriqc.nimh.nih.gov/api/v1"
  },
  "qi_1": 0.00012497203369733723,
  "qi_2": 0.005290562471486542,
  "rpve_csf": 25.916885097919955,
  "rpve_gm": 12.618606555340339,
  "rpve_wm": 17.80008818079051,
  "size_x": 176,
  "size_y": 240,
  "size_z": 256,
  "snr_csf": 2.5251921384833773,
  "snr_gm": 7.02909051043851,
  "snr_total": 9.717195709206289,
  "snr_wm": 19.597304478696977,
  "snrd_csf": 10.241068183361804,
  "snrd_gm": 22.73636985306057,
  "snrd_total": 22.886721996621734,
  "snrd_wm": 35.68272795344283,
  "spacing_x": 1.0,
  "spacing_y": 1.0,
  "spacing_z": 1.0,
  "summary_bg_k": 4205.00454142259,
  "summary_bg_mad": 18.35990510820743,
  "summary_bg_mean": 49.01511001586914,
  "summary_bg_median": 52.70655059814453,
  "summary_bg_n": 3060837.0,
  "summary_bg_p05": 19.312355041503906,
  "summary_bg_p95": 74.85027160644529,
  "summary_bg_stdv": 20.417078018188477,
  "summary_csf_k": 0.6732249768237675,
  "summary_csf_mad": 98.70372916139095,
  "summary_csf_mean": 316.2105407714844,
  "summary_csf_median": 287.0013732910156,
  "summary_csf_n": 19324.0,
  "summary_csf_p05": 172.83333053588868,
  "summary_csf_p95": 534.0895233154295,
  "summary_csf_stdv": 113.6523208618164,
  "summary_gm_k": -0.4816640700303241,
  "summary_gm_mad": 99.18006172687777,
  "summary_gm_mean": 633.4202270507812,
  "summary_gm_median": 637.1766357421875,
  "summary_gm_n": 34637.0,
  "summary_gm_p05": 482.8195495605469,
  "summary_gm_p95": 776.0533081054687,
  "summary_gm_stdv": 90.64720916748047,
  "summary_wm_k": 1.9127576257675383,
  "summary_wm_mad": 44.65108507578468,
  "summary_wm_mean": 998.053466796875,
  "summary_wm_median": 999.9925537109375,
  "summary_wm_n": 176465.0,
  "summary_wm_p05": 915.280029296875,
  "summary_wm_p95": 1075.6789794921874,
  "summary_wm_stdv": 51.02690124511719,
  "tpm_overlap_csf": 0.1717250496149063,
  "tpm_overlap_gm": 0.4461709260940552,
  "tpm_overlap_wm": 0.5011144280433655,
  "wm2max": 0.4009448446427819
}