{
  "bids_meta": {
    "AcquisitionNumber": 1,
    "DeviceSerialNumber": "35442  ",
    "EchoNumber": 1,
    "EchoTime": 0.00298,
    "FlipAngle": 9,
    "ImageOrientationPatientDICOM": [
      "-0.0019271479739",
      "0.98258314764451",
      "0.1858134657814",
      "0.05934643780979",
      "0.18559868072636",
      "-0.9808318561466 "
    ],
    "ImageType": [
      "ORIGINAL",
      "PRIMARY",
      "M",
      "ND",
      "NORM "
    ],
    "ImagingFrequency": 123.24715,
    "InPlanePhaseEncodingDirectionDICOM": "ROW  ",
    "IntendedFor": [
      "ses-NAPFU12/func/sub-1443924_ses-NAPFU12_task-rest_run-001_bold.nii.gz",
      "ses-NAPFU12/fmap/sub-1443924_ses-NAPFU12_run-002_phasediff.nii.gz",
      "ses-NAPFU12/func/sub-1443924_ses-NAPFU12_task-encoding_run-001_bold.nii.gz",
      "ses-NAPFU12/anat/sub-1443924_ses-NAPFU12_run-001_T2star.nii.gz",
      "ses-NAPFU12/fmap/sub-1443924_ses-NAPFU12_run-003_phasediff.nii.gz",
      "ses-NAPFU12/func/sub-1443924_ses-NAPFU12_task-rest_run-002_bold.nii.gz",
      "ses-NAPFU12/asl/sub-1443924_ses-NAPFU12_run-001_asl.nii.gz",
      "ses-NAPFU12/fmap/sub-1443924_ses-NAPFU12_run-001_phasediff.nii.gz",
      "ses-NAPFU12/func/sub-1443924_ses-NAPFU12_task-retrieval_run-001_bold.nii.gz"
    ],
    "InversionTime": 0.9,
    "MRAcquisitionType": "3D ",
    "MagneticFieldStrength": 3,
    "Manufacturer": "SIEMENS  ",
    "ManufacturerModelName": "TrioTim  ",
    "Modality": "MRI__ ",
    "PatientPosition": "HFS  ",
    "PercentPhaseFOV": 93.75,
    "PhaseEncodingSteps": 239,
    "PixelBandwidth": 238,
    "ProtocolName": "MPRAGE ADNI_iPAT2  ",
    "PulseSequenceType": "*tfl3d1_ns ",
    "ReceiveCoilName": "HeadMatrixix\\\\ ",
    "RepetitionTime": 2.3,
    "SAR": 0.08525655622273,
    "ScanningSequence": "GR\\\\IR  ",
    "SequenceName": "*tfl3d1_ns ",
    "SequenceVariant": "SP\\\\MP  ",
    "SeriesDescription": "MPRAGE ADNI_iPAT2  ",
    "SeriesNumber": 12,
    "SliceOrder": "interleaved ",
    "SliceThickness": 1,
    "SliceTiming": null,
    "SoftwareVersions": "syngo MR B17 ",
    "dataset": "<unset>",
    "modality": "T1w",
    "run_id": 1,
    "session_id": "NAPFU12",
    "subject_id": "1443924"
  },
  "cjv": 0.40011043919750244,
  "cnr": 3.33291455146229,
  "efc": 0.6124494546405893,
  "fber": 107.61373901367188,
  "fwhm_avg": 3.125336666666667,
  "fwhm_x": 3.19121,
  "fwhm_y": 3.18398,
  "fwhm_z": 3.00082,
  "icvs_csf": 0.20645412604819402,
  "icvs_gm": 0.42155818320257116,
  "icvs_wm": 0.3719876907492348,
  "inu_med": 1.2681686878204346,
  "inu_range": 0.43859487771987915,
  "provenance": {
    "md5sum": "db6c9aec8b10829bfe0213eff7b49afa",
    "settings": {
      "testing": false
    },
    "software": "mriqc",
    "version": "0.16.1",
    "warnings": {
      "large_rot_frame": true,
      "small_air_mask": false
    },
    "webapi_port": null,
    "webapi_url": "https://mriqc.nimh.nih.gov/api/v1"
  },
  "qi_1": 3.4666496745806425e-05,
  "qi_2": 0.004049612189280084,
  "rpve_csf": 24.675035515118637,
  "rpve_gm": 12.567221187760834,
  "rpve_wm": 16.68281847940636,
  "size_x": 176,
  "size_y": 240,
  "size_z": 256,
  "snr_csf": 1.6249454707928044,
  "snr_gm": 8.942646669900487,
  "snr_total": 9.467793437398445,
  "snr_wm": 17.835788171502042,
  "snrd_csf": 12.000154622066939,
  "snrd_gm": 23.413473356084214,
  "snrd_total": 23.321478577592647,
  "snrd_wm": 34.550807754626796,
  "spacing_x": 1.0,
  "spacing_y": 1.0,
  "spacing_z": 1.0,
  "summary_bg_k": 1154.1827865247255,
  "summary_bg_mad": 18.961488332610827,
  "summary_bg_mean": 63.63592529296875,
  "summary_bg_median": 62.1197624206543,
  "summary_bg_n": 2809345.0,
  "summary_bg_p05": 34.64349365234375,
  "summary_bg_p95": 97.43797760009764,
  "summary_bg_stdv": 21.647491455078125,
  "summary_csf_k": 23.206859557603792,
  "summary_csf_mad": 138.05898381667785,
  "summary_csf_mean": 378.8097839355469,
  "summary_csf_median": 347.3182067871094,
  "summary_csf_n": 19791.0,
  "summary_csf_p05": 175.14481353759766,
  "summary_csf_p95": 605.0611572265625,
  "summary_csf_stdv": 213.73605346679688,
  "summary_gm_k": -0.00420715940985561,
  "summary_gm_mad": 75.32413779742251,
  "summary_gm_mean": 676.14111328125,
  "summary_gm_median": 677.6517333984375,
  "summary_gm_n": 15556.0,
  "summary_gm_p05": 547.6354522705078,
  "summary_gm_p95": 798.6017608642578,
  "summary_gm_stdv": 75.77510070800781,
  "summary_wm_k": 0.4464531512161112,
  "summary_wm_mad": 53.64976747415214,
  "summary_wm_mean": 999.4046630859375,
  "summary_wm_median": 999.9974975585938,
  "summary_wm_n": 190505.0,
  "summary_wm_p05": 905.9718139648438,
  "summary_wm_p95": 1090.20693359375,
  "summary_wm_stdv": 56.0667610168457,
  "tpm_overlap_csf": 0.15376834571361542,
  "tpm_overlap_gm": 0.4245378077030182,
  "tpm_overlap_wm": 0.48109713196754456,
  "wm2max": 0.4820270656967056
}