{
  "bids_meta": {
    "AcquisitionNumber": 1,
    "DeviceSerialNumber": "35442  ",
    "EchoNumber": 1,
    "EchoTime": 0.00298,
    "FlipAngle": 9,
    "ImageOrientationPatientDICOM": [
      "0",
      "0.99999993908387",
      "-0.0003490447892",
      "0",
      "-0.0003490447892",
      "-0.9999999390839  "
    ],
    "ImageType": [
      "ORIGINAL",
      "PRIMARY",
      "M",
      "ND",
      "NORM "
    ],
    "ImagingFrequency": 123.247111,
    "InPlanePhaseEncodingDirectionDICOM": "ROW  ",
    "IntendedFor": [
      "ses-PREEN00/fmap/sub-2623146_ses-PREEN00_run-001_phasediff.nii.gz",
      "ses-PREEN00/dwi/sub-2623146_ses-PREEN00_run-001_dwi.nii.gz",
      "ses-PREEN00/fmap/sub-2623146_ses-PREEN00_run-002_phasediff.nii.gz",
      "ses-PREEN00/anat/sub-2623146_ses-PREEN00_run-001_FLAIR.nii.gz"
    ],
    "InversionTime": 0.9,
    "MRAcquisitionType": "3D ",
    "MagneticFieldStrength": 3,
    "Manufacturer": "SIEMENS  ",
    "ManufacturerModelName": "TrioTim  ",
    "Modality": "MRI__ ",
    "PatientPosition": "HFS  ",
    "PercentPhaseFOV": 93.75,
    "PhaseEncodingSteps": 239,
    "PixelBandwidth": 238,
    "ProtocolName": "MPRAGE ADNI_iPAT2  ",
    "PulseSequenceType": "*tfl3d1_ns ",
    "ReceiveCoilName": "HeadMatrixix\\\\ ",
    "RepetitionTime": 2.3,
    "SAR": 0.09633383795148,
    "ScanningSequence": "GR\\\\IR  ",
    "SequenceName": "*tfl3d1_ns ",
    "SequenceVariant": "SP\\\\MP  ",
    "SeriesDescription": "MPRAGE ADNI_iPAT2  ",
    "SeriesNumber": 4,
    "SliceOrder": "interleaved ",
    "SliceThickness": 1,
    "SliceTiming": null,
    "SoftwareVersions": "syngo MR B17 ",
    "dataset": "<unset>",
    "modality": "T1w",
    "run_id": 1,
    "session_id": "PREEN00",
    "subject_id": "2623146"
  },
  "cjv": 0.47400906510525204,
  "cnr": 2.8345043088927167,
  "efc": 0.651434852717848,
  "fber": 93.31629180908203,
  "fwhm_avg": 3.1928199999999998,
  "fwhm_x": 3.21908,
  "fwhm_y": 3.3254,
  "fwhm_z": 3.03398,
  "icvs_csf": 0.20147705390309742,
  "icvs_gm": 0.39286881177093386,
  "icvs_wm": 0.4056541343259687,
  "inu_med": 1.391862392425537,
  "inu_range": 0.5467722773551942,
  "provenance": {
    "md5sum": "c482ad4ebf6e06ca7c3b6c76ac774f45",
    "settings": {
      "testing": false
    },
    "software": "mriqc",
    "version": "0.16.1",
    "warnings": {
      "large_rot_frame": false,
      "small_air_mask": false
    },
    "webapi_port": null,
    "webapi_url": "https://mriqc.nimh.nih.gov/api/v1"
  },
  "qi_1": 0.0,
  "qi_2": 0.005600110482141014,
  "rpve_csf": 25.77356895686399,
  "rpve_gm": 13.397022235848771,
  "rpve_wm": 16.067990113793115,
  "size_x": 176,
  "size_y": 240,
  "size_z": 256,
  "snr_csf": 2.6443422341171905,
  "snr_gm": 8.631337298047974,
  "snr_total": 9.158342627912765,
  "snr_wm": 16.19934835157313,
  "snrd_csf": 10.68002346545153,
  "snrd_gm": 20.98281125521773,
  "snrd_total": 20.498951497326818,
  "snrd_wm": 29.834019771311194,
  "spacing_x": 1.0,
  "spacing_y": 1.0,
  "spacing_z": 1.0,
  "summary_bg_k": 2.1558233880382103,
  "summary_bg_mad": 21.959461771598125,
  "summary_bg_mean": 73.3973159790039,
  "summary_bg_median": 71.6789779663086,
  "summary_bg_n": 2606415.0,
  "summary_bg_p05": 39.4401725769043,
  "summary_bg_p95": 112.89419174194336,
  "summary_bg_stdv": 22.486154556274414,
  "summary_csf_k": -0.578709035726849,
  "summary_csf_mad": 157.50828574239227,
  "summary_csf_mean": 373.1882019042969,
  "summary_csf_median": 357.9828186035156,
  "summary_csf_n": 13966.0,
  "summary_csf_p05": 179.67690658569336,
  "summary_csf_p95": 600.1697998046875,
  "summary_csf_stdv": 135.37203979492188,
  "summary_gm_k": -0.04456175032229748,
  "summary_gm_mad": 80.21308738599687,
  "summary_gm_mean": 702.6629028320312,
  "summary_gm_median": 703.3211059570312,
  "summary_gm_n": 10765.0,
  "summary_gm_p05": 564.4676025390625,
  "summary_gm_p95": 836.2423339843749,
  "summary_gm_stdv": 81.48081970214844,
  "summary_wm_k": 0.1796624717333386,
  "summary_wm_mad": 60.41730727611616,
  "summary_wm_mean": 999.8046264648438,
  "summary_wm_median": 1000.0040283203125,
  "summary_wm_n": 221541.0,
  "summary_wm_p05": 898.1805419921875,
  "summary_wm_p95": 1101.0311279296875,
  "summary_wm_stdv": 61.730987548828125,
  "tpm_overlap_csf": 0.1547514796257019,
  "tpm_overlap_gm": 0.41046127676963806,
  "tpm_overlap_wm": 0.49682125449180603,
  "wm2max": 0.443986237197711
}