{
  "bids_meta": {
    "AcquisitionNumber": 1,
    "DeviceSerialNumber": "35442  ",
    "EchoNumber": 1,
    "EchoTime": 0.00298,
    "FlipAngle": 9,
    "ImageOrientationPatientDICOM": [
      "0.01314258516184",
      "0.99991357158669",
      "-0.0003490157856",
      "0.01355168666185",
      "-0.000527133443",
      "-0.9999080327305 "
    ],
    "ImageType": [
      "ORIGINAL",
      "PRIMARY",
      "M",
      "ND",
      "NORM "
    ],
    "ImagingFrequency": 123.24722,
    "InPlanePhaseEncodingDirectionDICOM": "ROW  ",
    "IntendedFor": [
      "ses-PREEN00/fmap/sub-5360989_ses-PREEN00_run-002_phasediff.nii.gz",
      "ses-PREEN00/dwi/sub-5360989_ses-PREEN00_run-001_dwi.nii.gz",
      "ses-PREEN00/anat/sub-5360989_ses-PREEN00_run-001_FLAIR.nii.gz",
      "ses-PREEN00/fmap/sub-5360989_ses-PREEN00_run-001_phasediff.nii.gz"
    ],
    "InversionTime": 0.9,
    "MRAcquisitionType": "3D ",
    "MagneticFieldStrength": 3,
    "Manufacturer": "SIEMENS  ",
    "ManufacturerModelName": "TrioTim  ",
    "Modality": "MRI__ ",
    "PatientPosition": "HFS  ",
    "PercentPhaseFOV": 93.75,
    "PhaseEncodingSteps": 239,
    "PixelBandwidth": 238,
    "ProtocolName": "MPRAGE ADNI_iPAT2  ",
    "PulseSequenceType": "*tfl3d1_ns ",
    "ReceiveCoilName": "HeadMatrixix\\\\ ",
    "RepetitionTime": 2.3,
    "SAR": 0.0765745149801,
    "ScanningSequence": "GR\\\\IR  ",
    "SequenceName": "*tfl3d1_ns ",
    "SequenceVariant": "SP\\\\MP  ",
    "SeriesDescription": "MPRAGE ADNI_iPAT2  ",
    "SeriesNumber": 4,
    "SliceOrder": "interleaved ",
    "SliceThickness": 1,
    "SliceTiming": null,
    "SoftwareVersions": "syngo MR B17 ",
    "dataset": "<unset>",
    "modality": "T1w",
    "run_id": 1,
    "session_id": "PREEN00",
    "subject_id": "5360989"
  },
  "cjv": 0.4192561993616196,
  "cnr": 3.208317260842182,
  "efc": 0.5925508263965341,
  "fber": 117.94699096679688,
  "fwhm_avg": 3.304463333333333,
  "fwhm_x": 3.35936,
  "fwhm_y": 3.40993,
  "fwhm_z": 3.1441,
  "icvs_csf": 0.1939764246799725,
  "icvs_gm": 0.40733826163065767,
  "icvs_wm": 0.3986853136893699,
  "inu_med": 1.431020975112915,
  "inu_range": 0.36785277128219596,
  "provenance": {
    "md5sum": "c896e3adda2b0161fd01927f379f2e0d",
    "settings": {
      "testing": false
    },
    "software": "mriqc",
    "version": "0.16.1",
    "warnings": {
      "large_rot_frame": false,
      "small_air_mask": false
    },
    "webapi_port": null,
    "webapi_url": "https://mriqc.nimh.nih.gov/api/v1"
  },
  "qi_1": 0.0,
  "qi_2": 0.004835117322110036,
  "rpve_csf": 28.010643045612678,
  "rpve_gm": 14.099466086089818,
  "rpve_wm": 17.91585833897412,
  "size_x": 176,
  "size_y": 240,
  "size_z": 256,
  "snr_csf": 3.1413246174504708,
  "snr_gm": 9.472843152543545,
  "snr_total": 10.309878001437228,
  "snr_wm": 18.315466234317668,
  "snrd_csf": 12.465882172199509,
  "snrd_gm": 25.314661082715737,
  "snrd_total": 24.70945228242157,
  "snrd_wm": 36.34781359234946,
  "spacing_x": 1.0,
  "spacing_y": 1.0,
  "spacing_z": 1.0,
  "summary_bg_k": 1726.2090580554884,
  "summary_bg_mad": 18.023878618147418,
  "summary_bg_mean": 59.290897369384766,
  "summary_bg_median": 57.83692932128906,
  "summary_bg_n": 3403848.0,
  "summary_bg_p05": 30.971482658386233,
  "summary_bg_p95": 91.4217700958252,
  "summary_bg_stdv": 23.77614402770996,
  "summary_csf_k": -0.6495236513487823,
  "summary_csf_mad": 125.14618722093516,
  "summary_csf_mean": 350.4132385253906,
  "summary_csf_median": 342.9569091796875,
  "summary_csf_n": 10352.0,
  "summary_csf_p05": 189.7261734008789,
  "summary_csf_p95": 531.7377655029296,
  "summary_csf_stdv": 109.17061614990234,
  "summary_gm_k": -0.11029579690914737,
  "summary_gm_mad": 74.35651905215394,
  "summary_gm_mean": 695.1596069335938,
  "summary_gm_median": 696.4479370117188,
  "summary_gm_n": 14698.0,
  "summary_gm_p05": 572.7318756103516,
  "summary_gm_p95": 814.6353210449219,
  "summary_gm_stdv": 73.51797485351562,
  "summary_wm_k": 0.26584667718038846,
  "summary_wm_mad": 52.90457525800263,
  "summary_wm_mean": 1000.5696411132812,
  "summary_wm_median": 999.9880981445312,
  "summary_wm_n": 210387.0,
  "summary_wm_p05": 912.0852172851562,
  "summary_wm_p95": 1091.14892578125,
  "summary_wm_stdv": 54.59788513183594,
  "tpm_overlap_csf": 0.16982468962669373,
  "tpm_overlap_gm": 0.42090171575546265,
  "tpm_overlap_wm": 0.4991796910762787,
  "wm2max": 0.5360337218415063
}