{
  "bids_meta": {
    "AcquisitionNumber": 1,
    "DeviceSerialNumber": "35442  ",
    "EchoNumber": 1,
    "EchoTime": 0.00298,
    "FlipAngle": 9,
    "ImageOrientationPatientDICOM": [
      "0.00290674063747",
      "0.98760990648417",
      "0.15690195496932",
      "0.03045470576296",
      "0.15674240973845",
      "-0.987169857667 "
    ],
    "ImageType": [
      "ORIGINAL",
      "PRIMARY",
      "M",
      "ND",
      "NORM "
    ],
    "ImagingFrequency": 123.247187,
    "InPlanePhaseEncodingDirectionDICOM": "ROW  ",
    "IntendedFor": [
      "ses-NAPFU03/func/sub-4142611_ses-NAPFU03_task-rest_run-002_bold.nii.gz",
      "ses-NAPFU03/anat/sub-4142611_ses-NAPFU03_run-001_T2star.nii.gz",
      "ses-NAPFU03/asl/sub-4142611_ses-NAPFU03_run-001_asl.nii.gz",
      "ses-NAPFU03/func/sub-4142611_ses-NAPFU03_task-encoding_run-001_bold.nii.gz",
      "ses-NAPFU03/func/sub-4142611_ses-NAPFU03_task-retrieval_run-001_bold.nii.gz",
      "ses-NAPFU03/func/sub-4142611_ses-NAPFU03_task-rest_run-001_bold.nii.gz",
      "ses-NAPFU03/fmap/sub-4142611_ses-NAPFU03_run-001_phasediff.nii.gz",
      "ses-NAPFU03/fmap/sub-4142611_ses-NAPFU03_run-003_phasediff.nii.gz",
      "ses-NAPFU03/fmap/sub-4142611_ses-NAPFU03_run-002_phasediff.nii.gz"
    ],
    "InversionTime": 0.9,
    "MRAcquisitionType": "3D ",
    "MagneticFieldStrength": 3,
    "Manufacturer": "SIEMENS  ",
    "ManufacturerModelName": "TrioTim  ",
    "Modality": "MRI__ ",
    "PatientPosition": "HFS  ",
    "PercentPhaseFOV": 93.75,
    "PhaseEncodingSteps": 239,
    "PixelBandwidth": 238,
    "ProtocolName": "MPRAGE ADNI_iPAT2  ",
    "PulseSequenceType": "*tfl3d1_ns ",
    "ReceiveCoilName": "HeadMatrixix\\\\ ",
    "RepetitionTime": 2.3,
    "SAR": 0.07763463950093,
    "ScanningSequence": "GR\\\\IR  ",
    "SequenceName": "*tfl3d1_ns ",
    "SequenceVariant": "SP\\\\MP  ",
    "SeriesDescription": "MPRAGE ADNI_iPAT2  ",
    "SeriesNumber": 12,
    "SliceOrder": "interleaved ",
    "SliceThickness": 1,
    "SliceTiming": null,
    "SoftwareVersions": "syngo MR B17 ",
    "dataset": "<unset>",
    "modality": "T1w",
    "run_id": 1,
    "session_id": "NAPFU03",
    "subject_id": "4142611"
  },
  "cjv": 0.4500700397224573,
  "cnr": 3.011714238236095,
  "efc": 0.6035279825582619,
  "fber": 124.14881134033203,
  "fwhm_avg": 3.2151099999999997,
  "fwhm_x": 3.27469,
  "fwhm_y": 3.33931,
  "fwhm_z": 3.03133,
  "icvs_csf": 0.1919451458631712,
  "icvs_gm": 0.4268022894300482,
  "icvs_wm": 0.38125256470678054,
  "inu_med": 1.4722256660461426,
  "inu_range": 0.4892418086528778,
  "provenance": {
    "md5sum": "35afc4421c89d89728c1419fdbed64e4",
    "settings": {
      "testing": false
    },
    "software": "mriqc",
    "version": "0.16.1",
    "warnings": {
      "large_rot_frame": true,
      "small_air_mask": false
    },
    "webapi_port": null,
    "webapi_url": "https://mriqc.nimh.nih.gov/api/v1"
  },
  "qi_1": 5.771117480714849e-05,
  "qi_2": 0.005218811662746217,
  "rpve_csf": 29.86270351697341,
  "rpve_gm": 14.25843567091333,
  "rpve_wm": 18.606383420981523,
  "size_x": 176,
  "size_y": 240,
  "size_z": 256,
  "snr_csf": 2.4957366158332506,
  "snr_gm": 9.528472761251242,
  "snr_total": 9.401308713829494,
  "snr_wm": 16.179716764403985,
  "snrd_csf": 10.320719745825436,
  "snrd_gm": 23.051927484937934,
  "snrd_total": 22.074749697854333,
  "snrd_wm": 32.85160186279964,
  "spacing_x": 1.0,
  "spacing_y": 1.0,
  "spacing_z": 1.0,
  "summary_bg_k": 1288.0982117752883,
  "summary_bg_mad": 19.942166039833637,
  "summary_bg_mean": 62.704708099365234,
  "summary_bg_median": 60.85967254638672,
  "summary_bg_n": 2898876.0,
  "summary_bg_p05": 31.789578437805176,
  "summary_bg_p95": 99.41473388671875,
  "summary_bg_stdv": 23.82421875,
  "summary_csf_k": 1.1801956891174923,
  "summary_csf_mad": 117.95645100932055,
  "summary_csf_mean": 338.4643859863281,
  "summary_csf_median": 314.1597900390625,
  "summary_csf_n": 13334.0,
  "summary_csf_p05": 172.21108322143556,
  "summary_csf_p95": 568.1266235351561,
  "summary_csf_stdv": 125.87386322021484,
  "summary_gm_k": -0.05189385286427184,
  "summary_gm_mad": 74.24883493105887,
  "summary_gm_mean": 702.8207397460938,
  "summary_gm_median": 701.6941528320312,
  "summary_gm_n": 13055.0,
  "summary_gm_p05": 583.1322143554688,
  "summary_gm_p95": 826.0764282226562,
  "summary_gm_stdv": 73.63900756835938,
  "summary_wm_k": 0.22245011339684329,
  "summary_wm_mad": 60.00675025308394,
  "summary_wm_mean": 999.4423828125,
  "summary_wm_median": 999.9934692382812,
  "summary_wm_n": 182697.0,
  "summary_wm_p05": 896.8547241210937,
  "summary_wm_p95": 1100.0021240234375,
  "summary_wm_stdv": 61.805206298828125,
  "tpm_overlap_csf": 0.1765846312046051,
  "tpm_overlap_gm": 0.4305187165737152,
  "tpm_overlap_wm": 0.4907644987106323,
  "wm2max": 0.48173810003214396
}