{
  "bids_meta": {
    "AcquisitionNumber": 1,
    "DeviceSerialNumber": "35442  ",
    "EchoNumber": 1,
    "EchoTime": 0.00298,
    "FlipAngle": 9,
    "ImageOrientationPatientDICOM": [
      "0.0019787512308",
      "0.99791405357396",
      "-0.0645261669648",
      "0.01368560676556",
      "-0.064547274259",
      "-0.9978208023253  "
    ],
    "ImageType": [
      "ORIGINAL",
      "PRIMARY",
      "M",
      "ND",
      "NORM "
    ],
    "ImagingFrequency": 123.247223,
    "InPlanePhaseEncodingDirectionDICOM": "ROW  ",
    "IntendedFor": [
      "ses-NAPFU24/anat/sub-2161762_ses-NAPFU24_run-001_FLAIR.nii.gz",
      "ses-NAPFU24/dwi/sub-2161762_ses-NAPFU24_run-001_dwi.nii.gz",
      "ses-NAPFU24/fmap/sub-2161762_ses-NAPFU24_run-004_phasediff.nii.gz",
      "ses-NAPFU24/fmap/sub-2161762_ses-NAPFU24_run-005_phasediff.nii.gz"
    ],
    "InversionTime": 0.9,
    "MRAcquisitionType": "3D ",
    "MagneticFieldStrength": 3,
    "Manufacturer": "SIEMENS  ",
    "ManufacturerModelName": "TrioTim  ",
    "Modality": "MRI__ ",
    "PatientPosition": "HFS  ",
    "PercentPhaseFOV": 93.75,
    "PhaseEncodingSteps": 239,
    "PixelBandwidth": 238,
    "ProtocolName": "MPRAGE ADNI_iPAT2  ",
    "PulseSequenceType": "*tfl3d1_ns ",
    "ReceiveCoilName": "HeadMatrixix\\\\ ",
    "RepetitionTime": 2.3,
    "SAR": 0.07945063755742,
    "ScanningSequence": "GR\\\\IR  ",
    "SequenceName": "*tfl3d1_ns ",
    "SequenceVariant": "SP\\\\MP  ",
    "SeriesDescription": "MPRAGE ADNI_iPAT2  ",
    "SeriesNumber": 20,
    "SliceOrder": "interleaved ",
    "SliceThickness": 1,
    "SliceTiming": null,
    "SoftwareVersions": "syngo MR B17 ",
    "dataset": "<unset>",
    "modality": "T1w",
    "run_id": 2,
    "session_id": "NAPFU24",
    "subject_id": "2161762"
  },
  "cjv": 0.3929255291068541,
  "cnr": 3.453441265019119,
  "efc": 0.5911703492531085,
  "fber": 123.46756744384766,
  "fwhm_avg": 3.280173333333334,
  "fwhm_x": 3.32238,
  "fwhm_y": 3.39636,
  "fwhm_z": 3.12178,
  "icvs_csf": 0.2077517223660027,
  "icvs_gm": 0.4171824196972753,
  "icvs_wm": 0.375065857936722,
  "inu_med": 1.3609766960144043,
  "inu_range": 0.31667042970657366,
  "provenance": {
    "md5sum": "96db46c0b5a0496c2dce18031e6b4973",
    "settings": {
      "testing": false
    },
    "software": "mriqc",
    "version": "0.16.1",
    "warnings": {
      "large_rot_frame": true,
      "small_air_mask": false
    },
    "webapi_port": null,
    "webapi_url": "https://mriqc.nimh.nih.gov/api/v1"
  },
  "qi_1": 6.836037637270078e-05,
  "qi_2": 0.004455104411714539,
  "rpve_csf": 30.900820409888627,
  "rpve_gm": 16.032077506889717,
  "rpve_wm": 21.299484944532487,
  "size_x": 176,
  "size_y": 240,
  "size_z": 256,
  "snr_csf": 2.81178882585421,
  "snr_gm": 9.119967768807662,
  "snr_total": 9.966249026027574,
  "snr_wm": 17.966990483420847,
  "snrd_csf": 11.270649594182876,
  "snrd_gm": 25.630360773302566,
  "snrd_total": 24.98031623259452,
  "snrd_wm": 38.03993833029813,
  "spacing_x": 1.0,
  "spacing_y": 1.0,
  "spacing_z": 1.0,
  "summary_bg_k": 1130.20688947982,
  "summary_bg_mad": 17.22230494174597,
  "summary_bg_mean": 55.745323181152344,
  "summary_bg_median": 54.30082702636719,
  "summary_bg_n": 3261223.0,
  "summary_bg_p05": 29.729939460754395,
  "summary_bg_p95": 86.37516021728514,
  "summary_bg_stdv": 19.18256187438965,
  "summary_csf_k": 9.680475405521175,
  "summary_csf_mad": 99.29665919749206,
  "summary_csf_mean": 315.4515686035156,
  "summary_csf_median": 296.2842102050781,
  "summary_csf_n": 14969.0,
  "summary_csf_p05": 176.68650207519534,
  "summary_csf_p95": 504.86801147460926,
  "summary_csf_stdv": 105.36862182617188,
  "summary_gm_k": -0.06759876960494804,
  "summary_gm_mad": 74.10911704620946,
  "summary_gm_mean": 673.3613891601562,
  "summary_gm_median": 673.7740478515625,
  "summary_gm_n": 12179.0,
  "summary_gm_p05": 548.0214294433594,
  "summary_gm_p95": 792.8177795410156,
  "summary_gm_stdv": 73.87596130371094,
  "summary_wm_k": 0.2597697547634157,
  "summary_wm_mad": 54.07281223559707,
  "summary_wm_mean": 999.7328491210938,
  "summary_wm_median": 999.99853515625,
  "summary_wm_n": 162829.0,
  "summary_wm_p05": 907.76396484375,
  "summary_wm_p95": 1090.88447265625,
  "summary_wm_stdv": 55.657371520996094,
  "tpm_overlap_csf": 0.1648181974887848,
  "tpm_overlap_gm": 0.4151219129562378,
  "tpm_overlap_wm": 0.478931188583374,
  "wm2max": 0.5150268602803867
}