{
  "bids_meta": {
    "AcquisitionNumber": 1,
    "DeviceSerialNumber": "35442  ",
    "EchoNumber": 1,
    "EchoTime": 0.00298,
    "FlipAngle": 9,
    "ImageOrientationPatientDICOM": [
      "-0.0598595535202",
      "0.99725511082098",
      "0.04357840972079",
      "0.04069196866973",
      "0.04605825757335",
      "-0.998109613517 "
    ],
    "ImageType": [
      "ORIGINAL",
      "PRIMARY",
      "M",
      "ND",
      "NORM "
    ],
    "ImagingFrequency": 123.251356,
    "InPlanePhaseEncodingDirectionDICOM": "ROW  ",
    "InversionTime": 0.9,
    "MRAcquisitionType": "3D ",
    "MagneticFieldStrength": 3,
    "Manufacturer": "SIEMENS  ",
    "ManufacturerModelName": "TrioTim  ",
    "Modality": "MRI__ ",
    "PatientPosition": "HFS  ",
    "PercentPhaseFOV": 93.75,
    "PhaseEncodingSteps": 239,
    "PixelBandwidth": 238,
    "ProtocolName": "MPRAGE ADNI_iPAT2  ",
    "PulseSequenceType": "*tfl3d1_ns ",
    "ReceiveCoilName": "32Ch_Headad\\\\  ",
    "RepetitionTime": 2.3,
    "SAR": 0.0848671320425,
    "ScanningSequence": "GR\\\\IR  ",
    "SequenceName": "*tfl3d1_ns ",
    "SequenceVariant": "SP\\\\MP  ",
    "SeriesDescription": "MPRAGE ADNI_iPAT2  ",
    "SeriesNumber": 12,
    "SliceOrder": "interleaved ",
    "SliceThickness": 1,
    "SliceTiming": null,
    "SoftwareVersions": "syngo MR B17 ",
    "dataset": "<unset>",
    "modality": "T1w",
    "run_id": 1,
    "session_id": "PREBL00",
    "subject_id": "7568597"
  },
  "cjv": 0.41454701931053145,
  "cnr": 3.178916184411894,
  "efc": 0.6078553316443897,
  "fber": 121.25520324707031,
  "fwhm_avg": 2.94548,
  "fwhm_x": 3.02218,
  "fwhm_y": 3.01489,
  "fwhm_z": 2.79937,
  "icvs_csf": 0.20273214217983845,
  "icvs_gm": 0.4132935176202862,
  "icvs_wm": 0.38397434019987536,
  "inu_med": 1.5246896743774414,
  "inu_range": 0.40371468663215637,
  "provenance": {
    "md5sum": "fdbb928fa162b1451e2355d46d2f7e39",
    "settings": {
      "testing": false
    },
    "software": "mriqc",
    "version": "0.16.1",
    "warnings": {
      "large_rot_frame": true,
      "small_air_mask": false
    },
    "webapi_port": null,
    "webapi_url": "https://mriqc.nimh.nih.gov/api/v1"
  },
  "qi_1": 0.0001491263322561253,
  "qi_2": 0.006832007105947524,
  "rpve_csf": 27.24086166017928,
  "rpve_gm": 13.56972720310023,
  "rpve_wm": 17.189912319333786,
  "size_x": 176,
  "size_y": 240,
  "size_z": 256,
  "snr_csf": 3.4277087078635673,
  "snr_gm": 11.198103006914941,
  "snr_total": 10.960168689844702,
  "snr_wm": 18.254694354755596,
  "snrd_csf": 25.41261083261861,
  "snrd_gm": 47.031342214463805,
  "snrd_total": 45.71317931085963,
  "snrd_wm": 64.69558488549647,
  "spacing_x": 1.0,
  "spacing_y": 1.0,
  "spacing_z": 1.0,
  "summary_bg_k": 6565.894571772735,
  "summary_bg_mad": 10.126469962407707,
  "summary_bg_mean": 53.27312469482422,
  "summary_bg_median": 52.41216278076172,
  "summary_bg_n": 2788570.0,
  "summary_bg_p05": 36.87718181610108,
  "summary_bg_p95": 71.70092430114747,
  "summary_bg_stdv": 12.740703582763672,
  "summary_csf_k": -0.09919407104201738,
  "summary_csf_mad": 125.5808826803557,
  "summary_csf_mean": 398.0181579589844,
  "summary_csf_median": 392.80377197265625,
  "summary_csf_n": 9116.0,
  "summary_csf_p05": 223.33889770507812,
  "summary_csf_p95": 585.9460296630859,
  "summary_csf_stdv": 114.59031677246094,
  "summary_gm_k": 0.28213035307233225,
  "summary_gm_mad": 62.1103912304765,
  "summary_gm_mean": 727.6190185546875,
  "summary_gm_median": 726.9653930664062,
  "summary_gm_n": 7539.0,
  "summary_gm_p05": 620.9842834472656,
  "summary_gm_p95": 836.6194091796874,
  "summary_gm_stdv": 64.91431427001953,
  "summary_wm_k": 0.6112376897025018,
  "summary_wm_mad": 51.07625271626701,
  "summary_wm_mean": 1000.6087036132812,
  "summary_wm_median": 1000.0023193359375,
  "summary_wm_n": 142866.0,
  "summary_wm_p05": 912.280029296875,
  "summary_wm_p95": 1091.5130615234375,
  "summary_wm_stdv": 54.780364990234375,
  "tpm_overlap_csf": 0.14265747368335724,
  "tpm_overlap_gm": 0.4023326337337494,
  "tpm_overlap_wm": 0.4528965353965759,
  "wm2max": 0.41004807891120837
}