{
  "bids_meta": {
    "AcquisitionNumber": 1,
    "DeviceSerialNumber": "35442  ",
    "EchoNumber": 1,
    "EchoTime": 0.00298,
    "FlipAngle": 9,
    "ImageOrientationPatientDICOM": [
      "-0.0312367036435",
      "0.99951195445065",
      "-0.0003482179238",
      "0.06972765884264",
      "0.00183158631419",
      "-0.9975643833277  "
    ],
    "ImageType": [
      "ORIGINAL",
      "PRIMARY",
      "M",
      "ND",
      "NORM "
    ],
    "ImagingFrequency": 123.247487,
    "InPlanePhaseEncodingDirectionDICOM": "ROW  ",
    "IntendedFor": [
      "ses-NAPEN00/fmap/sub-3017785_ses-NAPEN00_run-001_phasediff.nii.gz",
      "ses-NAPEN00/anat/sub-3017785_ses-NAPEN00_run-001_FLAIR.nii.gz",
      "ses-NAPEN00/dwi/sub-3017785_ses-NAPEN00_run-001_dwi.nii.gz",
      "ses-NAPEN00/fmap/sub-3017785_ses-NAPEN00_run-002_phasediff.nii.gz"
    ],
    "InversionTime": 0.9,
    "MRAcquisitionType": "3D ",
    "MagneticFieldStrength": 3,
    "Manufacturer": "SIEMENS  ",
    "ManufacturerModelName": "TrioTim  ",
    "Modality": "MRI__ ",
    "PatientPosition": "HFS  ",
    "PercentPhaseFOV": 93.75,
    "PhaseEncodingSteps": 239,
    "PixelBandwidth": 238,
    "ProtocolName": "MPRAGE ADNI_iPAT2  ",
    "PulseSequenceType": "*tfl3d1_ns ",
    "ReceiveCoilName": "HeadMatrixix\\\\ ",
    "RepetitionTime": 2.3,
    "SAR": 0.09121878810827,
    "ScanningSequence": "GR\\\\IR  ",
    "SequenceName": "*tfl3d1_ns ",
    "SequenceVariant": "SP\\\\MP  ",
    "SeriesDescription": "MPRAGE ADNI_iPAT2  ",
    "SeriesNumber": 4,
    "SliceOrder": "interleaved ",
    "SliceThickness": 1,
    "SliceTiming": null,
    "SoftwareVersions": "syngo MR B17 ",
    "dataset": "<unset>",
    "modality": "T1w",
    "run_id": 1,
    "session_id": "NAPEN00",
    "subject_id": "3017785"
  },
  "cjv": 0.5069726959301876,
  "cnr": 2.6190394433557684,
  "efc": 0.6438178766587936,
  "fber": 84.47361755371094,
  "fwhm_avg": 3.0395566666666665,
  "fwhm_x": 3.07494,
  "fwhm_y": 3.18908,
  "fwhm_z": 2.85465,
  "icvs_csf": 0.21131328781332662,
  "icvs_gm": 0.39231485512929754,
  "icvs_wm": 0.3963718570573758,
  "inu_med": 1.3564090728759766,
  "inu_range": 0.49945197105407724,
  "provenance": {
    "md5sum": "35b8dd54f792b822473b0f9a6c789e68",
    "settings": {
      "testing": false
    },
    "software": "mriqc",
    "version": "0.16.1",
    "warnings": {
      "large_rot_frame": true,
      "small_air_mask": false
    },
    "webapi_port": null,
    "webapi_url": "https://mriqc.nimh.nih.gov/api/v1"
  },
  "qi_1": 0.0,
  "qi_2": 0.004652679111024802,
  "rpve_csf": 25.49839672028351,
  "rpve_gm": 13.558969042000344,
  "rpve_wm": 16.29946385990492,
  "size_x": 176,
  "size_y": 240,
  "size_z": 256,
  "snr_csf": 3.559477278563191,
  "snr_gm": 9.661247564997103,
  "snr_total": 9.35442318351574,
  "snr_wm": 14.842544706986926,
  "snrd_csf": 12.22562084585765,
  "snrd_gm": 20.549499504503373,
  "snrd_total": 20.37714815372882,
  "snrd_wm": 28.356324110825444,
  "spacing_x": 1.0,
  "spacing_y": 1.0,
  "spacing_z": 1.0,
  "summary_bg_k": 1903.914271954804,
  "summary_bg_mad": 23.104281411829426,
  "summary_bg_mean": 77.91741943359375,
  "summary_bg_median": 76.02236938476562,
  "summary_bg_n": 3183584.0,
  "summary_bg_p05": 42.39701404571534,
  "summary_bg_p95": 118.92219886779775,
  "summary_bg_stdv": 29.756715774536133,
  "summary_csf_k": 0.39805262668710206,
  "summary_csf_mad": 130.8562056101449,
  "summary_csf_mean": 427.63720703125,
  "summary_csf_median": 431.15325927734375,
  "summary_csf_n": 6427.0,
  "summary_csf_p05": 234.39811096191409,
  "summary_csf_p95": 619.9174255371094,
  "summary_csf_stdv": 121.11882781982422,
  "summary_gm_k": 0.00677479620093413,
  "summary_gm_mad": 73.57648785565014,
  "summary_gm_mean": 723.4555053710938,
  "summary_gm_median": 724.7062377929688,
  "summary_gm_n": 5399.0,
  "summary_gm_p05": 598.9688415527344,
  "summary_gm_p95": 847.6183898925781,
  "summary_gm_stdv": 75.00471496582031,
  "summary_wm_k": 0.13869202190198981,
  "summary_wm_mad": 66.00240303576985,
  "summary_wm_mean": 1001.3312377929688,
  "summary_wm_median": 1000.0245971679688,
  "summary_wm_n": 192402.0,
  "summary_wm_p05": 892.644696044922,
  "summary_wm_p95": 1114.7160400390624,
  "summary_wm_stdv": 67.37537384033203,
  "tpm_overlap_csf": 0.13419605791568756,
  "tpm_overlap_gm": 0.39020100235939026,
  "tpm_overlap_wm": 0.47064778208732605,
  "wm2max": 0.4618953962273097
}