{
  "bids_meta": {
    "AcquisitionNumber": 1,
    "DeviceSerialNumber": "35442  ",
    "EchoNumber": 1,
    "EchoTime": 0.00298,
    "FlipAngle": 9,
    "ImageOrientationPatientDICOM": [
      "0.03024349671733",
      "0.98289241709003",
      "0.18168056399412",
      "-0.0311667569979",
      "0.18260264234846",
      "-0.9826926825135  "
    ],
    "ImageType": [
      "ORIGINAL",
      "PRIMARY",
      "M",
      "ND",
      "NORM "
    ],
    "ImagingFrequency": 123.247077,
    "InPlanePhaseEncodingDirectionDICOM": "ROW  ",
    "IntendedFor": [
      "ses-NAPFU12/fmap/sub-5985051_ses-NAPFU12_run-003_phasediff.nii.gz",
      "ses-NAPFU12/func/sub-5985051_ses-NAPFU12_task-retrieval_run-001_bold.nii.gz",
      "ses-NAPFU12/func/sub-5985051_ses-NAPFU12_task-rest_run-002_bold.nii.gz",
      "ses-NAPFU12/func/sub-5985051_ses-NAPFU12_task-encoding_run-001_bold.nii.gz",
      "ses-NAPFU12/fmap/sub-5985051_ses-NAPFU12_run-001_phasediff.nii.gz",
      "ses-NAPFU12/asl/sub-5985051_ses-NAPFU12_run-001_asl.nii.gz",
      "ses-NAPFU12/fmap/sub-5985051_ses-NAPFU12_run-002_phasediff.nii.gz",
      "ses-NAPFU12/func/sub-5985051_ses-NAPFU12_task-rest_run-001_bold.nii.gz",
      "ses-NAPFU12/anat/sub-5985051_ses-NAPFU12_run-001_T2star.nii.gz"
    ],
    "InversionTime": 0.9,
    "MRAcquisitionType": "3D ",
    "MagneticFieldStrength": 3,
    "Manufacturer": "SIEMENS  ",
    "ManufacturerModelName": "TrioTim  ",
    "Modality": "MRI__ ",
    "PatientPosition": "HFS  ",
    "PercentPhaseFOV": 93.75,
    "PhaseEncodingSteps": 239,
    "PixelBandwidth": 238,
    "ProtocolName": "MPRAGE ADNI_iPAT2  ",
    "PulseSequenceType": "*tfl3d1_ns ",
    "ReceiveCoilName": "HeadMatrixix\\\\ ",
    "RepetitionTime": 2.3,
    "SAR": 0.09240053255159,
    "ScanningSequence": "GR\\\\IR  ",
    "SequenceName": "*tfl3d1_ns ",
    "SequenceVariant": "SP\\\\MP  ",
    "SeriesDescription": "MPRAGE ADNI_iPAT2  ",
    "SeriesNumber": 12,
    "SliceOrder": "interleaved ",
    "SliceThickness": 1,
    "SliceTiming": null,
    "SoftwareVersions": "syngo MR B17 ",
    "dataset": "<unset>",
    "modality": "T1w",
    "run_id": 1,
    "session_id": "NAPFU12",
    "subject_id": "5985051"
  },
  "cjv": 0.48569992628857167,
  "cnr": 2.7532557077867716,
  "efc": 0.653927147365265,
  "fber": 84.03995513916016,
  "fwhm_avg": 3.1758699999999997,
  "fwhm_x": 3.19197,
  "fwhm_y": 3.30429,
  "fwhm_z": 3.03135,
  "icvs_csf": 0.2131119610815367,
  "icvs_gm": 0.39732071796597823,
  "icvs_wm": 0.38956732095248503,
  "inu_med": 1.3347506523132324,
  "inu_range": 0.5408053040504455,
  "provenance": {
    "md5sum": "cb4932b945b007b2b7060690139b8935",
    "settings": {
      "testing": false
    },
    "software": "mriqc",
    "version": "0.16.1",
    "warnings": {
      "large_rot_frame": true,
      "small_air_mask": false
    },
    "webapi_port": null,
    "webapi_url": "https://mriqc.nimh.nih.gov/api/v1"
  },
  "qi_1": 0.0,
  "qi_2": 0.005542557704823038,
  "rpve_csf": 25.769545338846704,
  "rpve_gm": 13.73669349382374,
  "rpve_wm": 17.353033378147785,
  "size_x": 176,
  "size_y": 240,
  "size_z": 256,
  "snr_csf": 4.040224912980514,
  "snr_gm": 9.16657100466809,
  "snr_total": 9.469906884714202,
  "snr_wm": 15.202924736494005,
  "snrd_csf": 12.494488071784366,
  "snrd_gm": 19.734936924888807,
  "snrd_total": 20.014576636794523,
  "snrd_wm": 27.814304913710398,
  "spacing_x": 1.0,
  "spacing_y": 1.0,
  "spacing_z": 1.0,
  "summary_bg_k": 1111.5602705232664,
  "summary_bg_mad": 23.554159540529376,
  "summary_bg_mean": 78.4954605102539,
  "summary_bg_median": 76.4941635131836,
  "summary_bg_n": 2496737.0,
  "summary_bg_p05": 42.52811965942382,
  "summary_bg_p95": 120.38994445800779,
  "summary_bg_stdv": 28.524110794067383,
  "summary_csf_k": 0.7568749212239978,
  "summary_csf_mad": 97.20188632418967,
  "summary_csf_mean": 445.35345458984375,
  "summary_csf_median": 449.2151184082031,
  "summary_csf_n": 7025.0,
  "summary_csf_p05": 249.3544860839844,
  "summary_csf_p95": 624.5401367187499,
  "summary_csf_stdv": 111.1777572631836,
  "summary_gm_k": -0.11845376162459909,
  "summary_gm_mad": 77.0278996730343,
  "summary_gm_mean": 709.746826171875,
  "summary_gm_median": 709.5314331054688,
  "summary_gm_n": 8453.0,
  "summary_gm_p05": 582.3365966796875,
  "summary_gm_p95": 838.200732421875,
  "summary_gm_stdv": 77.399658203125,
  "summary_wm_k": 0.23603790696486504,
  "summary_wm_mad": 64.05725679627477,
  "summary_wm_mean": 1000.27880859375,
  "summary_wm_median": 1000.0094604492188,
  "summary_wm_n": 200166.0,
  "summary_wm_p05": 892.4209594726562,
  "summary_wm_p95": 1108.6438903808594,
  "summary_wm_stdv": 65.77727508544922,
  "tpm_overlap_csf": 0.1504203826189041,
  "tpm_overlap_gm": 0.43134546279907227,
  "tpm_overlap_wm": 0.5157008767127991,
  "wm2max": 0.4679596379582239
}