{
  "bids_meta": {
    "AcquisitionNumber": 1,
    "DeviceSerialNumber": "35442  ",
    "EchoNumber": 1,
    "EchoTime": 0.00298,
    "FlipAngle": 9,
    "ImageOrientationPatientDICOM": [
      "-0.0142793667911",
      "0.9883223626076",
      "0.15170697826328",
      "0.04935124508317",
      "0.15223415064834",
      "-0.987111552959  "
    ],
    "ImageType": [
      "ORIGINAL",
      "PRIMARY",
      "M",
      "ND",
      "NORM "
    ],
    "ImagingFrequency": 123.251494,
    "InPlanePhaseEncodingDirectionDICOM": "ROW  ",
    "IntendedFor": [
      "ses-NAPFU24/anat/sub-3455156_ses-NAPFU24_run-001_FLAIR.nii.gz",
      "ses-NAPFU24/anat/sub-3455156_ses-NAPFU24_run-001_T2star.nii.gz",
      "ses-NAPFU24/asl/sub-3455156_ses-NAPFU24_run-001_asl.nii.gz",
      "ses-NAPFU24/fmap/sub-3455156_ses-NAPFU24_run-002_phasediff.nii.gz",
      "ses-NAPFU24/func/sub-3455156_ses-NAPFU24_task-rest_run-002_bold.nii.gz",
      "ses-NAPFU24/dwi/sub-3455156_ses-NAPFU24_run-001_dwi.nii.gz",
      "ses-NAPFU24/func/sub-3455156_ses-NAPFU24_task-rest_run-001_bold.nii.gz",
      "ses-NAPFU24/fmap/sub-3455156_ses-NAPFU24_run-004_phasediff.nii.gz",
      "ses-NAPFU24/func/sub-3455156_ses-NAPFU24_task-encoding_run-001_bold.nii.gz",
      "ses-NAPFU24/func/sub-3455156_ses-NAPFU24_task-retrieval_run-001_bold.nii.gz",
      "ses-NAPFU24/fmap/sub-3455156_ses-NAPFU24_run-001_phasediff.nii.gz",
      "ses-NAPFU24/anat/sub-3455156_ses-NAPFU24_run-002_T1w.nii.gz",
      "ses-NAPFU24/fmap/sub-3455156_ses-NAPFU24_run-005_phasediff.nii.gz",
      "ses-NAPFU24/fmap/sub-3455156_ses-NAPFU24_run-003_phasediff.nii.gz"
    ],
    "InversionTime": 0.9,
    "MRAcquisitionType": "3D ",
    "MagneticFieldStrength": 3,
    "Manufacturer": "SIEMENS  ",
    "ManufacturerModelName": "TrioTim  ",
    "Modality": "MRI__ ",
    "PatientPosition": "HFS  ",
    "PercentPhaseFOV": 93.75,
    "PhaseEncodingSteps": 239,
    "PixelBandwidth": 238,
    "ProtocolName": "MPRAGE ADNI_iPAT2  ",
    "PulseSequenceType": "*tfl3d1_ns ",
    "ReceiveCoilName": "HeadMatrixix\\\\ ",
    "RepetitionTime": 2.3,
    "SAR": 0.08114377832724,
    "ScanningSequence": "GR\\\\IR  ",
    "SequenceName": "*tfl3d1_ns ",
    "SequenceVariant": "SP\\\\MP  ",
    "SeriesDescription": "MPRAGE ADNI_iPAT2  ",
    "SeriesNumber": 12,
    "SliceOrder": "interleaved ",
    "SliceThickness": 1,
    "SliceTiming": null,
    "SoftwareVersions": "syngo MR B17 ",
    "dataset": "<unset>",
    "modality": "T1w",
    "run_id": 1,
    "session_id": "NAPFU24",
    "subject_id": "3455156"
  },
  "cjv": 0.41077764355206364,
  "cnr": 3.248113137605204,
  "efc": 0.6099864208740159,
  "fber": 124.70381164550781,
  "fwhm_avg": 3.3817299999999997,
  "fwhm_x": 3.42473,
  "fwhm_y": 3.53387,
  "fwhm_z": 3.18659,
  "icvs_csf": 0.20627826216311693,
  "icvs_gm": 0.4152813628916413,
  "icvs_wm": 0.3784403749452418,
  "inu_med": 1.2203638553619385,
  "inu_range": 0.37895895242691036,
  "provenance": {
    "md5sum": "3777acbe87c83640072eb34afeca3025",
    "settings": {
      "testing": false
    },
    "software": "mriqc",
    "version": "0.16.1",
    "warnings": {
      "large_rot_frame": true,
      "small_air_mask": false
    },
    "webapi_port": null,
    "webapi_url": "https://mriqc.nimh.nih.gov/api/v1"
  },
  "qi_1": 0.0,
  "qi_2": 0.004214795884395141,
  "rpve_csf": 27.175198669377195,
  "rpve_gm": 14.010504400367791,
  "rpve_wm": 18.48200062618485,
  "size_x": 176,
  "size_y": 240,
  "size_z": 256,
  "snr_csf": 3.1354908475349497,
  "snr_gm": 9.81897081571219,
  "snr_total": 10.064489128579362,
  "snr_wm": 17.239005722490948,
  "snrd_csf": 11.883614178938076,
  "snrd_gm": 24.41415225390409,
  "snrd_total": 23.864284571238898,
  "snrd_wm": 35.295087280874526,
  "spacing_x": 1.0,
  "spacing_y": 1.0,
  "spacing_z": 1.0,
  "summary_bg_k": 1355.0989115613688,
  "summary_bg_mad": 18.561597919472792,
  "summary_bg_mean": 61.99713134765625,
  "summary_bg_median": 60.17037582397461,
  "summary_bg_n": 2588951.0,
  "summary_bg_p05": 33.23831367492676,
  "summary_bg_p95": 95.10417175292969,
  "summary_bg_stdv": 26.095102310180664,
  "summary_csf_k": -0.6692310913278927,
  "summary_csf_mad": 126.92417422287318,
  "summary_csf_mean": 347.10223388671875,
  "summary_csf_median": 336.6915283203125,
  "summary_csf_n": 11734.0,
  "summary_csf_p05": 189.74273529052735,
  "summary_csf_p95": 523.5503784179688,
  "summary_csf_stdv": 107.37622833251953,
  "summary_gm_k": -0.045190414041948124,
  "summary_gm_mad": 70.38062222143613,
  "summary_gm_mean": 692.460693359375,
  "summary_gm_median": 691.7119750976562,
  "summary_gm_n": 14179.0,
  "summary_gm_p05": 575.473956298828,
  "summary_gm_p95": 808.8704162597655,
  "summary_gm_stdv": 70.44400024414062,
  "summary_wm_k": 0.26144087425148044,
  "summary_wm_mad": 56.25522550493355,
  "summary_wm_mean": 1000.7324829101562,
  "summary_wm_median": 999.9951782226562,
  "summary_wm_n": 189510.0,
  "summary_wm_p05": 906.9815704345704,
  "summary_wm_p95": 1097.3769958496093,
  "summary_wm_stdv": 58.00755310058594,
  "tpm_overlap_csf": 0.17591463029384613,
  "tpm_overlap_gm": 0.43904805183410645,
  "tpm_overlap_wm": 0.511341392993927,
  "wm2max": 0.51246970164751
}