{
  "bids_meta": {
    "AcquisitionNumber": 1,
    "DeviceSerialNumber": "35442  ",
    "EchoNumber": 1,
    "EchoTime": 0.00298,
    "FlipAngle": 9,
    "ImageOrientationPatientDICOM": [
      "0.02266079141663",
      "0.99971241031067",
      "-0.0078476240479",
      "-0.04175194778",
      "-0.0068964453579",
      "-0.9991042057253  "
    ],
    "ImageType": [
      "ORIGINAL",
      "PRIMARY",
      "M",
      "ND",
      "NORM "
    ],
    "ImagingFrequency": 123.246966,
    "InPlanePhaseEncodingDirectionDICOM": "ROW  ",
    "IntendedFor": [
      "ses-NAPFU24/asl/sub-3697357_ses-NAPFU24_run-001_asl.nii.gz",
      "ses-NAPFU24/func/sub-3697357_ses-NAPFU24_task-retrieval_run-001_bold.nii.gz",
      "ses-NAPFU24/fmap/sub-3697357_ses-NAPFU24_run-001_phasediff.nii.gz",
      "ses-NAPFU24/fmap/sub-3697357_ses-NAPFU24_run-003_phasediff.nii.gz",
      "ses-NAPFU24/func/sub-3697357_ses-NAPFU24_task-rest_run-002_bold.nii.gz",
      "ses-NAPFU24/func/sub-3697357_ses-NAPFU24_task-encoding_run-001_bold.nii.gz",
      "ses-NAPFU24/func/sub-3697357_ses-NAPFU24_task-rest_run-001_bold.nii.gz",
      "ses-NAPFU24/fmap/sub-3697357_ses-NAPFU24_run-004_phasediff.nii.gz",
      "ses-NAPFU24/anat/sub-3697357_ses-NAPFU24_run-001_FLAIR.nii.gz",
      "ses-NAPFU24/fmap/sub-3697357_ses-NAPFU24_run-005_phasediff.nii.gz",
      "ses-NAPFU24/dwi/sub-3697357_ses-NAPFU24_run-001_dwi.nii.gz",
      "ses-NAPFU24/fmap/sub-3697357_ses-NAPFU24_run-002_phasediff.nii.gz",
      "ses-NAPFU24/anat/sub-3697357_ses-NAPFU24_run-002_T1w.nii.gz",
      "ses-NAPFU24/anat/sub-3697357_ses-NAPFU24_run-001_T2star.nii.gz"
    ],
    "InversionTime": 0.9,
    "MRAcquisitionType": "3D ",
    "MagneticFieldStrength": 3,
    "Manufacturer": "SIEMENS  ",
    "ManufacturerModelName": "TrioTim  ",
    "Modality": "MRI__ ",
    "PatientPosition": "HFS  ",
    "PercentPhaseFOV": 93.75,
    "PhaseEncodingSteps": 239,
    "PixelBandwidth": 238,
    "ProtocolName": "MPRAGE ADNI_iPAT2  ",
    "PulseSequenceType": "*tfl3d1_ns ",
    "ReceiveCoilName": "HeadMatrixix\\\\ ",
    "RepetitionTime": 2.3,
    "SAR": 0.08596604622386,
    "ScanningSequence": "GR\\\\IR  ",
    "SequenceName": "*tfl3d1_ns ",
    "SequenceVariant": "SP\\\\MP  ",
    "SeriesDescription": "MPRAGE ADNI_iPAT2  ",
    "SeriesNumber": 12,
    "SliceOrder": "interleaved ",
    "SliceThickness": 1,
    "SliceTiming": null,
    "SoftwareVersions": "syngo MR B17 ",
    "dataset": "<unset>",
    "modality": "T1w",
    "run_id": 1,
    "session_id": "NAPFU24",
    "subject_id": "3697357"
  },
  "cjv": 0.4355853896584542,
  "cnr": 3.0410394083713985,
  "efc": 0.6385174296529817,
  "fber": 101.0990982055664,
  "fwhm_avg": 3.21842,
  "fwhm_x": 3.29241,
  "fwhm_y": 3.31461,
  "fwhm_z": 3.04824,
  "icvs_csf": 0.19358519050521014,
  "icvs_gm": 0.3967784896789415,
  "icvs_wm": 0.40963631981584836,
  "inu_med": 1.3131051063537598,
  "inu_range": 0.485415768623352,
  "provenance": {
    "md5sum": "529391dbcec35b33daf1346d98a87fbd",
    "settings": {
      "testing": false
    },
    "software": "mriqc",
    "version": "0.16.1",
    "warnings": {
      "large_rot_frame": false,
      "small_air_mask": false
    },
    "webapi_port": null,
    "webapi_url": "https://mriqc.nimh.nih.gov/api/v1"
  },
  "qi_1": 7.474052916294647e-05,
  "qi_2": 0.004300922524099864,
  "rpve_csf": 26.821228463895316,
  "rpve_gm": 13.476841449058016,
  "rpve_wm": 16.19996861675322,
  "size_x": 176,
  "size_y": 240,
  "size_z": 256,
  "snr_csf": 2.596871652386692,
  "snr_gm": 8.936525461812847,
  "snr_total": 9.618876145269931,
  "snr_wm": 17.32323132161026,
  "snrd_csf": 10.35042016304306,
  "snrd_gm": 22.07398880659705,
  "snrd_total": 21.371635074479133,
  "snrd_wm": 31.690496253797285,
  "spacing_x": 1.0,
  "spacing_y": 1.0,
  "spacing_z": 1.0,
  "summary_bg_k": 1080.8884228711067,
  "summary_bg_mad": 20.672950414675917,
  "summary_bg_mean": 69.47146606445312,
  "summary_bg_median": 67.86515808105469,
  "summary_bg_n": 2751866.0,
  "summary_bg_p05": 37.6929817199707,
  "summary_bg_p95": 106.25385284423828,
  "summary_bg_stdv": 23.455490112304688,
  "summary_csf_k": 4.795404324687184,
  "summary_csf_mad": 132.51580794702193,
  "summary_csf_mean": 348.32391357421875,
  "summary_csf_median": 326.60943603515625,
  "summary_csf_n": 9717.0,
  "summary_csf_p05": 179.20426025390626,
  "summary_csf_p95": 561.8121826171873,
  "summary_csf_stdv": 125.76387023925781,
  "summary_gm_k": -0.06524384140534467,
  "summary_gm_mad": 76.60815782790868,
  "summary_gm_mean": 695.0759887695312,
  "summary_gm_median": 696.548828125,
  "summary_gm_n": 9858.0,
  "summary_gm_p05": 562.0349578857422,
  "summary_gm_p95": 820.4983367919922,
  "summary_gm_stdv": 77.94007873535156,
  "summary_wm_k": 0.33768082924183895,
  "summary_wm_mad": 55.57052642739921,
  "summary_wm_mean": 999.4764404296875,
  "summary_wm_median": 999.99951171875,
  "summary_wm_n": 227398.0,
  "summary_wm_p05": 903.5530944824218,
  "summary_wm_p95": 1093.2073059082031,
  "summary_wm_stdv": 57.72579574584961,
  "tpm_overlap_csf": 0.169182687997818,
  "tpm_overlap_gm": 0.4147970676422119,
  "tpm_overlap_wm": 0.49462631344795227,
  "wm2max": 0.48506945964637704
}