{
  "bids_meta": {
    "AcquisitionNumber": 1,
    "DeviceSerialNumber": "35442  ",
    "EchoNumber": 1,
    "EchoTime": 0.00298,
    "FlipAngle": 9,
    "ImageOrientationPatientDICOM": [
      "-0.0028232415912",
      "0.99999601464552",
      "-3.17394188e-008",
      "0.13726242206882",
      "0.0003874950842",
      "-0.9905346421682 "
    ],
    "ImageType": [
      "ORIGINAL",
      "PRIMARY",
      "M",
      "ND",
      "NORM "
    ],
    "ImagingFrequency": 123.247059,
    "InPlanePhaseEncodingDirectionDICOM": "ROW  ",
    "IntendedFor": [
      "ses-NAPFU03/fmap/sub-9360002_ses-NAPFU03_run-002_phasediff.nii.gz",
      "ses-NAPFU03/asl/sub-9360002_ses-NAPFU03_run-001_asl.nii.gz",
      "ses-NAPFU03/func/sub-9360002_ses-NAPFU03_task-retrieval_run-001_bold.nii.gz",
      "ses-NAPFU03/anat/sub-9360002_ses-NAPFU03_run-001_T1w.nii.gz",
      "ses-NAPFU03/func/sub-9360002_ses-NAPFU03_task-rest_run-002_bold.nii.gz",
      "ses-NAPFU03/anat/sub-9360002_ses-NAPFU03_run-001_T2star.nii.gz",
      "ses-NAPFU03/fmap/sub-9360002_ses-NAPFU03_run-001_phasediff.nii.gz",
      "ses-NAPFU03/fmap/sub-9360002_ses-NAPFU03_run-003_phasediff.nii.gz",
      "ses-NAPFU03/func/sub-9360002_ses-NAPFU03_task-rest_run-001_bold.nii.gz",
      "ses-NAPFU03/func/sub-9360002_ses-NAPFU03_task-encoding_run-001_bold.nii.gz"
    ],
    "InversionTime": 0.9,
    "MRAcquisitionType": "3D ",
    "MagneticFieldStrength": 3,
    "Manufacturer": "SIEMENS  ",
    "ManufacturerModelName": "TrioTim  ",
    "Modality": "MRI__ ",
    "PatientPosition": "HFS  ",
    "PercentPhaseFOV": 93.75,
    "PhaseEncodingSteps": 239,
    "PixelBandwidth": 238,
    "ProtocolName": "MPRAGE ADNI_iPAT2  ",
    "PulseSequenceType": "*tfl3d1_ns ",
    "ReceiveCoilName": "HeadMatrixix\\\\ ",
    "RepetitionTime": 2.3,
    "SAR": 0.08487706872137,
    "ScanningSequence": "GR\\\\IR  ",
    "SequenceName": "*tfl3d1_ns ",
    "SequenceVariant": "SP\\\\MP  ",
    "SeriesDescription": "MPRAGE ADNI_iPAT2  ",
    "SeriesNumber": 17,
    "SliceOrder": "interleaved ",
    "SliceThickness": 1,
    "SliceTiming": null,
    "SoftwareVersions": "syngo MR B17 ",
    "dataset": "<unset>",
    "modality": "T1w",
    "run_id": 2,
    "session_id": "NAPFU03",
    "subject_id": "9360002"
  },
  "cjv": 0.4045013029488937,
  "cnr": 3.368928547312193,
  "efc": 0.5881750000097339,
  "fber": 185.59568786621094,
  "fwhm_avg": 3.0907533333333332,
  "fwhm_x": 3.11813,
  "fwhm_y": 3.17513,
  "fwhm_z": 2.979,
  "icvs_csf": 0.2154130887200009,
  "icvs_gm": 0.4315615974678247,
  "icvs_wm": 0.35302531381217445,
  "inu_med": 1.5059796571731567,
  "inu_range": 0.3049819946289061,
  "provenance": {
    "md5sum": "d6ad86f209258909a5f769466b685d6d",
    "settings": {
      "testing": false
    },
    "software": "mriqc",
    "version": "0.16.1",
    "warnings": {
      "large_rot_frame": false,
      "small_air_mask": false
    },
    "webapi_port": null,
    "webapi_url": "https://mriqc.nimh.nih.gov/api/v1"
  },
  "qi_1": 0.00016669168944881567,
  "qi_2": 0.004942370720041444,
  "rpve_csf": 29.791822416310833,
  "rpve_gm": 15.332246622203344,
  "rpve_wm": 21.022322922230767,
  "size_x": 176,
  "size_y": 240,
  "size_z": 256,
  "snr_csf": 1.2876542372177946,
  "snr_gm": 8.514266701895027,
  "snr_total": 8.067281484714622,
  "snr_wm": 14.399923515031043,
  "snrd_csf": 15.737158574572971,
  "snrd_gm": 30.515282781206388,
  "snrd_total": 31.099651441341834,
  "snrd_wm": 47.04651296824614,
  "spacing_x": 1.0,
  "spacing_y": 1.0,
  "spacing_z": 1.0,
  "summary_bg_k": 25.261252023026323,
  "summary_bg_mad": 13.925300220530234,
  "summary_bg_mean": 42.17979049682617,
  "summary_bg_median": 40.549766540527344,
  "summary_bg_n": 3275024.0,
  "summary_bg_p05": 21.011629104614258,
  "summary_bg_p95": 70.20289916992186,
  "summary_bg_stdv": 15.904993057250977,
  "summary_csf_k": 16.94279861379421,
  "summary_csf_mad": 104.51191882024189,
  "summary_csf_mean": 387.8879699707031,
  "summary_csf_median": 334.5023498535156,
  "summary_csf_n": 19765.0,
  "summary_csf_p05": 189.66164855957032,
  "summary_csf_p95": 662.2632934570304,
  "summary_csf_stdv": 259.76995849609375,
  "summary_gm_k": -0.06586888439568694,
  "summary_gm_mad": 76.26067293294642,
  "summary_gm_mean": 649.0145874023438,
  "summary_gm_median": 648.619873046875,
  "summary_gm_n": 15052.0,
  "summary_gm_p05": 522.9710235595703,
  "summary_gm_p95": 775.0613189697265,
  "summary_gm_stdv": 76.17782592773438,
  "summary_wm_k": 0.41215792035969834,
  "summary_wm_mad": 65.87331782674283,
  "summary_wm_mean": 1000.93212890625,
  "summary_wm_median": 1000.0006713867188,
  "summary_wm_n": 148344.0,
  "summary_wm_p05": 888.6485229492188,
  "summary_wm_p95": 1117.2146545410158,
  "summary_wm_stdv": 69.44462585449219,
  "tpm_overlap_csf": 0.14966346323490143,
  "tpm_overlap_gm": 0.41393476724624634,
  "tpm_overlap_wm": 0.48196759819984436,
  "wm2max": 0.5557476651296394
}