{
  "bids_meta": {
    "AcquisitionNumber": 1,
    "DeviceSerialNumber": "35442  ",
    "EchoNumber": 1,
    "EchoTime": 0.00298,
    "FlipAngle": 9,
    "ImageOrientationPatientDICOM": [
      "0.03814547315409",
      "0.99927213578253",
      "-0.0003486064703",
      "0.0512106746592",
      "-0.0023032800188",
      "-0.9986852165233 "
    ],
    "ImageType": [
      "ORIGINAL",
      "PRIMARY",
      "M",
      "ND",
      "NORM "
    ],
    "ImagingFrequency": 123.247088,
    "InPlanePhaseEncodingDirectionDICOM": "ROW  ",
    "IntendedFor": [
      "ses-PREEN00/dwi/sub-2864260_ses-PREEN00_run-001_dwi.nii.gz",
      "ses-PREEN00/fmap/sub-2864260_ses-PREEN00_run-002_phasediff.nii.gz",
      "ses-PREEN00/fmap/sub-2864260_ses-PREEN00_run-001_phasediff.nii.gz",
      "ses-PREEN00/anat/sub-2864260_ses-PREEN00_run-001_FLAIR.nii.gz"
    ],
    "InversionTime": 0.9,
    "MRAcquisitionType": "3D ",
    "MagneticFieldStrength": 3,
    "Manufacturer": "SIEMENS  ",
    "ManufacturerModelName": "TrioTim  ",
    "Modality": "MRI__ ",
    "PatientPosition": "HFS  ",
    "PercentPhaseFOV": 93.75,
    "PhaseEncodingSteps": 239,
    "PixelBandwidth": 238,
    "ProtocolName": "MPRAGE ADNI_iPAT2  ",
    "PulseSequenceType": "*tfl3d1_ns ",
    "ReceiveCoilName": "HeadMatrixix\\\\ ",
    "RepetitionTime": 2.3,
    "SAR": 0.08846002071813,
    "ScanningSequence": "GR\\\\IR  ",
    "SequenceName": "*tfl3d1_ns ",
    "SequenceVariant": "SP\\\\MP  ",
    "SeriesDescription": "MPRAGE ADNI_iPAT2  ",
    "SeriesNumber": 4,
    "SliceOrder": "interleaved ",
    "SliceThickness": 1,
    "SliceTiming": null,
    "SoftwareVersions": "syngo MR B17 ",
    "dataset": "<unset>",
    "modality": "T1w",
    "run_id": 1,
    "session_id": "PREEN00",
    "subject_id": "2864260"
  },
  "cjv": 0.4937017688460682,
  "cnr": 2.7476607881793336,
  "efc": 0.6501640484931779,
  "fber": 107.48699951171875,
  "fwhm_avg": 3.24417,
  "fwhm_x": 3.279,
  "fwhm_y": 3.41973,
  "fwhm_z": 3.03378,
  "icvs_csf": 0.23312854589403742,
  "icvs_gm": 0.3760396267213698,
  "icvs_wm": 0.39083182738459277,
  "inu_med": 1.3398467302322388,
  "inu_range": 0.4528060793876647,
  "provenance": {
    "md5sum": "4063b60b341548ffe532d4c0daa06b2a",
    "settings": {
      "testing": false
    },
    "software": "mriqc",
    "version": "0.16.1",
    "warnings": {
      "large_rot_frame": true,
      "small_air_mask": false
    },
    "webapi_port": null,
    "webapi_url": "https://mriqc.nimh.nih.gov/api/v1"
  },
  "qi_1": 0.0,
  "qi_2": 0.004301829684411381,
  "rpve_csf": 21.167975130303226,
  "rpve_gm": 12.544514995548795,
  "rpve_wm": 15.136558346580083,
  "size_x": 176,
  "size_y": 240,
  "size_z": 256,
  "snr_csf": 3.6941662847583263,
  "snr_gm": 8.924335419114433,
  "snr_total": 9.286637577290056,
  "snr_wm": 15.241411027997406,
  "snrd_csf": 13.432466787075327,
  "snrd_gm": 23.687614291841026,
  "snrd_total": 23.498259929049187,
  "snrd_wm": 33.374698708231215,
  "spacing_x": 1.0,
  "spacing_y": 1.0,
  "spacing_z": 1.0,
  "summary_bg_k": 1014.2573393346037,
  "summary_bg_mad": 19.630167700428686,
  "summary_bg_mean": 65.83472442626953,
  "summary_bg_median": 64.10612487792969,
  "summary_bg_n": 2975832.0,
  "summary_bg_p05": 35.554903221130374,
  "summary_bg_p95": 101.25866928100584,
  "summary_bg_stdv": 23.02226448059082,
  "summary_csf_k": 0.2508978511465041,
  "summary_csf_mad": 106.4787828656721,
  "summary_csf_mean": 396.7060852050781,
  "summary_csf_median": 402.4834899902344,
  "summary_csf_n": 8461.0,
  "summary_csf_p05": 212.75140380859375,
  "summary_csf_p95": 565.0387573242188,
  "summary_csf_stdv": 108.94466400146484,
  "summary_gm_k": -0.04649660674886302,
  "summary_gm_mad": 79.25356757252493,
  "summary_gm_mean": 708.411376953125,
  "summary_gm_median": 709.763427734375,
  "summary_gm_n": 9206.0,
  "summary_gm_p05": 574.1060638427734,
  "summary_gm_p95": 837.8654327392578,
  "summary_gm_stdv": 79.52691650390625,
  "summary_wm_k": 0.17157830553561126,
  "summary_wm_mad": 64.04771001074911,
  "summary_wm_mean": 1001.2737426757812,
  "summary_wm_median": 1000.022216796875,
  "summary_wm_n": 229105.0,
  "summary_wm_p05": 895.99931640625,
  "summary_wm_p95": 1111.7769531249999,
  "summary_wm_stdv": 65.6120376586914,
  "tpm_overlap_csf": 0.14438782632350922,
  "tpm_overlap_gm": 0.4008263647556305,
  "tpm_overlap_wm": 0.4908060133457184,
  "wm2max": 0.48779593903010154
}