{
  "bids_meta": {
    "AcquisitionNumber": 1,
    "DeviceSerialNumber": "35442  ",
    "EchoNumber": 1,
    "EchoTime": 0.00298,
    "FlipAngle": 9,
    "ImageOrientationPatientDICOM": [
      "-0.0006929661111",
      "0.99980788530177",
      "0.01958857540434",
      "0.07999280438684",
      "0.01958122899701",
      "-0.996603093873 "
    ],
    "ImageType": [
      "ORIGINAL",
      "PRIMARY",
      "M",
      "ND",
      "NORM "
    ],
    "ImagingFrequency": 123.251408,
    "InPlanePhaseEncodingDirectionDICOM": "ROW  ",
    "IntendedFor": [
      "ses-PREFU12/func/sub-4091474_ses-PREFU12_task-encoding_run-001_bold.nii.gz",
      "ses-PREFU12/fmap/sub-4091474_ses-PREFU12_run-001_phasediff.nii.gz",
      "ses-PREFU12/asl/sub-4091474_ses-PREFU12_run-001_asl.nii.gz",
      "ses-PREFU12/func/sub-4091474_ses-PREFU12_task-retrieval_run-001_bold.nii.gz",
      "ses-PREFU12/func/sub-4091474_ses-PREFU12_task-rest_run-001_bold.nii.gz",
      "ses-PREFU12/func/sub-4091474_ses-PREFU12_task-rest_run-002_bold.nii.gz",
      "ses-PREFU12/anat/sub-4091474_ses-PREFU12_run-001_T2star.nii.gz",
      "ses-PREFU12/fmap/sub-4091474_ses-PREFU12_run-003_phasediff.nii.gz",
      "ses-PREFU12/fmap/sub-4091474_ses-PREFU12_run-002_phasediff.nii.gz"
    ],
    "InversionTime": 0.9,
    "MRAcquisitionType": "3D ",
    "MagneticFieldStrength": 3,
    "Manufacturer": "SIEMENS  ",
    "ManufacturerModelName": "TrioTim  ",
    "Modality": "MRI__ ",
    "PatientPosition": "HFS  ",
    "PercentPhaseFOV": 93.75,
    "PhaseEncodingSteps": 239,
    "PixelBandwidth": 238,
    "ProtocolName": "MPRAGE ADNI_iPAT2  ",
    "PulseSequenceType": "*tfl3d1_ns ",
    "ReceiveCoilName": "HeadMatrixix\\\\ ",
    "RepetitionTime": 2.3,
    "SAR": 0.07276035193261,
    "ScanningSequence": "GR\\\\IR  ",
    "SequenceName": "*tfl3d1_ns ",
    "SequenceVariant": "SP\\\\MP  ",
    "SeriesDescription": "MPRAGE ADNI_iPAT2  ",
    "SeriesNumber": 12,
    "SliceOrder": "interleaved ",
    "SliceThickness": 1,
    "SliceTiming": null,
    "SoftwareVersions": "syngo MR B17 ",
    "dataset": "<unset>",
    "modality": "T1w",
    "run_id": 1,
    "session_id": "PREFU12",
    "subject_id": "4091474"
  },
  "cjv": 0.40845566883511947,
  "cnr": 3.2552796003150735,
  "efc": 0.6127412877386761,
  "fber": 129.70761108398438,
  "fwhm_avg": 3.3657,
  "fwhm_x": 3.43127,
  "fwhm_y": 3.50363,
  "fwhm_z": 3.1622,
  "icvs_csf": 0.20943081287260554,
  "icvs_gm": 0.410484452231047,
  "icvs_wm": 0.3800847348963475,
  "inu_med": 1.3776469230651855,
  "inu_range": 0.3354103624820708,
  "provenance": {
    "md5sum": "283722e9da43c82dec9af130087bf78d",
    "settings": {
      "testing": false
    },
    "software": "mriqc",
    "version": "0.16.1",
    "warnings": {
      "large_rot_frame": true,
      "small_air_mask": false
    },
    "webapi_port": null,
    "webapi_url": "https://mriqc.nimh.nih.gov/api/v1"
  },
  "qi_1": 0.0,
  "qi_2": 0.004034722792086202,
  "rpve_csf": 28.13275265887777,
  "rpve_gm": 14.972871929423544,
  "rpve_wm": 19.51391606792116,
  "size_x": 176,
  "size_y": 240,
  "size_z": 256,
  "snr_csf": 3.109186898033306,
  "snr_gm": 8.970188562368822,
  "snr_total": 9.85025067786449,
  "snr_wm": 17.471376573191343,
  "snrd_csf": 12.6531224386898,
  "snrd_gm": 25.889269939689612,
  "snrd_total": 25.537920313955414,
  "snrd_wm": 38.07136856348683,
  "spacing_x": 1.0,
  "spacing_y": 1.0,
  "spacing_z": 1.0,
  "summary_bg_k": 1499.1999852113818,
  "summary_bg_mad": 17.20786316636697,
  "summary_bg_mean": 52.36582946777344,
  "summary_bg_median": 50.38365936279297,
  "summary_bg_n": 2884660.0,
  "summary_bg_p05": 25.72602643966675,
  "summary_bg_p95": 85.02975692749021,
  "summary_bg_stdv": 25.28931427001953,
  "summary_csf_k": 0.1921840868544158,
  "summary_csf_mad": 110.0009585340616,
  "summary_csf_mean": 343.23663330078125,
  "summary_csf_median": 332.347900390625,
  "summary_csf_n": 13831.0,
  "summary_csf_p05": 187.24222564697266,
  "summary_csf_p95": 528.9443359375,
  "summary_csf_stdv": 106.88835906982422,
  "summary_gm_k": -0.009227492135828186,
  "summary_gm_mad": 75.34961097396727,
  "summary_gm_mean": 678.129150390625,
  "summary_gm_median": 680.0095825195312,
  "summary_gm_n": 12450.0,
  "summary_gm_p05": 549.8381866455078,
  "summary_gm_p95": 799.5671020507813,
  "summary_gm_stdv": 75.80467987060547,
  "summary_wm_k": 0.29957370582524545,
  "summary_wm_mad": 55.346380571976944,
  "summary_wm_mean": 999.7906494140625,
  "summary_wm_median": 999.9855346679688,
  "summary_wm_n": 190721.0,
  "summary_wm_p05": 905.3770751953125,
  "summary_wm_p95": 1093.207763671875,
  "summary_wm_stdv": 57.235496520996094,
  "tpm_overlap_csf": 0.1671825349330902,
  "tpm_overlap_gm": 0.4322447180747986,
  "tpm_overlap_wm": 0.5123276114463806,
  "wm2max": 0.516512319386122
}