{
  "bids_meta": {
    "AcquisitionNumber": 1,
    "DeviceSerialNumber": "35442  ",
    "EchoNumber": 1,
    "EchoTime": 0.00298,
    "FlipAngle": 9,
    "ImageOrientationPatientDICOM": [
      "-0.0340609385506",
      "0.99839054170592",
      "0.04534510665129",
      "-0.0296035840018",
      "0.04434365219888",
      "-0.9985776225832  "
    ],
    "ImageType": [
      "ORIGINAL",
      "PRIMARY",
      "M",
      "ND",
      "NORM "
    ],
    "ImagingFrequency": 123.24731,
    "InPlanePhaseEncodingDirectionDICOM": "ROW  ",
    "IntendedFor": [
      "ses-PREFU12/asl/sub-4210489_ses-PREFU12_run-001_asl.nii.gz",
      "ses-PREFU12/fmap/sub-4210489_ses-PREFU12_run-002_phasediff.nii.gz",
      "ses-PREFU12/fmap/sub-4210489_ses-PREFU12_run-001_phasediff.nii.gz",
      "ses-PREFU12/func/sub-4210489_ses-PREFU12_task-encoding_run-001_bold.nii.gz",
      "ses-PREFU12/func/sub-4210489_ses-PREFU12_task-rest_run-001_bold.nii.gz",
      "ses-PREFU12/func/sub-4210489_ses-PREFU12_task-rest_run-002_bold.nii.gz",
      "ses-PREFU12/fmap/sub-4210489_ses-PREFU12_run-003_phasediff.nii.gz",
      "ses-PREFU12/func/sub-4210489_ses-PREFU12_task-retrieval_run-001_bold.nii.gz",
      "ses-PREFU12/anat/sub-4210489_ses-PREFU12_run-001_T2star.nii.gz"
    ],
    "InversionTime": 0.9,
    "MRAcquisitionType": "3D ",
    "MagneticFieldStrength": 3,
    "Manufacturer": "SIEMENS  ",
    "ManufacturerModelName": "TrioTim  ",
    "Modality": "MRI__ ",
    "PatientPosition": "HFS  ",
    "PercentPhaseFOV": 93.75,
    "PhaseEncodingSteps": 239,
    "PixelBandwidth": 238,
    "ProtocolName": "MPRAGE ADNI_iPAT2  ",
    "PulseSequenceType": "*tfl3d1_ns ",
    "ReceiveCoilName": "HeadMatrixix\\\\ ",
    "RepetitionTime": 2.3,
    "SAR": 0.08780747448817,
    "ScanningSequence": "GR\\\\IR  ",
    "SequenceName": "*tfl3d1_ns ",
    "SequenceVariant": "SP\\\\MP  ",
    "SeriesDescription": "MPRAGE ADNI_iPAT2  ",
    "SeriesNumber": 12,
    "SliceOrder": "interleaved ",
    "SliceThickness": 1,
    "SliceTiming": null,
    "SoftwareVersions": "syngo MR B17 ",
    "dataset": "<unset>",
    "modality": "T1w",
    "run_id": 1,
    "session_id": "PREFU12",
    "subject_id": "4210489"
  },
  "cjv": 0.4228548106039258,
  "cnr": 3.28539873820213,
  "efc": 0.5981162016686182,
  "fber": 148.95028686523438,
  "fwhm_avg": 3.376163333333333,
  "fwhm_x": 3.42921,
  "fwhm_y": 3.56363,
  "fwhm_z": 3.13565,
  "icvs_csf": 0.22245713050247287,
  "icvs_gm": 0.4087233108762559,
  "icvs_wm": 0.36881955862127125,
  "inu_med": 1.3588197231292725,
  "inu_range": 0.29974353313446045,
  "provenance": {
    "md5sum": "d8541e0618d175b4baddf101e2bad8a3",
    "settings": {
      "testing": false
    },
    "software": "mriqc",
    "version": "0.16.1",
    "warnings": {
      "large_rot_frame": true,
      "small_air_mask": false
    },
    "webapi_port": null,
    "webapi_url": "https://mriqc.nimh.nih.gov/api/v1"
  },
  "qi_1": 0.0,
  "qi_2": 0.005234425484822446,
  "rpve_csf": 30.053262149335378,
  "rpve_gm": 16.46845179386019,
  "rpve_wm": 21.795024143425326,
  "size_x": 176,
  "size_y": 240,
  "size_z": 256,
  "snr_csf": 3.035019044924303,
  "snr_gm": 8.716650947069423,
  "snr_total": 9.72842393089436,
  "snr_wm": 17.433601800689356,
  "snrd_csf": 12.86116596714474,
  "snrd_gm": 27.484328295142486,
  "snrd_total": 26.96199007496736,
  "snrd_wm": 40.540475962614856,
  "spacing_x": 1.0,
  "spacing_y": 1.0,
  "spacing_z": 1.0,
  "summary_bg_k": 0.7124730696087886,
  "summary_bg_mad": 16.159693418225668,
  "summary_bg_mean": 51.358795166015625,
  "summary_bg_median": 50.11529541015625,
  "summary_bg_n": 2866771.0,
  "summary_bg_p05": 27.413747787475586,
  "summary_bg_p95": 80.36872100830078,
  "summary_bg_stdv": 16.434762954711914,
  "summary_csf_k": 4.240477248436335,
  "summary_csf_mad": 102.16354531721771,
  "summary_csf_mean": 331.1918029785156,
  "summary_csf_median": 317.2354736328125,
  "summary_csf_n": 15275.0,
  "summary_csf_p05": 183.15552215576173,
  "summary_csf_p95": 512.7713806152342,
  "summary_csf_stdv": 104.52161407470703,
  "summary_gm_k": -0.21770820911494004,
  "summary_gm_mad": 79.86134942070566,
  "summary_gm_mean": 676.5531005859375,
  "summary_gm_median": 677.9326171875,
  "summary_gm_n": 12166.0,
  "summary_gm_p05": 547.7743682861328,
  "summary_gm_p95": 802.1041870117188,
  "summary_gm_stdv": 77.771240234375,
  "summary_wm_k": 0.15030871667556545,
  "summary_wm_mad": 56.31689502470354,
  "summary_wm_mean": 1000.102783203125,
  "summary_wm_median": 999.9775390625,
  "summary_wm_n": 161933.0,
  "summary_wm_p05": 906.0163330078125,
  "summary_wm_p95": 1094.8784423828124,
  "summary_wm_stdv": 57.35902786254883,
  "tpm_overlap_csf": 0.17670123279094696,
  "tpm_overlap_gm": 0.43757110834121704,
  "tpm_overlap_wm": 0.5226116180419922,
  "wm2max": 0.5628706737418433
}