{
  "bids_meta": {
    "AcquisitionNumber": 1,
    "DeviceSerialNumber": "35442  ",
    "EchoNumber": 1,
    "EchoTime": 0.00298,
    "FlipAngle": 9,
    "ImageOrientationPatientDICOM": [
      "0.01965246985502",
      "0.9813992331844",
      "0.19096943612438",
      "0.0842052353987",
      "0.188703003396",
      "-0.9784174236188  "
    ],
    "ImageType": [
      "ORIGINAL",
      "PRIMARY",
      "M",
      "ND",
      "NORM "
    ],
    "ImagingFrequency": 123.251432,
    "InPlanePhaseEncodingDirectionDICOM": "ROW  ",
    "IntendedFor": [
      "ses-NAPFU48/anat/sub-2424540_ses-NAPFU48_run-001_T2star.nii.gz",
      "ses-NAPFU48/anat/sub-2424540_ses-NAPFU48_run-001_FLAIR.nii.gz",
      "ses-NAPFU48/func/sub-2424540_ses-NAPFU48_task-rest_run-002_bold.nii.gz",
      "ses-NAPFU48/fmap/sub-2424540_ses-NAPFU48_run-001_phasediff.nii.gz",
      "ses-NAPFU48/fmap/sub-2424540_ses-NAPFU48_run-003_phasediff.nii.gz",
      "ses-NAPFU48/func/sub-2424540_ses-NAPFU48_task-retrieval_run-001_bold.nii.gz",
      "ses-NAPFU48/fmap/sub-2424540_ses-NAPFU48_run-002_phasediff.nii.gz",
      "ses-NAPFU48/func/sub-2424540_ses-NAPFU48_task-encoding_run-001_bold.nii.gz",
      "ses-NAPFU48/asl/sub-2424540_ses-NAPFU48_run-001_asl.nii.gz",
      "ses-NAPFU48/anat/sub-2424540_ses-NAPFU48_run-002_T1w.nii.gz",
      "ses-NAPFU48/func/sub-2424540_ses-NAPFU48_task-rest_run-001_bold.nii.gz"
    ],
    "InversionTime": 0.9,
    "MRAcquisitionType": "3D ",
    "MagneticFieldStrength": 3,
    "Manufacturer": "SIEMENS  ",
    "ManufacturerModelName": "TrioTim  ",
    "Modality": "MRI__ ",
    "PatientPosition": "HFS  ",
    "PercentPhaseFOV": 93.75,
    "PhaseEncodingSteps": 239,
    "PixelBandwidth": 238,
    "ProtocolName": "MPRAGE ADNI_iPAT2  ",
    "PulseSequenceType": "*tfl3d1_ns ",
    "ReceiveCoilName": "HeadMatrixix\\\\ ",
    "RepetitionTime": 2.3,
    "SAR": 0.08583051819843,
    "ScanningSequence": "GR\\\\IR  ",
    "SequenceName": "*tfl3d1_ns ",
    "SequenceVariant": "SP\\\\MP  ",
    "SeriesDescription": "MPRAGE ADNI_iPAT2  ",
    "SeriesNumber": 12,
    "SliceOrder": "interleaved ",
    "SliceThickness": 1,
    "SliceTiming": null,
    "SoftwareVersions": "syngo MR B17 ",
    "dataset": "<unset>",
    "modality": "T1w",
    "run_id": 1,
    "session_id": "NAPFU48",
    "subject_id": "2424540"
  },
  "cjv": 0.4389058994311202,
  "cnr": 3.0374758440790917,
  "efc": 0.5851057441967772,
  "fber": 109.63491821289062,
  "fwhm_avg": 3.0419933333333327,
  "fwhm_x": 3.06202,
  "fwhm_y": 3.21324,
  "fwhm_z": 2.85072,
  "icvs_csf": 0.20908822019163478,
  "icvs_gm": 0.41258278819340877,
  "icvs_wm": 0.3783289916149565,
  "inu_med": 1.3202235698699951,
  "inu_range": 0.389309400320053,
  "provenance": {
    "md5sum": "a62cb777a2bb8c3a556cf73dd0ac64ec",
    "settings": {
      "testing": false
    },
    "software": "mriqc",
    "version": "0.16.1",
    "warnings": {
      "large_rot_frame": true,
      "small_air_mask": false
    },
    "webapi_port": null,
    "webapi_url": "https://mriqc.nimh.nih.gov/api/v1"
  },
  "qi_1": 0.00010761186285075639,
  "qi_2": 0.005732135611135785,
  "rpve_csf": 29.745725892595235,
  "rpve_gm": 14.898540816127205,
  "rpve_wm": 19.08188614268681,
  "size_x": 176,
  "size_y": 240,
  "size_z": 256,
  "snr_csf": 3.002629736278717,
  "snr_gm": 9.276728447454408,
  "snr_total": 9.107269983048026,
  "snr_wm": 15.042451765410947,
  "snrd_csf": 10.730953071488672,
  "snrd_gm": 23.825741106924095,
  "snrd_total": 23.020782101974063,
  "snrd_wm": 34.50565212750943,
  "spacing_x": 1.0,
  "spacing_y": 1.0,
  "spacing_z": 1.0,
  "summary_bg_k": 692.1526056556789,
  "summary_bg_mad": 18.986486432150755,
  "summary_bg_mean": 62.40224075317383,
  "summary_bg_median": 60.869346618652344,
  "summary_bg_n": 2913320.0,
  "summary_bg_p05": 33.56908321380615,
  "summary_bg_p95": 96.69617652893065,
  "summary_bg_stdv": 20.609294891357422,
  "summary_csf_k": 0.4175256387543702,
  "summary_csf_mad": 97.4250480915305,
  "summary_csf_mean": 328.0892639160156,
  "summary_csf_median": 310.993408203125,
  "summary_csf_n": 13734.0,
  "summary_csf_p05": 185.71232070922852,
  "summary_csf_p95": 525.3102447509766,
  "summary_csf_stdv": 103.56990814208984,
  "summary_gm_k": 0.10451383262471658,
  "summary_gm_mad": 71.97715243024315,
  "summary_gm_mean": 686.8975830078125,
  "summary_gm_median": 690.4930419921875,
  "summary_gm_n": 4971.0,
  "summary_gm_p05": 557.8664855957031,
  "summary_gm_p95": 804.5519409179688,
  "summary_gm_stdv": 74.42533111572266,
  "summary_wm_k": 0.30683422568220653,
  "summary_wm_mad": 63.87043841980353,
  "summary_wm_mean": 1001.5194091796875,
  "summary_wm_median": 1000.0072021484375,
  "summary_wm_n": 140839.0,
  "summary_wm_p05": 894.8322814941406,
  "summary_wm_p95": 1113.7076538085937,
  "summary_wm_stdv": 66.47876739501953,
  "tpm_overlap_csf": 0.14265261590480804,
  "tpm_overlap_gm": 0.3925059139728546,
  "tpm_overlap_wm": 0.43624064326286316,
  "wm2max": 0.4891692971326022
}