{
  "bids_meta": {
    "AcquisitionNumber": 1,
    "DeviceSerialNumber": "35442  ",
    "EchoNumber": 1,
    "EchoTime": 0.00298,
    "FlipAngle": 9,
    "ImageOrientationPatientDICOM": [
      "0.02223574288217",
      "0.9988007439053",
      "0.04361932728378",
      "0.00324129480066",
      "0.0435578635215",
      "-0.9990456478727  "
    ],
    "ImageType": [
      "ORIGINAL",
      "PRIMARY",
      "M",
      "ND",
      "NORM "
    ],
    "ImagingFrequency": 123.25172,
    "InPlanePhaseEncodingDirectionDICOM": "ROW  ",
    "IntendedFor": [
      "ses-NAPFU24/fmap/sub-4142611_ses-NAPFU24_run-002_phasediff.nii.gz",
      "ses-NAPFU24/func/sub-4142611_ses-NAPFU24_task-rest_run-001_bold.nii.gz",
      "ses-NAPFU24/fmap/sub-4142611_ses-NAPFU24_run-001_phasediff.nii.gz",
      "ses-NAPFU24/anat/sub-4142611_ses-NAPFU24_run-001_FLAIR.nii.gz",
      "ses-NAPFU24/fmap/sub-4142611_ses-NAPFU24_run-005_phasediff.nii.gz",
      "ses-NAPFU24/func/sub-4142611_ses-NAPFU24_task-rest_run-002_bold.nii.gz",
      "ses-NAPFU24/fmap/sub-4142611_ses-NAPFU24_run-003_phasediff.nii.gz",
      "ses-NAPFU24/dwi/sub-4142611_ses-NAPFU24_run-001_dwi.nii.gz",
      "ses-NAPFU24/func/sub-4142611_ses-NAPFU24_task-retrieval_run-001_bold.nii.gz",
      "ses-NAPFU24/asl/sub-4142611_ses-NAPFU24_run-001_asl.nii.gz",
      "ses-NAPFU24/anat/sub-4142611_ses-NAPFU24_run-001_T1w.nii.gz",
      "ses-NAPFU24/anat/sub-4142611_ses-NAPFU24_run-001_T2star.nii.gz",
      "ses-NAPFU24/func/sub-4142611_ses-NAPFU24_task-encoding_run-001_bold.nii.gz",
      "ses-NAPFU24/fmap/sub-4142611_ses-NAPFU24_run-004_phasediff.nii.gz"
    ],
    "InversionTime": 0.9,
    "MRAcquisitionType": "3D ",
    "MagneticFieldStrength": 3,
    "Manufacturer": "SIEMENS  ",
    "ManufacturerModelName": "TrioTim  ",
    "Modality": "MRI__ ",
    "PatientPosition": "HFS  ",
    "PercentPhaseFOV": 93.75,
    "PhaseEncodingSteps": 239,
    "PixelBandwidth": 238,
    "ProtocolName": "MPRAGE ADNI_iPAT2  ",
    "PulseSequenceType": "*tfl3d1_ns ",
    "ReceiveCoilName": "HeadMatrixix\\\\ ",
    "RepetitionTime": 2.3,
    "SAR": 0.07554679305016,
    "ScanningSequence": "GR\\\\IR  ",
    "SequenceName": "*tfl3d1_ns ",
    "SequenceVariant": "SP\\\\MP  ",
    "SeriesDescription": "MPRAGE ADNI_iPAT2  ",
    "SeriesNumber": 17,
    "SliceOrder": "interleaved ",
    "SliceThickness": 1,
    "SliceTiming": null,
    "SoftwareVersions": "syngo MR B17 ",
    "dataset": "<unset>",
    "modality": "T1w",
    "run_id": 2,
    "session_id": "NAPFU24",
    "subject_id": "4142611"
  },
  "cjv": 0.4455720701926717,
  "cnr": 3.0321926779771817,
  "efc": 0.6167120694878564,
  "fber": 125.65496826171875,
  "fwhm_avg": 3.1751333333333336,
  "fwhm_x": 3.22945,
  "fwhm_y": 3.2764,
  "fwhm_z": 3.01955,
  "icvs_csf": 0.19414548474337412,
  "icvs_gm": 0.426650670216427,
  "icvs_wm": 0.3792038450401989,
  "inu_med": 1.4259755611419678,
  "inu_range": 0.4298195958137512,
  "provenance": {
    "md5sum": "0264c279101bb80091a99e44796b6a7d",
    "settings": {
      "testing": false
    },
    "software": "mriqc",
    "version": "0.16.1",
    "warnings": {
      "large_rot_frame": true,
      "small_air_mask": false
    },
    "webapi_port": null,
    "webapi_url": "https://mriqc.nimh.nih.gov/api/v1"
  },
  "qi_1": 0.00014430170956437647,
  "qi_2": 0.005190610154861898,
  "rpve_csf": 29.82646082447901,
  "rpve_gm": 14.368201140864004,
  "rpve_wm": 18.832779074068554,
  "size_x": 176,
  "size_y": 240,
  "size_z": 256,
  "snr_csf": 2.7175047427603887,
  "snr_gm": 9.736260818586922,
  "snr_total": 9.682987166374076,
  "snr_wm": 16.595195937774914,
  "snrd_csf": 11.415746737342454,
  "snrd_gm": 23.44093086851667,
  "snrd_total": 22.677052938421852,
  "snrd_wm": 33.17448120940643,
  "spacing_x": 1.0,
  "spacing_y": 1.0,
  "spacing_z": 1.0,
  "summary_bg_k": 28.788193439741885,
  "summary_bg_mad": 19.748003764662712,
  "summary_bg_mean": 60.004920959472656,
  "summary_bg_median": 57.89080047607422,
  "summary_bg_n": 2827506.0,
  "summary_bg_p05": 29.145671367645264,
  "summary_bg_p95": 96.76274108886719,
  "summary_bg_stdv": 21.57694435119629,
  "summary_csf_k": 3.5704255484469725,
  "summary_csf_mad": 143.3604586044473,
  "summary_csf_mean": 359.1926574707031,
  "summary_csf_median": 344.10882568359375,
  "summary_csf_n": 11756.0,
  "summary_csf_p05": 182.77615356445312,
  "summary_csf_p95": 567.2783355712891,
  "summary_csf_stdv": 126.62137603759766,
  "summary_gm_k": -0.007537642065173156,
  "summary_gm_mad": 72.27065952837077,
  "summary_gm_mean": 706.9024658203125,
  "summary_gm_median": 706.588134765625,
  "summary_gm_n": 12234.0,
  "summary_gm_p05": 587.0611145019532,
  "summary_gm_p95": 827.4888122558594,
  "summary_gm_stdv": 72.56987762451172,
  "summary_wm_k": 0.22793640198014176,
  "summary_wm_mad": 58.460985415650306,
  "summary_wm_mean": 999.0687255859375,
  "summary_wm_median": 999.9899291992188,
  "summary_wm_n": 180984.0,
  "summary_wm_p05": 897.989666748047,
  "summary_wm_p95": 1096.1126770019532,
  "summary_wm_stdv": 60.25762939453125,
  "tpm_overlap_csf": 0.1755266785621643,
  "tpm_overlap_gm": 0.43332111835479736,
  "tpm_overlap_wm": 0.49355942010879517,
  "wm2max": 0.48833362572295574
}