{
  "bids_meta": {
    "AcquisitionNumber": 1,
    "DeviceSerialNumber": "35442  ",
    "EchoNumber": 1,
    "EchoTime": 0.00298,
    "FlipAngle": 9,
    "ImageOrientationPatientDICOM": [
      "0.01202837413621",
      "0.99992759556636",
      "-0.0003490566124",
      "0.00275976787123",
      "-0.0003822784568",
      "-0.9999961187647  "
    ],
    "ImageType": [
      "ORIGINAL",
      "PRIMARY",
      "M",
      "ND",
      "NORM "
    ],
    "ImagingFrequency": 123.247379,
    "InPlanePhaseEncodingDirectionDICOM": "ROW  ",
    "IntendedFor": [
      "ses-PREEN00/dwi/sub-2599481_ses-PREEN00_run-001_dwi.nii.gz",
      "ses-PREEN00/fmap/sub-2599481_ses-PREEN00_run-002_phasediff.nii.gz",
      "ses-PREEN00/anat/sub-2599481_ses-PREEN00_run-001_T1w.nii.gz",
      "ses-PREEN00/fmap/sub-2599481_ses-PREEN00_run-001_phasediff.nii.gz",
      "ses-PREEN00/anat/sub-2599481_ses-PREEN00_run-001_FLAIR.nii.gz"
    ],
    "InversionTime": 0.9,
    "MRAcquisitionType": "3D ",
    "MagneticFieldStrength": 3,
    "Manufacturer": "SIEMENS  ",
    "ManufacturerModelName": "TrioTim  ",
    "Modality": "MRI__ ",
    "PatientPosition": "HFS  ",
    "PercentPhaseFOV": 93.75,
    "PhaseEncodingSteps": 239,
    "PixelBandwidth": 238,
    "ProtocolName": "MPRAGE ADNI_iPAT2  ",
    "PulseSequenceType": "*tfl3d1_ns ",
    "ReceiveCoilName": "HeadMatrixix\\\\ ",
    "RepetitionTime": 2.3,
    "SAR": 0.10920547812044,
    "ScanningSequence": "GR\\\\IR  ",
    "SequenceName": "*tfl3d1_ns ",
    "SequenceVariant": "SP\\\\MP  ",
    "SeriesDescription": "MPRAGE ADNI_iPAT2  ",
    "SeriesNumber": 18,
    "SliceOrder": "interleaved ",
    "SliceThickness": 1,
    "SliceTiming": null,
    "SoftwareVersions": "syngo MR B17 ",
    "dataset": "<unset>",
    "modality": "T1w",
    "run_id": 2,
    "session_id": "PREEN00",
    "subject_id": "2599481"
  },
  "cjv": 0.47543967746911336,
  "cnr": 2.8696595860644023,
  "efc": 0.6397797465036273,
  "fber": 96.70398712158203,
  "fwhm_avg": 3.1333466666666667,
  "fwhm_x": 3.18833,
  "fwhm_y": 3.25156,
  "fwhm_z": 2.96015,
  "icvs_csf": 0.22355163780554635,
  "icvs_gm": 0.404729514367502,
  "icvs_wm": 0.3717188478269517,
  "inu_med": 1.2540473937988281,
  "inu_range": 0.2877012372016907,
  "provenance": {
    "md5sum": "e830a58dbac274e3f58ead0095181e17",
    "settings": {
      "testing": false
    },
    "software": "mriqc",
    "version": "0.16.1",
    "warnings": {
      "large_rot_frame": false,
      "small_air_mask": false
    },
    "webapi_port": null,
    "webapi_url": "https://mriqc.nimh.nih.gov/api/v1"
  },
  "qi_1": 0.00011110228838696126,
  "qi_2": 0.004103443564526605,
  "rpve_csf": 27.991180362370937,
  "rpve_gm": 15.25831723791129,
  "rpve_wm": 19.570761435372887,
  "size_x": 176,
  "size_y": 240,
  "size_z": 256,
  "snr_csf": 3.1406818496777023,
  "snr_gm": 8.233597449040348,
  "snr_total": 8.227202959354612,
  "snr_wm": 13.307329579345783,
  "snrd_csf": 9.753839955042176,
  "snrd_gm": 21.6761788717478,
  "snrd_total": 21.19335790117435,
  "snrd_wm": 32.15005487673307,
  "spacing_x": 1.0,
  "spacing_y": 1.0,
  "spacing_z": 1.0,
  "summary_bg_k": 163.1910211985445,
  "summary_bg_mad": 20.37724608540095,
  "summary_bg_mean": 66.31758117675781,
  "summary_bg_median": 64.06124877929688,
  "summary_bg_n": 2900932.0,
  "summary_bg_p05": 34.835399055480956,
  "summary_bg_p95": 104.18917427062988,
  "summary_bg_stdv": 23.16509246826172,
  "summary_csf_k": 0.8921964148500661,
  "summary_csf_mad": 87.75678990028248,
  "summary_csf_mean": 316.9478759765625,
  "summary_csf_median": 303.3817138671875,
  "summary_csf_n": 23626.0,
  "summary_csf_p05": 182.9781265258789,
  "summary_csf_p95": 499.4714889526367,
  "summary_csf_stdv": 96.5953598022461,
  "summary_gm_k": -0.16690541157521643,
  "summary_gm_mad": 82.59154909932703,
  "summary_gm_mean": 673.6703491210938,
  "summary_gm_median": 674.2120361328125,
  "summary_gm_n": 8169.0,
  "summary_gm_p05": 535.1490112304688,
  "summary_gm_p95": 807.90791015625,
  "summary_gm_stdv": 81.88046264648438,
  "summary_wm_k": 0.3039530884113555,
  "summary_wm_mad": 72.29604221405747,
  "summary_wm_mean": 1003.423095703125,
  "summary_wm_median": 999.9896240234375,
  "summary_wm_n": 162467.0,
  "summary_wm_p05": 885.9587341308593,
  "summary_wm_p95": 1133.275439453125,
  "summary_wm_stdv": 75.14554595947266,
  "tpm_overlap_csf": 0.16502594947814941,
  "tpm_overlap_gm": 0.40999090671539307,
  "tpm_overlap_wm": 0.4920682907104492,
  "wm2max": 0.48157134024599113
}