{
  "bids_meta": {
    "AcquisitionNumber": 1,
    "DeviceSerialNumber": "35442  ",
    "EchoNumber": 1,
    "EchoTime": 0.00298,
    "FlipAngle": 9,
    "ImageOrientationPatientDICOM": [
      "0.01559490908144",
      "0.9993316775194",
      "0.0330605069077",
      "0.00650278248147",
      "0.03296246137528",
      "-0.9994354356136  "
    ],
    "ImageType": [
      "ORIGINAL",
      "PRIMARY",
      "M",
      "ND",
      "NORM "
    ],
    "ImagingFrequency": 123.251308,
    "InPlanePhaseEncodingDirectionDICOM": "ROW  ",
    "IntendedFor": [
      "ses-PREFU48/fmap/sub-7755697_ses-PREFU48_run-003_phasediff.nii.gz",
      "ses-PREFU48/anat/sub-7755697_ses-PREFU48_run-001_FLAIR.nii.gz",
      "ses-PREFU48/anat/sub-7755697_ses-PREFU48_run-001_T1w.nii.gz",
      "ses-PREFU48/func/sub-7755697_ses-PREFU48_task-retrieval_run-001_bold.nii.gz",
      "ses-PREFU48/func/sub-7755697_ses-PREFU48_task-rest_run-001_bold.nii.gz",
      "ses-PREFU48/fmap/sub-7755697_ses-PREFU48_run-002_phasediff.nii.gz",
      "ses-PREFU48/func/sub-7755697_ses-PREFU48_task-encoding_run-001_bold.nii.gz",
      "ses-PREFU48/fmap/sub-7755697_ses-PREFU48_run-004_phasediff.nii.gz",
      "ses-PREFU48/fmap/sub-7755697_ses-PREFU48_run-001_phasediff.nii.gz",
      "ses-PREFU48/fmap/sub-7755697_ses-PREFU48_run-005_phasediff.nii.gz",
      "ses-PREFU48/dwi/sub-7755697_ses-PREFU48_run-001_dwi.nii.gz",
      "ses-PREFU48/asl/sub-7755697_ses-PREFU48_run-001_asl.nii.gz",
      "ses-PREFU48/anat/sub-7755697_ses-PREFU48_run-001_T2star.nii.gz",
      "ses-PREFU48/func/sub-7755697_ses-PREFU48_task-rest_run-002_bold.nii.gz"
    ],
    "InversionTime": 0.9,
    "MRAcquisitionType": "3D ",
    "MagneticFieldStrength": 3,
    "Manufacturer": "SIEMENS  ",
    "ManufacturerModelName": "TrioTim  ",
    "Modality": "MRI__ ",
    "PatientPosition": "HFS  ",
    "PercentPhaseFOV": 93.75,
    "PhaseEncodingSteps": 239,
    "PixelBandwidth": 238,
    "ProtocolName": "MPRAGE ADNI_iPAT2  ",
    "PulseSequenceType": "*tfl3d1_ns ",
    "ReceiveCoilName": "HeadMatrixix\\\\ ",
    "RepetitionTime": 2.3,
    "SAR": 0.08234394864874,
    "ScanningSequence": "GR\\\\IR  ",
    "SequenceName": "*tfl3d1_ns ",
    "SequenceVariant": "SP\\\\MP  ",
    "SeriesDescription": "MPRAGE ADNI_iPAT2  ",
    "SeriesNumber": 17,
    "SliceOrder": "interleaved ",
    "SliceThickness": 1,
    "SliceTiming": null,
    "SoftwareVersions": "syngo MR B17 ",
    "dataset": "<unset>",
    "modality": "T1w",
    "run_id": 2,
    "session_id": "PREFU48",
    "subject_id": "7755697"
  },
  "cjv": 0.4081948244547109,
  "cnr": 3.2784436216896986,
  "efc": 0.6018508959693083,
  "fber": 117.07540893554688,
  "fwhm_avg": 3.1855100000000003,
  "fwhm_x": 3.26732,
  "fwhm_y": 3.31632,
  "fwhm_z": 2.97289,
  "icvs_csf": 0.20465948990358498,
  "icvs_gm": 0.41947205926315145,
  "icvs_wm": 0.3758684508332636,
  "inu_med": 1.3544344902038574,
  "inu_range": 0.4215749204158783,
  "provenance": {
    "md5sum": "f9a840b8f93b74e379508af35352469f",
    "settings": {
      "testing": false
    },
    "software": "mriqc",
    "version": "0.16.1",
    "warnings": {
      "large_rot_frame": true,
      "small_air_mask": false
    },
    "webapi_port": null,
    "webapi_url": "https://mriqc.nimh.nih.gov/api/v1"
  },
  "qi_1": 5.4967454686204544e-05,
  "qi_2": 0.004295762342389934,
  "rpve_csf": 29.370416028865076,
  "rpve_gm": 14.700748109072734,
  "rpve_wm": 19.37603310257252,
  "size_x": 176,
  "size_y": 240,
  "size_z": 256,
  "snr_csf": 2.8081898313247136,
  "snr_gm": 9.97548953188273,
  "snr_total": 9.793726841908429,
  "snr_wm": 16.597501162517844,
  "snrd_csf": 11.689489288510003,
  "snrd_gm": 24.439817490135063,
  "snrd_total": 23.84107493178452,
  "snrd_wm": 35.39391801670849,
  "spacing_x": 1.0,
  "spacing_y": 1.0,
  "spacing_z": 1.0,
  "summary_bg_k": 1463.9449268083292,
  "summary_bg_mad": 18.509820181624818,
  "summary_bg_mean": 62.25214767456055,
  "summary_bg_median": 60.75637435913086,
  "summary_bg_n": 3265655.0,
  "summary_bg_p05": 33.765250015258786,
  "summary_bg_p95": 95.30352783203122,
  "summary_bg_stdv": 22.15038299560547,
  "summary_csf_k": -0.08985970577985247,
  "summary_csf_mad": 124.07910771129798,
  "summary_csf_mean": 349.55047607421875,
  "summary_csf_median": 330.26763916015625,
  "summary_csf_n": 11724.0,
  "summary_csf_p05": 186.20971755981444,
  "summary_csf_p95": 560.3810699462891,
  "summary_csf_stdv": 117.60371398925781,
  "summary_gm_k": 0.1066843124800263,
  "summary_gm_mad": 68.24476649857311,
  "summary_gm_mean": 689.7061157226562,
  "summary_gm_median": 690.507568359375,
  "summary_gm_n": 10222.0,
  "summary_gm_p05": 574.1851501464844,
  "summary_gm_p95": 803.1539642333984,
  "summary_gm_stdv": 69.21703338623047,
  "summary_wm_k": 0.28105479056934213,
  "summary_wm_mad": 58.08762013528201,
  "summary_wm_mean": 1000.396484375,
  "summary_wm_median": 999.9979858398438,
  "summary_wm_n": 168191.0,
  "summary_wm_p05": 902.0828247070312,
  "summary_wm_p95": 1100.3043823242188,
  "summary_wm_stdv": 60.249732971191406,
  "tpm_overlap_csf": 0.1606013923883438,
  "tpm_overlap_gm": 0.42579761147499084,
  "tpm_overlap_wm": 0.49397414922714233,
  "wm2max": 0.4900971383736914
}