{
  "bids_meta": {
    "AcquisitionNumber": 1,
    "DeviceSerialNumber": "35442  ",
    "EchoNumber": 1,
    "EchoTime": 0.00298,
    "FlipAngle": 9,
    "ImageOrientationPatientDICOM": [
      "-0.0189671433631",
      "0.99982004661935",
      "-0.0003490712295",
      "0.00296415615068",
      "-0.0002929008148",
      "-0.9999955639839  "
    ],
    "ImageType": [
      "ORIGINAL",
      "PRIMARY",
      "M",
      "ND",
      "NORM "
    ],
    "ImagingFrequency": 123.247088,
    "InPlanePhaseEncodingDirectionDICOM": "ROW  ",
    "IntendedFor": [
      "ses-PREEN00/fmap/sub-1004359_ses-PREEN00_run-002_phasediff.nii.gz",
      "ses-PREEN00/fmap/sub-1004359_ses-PREEN00_run-001_phasediff.nii.gz",
      "ses-PREEN00/anat/sub-1004359_ses-PREEN00_run-001_FLAIR.nii.gz",
      "ses-PREEN00/dwi/sub-1004359_ses-PREEN00_run-001_dwi.nii.gz"
    ],
    "InversionTime": 0.9,
    "MRAcquisitionType": "3D ",
    "MagneticFieldStrength": 3,
    "Manufacturer": "SIEMENS  ",
    "ManufacturerModelName": "TrioTim  ",
    "Modality": "MRI__ ",
    "PatientPosition": "HFS  ",
    "PercentPhaseFOV": 93.75,
    "PhaseEncodingSteps": 239,
    "PixelBandwidth": 238,
    "ProtocolName": "MPRAGE ADNI_iPAT2  ",
    "PulseSequenceType": "*tfl3d1_ns ",
    "ReceiveCoilName": "HeadMatrixix\\\\ ",
    "RepetitionTime": 2.3,
    "SAR": 0.10635782107456,
    "ScanningSequence": "GR\\\\IR  ",
    "SequenceName": "*tfl3d1_ns ",
    "SequenceVariant": "SP\\\\MP  ",
    "SeriesDescription": "MPRAGE ADNI_iPAT2  ",
    "SeriesNumber": 4,
    "SliceOrder": "interleaved ",
    "SliceThickness": 1,
    "SliceTiming": null,
    "SoftwareVersions": "syngo MR B17 ",
    "dataset": "<unset>",
    "modality": "T1w",
    "run_id": 1,
    "session_id": "PREEN00",
    "subject_id": "1004359"
  },
  "cjv": 0.4221522409277574,
  "cnr": 3.2015580015458855,
  "efc": 0.5906752469611071,
  "fber": 133.0127410888672,
  "fwhm_avg": 3.1824600000000003,
  "fwhm_x": 3.27678,
  "fwhm_y": 3.2963,
  "fwhm_z": 2.9743,
  "icvs_csf": 0.19843255522778744,
  "icvs_gm": 0.41854194451928983,
  "icvs_wm": 0.38302550025292276,
  "inu_med": 1.432740330696106,
  "inu_range": 0.47278788685798645,
  "provenance": {
    "md5sum": "7a1199ac20c314009c359f2fe863cd21",
    "settings": {
      "testing": false
    },
    "software": "mriqc",
    "version": "0.16.1",
    "warnings": {
      "large_rot_frame": false,
      "small_air_mask": false
    },
    "webapi_port": null,
    "webapi_url": "https://mriqc.nimh.nih.gov/api/v1"
  },
  "qi_1": 5.426721708567938e-05,
  "qi_2": 0.006145274581575406,
  "rpve_csf": 31.467399102219854,
  "rpve_gm": 15.501282135005116,
  "rpve_wm": 20.101259359153968,
  "size_x": 176,
  "size_y": 240,
  "size_z": 256,
  "snr_csf": 2.8151325681975625,
  "snr_gm": 9.400531642652485,
  "snr_total": 9.539509279695123,
  "snr_wm": 16.40286362823532,
  "snrd_csf": 11.833289801512246,
  "snrd_gm": 25.08226869442882,
  "snrd_total": 24.469059706944446,
  "snrd_wm": 36.49162062489227,
  "spacing_x": 1.0,
  "spacing_y": 1.0,
  "spacing_z": 1.0,
  "summary_bg_k": 1594.6644904423192,
  "summary_bg_mad": 17.953012964926764,
  "summary_bg_mean": 57.615562438964844,
  "summary_bg_median": 55.724273681640625,
  "summary_bg_n": 3175465.0,
  "summary_bg_p05": 30.095394515991213,
  "summary_bg_p95": 90.41178131103513,
  "summary_bg_stdv": 21.786169052124023,
  "summary_csf_k": -0.020361192909133408,
  "summary_csf_mad": 122.63491886204017,
  "summary_csf_mean": 344.9347229003906,
  "summary_csf_median": 324.27325439453125,
  "summary_csf_n": 13390.0,
  "summary_csf_p05": 185.37263641357424,
  "summary_csf_p95": 544.3743225097656,
  "summary_csf_stdv": 115.1850357055664,
  "summary_gm_k": 0.041306917869027515,
  "summary_gm_mad": 72.98146521845632,
  "summary_gm_mean": 687.1195678710938,
  "summary_gm_median": 687.34130859375,
  "summary_gm_n": 10986.0,
  "summary_gm_p05": 566.1769866943359,
  "summary_gm_p95": 807.2932281494141,
  "summary_gm_stdv": 73.11395263671875,
  "summary_wm_k": 0.2802474963704946,
  "summary_wm_mad": 59.0069167623449,
  "summary_wm_mean": 1000.1222534179688,
  "summary_wm_median": 999.9971923828125,
  "summary_wm_n": 167161.0,
  "summary_wm_p05": 900.3429565429688,
  "summary_wm_p95": 1100.68359375,
  "summary_wm_stdv": 60.9646110534668,
  "tpm_overlap_csf": 0.1815466582775116,
  "tpm_overlap_gm": 0.43439963459968567,
  "tpm_overlap_wm": 0.5055649876594543,
  "wm2max": 0.5047777358080104
}