{
  "bids_meta": {
    "AcquisitionNumber": 1,
    "DeviceSerialNumber": "35442  ",
    "EchoNumber": 1,
    "EchoTime": 0.00298,
    "FlipAngle": 9,
    "ImageOrientationPatientDICOM": [
      "-0.0891460787976",
      "0.98967234525737",
      "0.11225696266958",
      "0.05344354639797",
      "0.11729618106886",
      "-0.9916579013224  "
    ],
    "ImageType": [
      "ORIGINAL",
      "PRIMARY",
      "M",
      "ND",
      "NORM "
    ],
    "ImagingFrequency": 123.251458,
    "InPlanePhaseEncodingDirectionDICOM": "ROW  ",
    "IntendedFor": [
      "ses-NAPFU36/fmap/sub-4487709_ses-NAPFU36_run-005_phasediff.nii.gz",
      "ses-NAPFU36/anat/sub-4487709_ses-NAPFU36_run-001_T2star.nii.gz",
      "ses-NAPFU36/anat/sub-4487709_ses-NAPFU36_run-002_T1w.nii.gz",
      "ses-NAPFU36/fmap/sub-4487709_ses-NAPFU36_run-002_phasediff.nii.gz",
      "ses-NAPFU36/func/sub-4487709_ses-NAPFU36_task-rest_run-002_bold.nii.gz",
      "ses-NAPFU36/asl/sub-4487709_ses-NAPFU36_run-001_asl.nii.gz",
      "ses-NAPFU36/func/sub-4487709_ses-NAPFU36_task-rest_run-001_bold.nii.gz",
      "ses-NAPFU36/dwi/sub-4487709_ses-NAPFU36_run-001_dwi.nii.gz",
      "ses-NAPFU36/anat/sub-4487709_ses-NAPFU36_run-001_FLAIR.nii.gz",
      "ses-NAPFU36/fmap/sub-4487709_ses-NAPFU36_run-001_phasediff.nii.gz",
      "ses-NAPFU36/fmap/sub-4487709_ses-NAPFU36_run-003_phasediff.nii.gz",
      "ses-NAPFU36/fmap/sub-4487709_ses-NAPFU36_run-004_phasediff.nii.gz"
    ],
    "InversionTime": 0.9,
    "MRAcquisitionType": "3D ",
    "MagneticFieldStrength": 3,
    "Manufacturer": "SIEMENS  ",
    "ManufacturerModelName": "TrioTim  ",
    "Modality": "MRI__ ",
    "PatientPosition": "HFS  ",
    "PercentPhaseFOV": 93.75,
    "PhaseEncodingSteps": 239,
    "PixelBandwidth": 238,
    "ProtocolName": "MPRAGE ADNI_iPAT2  ",
    "PulseSequenceType": "*tfl3d1_ns ",
    "ReceiveCoilName": "HeadMatrixix\\\\ ",
    "RepetitionTime": 2.3,
    "SAR": 0.07593358679876,
    "ScanningSequence": "GR\\\\IR  ",
    "SequenceName": "*tfl3d1_ns ",
    "SequenceVariant": "SP\\\\MP  ",
    "SeriesDescription": "MPRAGE ADNI_iPAT2  ",
    "SeriesNumber": 5,
    "SliceOrder": "interleaved ",
    "SliceThickness": 1,
    "SliceTiming": null,
    "SoftwareVersions": "syngo MR B17 ",
    "dataset": "<unset>",
    "modality": "T1w",
    "run_id": 1,
    "session_id": "NAPFU36",
    "subject_id": "4487709"
  },
  "cjv": 0.39321452863161466,
  "cnr": 3.4261339344412,
  "efc": 0.6192817986715532,
  "fber": 113.13858795166016,
  "fwhm_avg": 3.2598133333333332,
  "fwhm_x": 3.29596,
  "fwhm_y": 3.39395,
  "fwhm_z": 3.08953,
  "icvs_csf": 0.2197583157866542,
  "icvs_gm": 0.4009409801055065,
  "icvs_wm": 0.37930070410783934,
  "inu_med": 1.3306059837341309,
  "inu_range": 0.3484456062316892,
  "provenance": {
    "md5sum": "bb8cb8d62375e653806d778e83053b29",
    "settings": {
      "testing": false
    },
    "software": "mriqc",
    "version": "0.16.1",
    "warnings": {
      "large_rot_frame": true,
      "small_air_mask": false
    },
    "webapi_port": null,
    "webapi_url": "https://mriqc.nimh.nih.gov/api/v1"
  },
  "qi_1": 0.0,
  "qi_2": 0.005016735439802934,
  "rpve_csf": 25.184310036641037,
  "rpve_gm": 13.709925617008585,
  "rpve_wm": 17.461016883009187,
  "size_x": 176,
  "size_y": 240,
  "size_z": 256,
  "snr_csf": 2.992932767331219,
  "snr_gm": 8.465721083931706,
  "snr_total": 9.387523125450246,
  "snr_wm": 16.70391552508781,
  "snrd_csf": 11.371294602424085,
  "snrd_gm": 25.34659854422647,
  "snrd_total": 25.0699881140964,
  "snrd_wm": 38.49207119563864,
  "spacing_x": 1.0,
  "spacing_y": 1.0,
  "spacing_z": 1.0,
  "summary_bg_k": 0.4879358231856563,
  "summary_bg_mad": 17.020012628545942,
  "summary_bg_mean": 55.907039642333984,
  "summary_bg_median": 54.639766693115234,
  "summary_bg_n": 2681127.0,
  "summary_bg_p05": 29.459414672851565,
  "summary_bg_p95": 86.44873428344725,
  "summary_bg_stdv": 17.38715934753418,
  "summary_csf_k": 0.4789927397488114,
  "summary_csf_mad": 92.26348348168385,
  "summary_csf_mean": 312.2832336425781,
  "summary_csf_median": 295.41876220703125,
  "summary_csf_n": 28229.0,
  "summary_csf_p05": 178.35944213867185,
  "summary_csf_p95": 497.48964843749997,
  "summary_csf_stdv": 98.70369720458984,
  "summary_gm_k": 0.08340124645865643,
  "summary_gm_mad": 76.70448534631683,
  "summary_gm_mean": 656.2664184570312,
  "summary_gm_median": 658.4879760742188,
  "summary_gm_n": 8855.0,
  "summary_gm_p05": 522.2068237304687,
  "summary_gm_p95": 778.1059082031248,
  "summary_gm_stdv": 77.7784652709961,
  "summary_wm_k": 0.3096359698335953,
  "summary_wm_mad": 57.58250016557387,
  "summary_wm_mean": 999.7518920898438,
  "summary_wm_median": 999.9987182617188,
  "summary_wm_n": 183165.0,
  "summary_wm_p05": 900.8334594726563,
  "summary_wm_p95": 1097.7593994140625,
  "summary_wm_stdv": 59.865962982177734,
  "tpm_overlap_csf": 0.14699465036392212,
  "tpm_overlap_gm": 0.40453213453292847,
  "tpm_overlap_wm": 0.4664002060890198,
  "wm2max": 0.5590232192703422
}