{
  "bids_meta": {
    "AcquisitionNumber": 1,
    "DeviceSerialNumber": "35442  ",
    "EchoNumber": 1,
    "EchoTime": 0.00298,
    "FlipAngle": 9,
    "ImageOrientationPatientDICOM": [
      "0.02443206601632",
      "0.98230936896085",
      "0.18566469185582",
      "5.866909357e-006",
      "0.18571998981147",
      "-0.9826027098222  "
    ],
    "ImageType": [
      "ORIGINAL",
      "PRIMARY",
      "M",
      "ND",
      "NORM "
    ],
    "ImagingFrequency": 123.247079,
    "InPlanePhaseEncodingDirectionDICOM": "ROW  ",
    "IntendedFor": [
      "ses-PREEN00/anat/sub-7184313_ses-PREEN00_run-001_FLAIR.nii.gz",
      "ses-PREEN00/dwi/sub-7184313_ses-PREEN00_run-001_dwi.nii.gz",
      "ses-PREEN00/fmap/sub-7184313_ses-PREEN00_run-002_phasediff.nii.gz",
      "ses-PREEN00/fmap/sub-7184313_ses-PREEN00_run-001_phasediff.nii.gz"
    ],
    "InversionTime": 0.9,
    "MRAcquisitionType": "3D ",
    "MagneticFieldStrength": 3,
    "Manufacturer": "SIEMENS  ",
    "ManufacturerModelName": "TrioTim  ",
    "Modality": "MRI__ ",
    "PatientPosition": "HFS  ",
    "PercentPhaseFOV": 93.75,
    "PhaseEncodingSteps": 239,
    "PixelBandwidth": 238,
    "ProtocolName": "MPRAGE ADNI_iPAT2  ",
    "PulseSequenceType": "*tfl3d1_ns ",
    "ReceiveCoilName": "HeadMatrixix\\\\ ",
    "RepetitionTime": 2.3,
    "SAR": 0.09531541189556,
    "ScanningSequence": "GR\\\\IR  ",
    "SequenceName": "*tfl3d1_ns ",
    "SequenceVariant": "SP\\\\MP  ",
    "SeriesDescription": "MPRAGE ADNI_iPAT2  ",
    "SeriesNumber": 4,
    "SliceOrder": "interleaved ",
    "SliceThickness": 1,
    "SliceTiming": null,
    "SoftwareVersions": "syngo MR B17 ",
    "dataset": "<unset>",
    "modality": "T1w",
    "run_id": 1,
    "session_id": "PREEN00",
    "subject_id": "7184313"
  },
  "cjv": 0.41548686163658705,
  "cnr": 3.2028734242297903,
  "efc": 0.6422408128812783,
  "fber": 93.7214584350586,
  "fwhm_avg": 3.23817,
  "fwhm_x": 3.2351,
  "fwhm_y": 3.41693,
  "fwhm_z": 3.06248,
  "icvs_csf": 0.20823103414015337,
  "icvs_gm": 0.4196472210733716,
  "icvs_wm": 0.3721217447864751,
  "inu_med": 1.296861171722412,
  "inu_range": 0.45675173997879037,
  "provenance": {
    "md5sum": "02cd34369a453eec3519286e3c19ecd3",
    "settings": {
      "testing": false
    },
    "software": "mriqc",
    "version": "0.16.1",
    "warnings": {
      "large_rot_frame": true,
      "small_air_mask": false
    },
    "webapi_port": null,
    "webapi_url": "https://mriqc.nimh.nih.gov/api/v1"
  },
  "qi_1": 0.0,
  "qi_2": 0.004484420994723424,
  "rpve_csf": 24.131004671268215,
  "rpve_gm": 12.100168007620589,
  "rpve_wm": 15.90540891247833,
  "size_x": 176,
  "size_y": 240,
  "size_z": 256,
  "snr_csf": 2.961588694029744,
  "snr_gm": 8.986830414954659,
  "snr_total": 9.17525972632401,
  "snr_wm": 15.57736006998763,
  "snrd_csf": 9.645182656623264,
  "snrd_gm": 21.66792515389785,
  "snrd_total": 21.20148482608316,
  "snrd_wm": 32.29134666772836,
  "spacing_x": 1.0,
  "spacing_y": 1.0,
  "spacing_z": 1.0,
  "summary_bg_k": 2844.9848484288177,
  "summary_bg_mad": 20.28811824588744,
  "summary_bg_mean": 67.01446533203125,
  "summary_bg_median": 65.27668762207031,
  "summary_bg_n": 2252788.0,
  "summary_bg_p05": 35.63740177154541,
  "summary_bg_p95": 103.19900588989258,
  "summary_bg_stdv": 29.23967170715332,
  "summary_csf_k": 0.9262574625785462,
  "summary_csf_mad": 94.11162352133528,
  "summary_csf_mean": 311.4328918457031,
  "summary_csf_median": 298.68988037109375,
  "summary_csf_n": 19568.0,
  "summary_csf_p05": 169.96724472045898,
  "summary_csf_p95": 497.25912322998045,
  "summary_csf_stdv": 100.85203552246094,
  "summary_gm_k": -0.034919139844735714,
  "summary_gm_mad": 75.1006253780067,
  "summary_gm_mean": 670.28955078125,
  "summary_gm_median": 671.0075073242188,
  "summary_gm_n": 11079.0,
  "summary_gm_p05": 545.6076843261719,
  "summary_gm_p95": 792.1342346191406,
  "summary_gm_stdv": 74.66227722167969,
  "summary_wm_k": 0.3675147973673827,
  "summary_wm_mad": 61.58780652516218,
  "summary_wm_mean": 1000.9854125976562,
  "summary_wm_median": 999.9912719726562,
  "summary_wm_n": 180773.0,
  "summary_wm_p05": 897.3586059570314,
  "summary_wm_p95": 1107.711376953125,
  "summary_wm_stdv": 64.19499206542969,
  "tpm_overlap_csf": 0.16571679711341858,
  "tpm_overlap_gm": 0.41947171092033386,
  "tpm_overlap_wm": 0.4598039984703064,
  "wm2max": 0.4877911308026524
}