{
  "bids_meta": {
    "AcquisitionNumber": 1,
    "DeviceSerialNumber": "35442  ",
    "EchoNumber": 1,
    "EchoTime": 0.00298,
    "FlipAngle": 9,
    "ImageOrientationPatientDICOM": [
      "0.05897143631394",
      "0.98969723661768",
      "-0.1304674270859",
      "0.02243968246987",
      "-0.131976092319",
      "-0.9909988757344 "
    ],
    "ImageType": [
      "ORIGINAL",
      "PRIMARY",
      "M",
      "ND",
      "NORM "
    ],
    "ImagingFrequency": 123.246932,
    "InPlanePhaseEncodingDirectionDICOM": "ROW  ",
    "IntendedFor": [
      "ses-PREFU24/fmap/sub-3165520_ses-PREFU24_run-004_phasediff.nii.gz",
      "ses-PREFU24/anat/sub-3165520_ses-PREFU24_run-001_FLAIR.nii.gz",
      "ses-PREFU24/dwi/sub-3165520_ses-PREFU24_run-001_dwi.nii.gz",
      "ses-PREFU24/fmap/sub-3165520_ses-PREFU24_run-005_phasediff.nii.gz"
    ],
    "InversionTime": 0.9,
    "MRAcquisitionType": "3D ",
    "MagneticFieldStrength": 3,
    "Manufacturer": "SIEMENS  ",
    "ManufacturerModelName": "TrioTim  ",
    "Modality": "MRI__ ",
    "PatientPosition": "HFS  ",
    "PercentPhaseFOV": 93.75,
    "PhaseEncodingSteps": 239,
    "PixelBandwidth": 238,
    "ProtocolName": "MPRAGE ADNI_iPAT2  ",
    "PulseSequenceType": "*tfl3d1_ns ",
    "ReceiveCoilName": "HeadMatrixix\\\\ ",
    "RepetitionTime": 2.3,
    "SAR": 0.082948113443,
    "ScanningSequence": "GR\\\\IR  ",
    "SequenceName": "*tfl3d1_ns ",
    "SequenceVariant": "SP\\\\MP  ",
    "SeriesDescription": "MPRAGE ADNI_iPAT2  ",
    "SeriesNumber": 20,
    "SliceOrder": "interleaved ",
    "SliceThickness": 1,
    "SliceTiming": null,
    "SoftwareVersions": "syngo MR B17 ",
    "dataset": "<unset>",
    "modality": "T1w",
    "run_id": 2,
    "session_id": "PREFU24",
    "subject_id": "3165520"
  },
  "cjv": 0.5088951711614976,
  "cnr": 2.4622324276711467,
  "efc": 0.6552350021590778,
  "fber": 101.2881088256836,
  "fwhm_avg": 2.7675733333333334,
  "fwhm_x": 2.82904,
  "fwhm_y": 2.75002,
  "fwhm_z": 2.72366,
  "icvs_csf": 0.20431926115732518,
  "icvs_gm": 0.4281283512249774,
  "icvs_wm": 0.36755238761769743,
  "inu_med": 1.2178266048431396,
  "inu_range": 0.3718488812446594,
  "provenance": {
    "md5sum": "eaffc2076b8a1d308f511bc04c0859a5",
    "settings": {
      "testing": false
    },
    "software": "mriqc",
    "version": "0.16.1",
    "warnings": {
      "large_rot_frame": true,
      "small_air_mask": false
    },
    "webapi_port": null,
    "webapi_url": "https://mriqc.nimh.nih.gov/api/v1"
  },
  "qi_1": 0.011528887724354776,
  "qi_2": 0.0008020550607669959,
  "rpve_csf": 26.800885783327224,
  "rpve_gm": 12.840064523118778,
  "rpve_wm": 16.867764501658073,
  "size_x": 176,
  "size_y": 240,
  "size_z": 256,
  "snr_csf": 0.8023453525016316,
  "snr_gm": 7.632272111594817,
  "snr_total": 7.003088522792261,
  "snr_wm": 12.574648104280332,
  "snrd_csf": 10.06870839249124,
  "snrd_gm": 22.005203184223895,
  "snrd_total": 21.50359962648342,
  "snrd_wm": 32.43688730273513,
  "spacing_x": 1.0,
  "spacing_y": 1.0,
  "spacing_z": 1.0,
  "summary_bg_k": 219.23532672365957,
  "summary_bg_mad": 20.19732198117839,
  "summary_bg_mean": 69.96121215820312,
  "summary_bg_median": 64.53868865966797,
  "summary_bg_n": 2760145.0,
  "summary_bg_p05": 35.652062225341794,
  "summary_bg_p95": 105.39969635009766,
  "summary_bg_stdv": 53.2488899230957,
  "summary_csf_k": 5.973133248018776,
  "summary_csf_mad": 99.27661547243108,
  "summary_csf_mean": 439.7807312011719,
  "summary_csf_median": 310.41009521484375,
  "summary_csf_n": 29790.0,
  "summary_csf_p05": 184.61191177368164,
  "summary_csf_p95": 1529.293566894531,
  "summary_csf_stdv": 386.8719177246094,
  "summary_gm_k": -0.004531318323514277,
  "summary_gm_mad": 88.85184239641842,
  "summary_gm_mean": 679.301025390625,
  "summary_gm_median": 678.4025268554688,
  "summary_gm_n": 13822.0,
  "summary_gm_p05": 535.4438598632813,
  "summary_gm_p95": 826.7282592773437,
  "summary_gm_stdv": 88.8828353881836,
  "summary_wm_k": 0.4916403466353678,
  "summary_wm_mad": 74.80901858789841,
  "summary_wm_mean": 1004.6937255859375,
  "summary_wm_median": 1000.0028686523438,
  "summary_wm_n": 156668.0,
  "summary_wm_p05": 883.0354248046875,
  "summary_wm_p95": 1143.9969421386718,
  "summary_wm_stdv": 79.52506256103516,
  "tpm_overlap_csf": 0.13347488641738892,
  "tpm_overlap_gm": 0.36821186542510986,
  "tpm_overlap_wm": 0.42733973264694214,
  "wm2max": 0.5062531612109519
}