{
  "bids_meta": {
    "AcquisitionNumber": 1,
    "DeviceSerialNumber": "35442  ",
    "EchoNumber": 1,
    "EchoTime": 0.00298,
    "FlipAngle": 9,
    "ImageOrientationPatientDICOM": [
      "0.03749239688147",
      "0.99929685199483",
      "-0.0003489545996",
      "-0.0228194207123",
      "0.00050704761946",
      "-0.9997394745338  "
    ],
    "ImageType": [
      "ORIGINAL",
      "PRIMARY",
      "M",
      "ND",
      "NORM "
    ],
    "ImagingFrequency": 123.251133,
    "InPlanePhaseEncodingDirectionDICOM": "ROW  ",
    "InversionTime": 0.9,
    "MRAcquisitionType": "3D ",
    "MagneticFieldStrength": 3,
    "Manufacturer": "SIEMENS  ",
    "ManufacturerModelName": "TrioTim  ",
    "Modality": "MRI__ ",
    "PatientPosition": "HFS  ",
    "PercentPhaseFOV": 93.75,
    "PhaseEncodingSteps": 239,
    "PixelBandwidth": 238,
    "ProtocolName": "MPRAGE ADNI_iPAT2  ",
    "PulseSequenceType": "*tfl3d1_ns ",
    "ReceiveCoilName": "32Ch_Headad\\\\  ",
    "RepetitionTime": 2.3,
    "SAR": 0.09492084301772,
    "ScanningSequence": "GR\\\\IR  ",
    "SequenceName": "*tfl3d1_ns ",
    "SequenceVariant": "SP\\\\MP  ",
    "SeriesDescription": "MPRAGE ADNI_iPAT2  ",
    "SeriesNumber": 4,
    "SliceOrder": "interleaved ",
    "SliceThickness": 1,
    "SliceTiming": null,
    "SoftwareVersions": "syngo MR B17 ",
    "dataset": "<unset>",
    "modality": "T1w",
    "run_id": 1,
    "session_id": "PREEN00",
    "subject_id": "7863306"
  },
  "cjv": 0.4905171188133248,
  "cnr": 2.623895140071896,
  "efc": 0.6203718730911015,
  "fber": 185.7531280517578,
  "fwhm_avg": 3.1082466666666666,
  "fwhm_x": 3.13627,
  "fwhm_y": 3.13396,
  "fwhm_z": 3.05451,
  "icvs_csf": 0.21820952190626725,
  "icvs_gm": 0.3922703890210688,
  "icvs_wm": 0.38952008907266394,
  "inu_med": 1.6455104351043701,
  "inu_range": 0.4857004463672634,
  "provenance": {
    "md5sum": "c5684f1f78e531d18ad742e1220fb844",
    "settings": {
      "testing": false
    },
    "software": "mriqc",
    "version": "0.16.1",
    "warnings": {
      "large_rot_frame": true,
      "small_air_mask": false
    },
    "webapi_port": null,
    "webapi_url": "https://mriqc.nimh.nih.gov/api/v1"
  },
  "qi_1": 6.745735968869185e-05,
  "qi_2": 0.002056177909305809,
  "rpve_csf": 24.385592440744567,
  "rpve_gm": 13.34063305738139,
  "rpve_wm": 16.08616498849144,
  "size_x": 176,
  "size_y": 240,
  "size_z": 256,
  "snr_csf": 1.2776701440157574,
  "snr_gm": 8.755893287664897,
  "snr_total": 8.061261646999164,
  "snr_wm": 14.150221509316836,
  "snrd_csf": 17.655036405026138,
  "snrd_gm": 36.93394975325271,
  "snrd_total": 35.55829898935766,
  "snrd_wm": 52.08591080979413,
  "spacing_x": 1.0,
  "spacing_y": 1.0,
  "spacing_z": 1.0,
  "summary_bg_k": 27.761684445383896,
  "summary_bg_mad": 12.57853184957561,
  "summary_bg_mean": 43.87399673461914,
  "summary_bg_median": 38.840431213378906,
  "summary_bg_n": 3078147.0,
  "summary_bg_p05": 17.68409595489502,
  "summary_bg_p95": 89.08108062744138,
  "summary_bg_stdv": 27.19375228881836,
  "summary_csf_k": 22.347766874468924,
  "summary_csf_mad": 119.10071922088554,
  "summary_csf_mean": 391.20159912109375,
  "summary_csf_median": 338.974365234375,
  "summary_csf_n": 24870.0,
  "summary_csf_p05": 185.8852569580078,
  "summary_csf_p95": 644.1391906738281,
  "summary_csf_stdv": 265.3013000488281,
  "summary_gm_k": 0.6135082399419161,
  "summary_gm_mad": 78.04013041132798,
  "summary_gm_mean": 710.7225341796875,
  "summary_gm_median": 709.126953125,
  "summary_gm_n": 8191.0,
  "summary_gm_p05": 579.6435241699219,
  "summary_gm_p95": 844.7105102539062,
  "summary_gm_stdv": 80.98358917236328,
  "summary_wm_k": 1.205283381229255,
  "summary_wm_mad": 64.65897575696526,
  "summary_wm_mean": 1005.6298217773438,
  "summary_wm_median": 1000.0426025390625,
  "summary_wm_n": 189145.0,
  "summary_wm_p05": 900.4800170898438,
  "summary_wm_p95": 1129.2466308593748,
  "summary_wm_stdv": 70.673095703125,
  "tpm_overlap_csf": 0.14539343118667603,
  "tpm_overlap_gm": 0.3975260555744171,
  "tpm_overlap_wm": 0.4793643653392792,
  "wm2max": 0.44602610623950817
}