{
  "bids_meta": {
    "AcquisitionNumber": 1,
    "DeviceSerialNumber": "35442  ",
    "EchoNumber": 1,
    "EchoTime": 0.00298,
    "FlipAngle": 9,
    "ImageOrientationPatientDICOM": [
      "-0.0105681615411",
      "0.99429111458626",
      "0.10617670844616",
      "0.03964780929178",
      "0.10651579812379",
      "-0.9935202242372  "
    ],
    "ImageType": [
      "ORIGINAL",
      "PRIMARY",
      "M",
      "ND",
      "NORM "
    ],
    "ImagingFrequency": 123.251445,
    "InPlanePhaseEncodingDirectionDICOM": "ROW  ",
    "IntendedFor": [
      "ses-PREFU12/func/sub-5360989_ses-PREFU12_task-rest_run-002_bold.nii.gz",
      "ses-PREFU12/anat/sub-5360989_ses-PREFU12_run-002_T2star.nii.gz",
      "ses-PREFU12/func/sub-5360989_ses-PREFU12_task-rest_run-001_bold.nii.gz",
      "ses-PREFU12/anat/sub-5360989_ses-PREFU12_run-001_T2star.nii.gz",
      "ses-PREFU12/fmap/sub-5360989_ses-PREFU12_run-002_phasediff.nii.gz",
      "ses-PREFU12/fmap/sub-5360989_ses-PREFU12_run-001_phasediff.nii.gz",
      "ses-PREFU12/func/sub-5360989_ses-PREFU12_task-encoding_run-001_bold.nii.gz",
      "ses-PREFU12/asl/sub-5360989_ses-PREFU12_run-001_asl.nii.gz",
      "ses-PREFU12/func/sub-5360989_ses-PREFU12_task-retrieval_run-001_bold.nii.gz",
      "ses-PREFU12/anat/sub-5360989_ses-PREFU12_run-001_T1w.nii.gz",
      "ses-PREFU12/fmap/sub-5360989_ses-PREFU12_run-003_phasediff.nii.gz"
    ],
    "InversionTime": 0.9,
    "MRAcquisitionType": "3D ",
    "MagneticFieldStrength": 3,
    "Manufacturer": "SIEMENS  ",
    "ManufacturerModelName": "TrioTim  ",
    "Modality": "MRI__ ",
    "PatientPosition": "HFS  ",
    "PercentPhaseFOV": 93.75,
    "PhaseEncodingSteps": 239,
    "PixelBandwidth": 238,
    "ProtocolName": "MPRAGE ADNI_iPAT2  ",
    "PulseSequenceType": "*tfl3d1_ns ",
    "ReceiveCoilName": "HeadMatrixix\\\\ ",
    "RepetitionTime": 2.3,
    "SAR": 0.08832142337524,
    "ScanningSequence": "GR\\\\IR  ",
    "SequenceName": "*tfl3d1_ns ",
    "SequenceVariant": "SP\\\\MP  ",
    "SeriesDescription": "MPRAGE ADNI_iPAT2  ",
    "SeriesNumber": 14,
    "SliceOrder": "interleaved ",
    "SliceThickness": 1,
    "SliceTiming": null,
    "SoftwareVersions": "syngo MR B17 ",
    "dataset": "<unset>",
    "modality": "T1w",
    "run_id": 2,
    "session_id": "PREFU12",
    "subject_id": "5360989"
  },
  "cjv": 0.40793943993910103,
  "cnr": 3.2962038221648657,
  "efc": 0.6121638546225805,
  "fber": 92.93895721435547,
  "fwhm_avg": 3.35742,
  "fwhm_x": 3.42506,
  "fwhm_y": 3.4628,
  "fwhm_z": 3.1844,
  "icvs_csf": 0.20256339574538804,
  "icvs_gm": 0.4028542843240272,
  "icvs_wm": 0.39458231993058474,
  "inu_med": 1.2751792669296265,
  "inu_range": 0.36122453212738037,
  "provenance": {
    "md5sum": "bbf52715addfff1d06bcbe661110eb51",
    "settings": {
      "testing": false
    },
    "software": "mriqc",
    "version": "0.16.1",
    "warnings": {
      "large_rot_frame": true,
      "small_air_mask": false
    },
    "webapi_port": null,
    "webapi_url": "https://mriqc.nimh.nih.gov/api/v1"
  },
  "qi_1": 0.00022636675057888215,
  "qi_2": 0.004486313822588614,
  "rpve_csf": 27.230585393822846,
  "rpve_gm": 14.193167224930367,
  "rpve_wm": 17.90956264887724,
  "size_x": 176,
  "size_y": 240,
  "size_z": 256,
  "snr_csf": 2.9924336700571907,
  "snr_gm": 9.230316889879061,
  "snr_total": 10.06758863659092,
  "snr_wm": 17.980015349836503,
  "snrd_csf": 11.290327441548316,
  "snrd_gm": 23.15418186163471,
  "snrd_total": 22.71723645468749,
  "snrd_wm": 33.707200060879444,
  "spacing_x": 1.0,
  "spacing_y": 1.0,
  "spacing_z": 1.0,
  "summary_bg_k": 0.5404708838730925,
  "summary_bg_mad": 19.436008253097075,
  "summary_bg_mean": 64.2417984008789,
  "summary_bg_median": 62.73780822753906,
  "summary_bg_n": 2636116.0,
  "summary_bg_p05": 34.64046001434326,
  "summary_bg_p95": 99.01066017150879,
  "summary_bg_stdv": 19.756423950195312,
  "summary_csf_k": -0.5386778069599747,
  "summary_csf_mad": 127.43605838422155,
  "summary_csf_mean": 345.1585388183594,
  "summary_csf_median": 334.95147705078125,
  "summary_csf_n": 11873.0,
  "summary_csf_p05": 181.55144958496095,
  "summary_csf_p95": 536.3914428710937,
  "summary_csf_stdv": 111.92808532714844,
  "summary_gm_k": -0.021716550704327986,
  "summary_gm_mad": 74.11812088658674,
  "summary_gm_mean": 687.7345581054688,
  "summary_gm_median": 686.9178466796875,
  "summary_gm_n": 13360.0,
  "summary_gm_p05": 564.8163482666015,
  "summary_gm_p95": 812.250323486328,
  "summary_gm_stdv": 74.41696166992188,
  "summary_wm_k": 0.30468963629861046,
  "summary_wm_mad": 53.598594893917465,
  "summary_wm_mean": 999.6295166015625,
  "summary_wm_median": 999.9954833984375,
  "summary_wm_n": 208366.0,
  "summary_wm_p05": 907.4129486083984,
  "summary_wm_p95": 1090.3873901367188,
  "summary_wm_stdv": 55.616920471191406,
  "tpm_overlap_csf": 0.17611080408096313,
  "tpm_overlap_gm": 0.428365021944046,
  "tpm_overlap_wm": 0.5069334506988525,
  "wm2max": 0.5134758184001145
}