{
  "bids_meta": {
    "AcquisitionNumber": 1,
    "DeviceSerialNumber": "35442  ",
    "EchoNumber": 1,
    "EchoTime": 0.00298,
    "FlipAngle": 9,
    "ImageOrientationPatientDICOM": [
      "-0.0134184201342",
      "0.99371402475774",
      "0.11114127496518",
      "0.07559127140646",
      "0.11184132927852",
      "-0.990846848283 "
    ],
    "ImageType": [
      "ORIGINAL",
      "PRIMARY",
      "M",
      "ND",
      "NORM "
    ],
    "ImagingFrequency": 123.251406,
    "InPlanePhaseEncodingDirectionDICOM": "ROW  ",
    "IntendedFor": [
      "ses-NAPFU48/anat/sub-8916796_ses-NAPFU48_run-001_T2star.nii.gz",
      "ses-NAPFU48/anat/sub-8916796_ses-NAPFU48_run-002_T1w.nii.gz",
      "ses-NAPFU48/anat/sub-8916796_ses-NAPFU48_run-001_FLAIR.nii.gz",
      "ses-NAPFU48/fmap/sub-8916796_ses-NAPFU48_run-003_phasediff.nii.gz",
      "ses-NAPFU48/fmap/sub-8916796_ses-NAPFU48_run-004_phasediff.nii.gz",
      "ses-NAPFU48/func/sub-8916796_ses-NAPFU48_task-rest_run-001_bold.nii.gz",
      "ses-NAPFU48/func/sub-8916796_ses-NAPFU48_task-rest_run-002_bold.nii.gz",
      "ses-NAPFU48/func/sub-8916796_ses-NAPFU48_task-retrieval_run-001_bold.nii.gz",
      "ses-NAPFU48/dwi/sub-8916796_ses-NAPFU48_run-001_dwi.nii.gz",
      "ses-NAPFU48/fmap/sub-8916796_ses-NAPFU48_run-002_phasediff.nii.gz",
      "ses-NAPFU48/asl/sub-8916796_ses-NAPFU48_run-001_asl.nii.gz",
      "ses-NAPFU48/fmap/sub-8916796_ses-NAPFU48_run-001_phasediff.nii.gz",
      "ses-NAPFU48/func/sub-8916796_ses-NAPFU48_task-encoding_run-001_bold.nii.gz",
      "ses-NAPFU48/fmap/sub-8916796_ses-NAPFU48_run-005_phasediff.nii.gz"
    ],
    "InversionTime": 0.9,
    "MRAcquisitionType": "3D ",
    "MagneticFieldStrength": 3,
    "Manufacturer": "SIEMENS  ",
    "ManufacturerModelName": "TrioTim  ",
    "Modality": "MRI__ ",
    "PatientPosition": "HFS  ",
    "PercentPhaseFOV": 93.75,
    "PhaseEncodingSteps": 239,
    "PixelBandwidth": 238,
    "ProtocolName": "MPRAGE ADNI_iPAT2  ",
    "PulseSequenceType": "*tfl3d1_ns ",
    "ReceiveCoilName": "HeadMatrixix\\\\ ",
    "RepetitionTime": 2.3,
    "SAR": 0.07236781746435,
    "ScanningSequence": "GR\\\\IR  ",
    "SequenceName": "*tfl3d1_ns ",
    "SequenceVariant": "SP\\\\MP  ",
    "SeriesDescription": "MPRAGE ADNI_iPAT2  ",
    "SeriesNumber": 12,
    "SliceOrder": "interleaved ",
    "SliceThickness": 1,
    "SliceTiming": null,
    "SoftwareVersions": "syngo MR B17 ",
    "dataset": "<unset>",
    "modality": "T1w",
    "run_id": 1,
    "session_id": "NAPFU48",
    "subject_id": "8916796"
  },
  "cjv": 0.3859690944113615,
  "cnr": 3.5213867186807772,
  "efc": 0.6069510410011767,
  "fber": 138.1625213623047,
  "fwhm_avg": 3.21228,
  "fwhm_x": 3.28472,
  "fwhm_y": 3.31059,
  "fwhm_z": 3.04153,
  "icvs_csf": 0.20900775618286244,
  "icvs_gm": 0.4159001338961232,
  "icvs_wm": 0.3750921099210144,
  "inu_med": 1.3339890241622925,
  "inu_range": 0.3566214561462402,
  "provenance": {
    "md5sum": "d8e5b19ebba2e48b247f458d174e0d0e",
    "settings": {
      "testing": false
    },
    "software": "mriqc",
    "version": "0.16.1",
    "warnings": {
      "large_rot_frame": true,
      "small_air_mask": false
    },
    "webapi_port": null,
    "webapi_url": "https://mriqc.nimh.nih.gov/api/v1"
  },
  "qi_1": 0.0,
  "qi_2": 0.0045135874228498804,
  "rpve_csf": 27.951053701423934,
  "rpve_gm": 14.498586720743896,
  "rpve_wm": 19.350799830022616,
  "size_x": 176,
  "size_y": 240,
  "size_z": 256,
  "snr_csf": 3.1146895593012682,
  "snr_gm": 9.751358435055415,
  "snr_total": 9.974670006446233,
  "snr_wm": 17.057962024982018,
  "snrd_csf": 12.895113535583409,
  "snrd_gm": 27.276277358565682,
  "snrd_total": 26.854214351391207,
  "snrd_wm": 40.39125216002453,
  "spacing_x": 1.0,
  "spacing_y": 1.0,
  "spacing_z": 1.0,
  "summary_bg_k": 15.923379379765507,
  "summary_bg_mad": 16.219513531083997,
  "summary_bg_mean": 51.16105270385742,
  "summary_bg_median": 49.99109649658203,
  "summary_bg_n": 2614028.0,
  "summary_bg_p05": 26.13004446029663,
  "summary_bg_p95": 79.94262084960937,
  "summary_bg_stdv": 16.437957763671875,
  "summary_csf_k": 4.1164773682351745,
  "summary_csf_mad": 97.70691580303976,
  "summary_csf_mean": 335.042236328125,
  "summary_csf_median": 319.2502746582031,
  "summary_csf_n": 11857.0,
  "summary_csf_p05": 194.23490295410159,
  "summary_csf_p95": 518.6910522460936,
  "summary_csf_stdv": 102.49394226074219,
  "summary_gm_k": 0.02443850993252994,
  "summary_gm_mad": 68.6947322902918,
  "summary_gm_mean": 674.745361328125,
  "summary_gm_median": 675.2913818359375,
  "summary_gm_n": 8798.0,
  "summary_gm_p05": 558.833837890625,
  "summary_gm_p95": 786.4900299072265,
  "summary_gm_stdv": 69.2470703125,
  "summary_wm_k": 0.3098775242154277,
  "summary_wm_mad": 56.62691670442768,
  "summary_wm_mean": 1000.2264404296875,
  "summary_wm_median": 999.98486328125,
  "summary_wm_n": 180555.0,
  "summary_wm_p05": 904.4067504882812,
  "summary_wm_p95": 1096.5861206054688,
  "summary_wm_stdv": 58.62260055541992,
  "tpm_overlap_csf": 0.17047572135925293,
  "tpm_overlap_gm": 0.42182791233062744,
  "tpm_overlap_wm": 0.49948734045028687,
  "wm2max": 0.5633535706717382
}