{
  "bids_meta": {
    "AcquisitionNumber": 1,
    "DeviceSerialNumber": "35442  ",
    "EchoNumber": 1,
    "EchoTime": 0.00298,
    "FlipAngle": 9,
    "ImageOrientationPatientDICOM": [
      "-0.0045254681527",
      "0.99960027980845",
      "0.02790700171778",
      "-0.0325056513617",
      "0.02774549212543",
      "-0.9990863677862  "
    ],
    "ImageType": [
      "ORIGINAL",
      "PRIMARY",
      "M",
      "ND",
      "NORM "
    ],
    "ImagingFrequency": 123.247089,
    "InPlanePhaseEncodingDirectionDICOM": "ROW  ",
    "IntendedFor": [
      "ses-PREFU24/dwi/sub-5158901_ses-PREFU24_run-001_dwi.nii.gz",
      "ses-PREFU24/anat/sub-5158901_ses-PREFU24_run-001_FLAIR.nii.gz",
      "ses-PREFU24/fmap/sub-5158901_ses-PREFU24_run-005_phasediff.nii.gz",
      "ses-PREFU24/fmap/sub-5158901_ses-PREFU24_run-004_phasediff.nii.gz"
    ],
    "InversionTime": 0.9,
    "MRAcquisitionType": "3D ",
    "MagneticFieldStrength": 3,
    "Manufacturer": "SIEMENS  ",
    "ManufacturerModelName": "TrioTim  ",
    "Modality": "MRI__ ",
    "PatientPosition": "HFS  ",
    "PercentPhaseFOV": 93.75,
    "PhaseEncodingSteps": 239,
    "PixelBandwidth": 238,
    "ProtocolName": "MPRAGE ADNI_iPAT2  ",
    "PulseSequenceType": "*tfl3d1_ns ",
    "ReceiveCoilName": "HeadMatrixix\\\\ ",
    "RepetitionTime": 2.3,
    "SAR": 0.09232210319228,
    "ScanningSequence": "GR\\\\IR  ",
    "SequenceName": "*tfl3d1_ns ",
    "SequenceVariant": "SP\\\\MP  ",
    "SeriesDescription": "MPRAGE ADNI_iPAT2  ",
    "SeriesNumber": 21,
    "SliceOrder": "interleaved ",
    "SliceThickness": 1,
    "SliceTiming": null,
    "SoftwareVersions": "syngo MR B17 ",
    "dataset": "<unset>",
    "modality": "T1w",
    "run_id": 3,
    "session_id": "PREFU24",
    "subject_id": "5158901"
  },
  "cjv": 0.44487996921334283,
  "cnr": 3.0777752461449204,
  "efc": 0.6388864724862036,
  "fber": 118.6895751953125,
  "fwhm_avg": 3.314633333333333,
  "fwhm_x": 3.32149,
  "fwhm_y": 3.44531,
  "fwhm_z": 3.1771,
  "icvs_csf": 0.22482995485626672,
  "icvs_gm": 0.3893908494560029,
  "icvs_wm": 0.3857791956877304,
  "inu_med": 1.3070529699325562,
  "inu_range": 0.4578891515731811,
  "provenance": {
    "md5sum": "0036e0808da69d293b7db65f50f26779",
    "settings": {
      "testing": false
    },
    "software": "mriqc",
    "version": "0.16.1",
    "warnings": {
      "large_rot_frame": true,
      "small_air_mask": false
    },
    "webapi_port": null,
    "webapi_url": "https://mriqc.nimh.nih.gov/api/v1"
  },
  "qi_1": 0.0,
  "qi_2": 0.003596432074321609,
  "rpve_csf": 25.77692429559715,
  "rpve_gm": 14.439146362265356,
  "rpve_wm": 17.642796589284835,
  "size_x": 176,
  "size_y": 240,
  "size_z": 256,
  "snr_csf": 3.0392610862284197,
  "snr_gm": 8.982076870749124,
  "snr_total": 9.340570899565835,
  "snr_wm": 16.000374741719963,
  "snrd_csf": 12.032192710238112,
  "snrd_gm": 24.392348375428572,
  "snrd_total": 23.95974874466361,
  "snrd_wm": 35.454705148324145,
  "spacing_x": 1.0,
  "spacing_y": 1.0,
  "spacing_z": 1.0,
  "summary_bg_k": 1095.4081467277533,
  "summary_bg_mad": 18.47809748019508,
  "summary_bg_mean": 60.39696502685547,
  "summary_bg_median": 58.385677337646484,
  "summary_bg_n": 2729886.0,
  "summary_bg_p05": 31.59004306793213,
  "summary_bg_p95": 94.80109596252441,
  "summary_bg_stdv": 22.472543716430664,
  "summary_csf_k": -0.13413815100358617,
  "summary_csf_mad": 117.56979488417424,
  "summary_csf_mean": 350.1148986816406,
  "summary_csf_median": 339.3675537109375,
  "summary_csf_n": 19442.0,
  "summary_csf_p05": 183.57688369750977,
  "summary_csf_p95": 540.8370635986329,
  "summary_csf_stdv": 111.65833282470703,
  "summary_gm_k": -0.12758021552821575,
  "summary_gm_mad": 77.98633359620948,
  "summary_gm_mean": 686.6173095703125,
  "summary_gm_median": 687.9852905273438,
  "summary_gm_n": 7816.0,
  "summary_gm_p05": 558.4173736572266,
  "summary_gm_p95": 810.622802734375,
  "summary_gm_stdv": 76.59044647216797,
  "summary_wm_k": 0.2425723721982851,
  "summary_wm_mad": 60.82216337509041,
  "summary_wm_mean": 1000.72216796875,
  "summary_wm_median": 999.9986572265625,
  "summary_wm_n": 189301.0,
  "summary_wm_p05": 899.2107543945312,
  "summary_wm_p95": 1104.377197265625,
  "summary_wm_stdv": 62.498287200927734,
  "tpm_overlap_csf": 0.16159303486347198,
  "tpm_overlap_gm": 0.41162794828414917,
  "tpm_overlap_wm": 0.49183234572410583,
  "wm2max": 0.5006875828132964
}