{
  "bids_meta": {
    "AcquisitionNumber": 1,
    "DeviceSerialNumber": "35442  ",
    "EchoNumber": 1,
    "EchoTime": 0.00298,
    "FlipAngle": 9,
    "ImageOrientationPatientDICOM": [
      "-0.0562436002269",
      "0.99839784710042",
      "0.00619647793098",
      "0.03572943895724",
      "0.00821502626058",
      "-0.9993277342971  "
    ],
    "ImageType": [
      "ORIGINAL",
      "PRIMARY",
      "M",
      "ND",
      "NORM "
    ],
    "ImagingFrequency": 123.24731,
    "InPlanePhaseEncodingDirectionDICOM": "ROW  ",
    "IntendedFor": [
      "ses-NAPFU24/fmap/sub-9769696_ses-NAPFU24_run-005_phasediff.nii.gz",
      "ses-NAPFU24/dwi/sub-9769696_ses-NAPFU24_run-001_dwi.nii.gz",
      "ses-NAPFU24/anat/sub-9769696_ses-NAPFU24_run-001_FLAIR.nii.gz",
      "ses-NAPFU24/fmap/sub-9769696_ses-NAPFU24_run-004_phasediff.nii.gz"
    ],
    "InversionTime": 0.9,
    "MRAcquisitionType": "3D ",
    "MagneticFieldStrength": 3,
    "Manufacturer": "SIEMENS  ",
    "ManufacturerModelName": "TrioTim  ",
    "Modality": "MRI__ ",
    "PatientPosition": "HFS  ",
    "PercentPhaseFOV": 93.75,
    "PhaseEncodingSteps": 239,
    "PixelBandwidth": 238,
    "ProtocolName": "MPRAGE ADNI_iPAT2  ",
    "PulseSequenceType": "*tfl3d1_ns ",
    "ReceiveCoilName": "HeadMatrixix\\\\ ",
    "RepetitionTime": 2.3,
    "SAR": 0.09381383336193,
    "ScanningSequence": "GR\\\\IR  ",
    "SequenceName": "*tfl3d1_ns ",
    "SequenceVariant": "SP\\\\MP  ",
    "SeriesDescription": "MPRAGE ADNI_iPAT2  ",
    "SeriesNumber": 20,
    "SliceOrder": "interleaved ",
    "SliceThickness": 1,
    "SliceTiming": null,
    "SoftwareVersions": "syngo MR B17 ",
    "dataset": "<unset>",
    "modality": "T1w",
    "run_id": 2,
    "session_id": "NAPFU24",
    "subject_id": "9769696"
  },
  "cjv": 0.5116050493316496,
  "cnr": 2.6203663574992535,
  "efc": 0.6476522402923274,
  "fber": 138.6759490966797,
  "fwhm_avg": 3.3004933333333333,
  "fwhm_x": 3.34338,
  "fwhm_y": 3.41271,
  "fwhm_z": 3.14539,
  "icvs_csf": 0.22252248243411596,
  "icvs_gm": 0.40221066895628693,
  "icvs_wm": 0.37526684860959714,
  "inu_med": 1.2357298135757446,
  "inu_range": 0.5026988983154297,
  "provenance": {
    "md5sum": "826557b2a1c92c90c3304e3dbb7bd3d4",
    "settings": {
      "testing": false
    },
    "software": "mriqc",
    "version": "0.16.1",
    "warnings": {
      "large_rot_frame": true,
      "small_air_mask": false
    },
    "webapi_port": null,
    "webapi_url": "https://mriqc.nimh.nih.gov/api/v1"
  },
  "qi_1": 0.0,
  "qi_2": 0.003507789807142351,
  "rpve_csf": 24.087463223165535,
  "rpve_gm": 12.93782399152703,
  "rpve_wm": 16.43237034234858,
  "size_x": 176,
  "size_y": 240,
  "size_z": 256,
  "snr_csf": 2.7804975804581877,
  "snr_gm": 6.87889505814868,
  "snr_total": 6.7519414840571885,
  "snr_wm": 10.5964318135647,
  "snrd_csf": 11.272605566006852,
  "snrd_gm": 23.32165484997222,
  "snrd_total": 23.593617299808482,
  "snrd_wm": 36.186591483446364,
  "spacing_x": 1.0,
  "spacing_y": 1.0,
  "spacing_z": 1.0,
  "summary_bg_k": 960.1786948705094,
  "summary_bg_mad": 18.103207994436286,
  "summary_bg_mean": 55.683563232421875,
  "summary_bg_median": 52.480369567871094,
  "summary_bg_n": 2648326.0,
  "summary_bg_p05": 27.464624881744385,
  "summary_bg_p95": 92.62185859680176,
  "summary_bg_stdv": 26.924753189086914,
  "summary_csf_k": 0.6118519753322782,
  "summary_csf_mad": 109.28268734818586,
  "summary_csf_mean": 324.75140380859375,
  "summary_csf_median": 311.4928894042969,
  "summary_csf_n": 24205.0,
  "summary_csf_p05": 163.75520935058591,
  "summary_csf_p95": 524.4247314453125,
  "summary_csf_stdv": 112.02543640136719,
  "summary_gm_k": -0.09554852737781205,
  "summary_gm_mad": 93.62541614096233,
  "summary_gm_mean": 649.691650390625,
  "summary_gm_median": 644.4410400390625,
  "summary_gm_n": 7264.0,
  "summary_gm_p05": 503.00614166259766,
  "summary_gm_p95": 810.1454467773438,
  "summary_gm_stdv": 93.67735290527344,
  "summary_wm_k": 0.42588366249007503,
  "summary_wm_mad": 88.24677527397958,
  "summary_wm_mean": 1009.2567749023438,
  "summary_wm_median": 999.9343872070312,
  "summary_wm_n": 186023.0,
  "summary_wm_p05": 870.2927978515625,
  "summary_wm_p95": 1181.8330322265624,
  "summary_wm_stdv": 94.36494445800781,
  "tpm_overlap_csf": 0.15059643983840942,
  "tpm_overlap_gm": 0.4077112674713135,
  "tpm_overlap_wm": 0.47581806778907776,
  "wm2max": 0.5412107462419262
}