{
  "bids_meta": {
    "AcquisitionNumber": 1,
    "DeviceSerialNumber": "35442  ",
    "EchoNumber": 1,
    "EchoTime": 0.00298,
    "FlipAngle": 9,
    "ImageOrientationPatientDICOM": [
      "0.01814967251317",
      "0.99976063499482",
      "0.0122172870317",
      "0.01722513907882",
      "0.01190482748928",
      "-0.9997807608002 "
    ],
    "ImageType": [
      "ORIGINAL",
      "PRIMARY",
      "M",
      "ND",
      "NORM "
    ],
    "ImagingFrequency": 123.25161,
    "InPlanePhaseEncodingDirectionDICOM": "ROW  ",
    "IntendedFor": [
      "ses-NAPFU48/fmap/sub-7945015_ses-NAPFU48_run-005_phasediff.nii.gz",
      "ses-NAPFU48/anat/sub-7945015_ses-NAPFU48_run-001_T2star.nii.gz",
      "ses-NAPFU48/dwi/sub-7945015_ses-NAPFU48_run-001_dwi.nii.gz",
      "ses-NAPFU48/fmap/sub-7945015_ses-NAPFU48_run-004_phasediff.nii.gz",
      "ses-NAPFU48/fmap/sub-7945015_ses-NAPFU48_run-002_phasediff.nii.gz",
      "ses-NAPFU48/func/sub-7945015_ses-NAPFU48_task-retrieval_run-001_bold.nii.gz",
      "ses-NAPFU48/fmap/sub-7945015_ses-NAPFU48_run-003_phasediff.nii.gz",
      "ses-NAPFU48/anat/sub-7945015_ses-NAPFU48_run-001_T1w.nii.gz",
      "ses-NAPFU48/fmap/sub-7945015_ses-NAPFU48_run-001_phasediff.nii.gz",
      "ses-NAPFU48/func/sub-7945015_ses-NAPFU48_task-rest_run-001_bold.nii.gz",
      "ses-NAPFU48/func/sub-7945015_ses-NAPFU48_task-rest_run-002_bold.nii.gz",
      "ses-NAPFU48/anat/sub-7945015_ses-NAPFU48_run-001_FLAIR.nii.gz",
      "ses-NAPFU48/func/sub-7945015_ses-NAPFU48_task-encoding_run-001_bold.nii.gz",
      "ses-NAPFU48/asl/sub-7945015_ses-NAPFU48_run-001_asl.nii.gz"
    ],
    "InversionTime": 0.9,
    "MRAcquisitionType": "3D ",
    "MagneticFieldStrength": 3,
    "Manufacturer": "SIEMENS  ",
    "ManufacturerModelName": "TrioTim  ",
    "Modality": "MRI__ ",
    "PatientPosition": "HFS  ",
    "PercentPhaseFOV": 93.75,
    "PhaseEncodingSteps": 239,
    "PixelBandwidth": 238,
    "ProtocolName": "MPRAGE ADNI_iPAT2  ",
    "PulseSequenceType": "*tfl3d1_ns ",
    "ReceiveCoilName": "HeadMatrixix\\\\ ",
    "RepetitionTime": 2.3,
    "SAR": 0.07340349002579,
    "ScanningSequence": "GR\\\\IR  ",
    "SequenceName": "*tfl3d1_ns ",
    "SequenceVariant": "SP\\\\MP  ",
    "SeriesDescription": "MPRAGE ADNI_iPAT2  ",
    "SeriesNumber": 17,
    "SliceOrder": "interleaved ",
    "SliceThickness": 1,
    "SliceTiming": null,
    "SoftwareVersions": "syngo MR B17 ",
    "dataset": "<unset>",
    "modality": "T1w",
    "run_id": 2,
    "session_id": "NAPFU48",
    "subject_id": "7945015"
  },
  "cjv": 0.43862256728918836,
  "cnr": 3.0688797077228362,
  "efc": 0.6188704868432048,
  "fber": 94.08366394042969,
  "fwhm_avg": 3.242063333333333,
  "fwhm_x": 3.28983,
  "fwhm_y": 3.40835,
  "fwhm_z": 3.02801,
  "icvs_csf": 0.19937707924719286,
  "icvs_gm": 0.41671884496450207,
  "icvs_wm": 0.3839040757883051,
  "inu_med": 1.2389018535614014,
  "inu_range": 0.4190926909446715,
  "provenance": {
    "md5sum": "3970951fe27a8029796dd0dc791501fd",
    "settings": {
      "testing": false
    },
    "software": "mriqc",
    "version": "0.16.1",
    "warnings": {
      "large_rot_frame": true,
      "small_air_mask": false
    },
    "webapi_port": null,
    "webapi_url": "https://mriqc.nimh.nih.gov/api/v1"
  },
  "qi_1": 0.0,
  "qi_2": 0.00405829354887699,
  "rpve_csf": 26.66884553774323,
  "rpve_gm": 13.275341173072661,
  "rpve_wm": 16.982326040498407,
  "size_x": 176,
  "size_y": 240,
  "size_z": 256,
  "snr_csf": 2.4516598626742865,
  "snr_gm": 9.319250013415166,
  "snr_total": 9.561386272292713,
  "snr_wm": 16.913248940788684,
  "snrd_csf": 9.863386827901673,
  "snrd_gm": 22.402451026652752,
  "snrd_total": 21.458064545951927,
  "snrd_wm": 32.108355783301356,
  "spacing_x": 1.0,
  "spacing_y": 1.0,
  "spacing_z": 1.0,
  "summary_bg_k": 1445.14084700278,
  "summary_bg_mad": 20.403612859169083,
  "summary_bg_mean": 68.70433044433594,
  "summary_bg_median": 67.08406829833984,
  "summary_bg_n": 2486120.0,
  "summary_bg_p05": 37.35296974182129,
  "summary_bg_p95": 104.8882541656494,
  "summary_bg_stdv": 24.5313777923584,
  "summary_csf_k": 0.7390065287461174,
  "summary_csf_mad": 118.53727789315573,
  "summary_csf_mean": 338.7246398925781,
  "summary_csf_median": 307.1860046386719,
  "summary_csf_n": 15475.0,
  "summary_csf_p05": 179.28934326171876,
  "summary_csf_p95": 571.7078552246091,
  "summary_csf_stdv": 125.29310607910156,
  "summary_gm_k": -0.14151005132694117,
  "summary_gm_mad": 75.54665481739964,
  "summary_gm_mean": 696.325439453125,
  "summary_gm_median": 697.7034912109375,
  "summary_gm_n": 11818.0,
  "summary_gm_p05": 569.6998718261718,
  "summary_gm_p95": 817.3956756591797,
  "summary_gm_stdv": 74.8637466430664,
  "summary_wm_k": 0.2731867713863916,
  "summary_wm_mad": 57.040776643779196,
  "summary_wm_mean": 998.0948486328125,
  "summary_wm_median": 999.98486328125,
  "summary_wm_n": 189884.0,
  "summary_wm_p05": 897.1230041503906,
  "summary_wm_p95": 1091.8856750488283,
  "summary_wm_stdv": 59.12419509887695,
  "tpm_overlap_csf": 0.1781524270772934,
  "tpm_overlap_gm": 0.43796318769454956,
  "tpm_overlap_wm": 0.4998231530189514,
  "wm2max": 0.462638392433835
}