{
  "bids_meta": {
    "AcquisitionNumber": 1,
    "DeviceSerialNumber": "35442  ",
    "EchoNumber": 1,
    "EchoTime": 0.00298,
    "FlipAngle": 9,
    "ImageOrientationPatientDICOM": [
      "-0.0760796247788",
      "0.99710168435412",
      "-0.0003489293629",
      "-0.0265716101051",
      "-0.0023772533311",
      "-0.999644085764 "
    ],
    "ImageType": [
      "ORIGINAL",
      "PRIMARY",
      "M",
      "ND",
      "NORM "
    ],
    "ImagingFrequency": 123.247096,
    "InPlanePhaseEncodingDirectionDICOM": "ROW  ",
    "IntendedFor": [
      "ses-PREFU12/fmap/sub-3705605_ses-PREFU12_run-002_phasediff.nii.gz",
      "ses-PREFU12/func/sub-3705605_ses-PREFU12_task-encoding_run-001_bold.nii.gz",
      "ses-PREFU12/fmap/sub-3705605_ses-PREFU12_run-003_phasediff.nii.gz",
      "ses-PREFU12/func/sub-3705605_ses-PREFU12_task-rest_run-001_bold.nii.gz",
      "ses-PREFU12/fmap/sub-3705605_ses-PREFU12_run-001_phasediff.nii.gz",
      "ses-PREFU12/anat/sub-3705605_ses-PREFU12_run-001_T2star.nii.gz",
      "ses-PREFU12/func/sub-3705605_ses-PREFU12_task-rest_run-002_bold.nii.gz",
      "ses-PREFU12/asl/sub-3705605_ses-PREFU12_run-001_asl.nii.gz",
      "ses-PREFU12/func/sub-3705605_ses-PREFU12_task-retrieval_run-001_bold.nii.gz"
    ],
    "InversionTime": 0.9,
    "MRAcquisitionType": "3D ",
    "MagneticFieldStrength": 3,
    "Manufacturer": "SIEMENS  ",
    "ManufacturerModelName": "TrioTim  ",
    "Modality": "MRI__ ",
    "PatientPosition": "HFS  ",
    "PercentPhaseFOV": 93.75,
    "PhaseEncodingSteps": 239,
    "PixelBandwidth": 238,
    "ProtocolName": "MPRAGE ADNI_iPAT2  ",
    "PulseSequenceType": "*tfl3d1_ns ",
    "ReceiveCoilName": "HeadMatrixix\\\\ ",
    "RepetitionTime": 2.3,
    "SAR": 0.08696440531789,
    "ScanningSequence": "GR\\\\IR  ",
    "SequenceName": "*tfl3d1_ns ",
    "SequenceVariant": "SP\\\\MP  ",
    "SeriesDescription": "MPRAGE ADNI_iPAT2  ",
    "SeriesNumber": 12,
    "SliceOrder": "interleaved ",
    "SliceThickness": 1,
    "SliceTiming": null,
    "SoftwareVersions": "syngo MR B17 ",
    "dataset": "<unset>",
    "modality": "T1w",
    "run_id": 1,
    "session_id": "PREFU12",
    "subject_id": "3705605"
  },
  "cjv": 0.4746316091178343,
  "cnr": 2.8287962597575307,
  "efc": 0.668408417052405,
  "fber": 83.07069396972656,
  "fwhm_avg": 3.3166533333333335,
  "fwhm_x": 3.36558,
  "fwhm_y": 3.45002,
  "fwhm_z": 3.13436,
  "icvs_csf": 0.22186977151693962,
  "icvs_gm": 0.3767578360510111,
  "icvs_wm": 0.40137239243204925,
  "inu_med": 1.3288373947143555,
  "inu_range": 0.5897182345390322,
  "provenance": {
    "md5sum": "02e5d6051715fa440ccc9315eb3a5951",
    "settings": {
      "testing": false
    },
    "software": "mriqc",
    "version": "0.16.1",
    "warnings": {
      "large_rot_frame": true,
      "small_air_mask": false
    },
    "webapi_port": null,
    "webapi_url": "https://mriqc.nimh.nih.gov/api/v1"
  },
  "qi_1": 3.0431294436606082e-05,
  "qi_2": 0.0032139262528898156,
  "rpve_csf": 21.764061567686706,
  "rpve_gm": 12.297380569483641,
  "rpve_wm": 14.278607349375614,
  "size_x": 176,
  "size_y": 240,
  "size_z": 256,
  "snr_csf": 2.6460445523880365,
  "snr_gm": 8.758331785016411,
  "snr_total": 8.817106949704998,
  "snr_wm": 15.046944511710542,
  "snrd_csf": 10.122329238693869,
  "snrd_gm": 20.388358495125907,
  "snrd_total": 19.95316148732824,
  "snrd_wm": 29.348796728164952,
  "spacing_x": 1.0,
  "spacing_y": 1.0,
  "spacing_z": 1.0,
  "summary_bg_k": 918.2309225342539,
  "summary_bg_mad": 22.322788222400042,
  "summary_bg_mean": 75.45111083984375,
  "summary_bg_median": 73.25521850585938,
  "summary_bg_n": 2668492.0,
  "summary_bg_p05": 40.90090847015381,
  "summary_bg_p95": 115.43970108032224,
  "summary_bg_stdv": 30.6857852935791,
  "summary_csf_k": -0.15284361439126926,
  "summary_csf_mad": 138.95939047712008,
  "summary_csf_mean": 359.280517578125,
  "summary_csf_median": 344.9031677246094,
  "summary_csf_n": 17353.0,
  "summary_csf_p05": 171.44866027832032,
  "summary_csf_p95": 588.1382324218746,
  "summary_csf_stdv": 130.3429412841797,
  "summary_gm_k": -0.04635621384015032,
  "summary_gm_mad": 79.67665757939889,
  "summary_gm_mean": 693.5939331054688,
  "summary_gm_median": 694.7026977539062,
  "summary_gm_n": 6221.0,
  "summary_gm_p05": 560.8106689453125,
  "summary_gm_p95": 822.7951049804688,
  "summary_gm_stdv": 79.31269073486328,
  "summary_wm_k": 0.15100873822372973,
  "summary_wm_mad": 65.23476908682068,
  "summary_wm_mean": 1000.0684814453125,
  "summary_wm_median": 1000.0161743164062,
  "summary_wm_n": 224683.0,
  "summary_wm_p05": 890.9328002929688,
  "summary_wm_p95": 1109.3263305664063,
  "summary_wm_stdv": 66.45960235595703,
  "tpm_overlap_csf": 0.16618101298809052,
  "tpm_overlap_gm": 0.41119247674942017,
  "tpm_overlap_wm": 0.5026670694351196,
  "wm2max": 0.48527865924859526
}