{
  "bids_meta": {
    "AcquisitionNumber": 1,
    "DeviceSerialNumber": "35442  ",
    "EchoNumber": 1,
    "EchoTime": 0.00298,
    "FlipAngle": 9,
    "ImageOrientationPatientDICOM": [
      "0.03764324208314",
      "0.98196381492473",
      "0.18528370814496",
      "0.0324709438723",
      "0.18411524172261",
      "-0.9823681670176 "
    ],
    "ImageType": [
      "ORIGINAL",
      "PRIMARY",
      "M",
      "ND",
      "NORM "
    ],
    "ImagingFrequency": 123.247074,
    "InPlanePhaseEncodingDirectionDICOM": "ROW  ",
    "IntendedFor": [
      "ses-PREFU24/fmap/sub-5158901_ses-PREFU24_run-001_phasediff.nii.gz",
      "ses-PREFU24/anat/sub-5158901_ses-PREFU24_run-001_T2star.nii.gz",
      "ses-PREFU24/fmap/sub-5158901_ses-PREFU24_run-002_phasediff.nii.gz",
      "ses-PREFU24/asl/sub-5158901_ses-PREFU24_run-001_asl.nii.gz",
      "ses-PREFU24/func/sub-5158901_ses-PREFU24_task-rest_run-001_bold.nii.gz",
      "ses-PREFU24/func/sub-5158901_ses-PREFU24_task-encoding_run-001_bold.nii.gz",
      "ses-PREFU24/func/sub-5158901_ses-PREFU24_task-rest_run-002_bold.nii.gz",
      "ses-PREFU24/anat/sub-5158901_ses-PREFU24_run-001_T1w.nii.gz",
      "ses-PREFU24/fmap/sub-5158901_ses-PREFU24_run-003_phasediff.nii.gz",
      "ses-PREFU24/func/sub-5158901_ses-PREFU24_task-retrieval_run-001_bold.nii.gz"
    ],
    "InversionTime": 0.9,
    "MRAcquisitionType": "3D ",
    "MagneticFieldStrength": 3,
    "Manufacturer": "SIEMENS  ",
    "ManufacturerModelName": "TrioTim  ",
    "Modality": "MRI__ ",
    "PatientPosition": "HFS  ",
    "PercentPhaseFOV": 93.75,
    "PhaseEncodingSteps": 239,
    "PixelBandwidth": 238,
    "ProtocolName": "MPRAGE ADNI_iPAT2  ",
    "PulseSequenceType": "*tfl3d1_ns ",
    "ReceiveCoilName": "HeadMatrixix\\\\ ",
    "RepetitionTime": 2.3,
    "SAR": 0.09432746665233,
    "ScanningSequence": "GR\\\\IR  ",
    "SequenceName": "*tfl3d1_ns ",
    "SequenceVariant": "SP\\\\MP  ",
    "SeriesDescription": "MPRAGE ADNI_iPAT2  ",
    "SeriesNumber": 17,
    "SliceOrder": "interleaved ",
    "SliceThickness": 1,
    "SliceTiming": null,
    "SoftwareVersions": "syngo MR B17 ",
    "dataset": "<unset>",
    "modality": "T1w",
    "run_id": 2,
    "session_id": "PREFU24",
    "subject_id": "5158901"
  },
  "cjv": 0.46290702721161026,
  "cnr": 2.9175358497133104,
  "efc": 0.6495206770542422,
  "fber": 86.14295196533203,
  "fwhm_avg": 3.1543200000000002,
  "fwhm_x": 3.2002,
  "fwhm_y": 3.24761,
  "fwhm_z": 3.01515,
  "icvs_csf": 0.21965285356254893,
  "icvs_gm": 0.3902590353536683,
  "icvs_wm": 0.39008811108378283,
  "inu_med": 1.2930078506469727,
  "inu_range": 0.4385792016983032,
  "provenance": {
    "md5sum": "2f26a16a6c9a7d483bf884b87c4e0a2c",
    "settings": {
      "testing": false
    },
    "software": "mriqc",
    "version": "0.16.1",
    "warnings": {
      "large_rot_frame": true,
      "small_air_mask": false
    },
    "webapi_port": null,
    "webapi_url": "https://mriqc.nimh.nih.gov/api/v1"
  },
  "qi_1": 0.0,
  "qi_2": 0.0033895327569453807,
  "rpve_csf": 26.3166111629799,
  "rpve_gm": 14.41976835835101,
  "rpve_wm": 17.45450230418492,
  "size_x": 176,
  "size_y": 240,
  "size_z": 256,
  "snr_csf": 2.9213192754766744,
  "snr_gm": 8.473678461551506,
  "snr_total": 8.66393376959109,
  "snr_wm": 14.596803571745086,
  "snrd_csf": 9.848829160008242,
  "snrd_gm": 20.122735180720984,
  "snrd_total": 19.84697100108845,
  "snrd_wm": 29.56934866253612,
  "spacing_x": 1.0,
  "spacing_y": 1.0,
  "spacing_z": 1.0,
  "summary_bg_k": 688.0444867501222,
  "summary_bg_mad": 22.155770376808732,
  "summary_bg_mean": 71.53512573242188,
  "summary_bg_median": 68.3558349609375,
  "summary_bg_n": 2724610.0,
  "summary_bg_p05": 37.31693305969239,
  "summary_bg_p95": 115.19104843139648,
  "summary_bg_stdv": 29.126916885375977,
  "summary_csf_k": -0.2682391700003026,
  "summary_csf_mad": 120.79588446498133,
  "summary_csf_mean": 346.6023254394531,
  "summary_csf_median": 333.0732421875,
  "summary_csf_n": 18526.0,
  "summary_csf_p05": 180.50310134887695,
  "summary_csf_p95": 545.7469177246094,
  "summary_csf_stdv": 114.01158905029297,
  "summary_gm_k": -0.13321542506913353,
  "summary_gm_mad": 80.8567488593996,
  "summary_gm_mean": 678.1048583984375,
  "summary_gm_median": 680.52197265625,
  "summary_gm_n": 6081.0,
  "summary_gm_p05": 544.0165405273438,
  "summary_gm_p95": 808.6168823242188,
  "summary_gm_stdv": 80.30349731445312,
  "summary_wm_k": 0.2002735245708438,
  "summary_wm_mad": 67.02856936620523,
  "summary_wm_mean": 1001.6361694335938,
  "summary_wm_median": 999.9928588867188,
  "summary_wm_n": 186793.0,
  "summary_wm_p05": 891.74775390625,
  "summary_wm_p95": 1116.8003173828124,
  "summary_wm_stdv": 68.50747680664062,
  "tpm_overlap_csf": 0.1636219173669815,
  "tpm_overlap_gm": 0.40912705659866333,
  "tpm_overlap_wm": 0.489505410194397,
  "wm2max": 0.5098601459070962
}