{
  "bids_meta": {
    "AcquisitionNumber": 1,
    "DeviceSerialNumber": "35442  ",
    "EchoNumber": 1,
    "EchoTime": 0.00298,
    "FlipAngle": 9,
    "ImageOrientationPatientDICOM": [
      "-0.0530488187228",
      "0.99705595383979",
      "0.0553646795778",
      "0.00522993577382",
      "0.0557193927932",
      "-0.998432770415 "
    ],
    "ImageType": [
      "ORIGINAL",
      "PRIMARY",
      "M",
      "ND",
      "NORM "
    ],
    "ImagingFrequency": 123.251424,
    "InPlanePhaseEncodingDirectionDICOM": "ROW  ",
    "IntendedFor": [
      "ses-PREFU12/anat/sub-7115186_ses-PREFU12_run-001_T2star.nii.gz",
      "ses-PREFU12/func/sub-7115186_ses-PREFU12_task-rest_run-001_bold.nii.gz",
      "ses-PREFU12/asl/sub-7115186_ses-PREFU12_run-001_asl.nii.gz",
      "ses-PREFU12/func/sub-7115186_ses-PREFU12_task-encoding_run-001_bold.nii.gz",
      "ses-PREFU12/fmap/sub-7115186_ses-PREFU12_run-001_phasediff.nii.gz",
      "ses-PREFU12/func/sub-7115186_ses-PREFU12_task-retrieval_run-001_bold.nii.gz",
      "ses-PREFU12/fmap/sub-7115186_ses-PREFU12_run-002_phasediff.nii.gz",
      "ses-PREFU12/fmap/sub-7115186_ses-PREFU12_run-003_phasediff.nii.gz",
      "ses-PREFU12/func/sub-7115186_ses-PREFU12_task-rest_run-002_bold.nii.gz"
    ],
    "InversionTime": 0.9,
    "MRAcquisitionType": "3D ",
    "MagneticFieldStrength": 3,
    "Manufacturer": "SIEMENS  ",
    "ManufacturerModelName": "TrioTim  ",
    "Modality": "MRI__ ",
    "PatientPosition": "HFS  ",
    "PercentPhaseFOV": 93.75,
    "PhaseEncodingSteps": 239,
    "PixelBandwidth": 238,
    "ProtocolName": "MPRAGE ADNI_iPAT2  ",
    "PulseSequenceType": "*tfl3d1_ns ",
    "ReceiveCoilName": "HeadMatrixix\\\\ ",
    "RepetitionTime": 2.3,
    "SAR": 0.09284656560188,
    "ScanningSequence": "GR\\\\IR  ",
    "SequenceName": "*tfl3d1_ns ",
    "SequenceVariant": "SP\\\\MP  ",
    "SeriesDescription": "MPRAGE ADNI_iPAT2  ",
    "SeriesNumber": 12,
    "SliceOrder": "interleaved ",
    "SliceThickness": 1,
    "SliceTiming": null,
    "SoftwareVersions": "syngo MR B17 ",
    "dataset": "<unset>",
    "modality": "T1w",
    "run_id": 1,
    "session_id": "PREFU12",
    "subject_id": "7115186"
  },
  "cjv": 0.4615737154357719,
  "cnr": 2.998509044464425,
  "efc": 0.5973083006240709,
  "fber": 147.77117919921875,
  "fwhm_avg": 3.2768433333333333,
  "fwhm_x": 3.33738,
  "fwhm_y": 3.43347,
  "fwhm_z": 3.05968,
  "icvs_csf": 0.2327092962866509,
  "icvs_gm": 0.40026467641226054,
  "icvs_wm": 0.3670260273010885,
  "inu_med": 1.2842727899551392,
  "inu_range": 0.36375176906585693,
  "provenance": {
    "md5sum": "2c23fc514080d3c1288be3a0a4d1325d",
    "settings": {
      "testing": false
    },
    "software": "mriqc",
    "version": "0.16.1",
    "warnings": {
      "large_rot_frame": true,
      "small_air_mask": false
    },
    "webapi_port": null,
    "webapi_url": "https://mriqc.nimh.nih.gov/api/v1"
  },
  "qi_1": 0.0,
  "qi_2": 0.004351804980574162,
  "rpve_csf": 27.869834517819164,
  "rpve_gm": 15.756762977126266,
  "rpve_wm": 20.401788375558866,
  "size_x": 176,
  "size_y": 240,
  "size_z": 256,
  "snr_csf": 3.2428173688336126,
  "snr_gm": 8.05729481312866,
  "snr_total": 8.794963543884013,
  "snr_wm": 15.084778449689766,
  "snrd_csf": 12.928004992099323,
  "snrd_gm": 27.901097132289017,
  "snrd_total": 27.38169621045454,
  "snrd_wm": 41.31598650697528,
  "spacing_x": 1.0,
  "spacing_y": 1.0,
  "spacing_z": 1.0,
  "summary_bg_k": 457.15460893050437,
  "summary_bg_mad": 15.856464208534897,
  "summary_bg_mean": 50.34843063354492,
  "summary_bg_median": 48.513179779052734,
  "summary_bg_n": 3176931.0,
  "summary_bg_p05": 26.677705764770508,
  "summary_bg_p95": 79.54299545288086,
  "summary_bg_stdv": 17.51907730102539,
  "summary_csf_k": 0.6371211388994453,
  "summary_csf_mad": 91.5505060110048,
  "summary_csf_mean": 325.0448913574219,
  "summary_csf_median": 312.9004211425781,
  "summary_csf_n": 16971.0,
  "summary_csf_p05": 187.3929901123047,
  "summary_csf_p95": 500.72454833984375,
  "summary_csf_stdv": 96.48745727539062,
  "summary_gm_k": -0.15065459850951424,
  "summary_gm_mad": 85.71800824540665,
  "summary_gm_mean": 671.6310424804688,
  "summary_gm_median": 675.2987060546875,
  "summary_gm_n": 8347.0,
  "summary_gm_p05": 526.5772399902344,
  "summary_gm_p95": 802.6451232910157,
  "summary_gm_stdv": 83.80706787109375,
  "summary_wm_k": 0.2565000911680495,
  "summary_wm_mad": 64.14788339062494,
  "summary_wm_mean": 1000.3955078125,
  "summary_wm_median": 999.9833374023438,
  "summary_wm_n": 160390.0,
  "summary_wm_p05": 892.0345367431642,
  "summary_wm_p95": 1110.2329956054687,
  "summary_wm_stdv": 66.29067993164062,
  "tpm_overlap_csf": 0.16145925223827362,
  "tpm_overlap_gm": 0.4003332853317261,
  "tpm_overlap_wm": 0.4852053225040436,
  "wm2max": 0.5565542790443861
}