{
  "bids_meta": {
    "AcquisitionNumber": 1,
    "DeviceSerialNumber": "35442  ",
    "EchoNumber": 1,
    "EchoTime": 0.00298,
    "FlipAngle": 9,
    "ImageOrientationPatientDICOM": [
      "-0.0247673782537",
      "0.99969318054797",
      "-0.0003489130546",
      "-0.0301419864683",
      "-0.0010956284487",
      "-0.9995450266246  "
    ],
    "ImageType": [
      "ORIGINAL",
      "PRIMARY",
      "M",
      "ND",
      "NORM "
    ],
    "ImagingFrequency": 123.247147,
    "InPlanePhaseEncodingDirectionDICOM": "ROW  ",
    "IntendedFor": [
      "ses-NAPBL00/fmap/sub-9748277_ses-NAPBL00_run-001_phasediff.nii.gz",
      "ses-NAPBL00/anat/sub-9748277_ses-NAPBL00_run-001_T2star.nii.gz",
      "ses-NAPBL00/fmap/sub-9748277_ses-NAPBL00_run-003_phasediff.nii.gz",
      "ses-NAPBL00/func/sub-9748277_ses-NAPBL00_task-encoding_run-001_bold.nii.gz",
      "ses-NAPBL00/anat/sub-9748277_ses-NAPBL00_run-001_T1w.nii.gz",
      "ses-NAPBL00/fmap/sub-9748277_ses-NAPBL00_run-002_phasediff.nii.gz",
      "ses-NAPBL00/asl/sub-9748277_ses-NAPBL00_run-001_asl.nii.gz",
      "ses-NAPBL00/func/sub-9748277_ses-NAPBL00_task-rest_run-001_bold.nii.gz",
      "ses-NAPBL00/func/sub-9748277_ses-NAPBL00_task-rest_run-002_bold.nii.gz",
      "ses-NAPBL00/func/sub-9748277_ses-NAPBL00_task-retrieval_run-001_bold.nii.gz"
    ],
    "InversionTime": 0.9,
    "MRAcquisitionType": "3D ",
    "MagneticFieldStrength": 3,
    "Manufacturer": "SIEMENS  ",
    "ManufacturerModelName": "TrioTim  ",
    "Modality": "MRI__ ",
    "PatientPosition": "HFS  ",
    "PercentPhaseFOV": 93.75,
    "PhaseEncodingSteps": 239,
    "PixelBandwidth": 238,
    "ProtocolName": "MPRAGE ADNI_iPAT2  ",
    "PulseSequenceType": "*tfl3d1_ns ",
    "ReceiveCoilName": "HeadMatrixix\\\\ ",
    "RepetitionTime": 2.3,
    "SAR": 0.08164597369491,
    "ScanningSequence": "GR\\\\IR  ",
    "SequenceName": "*tfl3d1_ns ",
    "SequenceVariant": "SP\\\\MP  ",
    "SeriesDescription": "MPRAGE ADNI_iPAT2  ",
    "SeriesNumber": 19,
    "SliceOrder": "interleaved ",
    "SliceThickness": 1,
    "SliceTiming": null,
    "SoftwareVersions": "syngo MR B17 ",
    "dataset": "<unset>",
    "modality": "T1w",
    "run_id": 2,
    "session_id": "NAPBL00",
    "subject_id": "9748277"
  },
  "cjv": 0.37565099363681925,
  "cnr": 3.516426134826578,
  "efc": 0.5952661534806434,
  "fber": 119.3116455078125,
  "fwhm_avg": 3.4258133333333336,
  "fwhm_x": 3.47975,
  "fwhm_y": 3.55505,
  "fwhm_z": 3.24264,
  "icvs_csf": 0.2023267671905744,
  "icvs_gm": 0.4121109125213271,
  "icvs_wm": 0.3855623202880985,
  "inu_med": 1.2230454683303833,
  "inu_range": 0.373644423484802,
  "provenance": {
    "md5sum": "02f8f101c7f56993f182762128a12f10",
    "settings": {
      "testing": false
    },
    "software": "mriqc",
    "version": "0.16.1",
    "warnings": {
      "large_rot_frame": false,
      "small_air_mask": false
    },
    "webapi_port": null,
    "webapi_url": "https://mriqc.nimh.nih.gov/api/v1"
  },
  "qi_1": 0.0,
  "qi_2": 0.004236585975079214,
  "rpve_csf": 27.57640380169535,
  "rpve_gm": 14.204106953864997,
  "rpve_wm": 18.424291832542956,
  "size_x": 176,
  "size_y": 240,
  "size_z": 256,
  "snr_csf": 3.028879815606063,
  "snr_gm": 9.446818988554945,
  "snr_total": 10.526386273765327,
  "snr_wm": 19.10346001713497,
  "snrd_csf": 12.817260751448107,
  "snrd_gm": 25.591084188689738,
  "snrd_total": 25.42516192263537,
  "snrd_wm": 37.86714082776827,
  "spacing_x": 1.0,
  "spacing_y": 1.0,
  "spacing_z": 1.0,
  "summary_bg_k": 1795.6783642509404,
  "summary_bg_mad": 17.300873629259247,
  "summary_bg_mean": 58.149444580078125,
  "summary_bg_median": 56.62803268432617,
  "summary_bg_n": 2705880.0,
  "summary_bg_p05": 31.396948528289794,
  "summary_bg_p95": 88.77140884399414,
  "summary_bg_stdv": 25.333110809326172,
  "summary_csf_k": 0.06710191145509725,
  "summary_csf_mad": 115.70980054211654,
  "summary_csf_mean": 352.33758544921875,
  "summary_csf_median": 338.4788513183594,
  "summary_csf_n": 13759.0,
  "summary_csf_p05": 193.89317626953124,
  "summary_csf_p95": 550.2560729980468,
  "summary_csf_stdv": 111.74644470214844,
  "summary_gm_k": 0.023815159583849166,
  "summary_gm_mad": 71.32471334360831,
  "summary_gm_mean": 675.2100219726562,
  "summary_gm_median": 675.8106079101562,
  "summary_gm_n": 19517.0,
  "summary_gm_p05": 556.1017944335938,
  "summary_gm_p95": 790.3383300781251,
  "summary_gm_stdv": 71.5365982055664,
  "summary_wm_k": 0.3218767670174292,
  "summary_wm_mad": 50.45634509310584,
  "summary_wm_mean": 998.8272705078125,
  "summary_wm_median": 999.997314453125,
  "summary_wm_n": 201418.0,
  "summary_wm_p05": 910.4932800292969,
  "summary_wm_p95": 1082.5391784667968,
  "summary_wm_stdv": 52.34626770019531,
  "tpm_overlap_csf": 0.18223123252391815,
  "tpm_overlap_gm": 0.44303199648857117,
  "tpm_overlap_wm": 0.5285759568214417,
  "wm2max": 0.5148420189572923
}