{
  "bids_meta": {
    "AcquisitionNumber": 1,
    "DeviceSerialNumber": "35442  ",
    "EchoNumber": 1,
    "EchoTime": 0.00298,
    "FlipAngle": 9,
    "ImageOrientationPatientDICOM": [
      "-0.0118444014462",
      "0.99991615584749",
      "-0.0052336822189",
      "0.02948349215023",
      "-0.0048825396108",
      "-0.9995533424973  "
    ],
    "ImageType": [
      "ORIGINAL",
      "PRIMARY",
      "M",
      "ND",
      "NORM "
    ],
    "ImagingFrequency": 123.247133,
    "InPlanePhaseEncodingDirectionDICOM": "ROW  ",
    "IntendedFor": [
      "ses-NAPFU36/fmap/sub-3017785_ses-NAPFU36_run-002_phasediff.nii.gz",
      "ses-NAPFU36/func/sub-3017785_ses-NAPFU36_task-rest_run-002_bold.nii.gz",
      "ses-NAPFU36/anat/sub-3017785_ses-NAPFU36_run-001_FLAIR.nii.gz",
      "ses-NAPFU36/anat/sub-3017785_ses-NAPFU36_run-001_T2star.nii.gz",
      "ses-NAPFU36/fmap/sub-3017785_ses-NAPFU36_run-004_phasediff.nii.gz",
      "ses-NAPFU36/fmap/sub-3017785_ses-NAPFU36_run-003_phasediff.nii.gz",
      "ses-NAPFU36/dwi/sub-3017785_ses-NAPFU36_run-001_dwi.nii.gz",
      "ses-NAPFU36/func/sub-3017785_ses-NAPFU36_task-rest_run-001_bold.nii.gz",
      "ses-NAPFU36/fmap/sub-3017785_ses-NAPFU36_run-001_phasediff.nii.gz"
    ],
    "InversionTime": 0.9,
    "MRAcquisitionType": "3D ",
    "MagneticFieldStrength": 3,
    "Manufacturer": "SIEMENS  ",
    "ManufacturerModelName": "TrioTim  ",
    "Modality": "MRI__ ",
    "PatientPosition": "HFS  ",
    "PercentPhaseFOV": 93.75,
    "PhaseEncodingSteps": 239,
    "PixelBandwidth": 238,
    "ProtocolName": "MPRAGE ADNI_iPAT2  ",
    "PulseSequenceType": "*tfl3d1_ns ",
    "ReceiveCoilName": "HeadMatrixix\\\\ ",
    "RepetitionTime": 2.3,
    "SAR": 0.08872602089662,
    "ScanningSequence": "GR\\\\IR  ",
    "SequenceName": "*tfl3d1_ns ",
    "SequenceVariant": "SP\\\\MP  ",
    "SeriesDescription": "MPRAGE ADNI_iPAT2  ",
    "SeriesNumber": 4,
    "SliceOrder": "interleaved ",
    "SliceThickness": 1,
    "SliceTiming": null,
    "SoftwareVersions": "syngo MR B17 ",
    "dataset": "<unset>",
    "modality": "T1w",
    "run_id": 1,
    "session_id": "NAPFU36",
    "subject_id": "3017785"
  },
  "cjv": 0.47959884646244855,
  "cnr": 2.7696750739660914,
  "efc": 0.6482234961721516,
  "fber": 88.87864685058594,
  "fwhm_avg": 3.039673333333333,
  "fwhm_x": 3.08469,
  "fwhm_y": 3.20891,
  "fwhm_z": 2.82542,
  "icvs_csf": 0.2119770562587032,
  "icvs_gm": 0.3882233483366451,
  "icvs_wm": 0.39979959540465165,
  "inu_med": 1.328664779663086,
  "inu_range": 0.545780599117279,
  "provenance": {
    "md5sum": "cab6a58eebc95a3fd1cce00f6786c928",
    "settings": {
      "testing": false
    },
    "software": "mriqc",
    "version": "0.16.1",
    "warnings": {
      "large_rot_frame": true,
      "small_air_mask": false
    },
    "webapi_port": null,
    "webapi_url": "https://mriqc.nimh.nih.gov/api/v1"
  },
  "qi_1": 0.0,
  "qi_2": 0.0044137665888533155,
  "rpve_csf": 25.735371109949803,
  "rpve_gm": 13.682309876009024,
  "rpve_wm": 16.186582701684934,
  "size_x": 176,
  "size_y": 240,
  "size_z": 256,
  "snr_csf": 3.110212109907491,
  "snr_gm": 9.986361447664105,
  "snr_total": 9.230327321674682,
  "snr_wm": 14.594408407452452,
  "snrd_csf": 11.389272722512688,
  "snrd_gm": 20.82112226603339,
  "snrd_total": 20.428736075760778,
  "snrd_wm": 29.075813238736256,
  "spacing_x": 1.0,
  "spacing_y": 1.0,
  "spacing_z": 1.0,
  "summary_bg_k": 1096.9936078921426,
  "summary_bg_mad": 22.532636522248342,
  "summary_bg_mean": 75.53135681152344,
  "summary_bg_median": 73.70584106445312,
  "summary_bg_n": 2598464.0,
  "summary_bg_p05": 41.02429752349853,
  "summary_bg_p95": 115.79806785583497,
  "summary_bg_stdv": 25.910327911376953,
  "summary_csf_k": 24.208437336075644,
  "summary_csf_mad": 126.03308812081146,
  "summary_csf_mean": 400.9788818359375,
  "summary_csf_median": 391.7204895019531,
  "summary_csf_n": 7169.0,
  "summary_csf_p05": 219.30510253906252,
  "summary_csf_p95": 608.7234741210937,
  "summary_csf_stdv": 125.9377670288086,
  "summary_gm_k": 0.09529805950374648,
  "summary_gm_mad": 69.35970436076839,
  "summary_gm_mean": 715.3070068359375,
  "summary_gm_median": 716.1177368164062,
  "summary_gm_n": 4561.0,
  "summary_gm_p05": 595.3419189453125,
  "summary_gm_p95": 832.583984375,
  "summary_gm_stdv": 71.70171356201172,
  "summary_wm_k": 0.19352626064118317,
  "summary_wm_mad": 66.8033376204862,
  "summary_wm_mean": 1001.8718872070312,
  "summary_wm_median": 1000.0280151367188,
  "summary_wm_n": 183777.0,
  "summary_wm_p05": 892.4371337890625,
  "summary_wm_p95": 1118.0961181640623,
  "summary_wm_stdv": 68.52112579345703,
  "tpm_overlap_csf": 0.13227950036525726,
  "tpm_overlap_gm": 0.378377765417099,
  "tpm_overlap_wm": 0.445475697517395,
  "wm2max": 0.46056231567466
}