{
  "bids_meta": {
    "AcquisitionNumber": 1,
    "DeviceSerialNumber": "35442  ",
    "EchoNumber": 1,
    "EchoTime": 0.00298,
    "FlipAngle": 9,
    "ImageOrientationPatientDICOM": [
      "-0.0086668222744",
      "0.99996238150547",
      "-0.0003489492323",
      "-0.0265422973492",
      "-0.0005788853866",
      "-0.9996475235517  "
    ],
    "ImageType": [
      "ORIGINAL",
      "PRIMARY",
      "M",
      "ND",
      "NORM "
    ],
    "ImagingFrequency": 123.247154,
    "InPlanePhaseEncodingDirectionDICOM": "ROW  ",
    "IntendedFor": [
      "ses-PREEN00/fmap/sub-9930257_ses-PREEN00_run-001_phasediff.nii.gz",
      "ses-PREEN00/fmap/sub-9930257_ses-PREEN00_run-002_phasediff.nii.gz",
      "ses-PREEN00/dwi/sub-9930257_ses-PREEN00_run-001_dwi.nii.gz",
      "ses-PREEN00/anat/sub-9930257_ses-PREEN00_run-001_FLAIR.nii.gz"
    ],
    "InversionTime": 0.9,
    "MRAcquisitionType": "3D ",
    "MagneticFieldStrength": 3,
    "Manufacturer": "SIEMENS  ",
    "ManufacturerModelName": "TrioTim  ",
    "Modality": "MRI__ ",
    "PatientPosition": "HFS  ",
    "PercentPhaseFOV": 93.75,
    "PhaseEncodingSteps": 239,
    "PixelBandwidth": 238,
    "ProtocolName": "MPRAGE ADNI_iPAT2  ",
    "PulseSequenceType": "*tfl3d1_ns ",
    "ReceiveCoilName": "HeadMatrixix\\\\ ",
    "RepetitionTime": 2.3,
    "SAR": 0.08619373290045,
    "ScanningSequence": "GR\\\\IR  ",
    "SequenceName": "*tfl3d1_ns ",
    "SequenceVariant": "SP\\\\MP  ",
    "SeriesDescription": "MPRAGE ADNI_iPAT2  ",
    "SeriesNumber": 4,
    "SliceOrder": "interleaved ",
    "SliceThickness": 1,
    "SliceTiming": null,
    "SoftwareVersions": "syngo MR B17 ",
    "dataset": "<unset>",
    "modality": "T1w",
    "run_id": 1,
    "session_id": "PREEN00",
    "subject_id": "9930257"
  },
  "cjv": 0.44472363031349155,
  "cnr": 3.0247400011351604,
  "efc": 0.6349748600054868,
  "fber": 119.150390625,
  "fwhm_avg": 3.45862,
  "fwhm_x": 3.406,
  "fwhm_y": 3.68514,
  "fwhm_z": 3.28472,
  "icvs_csf": 0.24308511336883507,
  "icvs_gm": 0.3754305551988673,
  "icvs_wm": 0.3814843314322976,
  "inu_med": 1.3363090753555298,
  "inu_range": 0.41287252902984606,
  "provenance": {
    "md5sum": "c1dae058f361281439733bff1822b7a2",
    "settings": {
      "testing": false
    },
    "software": "mriqc",
    "version": "0.16.1",
    "warnings": {
      "large_rot_frame": false,
      "small_air_mask": false
    },
    "webapi_port": null,
    "webapi_url": "https://mriqc.nimh.nih.gov/api/v1"
  },
  "qi_1": 0.0,
  "qi_2": 0.005166386642497848,
  "rpve_csf": 23.571290523074627,
  "rpve_gm": 14.273975079174841,
  "rpve_wm": 17.39032444574729,
  "size_x": 176,
  "size_y": 240,
  "size_z": 256,
  "snr_csf": 2.7721522119548845,
  "snr_gm": 9.154801546919343,
  "snr_total": 9.36072394230642,
  "snr_wm": 16.15521806804503,
  "snrd_csf": 10.740009094715814,
  "snrd_gm": 24.101913704434207,
  "snrd_total": 23.1962876153141,
  "snrd_wm": 34.746940046792275,
  "spacing_x": 1.0,
  "spacing_y": 1.0,
  "spacing_z": 1.0,
  "summary_bg_k": 1446.2388371556137,
  "summary_bg_mad": 18.855093706243153,
  "summary_bg_mean": 59.344398498535156,
  "summary_bg_median": 57.24302673339844,
  "summary_bg_n": 2681199.0,
  "summary_bg_p05": 29.549509048461914,
  "summary_bg_p95": 93.79386367797855,
  "summary_bg_stdv": 26.20944595336914,
  "summary_csf_k": 0.09961066256680118,
  "summary_csf_mad": 113.44405650386122,
  "summary_csf_mean": 322.5633544921875,
  "summary_csf_median": 309.10186767578125,
  "summary_csf_n": 27992.0,
  "summary_csf_p05": 161.2123596191406,
  "summary_csf_p95": 521.5345214843749,
  "summary_csf_stdv": 111.50049591064453,
  "summary_gm_k": -0.053411390643347545,
  "summary_gm_mad": 75.7860031369765,
  "summary_gm_mean": 691.8379516601562,
  "summary_gm_median": 693.6629638671875,
  "summary_gm_n": 8118.0,
  "summary_gm_p05": 564.4100616455078,
  "summary_gm_p95": 816.1937744140625,
  "summary_gm_stdv": 75.76573181152344,
  "summary_wm_k": 0.19994327599713158,
  "summary_wm_mad": 60.46318614115415,
  "summary_wm_mean": 1000.718017578125,
  "summary_wm_median": 1000.0311889648438,
  "summary_wm_n": 193625.0,
  "summary_wm_p05": 900.0770629882813,
  "summary_wm_p95": 1103.724560546875,
  "summary_wm_stdv": 61.901275634765625,
  "tpm_overlap_csf": 0.1614236682653427,
  "tpm_overlap_gm": 0.4125531315803528,
  "tpm_overlap_wm": 0.49713635444641113,
  "wm2max": 0.5288784793996117
}