{
  "bids_meta": {
    "AcquisitionNumber": 1,
    "DeviceSerialNumber": "35442  ",
    "EchoNumber": 1,
    "EchoTime": 0.00298,
    "FlipAngle": 9,
    "ImageOrientationPatientDICOM": [
      "0.01749194840658",
      "0.99984694329239",
      "-0.000348897997",
      "0.024955251032",
      "-0.0007854254099",
      "-0.9996882606857 "
    ],
    "ImageType": [
      "ORIGINAL",
      "PRIMARY",
      "M",
      "ND",
      "NORM "
    ],
    "ImagingFrequency": 123.247338,
    "InPlanePhaseEncodingDirectionDICOM": "ROW  ",
    "IntendedFor": [
      "ses-PREEN00/anat/sub-9827494_ses-PREEN00_run-001_FLAIR.nii.gz",
      "ses-PREEN00/dwi/sub-9827494_ses-PREEN00_run-001_dwi.nii.gz",
      "ses-PREEN00/fmap/sub-9827494_ses-PREEN00_run-002_phasediff.nii.gz",
      "ses-PREEN00/fmap/sub-9827494_ses-PREEN00_run-001_phasediff.nii.gz"
    ],
    "InversionTime": 0.9,
    "MRAcquisitionType": "3D ",
    "MagneticFieldStrength": 3,
    "Manufacturer": "SIEMENS  ",
    "ManufacturerModelName": "TrioTim  ",
    "Modality": "MRI__ ",
    "PatientPosition": "HFS  ",
    "PercentPhaseFOV": 93.75,
    "PhaseEncodingSteps": 239,
    "PixelBandwidth": 238,
    "ProtocolName": "MPRAGE ADNI_iPAT2  ",
    "PulseSequenceType": "*tfl3d1_ns ",
    "ReceiveCoilName": "HeadMatrixix\\\\ ",
    "RepetitionTime": 2.3,
    "SAR": 0.09199353951991,
    "ScanningSequence": "GR\\\\IR  ",
    "SequenceName": "*tfl3d1_ns ",
    "SequenceVariant": "SP\\\\MP  ",
    "SeriesDescription": "MPRAGE ADNI_iPAT2  ",
    "SeriesNumber": 4,
    "SliceOrder": "interleaved ",
    "SliceThickness": 1,
    "SliceTiming": null,
    "SoftwareVersions": "syngo MR B17 ",
    "dataset": "<unset>",
    "modality": "T1w",
    "run_id": 1,
    "session_id": "PREEN00",
    "subject_id": "9827494"
  },
  "cjv": 0.42224603898369584,
  "cnr": 3.281895746054682,
  "efc": 0.6232842554846186,
  "fber": 144.30287170410156,
  "fwhm_avg": 2.9531799999999997,
  "fwhm_x": 2.98218,
  "fwhm_y": 3.02178,
  "fwhm_z": 2.85558,
  "icvs_csf": 0.18138847979382167,
  "icvs_gm": 0.42536197882409776,
  "icvs_wm": 0.3932495413820805,
  "inu_med": 1.2322750091552734,
  "inu_range": 0.3231292963027954,
  "provenance": {
    "md5sum": "2df8cce1a593201f5684052eedca8d2e",
    "settings": {
      "testing": false
    },
    "software": "mriqc",
    "version": "0.16.1",
    "warnings": {
      "large_rot_frame": false,
      "small_air_mask": false
    },
    "webapi_port": null,
    "webapi_url": "https://mriqc.nimh.nih.gov/api/v1"
  },
  "qi_1": 0.00011925890450836221,
  "qi_2": 0.0047615723509602794,
  "rpve_csf": 29.254518084588018,
  "rpve_gm": 13.177940083139646,
  "rpve_wm": 16.57006574428114,
  "size_x": 176,
  "size_y": 240,
  "size_z": 256,
  "snr_csf": 0.6900281075367828,
  "snr_gm": 8.33610725780386,
  "snr_total": 8.372746642512519,
  "snr_wm": 16.092104562196912,
  "snrd_csf": 13.025277978512884,
  "snrd_gm": 25.427593629393968,
  "snrd_total": 25.59416281895577,
  "snrd_wm": 38.32961684896046,
  "spacing_x": 1.0,
  "spacing_y": 1.0,
  "spacing_z": 1.0,
  "summary_bg_k": 255.6949103362648,
  "summary_bg_mad": 17.092085769153876,
  "summary_bg_mean": 56.29171371459961,
  "summary_bg_median": 54.83433151245117,
  "summary_bg_n": 2977436.0,
  "summary_bg_p05": 29.907183170318604,
  "summary_bg_p95": 87.32056427001953,
  "summary_bg_stdv": 18.033580780029297,
  "summary_csf_k": 1.6003531094842458,
  "summary_csf_mad": 146.8842744196392,
  "summary_csf_mean": 550.611328125,
  "summary_csf_median": 339.82110595703125,
  "summary_csf_n": 17514.0,
  "summary_csf_p05": 185.07940368652345,
  "summary_csf_p95": 1741.6749938964842,
  "summary_csf_stdv": 492.4602355957031,
  "summary_gm_k": -0.17054909680567976,
  "summary_gm_mad": 81.75645421569183,
  "summary_gm_mean": 663.6141967773438,
  "summary_gm_median": 663.3895263671875,
  "summary_gm_n": 16352.0,
  "summary_gm_p05": 533.5318572998046,
  "summary_gm_p95": 794.9718780517578,
  "summary_gm_stdv": 79.57781982421875,
  "summary_wm_k": 0.2069437036213393,
  "summary_wm_mad": 60.37387166424588,
  "summary_wm_mean": 1001.468505859375,
  "summary_wm_median": 999.9949951171875,
  "summary_wm_n": 197609.0,
  "summary_wm_p05": 901.9308471679688,
  "summary_wm_p95": 1106.3231201171875,
  "summary_wm_stdv": 62.141807556152344,
  "tpm_overlap_csf": 0.1601455956697464,
  "tpm_overlap_gm": 0.40597212314605713,
  "tpm_overlap_wm": 0.49753689765930176,
  "wm2max": 0.5133448153211829
}