{
  "bids_meta": {
    "AcquisitionNumber": 1,
    "DeviceSerialNumber": "35442  ",
    "EchoNumber": 1,
    "EchoTime": 0.00298,
    "FlipAngle": 9,
    "ImageOrientationPatientDICOM": [
      "-0.0709586968985",
      "0.99050069284009",
      "-0.1177847223445",
      "0.092704075341",
      "-0.1110226557691",
      "-0.9894846761427  "
    ],
    "ImageType": [
      "ORIGINAL",
      "PRIMARY",
      "M",
      "ND",
      "NORM "
    ],
    "ImagingFrequency": 123.247165,
    "InPlanePhaseEncodingDirectionDICOM": "ROW  ",
    "IntendedFor": [
      "ses-PREBL00/func/sub-4136011_ses-PREBL00_task-rest_run-001_bold.nii.gz",
      "ses-PREBL00/anat/sub-4136011_ses-PREBL00_run-001_T2star.nii.gz",
      "ses-PREBL00/func/sub-4136011_ses-PREBL00_task-retrieval_run-001_bold.nii.gz",
      "ses-PREBL00/func/sub-4136011_ses-PREBL00_task-rest_run-002_bold.nii.gz",
      "ses-PREBL00/fmap/sub-4136011_ses-PREBL00_run-002_phasediff.nii.gz",
      "ses-PREBL00/func/sub-4136011_ses-PREBL00_task-encoding_run-001_bold.nii.gz",
      "ses-PREBL00/fmap/sub-4136011_ses-PREBL00_run-001_phasediff.nii.gz",
      "ses-PREBL00/asl/sub-4136011_ses-PREBL00_run-001_asl.nii.gz",
      "ses-PREBL00/fmap/sub-4136011_ses-PREBL00_run-003_phasediff.nii.gz"
    ],
    "InversionTime": 0.9,
    "MRAcquisitionType": "3D ",
    "MagneticFieldStrength": 3,
    "Manufacturer": "SIEMENS  ",
    "ManufacturerModelName": "TrioTim  ",
    "Modality": "MRI__ ",
    "PatientPosition": "HFS  ",
    "PercentPhaseFOV": 93.75,
    "PhaseEncodingSteps": 239,
    "PixelBandwidth": 238,
    "ProtocolName": "MPRAGE ADNI_iPAT2  ",
    "PulseSequenceType": "*tfl3d1_ns ",
    "ReceiveCoilName": "HeadMatrixix\\\\ ",
    "RepetitionTime": 2.3,
    "SAR": 0.09222621878963,
    "ScanningSequence": "GR\\\\IR  ",
    "SequenceName": "*tfl3d1_ns ",
    "SequenceVariant": "SP\\\\MP  ",
    "SeriesDescription": "MPRAGE ADNI_iPAT2  ",
    "SeriesNumber": 12,
    "SliceOrder": "interleaved ",
    "SliceThickness": 1,
    "SliceTiming": null,
    "SoftwareVersions": "syngo MR B17 ",
    "dataset": "<unset>",
    "modality": "T1w",
    "run_id": 1,
    "session_id": "PREBL00",
    "subject_id": "4136011"
  },
  "cjv": 0.4135330910594779,
  "cnr": 3.2550593398966496,
  "efc": 0.6201326394608472,
  "fber": 91.90157318115234,
  "fwhm_avg": 3.259066666666667,
  "fwhm_x": 3.34904,
  "fwhm_y": 3.35318,
  "fwhm_z": 3.07498,
  "icvs_csf": 0.21668982208995663,
  "icvs_gm": 0.40490328471516296,
  "icvs_wm": 0.3784068931948804,
  "inu_med": 1.2256085872650146,
  "inu_range": 0.3003656148910523,
  "provenance": {
    "md5sum": "7bdee5a76023a83c7a346e50c96ace56",
    "settings": {
      "testing": false
    },
    "software": "mriqc",
    "version": "0.16.1",
    "warnings": {
      "large_rot_frame": true,
      "small_air_mask": false
    },
    "webapi_port": null,
    "webapi_url": "https://mriqc.nimh.nih.gov/api/v1"
  },
  "qi_1": 7.522897820240356e-05,
  "qi_2": 0.004408868768231557,
  "rpve_csf": 28.813975316852872,
  "rpve_gm": 15.542843507563015,
  "rpve_wm": 19.989830874120802,
  "size_x": 176,
  "size_y": 240,
  "size_z": 256,
  "snr_csf": 3.378510028600827,
  "snr_gm": 8.073677902572014,
  "snr_total": 9.11897612691653,
  "snr_wm": 15.904740449576755,
  "snrd_csf": 10.159501325810039,
  "snrd_gm": 23.644444283329612,
  "snrd_total": 23.22607284678973,
  "snrd_wm": 35.87427293122954,
  "spacing_x": 1.0,
  "spacing_y": 1.0,
  "spacing_z": 1.0,
  "summary_bg_k": 1.5556634924502717,
  "summary_bg_mad": 18.26172818288761,
  "summary_bg_mean": 60.4326286315918,
  "summary_bg_median": 58.91300582885742,
  "summary_bg_n": 2494637.0,
  "summary_bg_p05": 32.51333847045898,
  "summary_bg_p95": 93.39216613769528,
  "summary_bg_stdv": 18.766056060791016,
  "summary_csf_k": 1.1279524049142946,
  "summary_csf_mad": 73.42086620249614,
  "summary_csf_mean": 294.9904479980469,
  "summary_csf_median": 283.1930236816406,
  "summary_csf_n": 25437.0,
  "summary_csf_p05": 180.30406494140627,
  "summary_csf_p95": 455.67991333007814,
  "summary_csf_stdv": 83.82022094726562,
  "summary_gm_k": 0.06334659522549213,
  "summary_gm_mad": 80.34357520332384,
  "summary_gm_mean": 654.0677490234375,
  "summary_gm_median": 659.0817260742188,
  "summary_gm_n": 8191.0,
  "summary_gm_p05": 508.73606872558594,
  "summary_gm_p95": 778.5117797851562,
  "summary_gm_stdv": 81.62841033935547,
  "summary_wm_k": 0.2562962143933647,
  "summary_wm_mad": 60.63100143743214,
  "summary_wm_mean": 1000.9649658203125,
  "summary_wm_median": 999.9844970703125,
  "summary_wm_n": 173504.0,
  "summary_wm_p05": 899.4150146484375,
  "summary_wm_p95": 1106.4615051269532,
  "summary_wm_stdv": 62.8731803894043,
  "tpm_overlap_csf": 0.16552703082561493,
  "tpm_overlap_gm": 0.41284996271133423,
  "tpm_overlap_wm": 0.492104709148407,
  "wm2max": 0.5372080849892145
}