{
  "bids_meta": {
    "AcquisitionNumber": 1,
    "DeviceSerialNumber": "35442  ",
    "EchoNumber": 1,
    "EchoTime": 0.00298,
    "FlipAngle": 9,
    "ImageOrientationPatientDICOM": [
      "-0.0222221817217",
      "0.99600415333601",
      "-0.0864979836582",
      "0.0326265690158",
      "-0.0857507711662",
      "-0.9957822614601 "
    ],
    "ImageType": [
      "ORIGINAL",
      "PRIMARY",
      "M",
      "ND",
      "NORM "
    ],
    "ImagingFrequency": 123.247143,
    "InPlanePhaseEncodingDirectionDICOM": "ROW  ",
    "IntendedFor": [
      "ses-NAPFU24/func/sub-5640996_ses-NAPFU24_task-encoding_run-001_bold.nii.gz",
      "ses-NAPFU24/dwi/sub-5640996_ses-NAPFU24_run-001_dwi.nii.gz",
      "ses-NAPFU24/fmap/sub-5640996_ses-NAPFU24_run-001_phasediff.nii.gz",
      "ses-NAPFU24/func/sub-5640996_ses-NAPFU24_task-retrieval_run-001_bold.nii.gz",
      "ses-NAPFU24/anat/sub-5640996_ses-NAPFU24_run-002_T1w.nii.gz",
      "ses-NAPFU24/func/sub-5640996_ses-NAPFU24_task-rest_run-001_bold.nii.gz",
      "ses-NAPFU24/fmap/sub-5640996_ses-NAPFU24_run-004_phasediff.nii.gz",
      "ses-NAPFU24/anat/sub-5640996_ses-NAPFU24_run-001_T2star.nii.gz",
      "ses-NAPFU24/fmap/sub-5640996_ses-NAPFU24_run-005_phasediff.nii.gz",
      "ses-NAPFU24/func/sub-5640996_ses-NAPFU24_task-rest_run-002_bold.nii.gz",
      "ses-NAPFU24/fmap/sub-5640996_ses-NAPFU24_run-003_phasediff.nii.gz",
      "ses-NAPFU24/anat/sub-5640996_ses-NAPFU24_run-001_FLAIR.nii.gz",
      "ses-NAPFU24/fmap/sub-5640996_ses-NAPFU24_run-002_phasediff.nii.gz",
      "ses-NAPFU24/asl/sub-5640996_ses-NAPFU24_run-001_asl.nii.gz"
    ],
    "InversionTime": 0.9,
    "MRAcquisitionType": "3D ",
    "MagneticFieldStrength": 3,
    "Manufacturer": "SIEMENS  ",
    "ManufacturerModelName": "TrioTim  ",
    "Modality": "MRI__ ",
    "PatientPosition": "HFS  ",
    "PercentPhaseFOV": 93.75,
    "PhaseEncodingSteps": 239,
    "PixelBandwidth": 238,
    "ProtocolName": "MPRAGE ADNI_iPAT2  ",
    "PulseSequenceType": "*tfl3d1_ns ",
    "ReceiveCoilName": "HeadMatrixix\\\\ ",
    "RepetitionTime": 2.3,
    "SAR": 0.07615913635045,
    "ScanningSequence": "GR\\\\IR  ",
    "SequenceName": "*tfl3d1_ns ",
    "SequenceVariant": "SP\\\\MP  ",
    "SeriesDescription": "MPRAGE ADNI_iPAT2  ",
    "SeriesNumber": 12,
    "SliceOrder": "interleaved ",
    "SliceThickness": 1,
    "SliceTiming": null,
    "SoftwareVersions": "syngo MR B17 ",
    "dataset": "<unset>",
    "modality": "T1w",
    "run_id": 1,
    "session_id": "NAPFU24",
    "subject_id": "5640996"
  },
  "cjv": 0.41768310458986124,
  "cnr": 3.217736049815472,
  "efc": 0.6192043790244319,
  "fber": 106.52738189697266,
  "fwhm_avg": 3.2121033333333333,
  "fwhm_x": 3.26798,
  "fwhm_y": 3.33711,
  "fwhm_z": 3.03122,
  "icvs_csf": 0.2173082241640648,
  "icvs_gm": 0.41055862697985784,
  "icvs_wm": 0.37213314885607734,
  "inu_med": 1.416278600692749,
  "inu_range": 0.3689882993698117,
  "provenance": {
    "md5sum": "c1fa01549d49dd907ad5d49b5d75da14",
    "settings": {
      "testing": false
    },
    "software": "mriqc",
    "version": "0.16.1",
    "warnings": {
      "large_rot_frame": true,
      "small_air_mask": false
    },
    "webapi_port": null,
    "webapi_url": "https://mriqc.nimh.nih.gov/api/v1"
  },
  "qi_1": 9.401709679759551e-05,
  "qi_2": 0.00508433499648446,
  "rpve_csf": 29.161337938931506,
  "rpve_gm": 15.550080333441997,
  "rpve_wm": 20.404473223116334,
  "size_x": 176,
  "size_y": 240,
  "size_z": 256,
  "snr_csf": 2.8339608761702557,
  "snr_gm": 8.744885560960602,
  "snr_total": 9.632090184489607,
  "snr_wm": 17.317424116337968,
  "snrd_csf": 10.357830926102077,
  "snrd_gm": 23.49085857797101,
  "snrd_total": 22.776943380901496,
  "snrd_wm": 34.4821406386314,
  "spacing_x": 1.0,
  "spacing_y": 1.0,
  "spacing_z": 1.0,
  "summary_bg_k": 407.5762944667759,
  "summary_bg_mad": 18.999432280532403,
  "summary_bg_mean": 60.226436614990234,
  "summary_bg_median": 58.7833366394043,
  "summary_bg_n": 2856357.0,
  "summary_bg_p05": 30.999842071533205,
  "summary_bg_p95": 94.15487518310546,
  "summary_bg_stdv": 20.259124755859375,
  "summary_csf_k": 0.2704508943698696,
  "summary_csf_mad": 102.42534668095148,
  "summary_csf_mean": 321.1094055175781,
  "summary_csf_median": 300.3846435546875,
  "summary_csf_n": 18158.0,
  "summary_csf_p05": 178.34025955200195,
  "summary_csf_p95": 516.0975372314454,
  "summary_csf_stdv": 105.99171447753906,
  "summary_gm_k": -0.11656058169298422,
  "summary_gm_mad": 77.48193755336584,
  "summary_gm_mean": 679.69482421875,
  "summary_gm_median": 681.2520141601562,
  "summary_gm_n": 10550.0,
  "summary_gm_p05": 546.7634399414062,
  "summary_gm_p95": 805.7960540771484,
  "summary_gm_stdv": 77.89921569824219,
  "summary_wm_k": 0.3179076991063501,
  "summary_wm_mad": 55.6567189697043,
  "summary_wm_mean": 999.6170043945312,
  "summary_wm_median": 1000.0072021484375,
  "summary_wm_n": 167436.0,
  "summary_wm_p05": 904.1266937255859,
  "summary_wm_p95": 1093.6309814453125,
  "summary_wm_stdv": 57.74555206298828,
  "tpm_overlap_csf": 0.15741266310214996,
  "tpm_overlap_gm": 0.4016522765159607,
  "tpm_overlap_wm": 0.48292240500450134,
  "wm2max": 0.506928103401156
}