{
  "bids_meta": {
    "AcquisitionNumber": 1,
    "DeviceSerialNumber": "35442  ",
    "EchoNumber": 1,
    "EchoTime": 0.00298,
    "FlipAngle": 9,
    "ImageOrientationPatientDICOM": [
      "-0.0337643605888",
      "0.9963454003616",
      "0.07845897738514",
      "-0.0045485764957",
      "0.0783497323509",
      "-0.9969155580551  "
    ],
    "ImageType": [
      "ORIGINAL",
      "PRIMARY",
      "M",
      "ND",
      "NORM "
    ],
    "ImagingFrequency": 123.247112,
    "InPlanePhaseEncodingDirectionDICOM": "ROW  ",
    "IntendedFor": [
      "ses-PREFU24/func/sub-8478383_ses-PREFU24_task-rest_run-002_bold.nii.gz",
      "ses-PREFU24/func/sub-8478383_ses-PREFU24_task-retrieval_run-001_bold.nii.gz",
      "ses-PREFU24/fmap/sub-8478383_ses-PREFU24_run-001_phasediff.nii.gz",
      "ses-PREFU24/fmap/sub-8478383_ses-PREFU24_run-002_phasediff.nii.gz",
      "ses-PREFU24/fmap/sub-8478383_ses-PREFU24_run-003_phasediff.nii.gz",
      "ses-PREFU24/func/sub-8478383_ses-PREFU24_task-rest_run-001_bold.nii.gz",
      "ses-PREFU24/asl/sub-8478383_ses-PREFU24_run-001_asl.nii.gz",
      "ses-PREFU24/func/sub-8478383_ses-PREFU24_task-encoding_run-001_bold.nii.gz",
      "ses-PREFU24/anat/sub-8478383_ses-PREFU24_run-001_T2star.nii.gz"
    ],
    "InversionTime": 0.9,
    "MRAcquisitionType": "3D ",
    "MagneticFieldStrength": 3,
    "Manufacturer": "SIEMENS  ",
    "ManufacturerModelName": "TrioTim  ",
    "Modality": "MRI__ ",
    "PatientPosition": "HFS  ",
    "PercentPhaseFOV": 93.75,
    "PhaseEncodingSteps": 239,
    "PixelBandwidth": 238,
    "ProtocolName": "MPRAGE ADNI_iPAT2  ",
    "PulseSequenceType": "*tfl3d1_ns ",
    "ReceiveCoilName": "HeadMatrixix\\\\ ",
    "RepetitionTime": 2.3,
    "SAR": 0.0799179906425,
    "ScanningSequence": "GR\\\\IR  ",
    "SequenceName": "*tfl3d1_ns ",
    "SequenceVariant": "SP\\\\MP  ",
    "SeriesDescription": "MPRAGE ADNI_iPAT2  ",
    "SeriesNumber": 12,
    "SliceOrder": "interleaved ",
    "SliceThickness": 1,
    "SliceTiming": null,
    "SoftwareVersions": "syngo MR B17 ",
    "dataset": "<unset>",
    "modality": "T1w",
    "run_id": 1,
    "session_id": "PREFU24",
    "subject_id": "8478383"
  },
  "cjv": 0.40336744842085154,
  "cnr": 3.3223980017633377,
  "efc": 0.6258462538449419,
  "fber": 126.40703582763672,
  "fwhm_avg": 3.0096499999999993,
  "fwhm_x": 3.08051,
  "fwhm_y": 3.09087,
  "fwhm_z": 2.85757,
  "icvs_csf": 0.20017347384042516,
  "icvs_gm": 0.41736808968142225,
  "icvs_wm": 0.3824584364781526,
  "inu_med": 1.4130223989486694,
  "inu_range": 0.4751163363456725,
  "provenance": {
    "md5sum": "fea738a70e0da904c4de572ddc1cd9fb",
    "settings": {
      "testing": false
    },
    "software": "mriqc",
    "version": "0.16.1",
    "warnings": {
      "large_rot_frame": true,
      "small_air_mask": false
    },
    "webapi_port": null,
    "webapi_url": "https://mriqc.nimh.nih.gov/api/v1"
  },
  "qi_1": 0.0,
  "qi_2": 0.004802320765659356,
  "rpve_csf": 25.29403598911135,
  "rpve_gm": 12.537582405165645,
  "rpve_wm": 16.31570168009087,
  "size_x": 176,
  "size_y": 240,
  "size_z": 256,
  "snr_csf": 1.2354972649238183,
  "snr_gm": 8.44150246131501,
  "snr_total": 8.555200763960878,
  "snr_wm": 15.98860256564381,
  "snrd_csf": 11.380103888770378,
  "snrd_gm": 24.127757408208637,
  "snrd_total": 23.99488434282868,
  "snrd_wm": 36.476791731507014,
  "spacing_x": 1.0,
  "spacing_y": 1.0,
  "spacing_z": 1.0,
  "summary_bg_k": 1.4223453828371184,
  "summary_bg_mad": 17.96033989659056,
  "summary_bg_mean": 57.95656967163086,
  "summary_bg_median": 56.59592056274414,
  "summary_bg_n": 2837008.0,
  "summary_bg_p05": 30.507636165618898,
  "summary_bg_p95": 90.02514343261718,
  "summary_bg_stdv": 18.223209381103516,
  "summary_csf_k": 17.75732990911134,
  "summary_csf_mad": 109.40412607970651,
  "summary_csf_mean": 368.7532958984375,
  "summary_csf_median": 311.9816589355469,
  "summary_csf_n": 14527.0,
  "summary_csf_p05": 174.4949966430664,
  "summary_csf_p95": 632.1077514648437,
  "summary_csf_stdv": 252.50636291503906,
  "summary_gm_k": 0.1405091750315557,
  "summary_gm_mad": 76.00956080182137,
  "summary_gm_mean": 659.9237060546875,
  "summary_gm_median": 661.4542236328125,
  "summary_gm_n": 9768.0,
  "summary_gm_p05": 526.1529846191406,
  "summary_gm_p95": 784.80224609375,
  "summary_gm_stdv": 78.3533935546875,
  "summary_wm_k": 0.2614817653238375,
  "summary_wm_mad": 60.54829279316248,
  "summary_wm_mean": 999.5580444335938,
  "summary_wm_median": 999.998779296875,
  "summary_wm_n": 198600.0,
  "summary_wm_p05": 896.0540008544922,
  "summary_wm_p95": 1101.6671447753906,
  "summary_wm_stdv": 62.54431915283203,
  "tpm_overlap_csf": 0.1493871808052063,
  "tpm_overlap_gm": 0.40316513180732727,
  "tpm_overlap_wm": 0.47526976466178894,
  "wm2max": 0.5173240350283521
}