{
  "bids_meta": {
    "AcquisitionNumber": 1,
    "DeviceSerialNumber": "35442  ",
    "EchoNumber": 1,
    "EchoTime": 0.00298,
    "FlipAngle": 9,
    "ImageOrientationPatientDICOM": [
      "-0.0054545204824",
      "0.996850079983",
      "0.07912121235286",
      "0.00245941885585",
      "0.07913552316759",
      "-0.996860832931 "
    ],
    "ImageType": [
      "ORIGINAL",
      "PRIMARY",
      "M",
      "ND",
      "NORM "
    ],
    "ImagingFrequency": 123.247107,
    "InPlanePhaseEncodingDirectionDICOM": "ROW  ",
    "IntendedFor": [
      "ses-NAPFU03/func/sub-6424373_ses-NAPFU03_task-rest_run-001_bold.nii.gz",
      "ses-NAPFU03/asl/sub-6424373_ses-NAPFU03_run-001_asl.nii.gz",
      "ses-NAPFU03/func/sub-6424373_ses-NAPFU03_task-rest_run-002_bold.nii.gz",
      "ses-NAPFU03/func/sub-6424373_ses-NAPFU03_task-retrieval_run-001_bold.nii.gz",
      "ses-NAPFU03/anat/sub-6424373_ses-NAPFU03_run-001_T2star.nii.gz",
      "ses-NAPFU03/fmap/sub-6424373_ses-NAPFU03_run-003_phasediff.nii.gz",
      "ses-NAPFU03/func/sub-6424373_ses-NAPFU03_task-encoding_run-001_bold.nii.gz",
      "ses-NAPFU03/fmap/sub-6424373_ses-NAPFU03_run-002_phasediff.nii.gz",
      "ses-NAPFU03/fmap/sub-6424373_ses-NAPFU03_run-001_phasediff.nii.gz"
    ],
    "InversionTime": 0.9,
    "MRAcquisitionType": "3D ",
    "MagneticFieldStrength": 3,
    "Manufacturer": "SIEMENS  ",
    "ManufacturerModelName": "TrioTim  ",
    "Modality": "MRI__ ",
    "PatientPosition": "HFS  ",
    "PercentPhaseFOV": 93.75,
    "PhaseEncodingSteps": 239,
    "PixelBandwidth": 238,
    "ProtocolName": "MPRAGE ADNI_iPAT2  ",
    "PulseSequenceType": "*tfl3d1_ns ",
    "ReceiveCoilName": "HeadMatrixix\\\\ ",
    "RepetitionTime": 2.3,
    "SAR": 0.08889660684061,
    "ScanningSequence": "GR\\\\IR  ",
    "SequenceName": "*tfl3d1_ns ",
    "SequenceVariant": "SP\\\\MP  ",
    "SeriesDescription": "MPRAGE ADNI_iPAT2  ",
    "SeriesNumber": 14,
    "SliceOrder": "interleaved ",
    "SliceThickness": 1,
    "SliceTiming": null,
    "SoftwareVersions": "syngo MR B17 ",
    "dataset": "<unset>",
    "modality": "T1w",
    "run_id": 1,
    "session_id": "NAPFU03",
    "subject_id": "6424373"
  },
  "cjv": 0.5291938813808119,
  "cnr": 2.5580578235709464,
  "efc": 0.6535625431873993,
  "fber": 97.15892028808594,
  "fwhm_avg": 2.9850966666666667,
  "fwhm_x": 3.03359,
  "fwhm_y": 3.01532,
  "fwhm_z": 2.90638,
  "icvs_csf": 0.17636741916524545,
  "icvs_gm": 0.4062491240749248,
  "icvs_wm": 0.41738345675982974,
  "inu_med": 1.285771369934082,
  "inu_range": 0.5050000846385954,
  "provenance": {
    "md5sum": "712d66556ba2075f34bb48a9dd733915",
    "settings": {
      "testing": false
    },
    "software": "mriqc",
    "version": "0.16.1",
    "warnings": {
      "large_rot_frame": true,
      "small_air_mask": false
    },
    "webapi_port": null,
    "webapi_url": "https://mriqc.nimh.nih.gov/api/v1"
  },
  "qi_1": 0.0,
  "qi_2": 0.00420683562786843,
  "rpve_csf": 24.550071489848442,
  "rpve_gm": 11.187273459524768,
  "rpve_wm": 13.005336808690334,
  "size_x": 176,
  "size_y": 240,
  "size_z": 256,
  "snr_csf": 0.8606036319501509,
  "snr_gm": 8.789390919035153,
  "snr_total": 8.448461574834116,
  "snr_wm": 15.695390173517044,
  "snrd_csf": 10.621049015640077,
  "snrd_gm": 21.193307880991878,
  "snrd_total": 20.328250955604748,
  "snrd_wm": 29.17039597018229,
  "spacing_x": 1.0,
  "spacing_y": 1.0,
  "spacing_z": 1.0,
  "summary_bg_k": 144.2673547101802,
  "summary_bg_mad": 22.459163601179743,
  "summary_bg_mean": 75.9481201171875,
  "summary_bg_median": 74.2103500366211,
  "summary_bg_n": 2398165.0,
  "summary_bg_p05": 41.54703216552735,
  "summary_bg_p95": 116.13219604492186,
  "summary_bg_stdv": 23.167203903198242,
  "summary_csf_k": 3.548995811622647,
  "summary_csf_mad": 173.32461725537618,
  "summary_csf_mean": 510.59796142578125,
  "summary_csf_median": 364.1072082519531,
  "summary_csf_n": 17008.0,
  "summary_csf_p05": 181.74272918701172,
  "summary_csf_p95": 1638.3817382812497,
  "summary_csf_stdv": 423.0710754394531,
  "summary_gm_k": -0.07312206035999314,
  "summary_gm_mad": 82.16207948695961,
  "summary_gm_mean": 726.1224975585938,
  "summary_gm_median": 726.5418090820312,
  "summary_gm_n": 15661.0,
  "summary_gm_p05": 589.4609375,
  "summary_gm_p95": 862.1036987304688,
  "summary_gm_stdv": 82.65858459472656,
  "summary_wm_k": 0.1291394512162265,
  "summary_wm_mad": 62.55542527043076,
  "summary_wm_mean": 1000.86083984375,
  "summary_wm_median": 1000.0096435546875,
  "summary_wm_n": 268043.0,
  "summary_wm_p05": 897.3413513183594,
  "summary_wm_p95": 1107.3250122070312,
  "summary_wm_stdv": 63.713470458984375,
  "tpm_overlap_csf": 0.16537228226661682,
  "tpm_overlap_gm": 0.4293384253978729,
  "tpm_overlap_wm": 0.509687602519989,
  "wm2max": 0.45992041551895574
}