{
  "bids_meta": {
    "AcquisitionNumber": 1,
    "DeviceSerialNumber": "35442  ",
    "EchoNumber": 1,
    "EchoTime": 0.00298,
    "FlipAngle": 9,
    "ImageOrientationPatientDICOM": [
      "-0.0814297446412",
      "0.9953569137068",
      "0.05132066858229",
      "-0.0158943984829",
      "0.05018825339155",
      "-0.9986132921799 "
    ],
    "ImageType": [
      "ORIGINAL",
      "PRIMARY",
      "M",
      "ND",
      "NORM "
    ],
    "ImagingFrequency": 123.247394,
    "InPlanePhaseEncodingDirectionDICOM": "ROW  ",
    "IntendedFor": [
      "ses-PREFU36/fmap/sub-7395962_ses-PREFU36_run-003_phasediff.nii.gz",
      "ses-PREFU36/func/sub-7395962_ses-PREFU36_task-rest_run-002_bold.nii.gz",
      "ses-PREFU36/dwi/sub-7395962_ses-PREFU36_run-001_dwi.nii.gz",
      "ses-PREFU36/func/sub-7395962_ses-PREFU36_task-rest_run-001_bold.nii.gz",
      "ses-PREFU36/fmap/sub-7395962_ses-PREFU36_run-002_phasediff.nii.gz",
      "ses-PREFU36/anat/sub-7395962_ses-PREFU36_run-001_T2star.nii.gz",
      "ses-PREFU36/fmap/sub-7395962_ses-PREFU36_run-004_phasediff.nii.gz",
      "ses-PREFU36/anat/sub-7395962_ses-PREFU36_run-001_FLAIR.nii.gz",
      "ses-PREFU36/fmap/sub-7395962_ses-PREFU36_run-001_phasediff.nii.gz"
    ],
    "InversionTime": 0.9,
    "MRAcquisitionType": "3D ",
    "MagneticFieldStrength": 3,
    "Manufacturer": "SIEMENS  ",
    "ManufacturerModelName": "TrioTim  ",
    "Modality": "MRI__ ",
    "PatientPosition": "HFS  ",
    "PercentPhaseFOV": 93.75,
    "PhaseEncodingSteps": 239,
    "PixelBandwidth": 238,
    "ProtocolName": "MPRAGE ADNI_iPAT2  ",
    "PulseSequenceType": "*tfl3d1_ns ",
    "ReceiveCoilName": "HeadMatrixix\\\\ ",
    "RepetitionTime": 2.3,
    "SAR": 0.08836811917016,
    "ScanningSequence": "GR\\\\IR  ",
    "SequenceName": "*tfl3d1_ns ",
    "SequenceVariant": "SP\\\\MP  ",
    "SeriesDescription": "MPRAGE ADNI_iPAT2  ",
    "SeriesNumber": 4,
    "SliceOrder": "interleaved ",
    "SliceThickness": 1,
    "SliceTiming": null,
    "SoftwareVersions": "syngo MR B17 ",
    "dataset": "<unset>",
    "modality": "T1w",
    "run_id": 1,
    "session_id": "PREFU36",
    "subject_id": "7395962"
  },
  "cjv": 0.4977538394814974,
  "cnr": 2.8169079934758368,
  "efc": 0.6036327125982905,
  "fber": 247.81346130371094,
  "fwhm_avg": 2.9408999999999996,
  "fwhm_x": 3.02078,
  "fwhm_y": 2.97451,
  "fwhm_z": 2.82741,
  "icvs_csf": 0.20618479618071336,
  "icvs_gm": 0.4180906787589577,
  "icvs_wm": 0.37572452506032894,
  "inu_med": 1.521844506263733,
  "inu_range": 0.35605368614196786,
  "provenance": {
    "md5sum": "4f42ee930b282acc8f09194c5c107915",
    "settings": {
      "testing": false
    },
    "software": "mriqc",
    "version": "0.16.1",
    "warnings": {
      "large_rot_frame": true,
      "small_air_mask": false
    },
    "webapi_port": null,
    "webapi_url": "https://mriqc.nimh.nih.gov/api/v1"
  },
  "qi_1": 0.0,
  "qi_2": 0.005856472529202135,
  "rpve_csf": 25.725512130154836,
  "rpve_gm": 12.926721948132098,
  "rpve_wm": 16.82278389736853,
  "size_x": 176,
  "size_y": 240,
  "size_z": 256,
  "snr_csf": 2.019736683077804,
  "snr_gm": 8.162589582602422,
  "snr_total": 8.027700729269313,
  "snr_wm": 13.900775922127712,
  "snrd_csf": 15.624952526859106,
  "snrd_gm": 34.07463712338177,
  "snrd_total": 33.13161092807136,
  "snrd_wm": 49.6952431339732,
  "spacing_x": 1.0,
  "spacing_y": 1.0,
  "spacing_z": 1.0,
  "summary_bg_k": 1.324148036544246,
  "summary_bg_mad": 13.183072993901943,
  "summary_bg_mean": 39.479312896728516,
  "summary_bg_median": 37.89860153198242,
  "summary_bg_n": 3322835.0,
  "summary_bg_p05": 19.717066574096677,
  "summary_bg_p95": 66.5527488708496,
  "summary_bg_stdv": 14.864405632019043,
  "summary_csf_k": 34.79173799241526,
  "summary_csf_mad": 102.2984898093043,
  "summary_csf_mean": 339.5310974121094,
  "summary_csf_median": 314.415283203125,
  "summary_csf_n": 19592.0,
  "summary_csf_p05": 178.96819305419922,
  "summary_csf_p95": 545.6536712646486,
  "summary_csf_stdv": 155.66744995117188,
  "summary_gm_k": -0.20759403340777993,
  "summary_gm_mad": 86.42379169286968,
  "summary_gm_mean": 683.8374633789062,
  "summary_gm_median": 685.671630859375,
  "summary_gm_n": 7996.0,
  "summary_gm_p05": 543.6025085449219,
  "summary_gm_p95": 819.4176177978516,
  "summary_gm_stdv": 83.99647521972656,
  "summary_wm_k": 0.21290956323149457,
  "summary_wm_mad": 70.03408748048354,
  "summary_wm_mean": 1001.6011962890625,
  "summary_wm_median": 999.9994506835938,
  "summary_wm_n": 176188.0,
  "summary_wm_p05": 886.2204650878906,
  "summary_wm_p95": 1122.7380310058593,
  "summary_wm_stdv": 71.93818664550781,
  "tpm_overlap_csf": 0.1488262116909027,
  "tpm_overlap_gm": 0.39391279220581055,
  "tpm_overlap_wm": 0.48558735847473145,
  "wm2max": 0.5553809267338228
}