{
  "bids_meta": {
    "AcquisitionNumber": 1,
    "DeviceSerialNumber": "35442  ",
    "EchoNumber": 1,
    "EchoTime": 0.00298,
    "FlipAngle": 9,
    "ImageOrientationPatientDICOM": [
      "0.04218995581753",
      "0.99668951437476",
      "0.06949834216379",
      "0.08901530801181",
      "0.06553385456923",
      "-0.9938720183428  "
    ],
    "ImageType": [
      "ORIGINAL",
      "PRIMARY",
      "M",
      "ND",
      "NORM "
    ],
    "ImagingFrequency": 123.247136,
    "InPlanePhaseEncodingDirectionDICOM": "ROW  ",
    "IntendedFor": [
      "ses-PREFU24/fmap/sub-4943065_ses-PREFU24_run-004_phasediff.nii.gz",
      "ses-PREFU24/anat/sub-4943065_ses-PREFU24_run-001_FLAIR.nii.gz",
      "ses-PREFU24/dwi/sub-4943065_ses-PREFU24_run-001_dwi.nii.gz",
      "ses-PREFU24/fmap/sub-4943065_ses-PREFU24_run-005_phasediff.nii.gz"
    ],
    "InversionTime": 0.9,
    "MRAcquisitionType": "3D ",
    "MagneticFieldStrength": 3,
    "Manufacturer": "SIEMENS  ",
    "ManufacturerModelName": "TrioTim  ",
    "Modality": "MRI__ ",
    "PatientPosition": "HFS  ",
    "PercentPhaseFOV": 93.75,
    "PhaseEncodingSteps": 239,
    "PixelBandwidth": 238,
    "ProtocolName": "MPRAGE ADNI_iPAT2  ",
    "PulseSequenceType": "*tfl3d1_ns ",
    "ReceiveCoilName": "HeadMatrixix\\\\ ",
    "RepetitionTime": 2.3,
    "SAR": 0.0927444445186,
    "ScanningSequence": "GR\\\\IR  ",
    "SequenceName": "*tfl3d1_ns ",
    "SequenceVariant": "SP\\\\MP  ",
    "SeriesDescription": "MPRAGE ADNI_iPAT2  ",
    "SeriesNumber": 20,
    "SliceOrder": "interleaved ",
    "SliceThickness": 1,
    "SliceTiming": null,
    "SoftwareVersions": "syngo MR B17 ",
    "dataset": "<unset>",
    "modality": "T1w",
    "run_id": 2,
    "session_id": "PREFU24",
    "subject_id": "4943065"
  },
  "cjv": 0.4404874355400174,
  "cnr": 2.9663058136987135,
  "efc": 0.6308112362682402,
  "fber": 109.44751739501953,
  "fwhm_avg": 3.2399633333333333,
  "fwhm_x": 3.26946,
  "fwhm_y": 3.43203,
  "fwhm_z": 3.0184,
  "icvs_csf": 0.21745960462747937,
  "icvs_gm": 0.40421258106727326,
  "icvs_wm": 0.37832781430524737,
  "inu_med": 1.3801466226577759,
  "inu_range": 0.5242346525192261,
  "provenance": {
    "md5sum": "e885bb198c52557fdd03bfd8fb5deb63",
    "settings": {
      "testing": false
    },
    "software": "mriqc",
    "version": "0.16.1",
    "warnings": {
      "large_rot_frame": true,
      "small_air_mask": false
    },
    "webapi_port": null,
    "webapi_url": "https://mriqc.nimh.nih.gov/api/v1"
  },
  "qi_1": 0.0,
  "qi_2": 0.0042169820757926,
  "rpve_csf": 30.35206243221258,
  "rpve_gm": 16.108640113411855,
  "rpve_wm": 20.776933740378908,
  "size_x": 176,
  "size_y": 240,
  "size_z": 256,
  "snr_csf": 2.6929864478118364,
  "snr_gm": 9.66967539261407,
  "snr_total": 9.36660694766341,
  "snr_wm": 15.737159002564324,
  "snrd_csf": 10.787025216553063,
  "snrd_gm": 22.71798459602168,
  "snrd_total": 21.965090500257443,
  "snrd_wm": 32.39026168819758,
  "spacing_x": 1.0,
  "spacing_y": 1.0,
  "spacing_z": 1.0,
  "summary_bg_k": 1766.4905532463965,
  "summary_bg_mad": 20.22674282140615,
  "summary_bg_mean": 67.04329681396484,
  "summary_bg_median": 65.13092803955078,
  "summary_bg_n": 2750399.0,
  "summary_bg_p05": 35.08473625183105,
  "summary_bg_p95": 103.46481246948244,
  "summary_bg_stdv": 28.918027877807617,
  "summary_csf_k": -0.40126203074005096,
  "summary_csf_mad": 135.1698595685832,
  "summary_csf_mean": 352.29266357421875,
  "summary_csf_median": 333.0396423339844,
  "summary_csf_n": 10481.0,
  "summary_csf_p05": 179.38803100585938,
  "summary_csf_p95": 569.5454711914062,
  "summary_csf_stdv": 123.66336059570312,
  "summary_gm_k": 0.07124149470512409,
  "summary_gm_mad": 69.95694402398476,
  "summary_gm_mean": 699.7094116210938,
  "summary_gm_median": 701.397216796875,
  "summary_gm_n": 6028.0,
  "summary_gm_p05": 577.2959838867188,
  "summary_gm_p95": 819.4421508789062,
  "summary_gm_stdv": 72.52973937988281,
  "summary_wm_k": 0.2801797073654342,
  "summary_wm_mad": 61.582648546252585,
  "summary_wm_mean": 999.2510986328125,
  "summary_wm_median": 1000.02001953125,
  "summary_wm_n": 154322.0,
  "summary_wm_p05": 893.2531555175781,
  "summary_wm_p95": 1101.9365112304686,
  "summary_wm_stdv": 63.54493713378906,
  "tpm_overlap_csf": 0.1690959930419922,
  "tpm_overlap_gm": 0.4186400771141052,
  "tpm_overlap_wm": 0.4882981479167938,
  "wm2max": 0.4863950029932937
}