{
  "bids_meta": {
    "AcquisitionNumber": 1,
    "DeviceSerialNumber": "35442  ",
    "EchoNumber": 1,
    "EchoTime": 0.00298,
    "FlipAngle": 9,
    "ImageOrientationPatientDICOM": [
      "0.05008394730778",
      "0.99858044436398",
      "0.01812992983745",
      "-0.0097226707015",
      "0.01863933238424",
      "-0.9997789980604  "
    ],
    "ImageType": [
      "ORIGINAL",
      "PRIMARY",
      "M",
      "ND",
      "NORM "
    ],
    "ImagingFrequency": 123.247102,
    "InPlanePhaseEncodingDirectionDICOM": "ROW  ",
    "IntendedFor": [
      "ses-NAPFU36/fmap/sub-7945015_ses-NAPFU36_run-002_phasediff.nii.gz",
      "ses-NAPFU36/fmap/sub-7945015_ses-NAPFU36_run-003_phasediff.nii.gz",
      "ses-NAPFU36/fmap/sub-7945015_ses-NAPFU36_run-001_phasediff.nii.gz",
      "ses-NAPFU36/anat/sub-7945015_ses-NAPFU36_run-001_FLAIR.nii.gz",
      "ses-NAPFU36/func/sub-7945015_ses-NAPFU36_task-rest_run-002_bold.nii.gz",
      "ses-NAPFU36/func/sub-7945015_ses-NAPFU36_task-rest_run-001_bold.nii.gz",
      "ses-NAPFU36/dwi/sub-7945015_ses-NAPFU36_run-001_dwi.nii.gz",
      "ses-NAPFU36/fmap/sub-7945015_ses-NAPFU36_run-004_phasediff.nii.gz",
      "ses-NAPFU36/anat/sub-7945015_ses-NAPFU36_run-001_T2star.nii.gz"
    ],
    "InversionTime": 0.9,
    "MRAcquisitionType": "3D ",
    "MagneticFieldStrength": 3,
    "Manufacturer": "SIEMENS  ",
    "ManufacturerModelName": "TrioTim  ",
    "Modality": "MRI__ ",
    "PatientPosition": "HFS  ",
    "PercentPhaseFOV": 93.75,
    "PhaseEncodingSteps": 239,
    "PixelBandwidth": 238,
    "ProtocolName": "MPRAGE ADNI_iPAT2  ",
    "PulseSequenceType": "*tfl3d1_ns ",
    "ReceiveCoilName": "HeadMatrixix\\\\ ",
    "RepetitionTime": 2.3,
    "SAR": 0.08948231915435,
    "ScanningSequence": "GR\\\\IR  ",
    "SequenceName": "*tfl3d1_ns ",
    "SequenceVariant": "SP\\\\MP  ",
    "SeriesDescription": "MPRAGE ADNI_iPAT2  ",
    "SeriesNumber": 4,
    "SliceOrder": "interleaved ",
    "SliceThickness": 1,
    "SliceTiming": null,
    "SoftwareVersions": "syngo MR B17 ",
    "dataset": "<unset>",
    "modality": "T1w",
    "run_id": 1,
    "session_id": "NAPFU36",
    "subject_id": "7945015"
  },
  "cjv": 0.4385743458800104,
  "cnr": 3.023393265830075,
  "efc": 0.6034728251447807,
  "fber": 112.32838439941406,
  "fwhm_avg": 3.24916,
  "fwhm_x": 3.28849,
  "fwhm_y": 3.42158,
  "fwhm_z": 3.03741,
  "icvs_csf": 0.19601815562275882,
  "icvs_gm": 0.4150796917531812,
  "icvs_wm": 0.38890215262405997,
  "inu_med": 1.2976959943771362,
  "inu_range": 0.4400965213775634,
  "provenance": {
    "md5sum": "f8c8f7495be7765c3cce1daf8711b5ee",
    "settings": {
      "testing": false
    },
    "software": "mriqc",
    "version": "0.16.1",
    "warnings": {
      "large_rot_frame": true,
      "small_air_mask": false
    },
    "webapi_port": null,
    "webapi_url": "https://mriqc.nimh.nih.gov/api/v1"
  },
  "qi_1": 0.0,
  "qi_2": 0.00419379454930939,
  "rpve_csf": 27.03648949457102,
  "rpve_gm": 13.336170159540204,
  "rpve_wm": 16.893631083422374,
  "size_x": 176,
  "size_y": 240,
  "size_z": 256,
  "snr_csf": 2.697025696119781,
  "snr_gm": 9.255535391839219,
  "snr_total": 9.611172690903553,
  "snr_wm": 16.88095698475166,
  "snrd_csf": 10.859307549120729,
  "snrd_gm": 24.004771314222367,
  "snrd_total": 23.072292495731745,
  "snrd_wm": 34.35279862385213,
  "spacing_x": 1.0,
  "spacing_y": 1.0,
  "spacing_z": 1.0,
  "summary_bg_k": 2043.224750547176,
  "summary_bg_mad": 19.070699486935712,
  "summary_bg_mean": 64.37432861328125,
  "summary_bg_median": 62.754661560058594,
  "summary_bg_n": 2948487.0,
  "summary_bg_p05": 34.98109016418457,
  "summary_bg_p95": 98.19119491577146,
  "summary_bg_stdv": 26.796918869018555,
  "summary_csf_k": 2.2993193526241322,
  "summary_csf_mad": 113.61256179293194,
  "summary_csf_mean": 341.0496826171875,
  "summary_csf_median": 316.109130859375,
  "summary_csf_n": 13978.0,
  "summary_csf_p05": 189.33779602050782,
  "summary_csf_p95": 556.6781524658202,
  "summary_csf_stdv": 117.20237731933594,
  "summary_gm_k": -0.028581880883638888,
  "summary_gm_mad": 75.2350495476594,
  "summary_gm_mean": 699.3011474609375,
  "summary_gm_median": 698.7671508789062,
  "summary_gm_n": 10732.0,
  "summary_gm_p05": 574.7683166503907,
  "summary_gm_p95": 823.8949188232419,
  "summary_gm_stdv": 75.49369812011719,
  "summary_wm_k": 0.31005939052221443,
  "summary_wm_mad": 56.8749521463786,
  "summary_wm_mean": 999.0951538085938,
  "summary_wm_median": 999.9931640625,
  "summary_wm_n": 192790.0,
  "summary_wm_p05": 899.5571105957031,
  "summary_wm_p95": 1094.8683227539063,
  "summary_wm_stdv": 59.237789154052734,
  "tpm_overlap_csf": 0.17553196847438812,
  "tpm_overlap_gm": 0.4298589527606964,
  "tpm_overlap_wm": 0.4990803599357605,
  "wm2max": 0.4756176869661078
}