{
  "bids_meta": {
    "AcquisitionNumber": 1,
    "DeviceSerialNumber": "35442  ",
    "EchoNumber": 1,
    "EchoTime": 0.00298,
    "FlipAngle": 9,
    "ImageOrientationPatientDICOM": [
      "0.02840061603554",
      "0.99937731687267",
      "0.02093761039817",
      "0.02204248255033",
      "0.02031483101802",
      "-0.9995506173295  "
    ],
    "ImageType": [
      "ORIGINAL",
      "PRIMARY",
      "M",
      "ND",
      "NORM "
    ],
    "ImagingFrequency": 123.247142,
    "InPlanePhaseEncodingDirectionDICOM": "ROW  ",
    "IntendedFor": [
      "ses-NAPFU24/dwi/sub-8822042_ses-NAPFU24_run-001_dwi.nii.gz",
      "ses-NAPFU24/fmap/sub-8822042_ses-NAPFU24_run-004_phasediff.nii.gz",
      "ses-NAPFU24/anat/sub-8822042_ses-NAPFU24_run-001_FLAIR.nii.gz",
      "ses-NAPFU24/fmap/sub-8822042_ses-NAPFU24_run-005_phasediff.nii.gz"
    ],
    "InversionTime": 0.9,
    "MRAcquisitionType": "3D ",
    "MagneticFieldStrength": 3,
    "Manufacturer": "SIEMENS  ",
    "ManufacturerModelName": "TrioTim  ",
    "Modality": "MRI__ ",
    "PatientPosition": "HFS  ",
    "PercentPhaseFOV": 93.75,
    "PhaseEncodingSteps": 239,
    "PixelBandwidth": 238,
    "ProtocolName": "MPRAGE ADNI_iPAT2  ",
    "PulseSequenceType": "*tfl3d1_ns ",
    "ReceiveCoilName": "HeadMatrixix\\\\ ",
    "RepetitionTime": 2.3,
    "SAR": 0.07316448268395,
    "ScanningSequence": "GR\\\\IR  ",
    "SequenceName": "*tfl3d1_ns ",
    "SequenceVariant": "SP\\\\MP  ",
    "SeriesDescription": "MPRAGE ADNI_iPAT2  ",
    "SeriesNumber": 21,
    "SliceOrder": "interleaved ",
    "SliceThickness": 1,
    "SliceTiming": null,
    "SoftwareVersions": "syngo MR B17 ",
    "dataset": "<unset>",
    "modality": "T1w",
    "run_id": 3,
    "session_id": "NAPFU24",
    "subject_id": "8822042"
  },
  "cjv": 0.41857687831229234,
  "cnr": 3.282253043436221,
  "efc": 0.6079577680446324,
  "fber": 120.94998931884766,
  "fwhm_avg": 3.3249033333333333,
  "fwhm_x": 3.38483,
  "fwhm_y": 3.48494,
  "fwhm_z": 3.10494,
  "icvs_csf": 0.22486234350182235,
  "icvs_gm": 0.41306863344825245,
  "icvs_wm": 0.36206902304992516,
  "inu_med": 1.297619342803955,
  "inu_range": 0.3053320527076717,
  "provenance": {
    "md5sum": "ff871cbd622d90221e2a16b89db206fe",
    "settings": {
      "testing": false
    },
    "software": "mriqc",
    "version": "0.16.1",
    "warnings": {
      "large_rot_frame": true,
      "small_air_mask": false
    },
    "webapi_port": null,
    "webapi_url": "https://mriqc.nimh.nih.gov/api/v1"
  },
  "qi_1": 0.0,
  "qi_2": 0.005266991198670831,
  "rpve_csf": 27.057594998879182,
  "rpve_gm": 14.64500589962407,
  "rpve_wm": 19.556890675522155,
  "size_x": 176,
  "size_y": 240,
  "size_z": 256,
  "snr_csf": 3.171081720889195,
  "snr_gm": 8.424419101555843,
  "snr_total": 8.519114315880865,
  "snr_wm": 13.96184212519756,
  "snrd_csf": 10.915614514348082,
  "snrd_gm": 25.14522730322532,
  "snrd_total": 24.918063939153825,
  "snrd_wm": 38.69334999988807,
  "spacing_x": 1.0,
  "spacing_y": 1.0,
  "spacing_z": 1.0,
  "summary_bg_k": 0.5194038224346005,
  "summary_bg_mad": 16.93122412975017,
  "summary_bg_mean": 55.35368347167969,
  "summary_bg_median": 54.085968017578125,
  "summary_bg_n": 3083131.0,
  "summary_bg_p05": 28.865578651428223,
  "summary_bg_p95": 85.80498123168945,
  "summary_bg_stdv": 17.31976890563965,
  "summary_csf_k": 1.461696143573194,
  "summary_csf_mad": 76.48084850197117,
  "summary_csf_mean": 296.7825927734375,
  "summary_csf_median": 282.10113525390625,
  "summary_csf_n": 26792.0,
  "summary_csf_p05": 177.79724273681643,
  "summary_csf_p95": 469.76300354003877,
  "summary_csf_stdv": 88.95887756347656,
  "summary_gm_k": -0.09164323096712579,
  "summary_gm_mad": 78.49842136198848,
  "summary_gm_mean": 649.3389282226562,
  "summary_gm_median": 649.8486328125,
  "summary_gm_n": 11674.0,
  "summary_gm_p05": 522.2040161132812,
  "summary_gm_p95": 774.2644226074219,
  "summary_gm_stdv": 77.13538360595703,
  "summary_wm_k": 0.3643654434684369,
  "summary_wm_mad": 68.06007465726634,
  "summary_wm_mean": 1002.4739379882812,
  "summary_wm_median": 999.9838256835938,
  "summary_wm_n": 161267.0,
  "summary_wm_p05": 889.1752624511719,
  "summary_wm_p95": 1125.0979858398437,
  "summary_wm_stdv": 71.62240600585938,
  "tpm_overlap_csf": 0.16078096628189087,
  "tpm_overlap_gm": 0.4172152578830719,
  "tpm_overlap_wm": 0.4689085781574249,
  "wm2max": 0.5804349669502084
}