{
  "bids_meta": {
    "AcquisitionNumber": 1,
    "DeviceSerialNumber": "35442  ",
    "EchoNumber": 1,
    "EchoTime": 0.00298,
    "FlipAngle": 9,
    "ImageOrientationPatientDICOM": [
      "0.00391304708991",
      "0.99146907539404",
      "-0.1302833857396",
      "-0.0053322151234",
      "-0.1302618434724",
      "-0.991465289164 "
    ],
    "ImageType": [
      "ORIGINAL",
      "PRIMARY",
      "M",
      "ND",
      "NORM "
    ],
    "ImagingFrequency": 123.247127,
    "InPlanePhaseEncodingDirectionDICOM": "ROW  ",
    "IntendedFor": [
      "ses-NAPFU03/func/sub-2245781_ses-NAPFU03_task-retrieval_run-001_bold.nii.gz",
      "ses-NAPFU03/fmap/sub-2245781_ses-NAPFU03_run-001_phasediff.nii.gz",
      "ses-NAPFU03/func/sub-2245781_ses-NAPFU03_task-rest_run-002_bold.nii.gz",
      "ses-NAPFU03/anat/sub-2245781_ses-NAPFU03_run-001_T2star.nii.gz",
      "ses-NAPFU03/func/sub-2245781_ses-NAPFU03_task-rest_run-001_bold.nii.gz",
      "ses-NAPFU03/func/sub-2245781_ses-NAPFU03_task-encoding_run-001_bold.nii.gz",
      "ses-NAPFU03/fmap/sub-2245781_ses-NAPFU03_run-002_phasediff.nii.gz",
      "ses-NAPFU03/fmap/sub-2245781_ses-NAPFU03_run-003_phasediff.nii.gz",
      "ses-NAPFU03/asl/sub-2245781_ses-NAPFU03_run-001_asl.nii.gz"
    ],
    "InversionTime": 0.9,
    "MRAcquisitionType": "3D ",
    "MagneticFieldStrength": 3,
    "Manufacturer": "SIEMENS  ",
    "ManufacturerModelName": "TrioTim  ",
    "Modality": "MRI__ ",
    "PatientPosition": "HFS  ",
    "PercentPhaseFOV": 93.75,
    "PhaseEncodingSteps": 239,
    "PixelBandwidth": 238,
    "ProtocolName": "MPRAGE ADNI_iPAT2  ",
    "PulseSequenceType": "*tfl3d1_ns ",
    "ReceiveCoilName": "HeadMatrixix\\\\ ",
    "RepetitionTime": 2.3,
    "SAR": 0.08876009748804,
    "ScanningSequence": "GR\\\\IR  ",
    "SequenceName": "*tfl3d1_ns ",
    "SequenceVariant": "SP\\\\MP  ",
    "SeriesDescription": "MPRAGE ADNI_iPAT2  ",
    "SeriesNumber": 12,
    "SliceOrder": "interleaved ",
    "SliceThickness": 1,
    "SliceTiming": null,
    "SoftwareVersions": "syngo MR B17 ",
    "dataset": "<unset>",
    "modality": "T1w",
    "run_id": 1,
    "session_id": "NAPFU03",
    "subject_id": "2245781"
  },
  "cjv": 0.4445136627302394,
  "cnr": 3.031930297095051,
  "efc": 0.6143309923049465,
  "fber": 141.13461303710938,
  "fwhm_avg": 3.16863,
  "fwhm_x": 3.26829,
  "fwhm_y": 3.24097,
  "fwhm_z": 2.99663,
  "icvs_csf": 0.18473178519117164,
  "icvs_gm": 0.42053720789797455,
  "icvs_wm": 0.39473100691085383,
  "inu_med": 1.4041528701782227,
  "inu_range": 0.3883183658123017,
  "provenance": {
    "md5sum": "0f3dc6764a14980addd292cb789c569f",
    "settings": {
      "testing": false
    },
    "software": "mriqc",
    "version": "0.16.1",
    "warnings": {
      "large_rot_frame": true,
      "small_air_mask": false
    },
    "webapi_port": null,
    "webapi_url": "https://mriqc.nimh.nih.gov/api/v1"
  },
  "qi_1": 0.0,
  "qi_2": 0.004442123360940381,
  "rpve_csf": 29.59583091109966,
  "rpve_gm": 13.728602902191314,
  "rpve_wm": 17.31891498675751,
  "size_x": 176,
  "size_y": 240,
  "size_z": 256,
  "snr_csf": 2.938264128612848,
  "snr_gm": 9.221159761190624,
  "snr_total": 9.362625332325223,
  "snr_wm": 15.928452107172197,
  "snrd_csf": 11.596634611622436,
  "snrd_gm": 26.195091679259036,
  "snrd_total": 25.172946993345118,
  "snrd_wm": 37.72711468915388,
  "spacing_x": 1.0,
  "spacing_y": 1.0,
  "spacing_z": 1.0,
  "summary_bg_k": 1752.9655489720294,
  "summary_bg_mad": 17.36494681244654,
  "summary_bg_mean": 55.02628707885742,
  "summary_bg_median": 53.4151611328125,
  "summary_bg_n": 2865433.0,
  "summary_bg_p05": 28.417830276489262,
  "summary_bg_p95": 85.79431457519532,
  "summary_bg_stdv": 23.52785301208496,
  "summary_csf_k": 0.6549289867626151,
  "summary_csf_mad": 96.77282392068355,
  "summary_csf_mean": 326.7398681640625,
  "summary_csf_median": 307.378662109375,
  "summary_csf_n": 13120.0,
  "summary_csf_p05": 185.56298065185547,
  "summary_csf_p95": 521.3182830810547,
  "summary_csf_stdv": 104.60834503173828,
  "summary_gm_k": -0.0683093179124219,
  "summary_gm_mad": 75.04605939059465,
  "summary_gm_mean": 692.73486328125,
  "summary_gm_median": 694.3231811523438,
  "summary_gm_n": 8406.0,
  "summary_gm_p05": 565.9212036132812,
  "summary_gm_p95": 816.1409454345703,
  "summary_gm_stdv": 75.29225158691406,
  "summary_wm_k": 0.2782041023721309,
  "summary_wm_mad": 60.82668791799357,
  "summary_wm_mean": 1001.5497436523438,
  "summary_wm_median": 999.9892578125,
  "summary_wm_n": 189839.0,
  "summary_wm_p05": 901.1918029785156,
  "summary_wm_p95": 1106.9394775390624,
  "summary_wm_stdv": 62.77989959716797,
  "tpm_overlap_csf": 0.16128253936767578,
  "tpm_overlap_gm": 0.41284769773483276,
  "tpm_overlap_wm": 0.48638880252838135,
  "wm2max": 0.5210843182805972
}