{
  "bids_meta": {
    "AcquisitionNumber": 1,
    "DeviceSerialNumber": "35442  ",
    "EchoNumber": 1,
    "EchoTime": 0.00298,
    "FlipAngle": 9,
    "ImageOrientationPatientDICOM": [
      "-0.0030863165768",
      "0.99997089434606",
      "0.00697747165722",
      "0.03290986166148",
      "0.0070752935673",
      "-0.9994332800274 "
    ],
    "ImageType": [
      "ORIGINAL",
      "PRIMARY",
      "M",
      "ND",
      "NORM "
    ],
    "ImagingFrequency": 123.247123,
    "InPlanePhaseEncodingDirectionDICOM": "ROW  ",
    "IntendedFor": [
      "ses-NAPFU12/func/sub-3619481_ses-NAPFU12_task-rest_run-002_bold.nii.gz",
      "ses-NAPFU12/fmap/sub-3619481_ses-NAPFU12_run-001_phasediff.nii.gz",
      "ses-NAPFU12/fmap/sub-3619481_ses-NAPFU12_run-002_phasediff.nii.gz",
      "ses-NAPFU12/func/sub-3619481_ses-NAPFU12_task-retrieval_run-001_bold.nii.gz",
      "ses-NAPFU12/func/sub-3619481_ses-NAPFU12_task-encoding_run-001_bold.nii.gz",
      "ses-NAPFU12/anat/sub-3619481_ses-NAPFU12_run-001_T2star.nii.gz",
      "ses-NAPFU12/func/sub-3619481_ses-NAPFU12_task-rest_run-001_bold.nii.gz",
      "ses-NAPFU12/fmap/sub-3619481_ses-NAPFU12_run-003_phasediff.nii.gz",
      "ses-NAPFU12/asl/sub-3619481_ses-NAPFU12_run-001_asl.nii.gz"
    ],
    "InversionTime": 0.9,
    "MRAcquisitionType": "3D ",
    "MagneticFieldStrength": 3,
    "Manufacturer": "SIEMENS  ",
    "ManufacturerModelName": "TrioTim  ",
    "Modality": "MRI__ ",
    "PatientPosition": "HFS  ",
    "PercentPhaseFOV": 93.75,
    "PhaseEncodingSteps": 239,
    "PixelBandwidth": 238,
    "ProtocolName": "MPRAGE ADNI_iPAT2  ",
    "PulseSequenceType": "*tfl3d1_ns ",
    "ReceiveCoilName": "HeadMatrixix\\\\ ",
    "RepetitionTime": 2.3,
    "SAR": 0.08678802208592,
    "ScanningSequence": "GR\\\\IR  ",
    "SequenceName": "*tfl3d1_ns ",
    "SequenceVariant": "SP\\\\MP  ",
    "SeriesDescription": "MPRAGE ADNI_iPAT2  ",
    "SeriesNumber": 12,
    "SliceOrder": "interleaved ",
    "SliceThickness": 1,
    "SliceTiming": null,
    "SoftwareVersions": "syngo MR B17 ",
    "dataset": "<unset>",
    "modality": "T1w",
    "run_id": 1,
    "session_id": "NAPFU12",
    "subject_id": "3619481"
  },
  "cjv": 0.4126474047357822,
  "cnr": 3.214662519657306,
  "efc": 0.6126426479282707,
  "fber": 105.40025329589844,
  "fwhm_avg": 3.22531,
  "fwhm_x": 3.26999,
  "fwhm_y": 3.36089,
  "fwhm_z": 3.04505,
  "icvs_csf": 0.19062332510726065,
  "icvs_gm": 0.4246316298557786,
  "icvs_wm": 0.3847450450369607,
  "inu_med": 1.296893835067749,
  "inu_range": 0.4604504823684692,
  "provenance": {
    "md5sum": "b4219370cd4653fe1cae51fa93a8c65a",
    "settings": {
      "testing": false
    },
    "software": "mriqc",
    "version": "0.16.1",
    "warnings": {
      "large_rot_frame": false,
      "small_air_mask": false
    },
    "webapi_port": null,
    "webapi_url": "https://mriqc.nimh.nih.gov/api/v1"
  },
  "qi_1": 9.167508719319405e-06,
  "qi_2": 0.004704308671068746,
  "rpve_csf": 29.164591230490174,
  "rpve_gm": 13.975097044910447,
  "rpve_wm": 18.281750043398787,
  "size_x": 176,
  "size_y": 240,
  "size_z": 256,
  "snr_csf": 2.552101433373642,
  "snr_gm": 10.017875858318122,
  "snr_total": 10.013144853088003,
  "snr_wm": 17.469457267572242,
  "snrd_csf": 10.37670409639479,
  "snrd_gm": 22.54479878961619,
  "snrd_total": 21.750201343905193,
  "snrd_wm": 32.3291011457046,
  "spacing_x": 1.0,
  "spacing_y": 1.0,
  "spacing_z": 1.0,
  "summary_bg_k": 1891.3750772087033,
  "summary_bg_mad": 20.264664146613214,
  "summary_bg_mean": 67.1242904663086,
  "summary_bg_median": 65.39984130859375,
  "summary_bg_n": 2732738.0,
  "summary_bg_p05": 36.02771701812744,
  "summary_bg_p95": 103.13241500854491,
  "summary_bg_stdv": 27.22885513305664,
  "summary_csf_k": -0.04855000268516507,
  "summary_csf_mad": 130.3515380947271,
  "summary_csf_mean": 348.3437805175781,
  "summary_csf_median": 320.97198486328125,
  "summary_csf_n": 11861.0,
  "summary_csf_p05": 179.92481994628906,
  "summary_csf_p95": 570.2848510742188,
  "summary_csf_stdv": 125.76242065429688,
  "summary_gm_k": 0.06581290289682862,
  "summary_gm_mad": 69.14257154684601,
  "summary_gm_mean": 697.2677001953125,
  "summary_gm_median": 697.355224609375,
  "summary_gm_n": 13134.0,
  "summary_gm_p05": 582.3025146484375,
  "summary_gm_p95": 811.4764343261716,
  "summary_gm_stdv": 69.60843658447266,
  "summary_wm_k": 0.23807243154582824,
  "summary_wm_mad": 55.74426887488033,
  "summary_wm_mean": 999.467041015625,
  "summary_wm_median": 1000.0030517578125,
  "summary_wm_n": 189342.0,
  "summary_wm_p05": 904.2424987792969,
  "summary_wm_p95": 1092.3549987792967,
  "summary_wm_stdv": 57.2427864074707,
  "tpm_overlap_csf": 0.1798749566078186,
  "tpm_overlap_gm": 0.4445159435272217,
  "tpm_overlap_wm": 0.5114391446113586,
  "wm2max": 0.44724366643340985
}