{
  "bids_meta": {
    "AcquisitionNumber": 1,
    "DeviceSerialNumber": "35442  ",
    "EchoNumber": 1,
    "EchoTime": 0.00298,
    "FlipAngle": 9,
    "ImageOrientationPatientDICOM": [
      "0.04154607628177",
      "0.98692347753307",
      "0.1557432921176",
      "0.11537447237402",
      "0.1500962752056",
      "-0.9819164115615  "
    ],
    "ImageType": [
      "ORIGINAL",
      "PRIMARY",
      "M",
      "ND",
      "NORM "
    ],
    "ImagingFrequency": 123.247163,
    "InPlanePhaseEncodingDirectionDICOM": "ROW  ",
    "IntendedFor": [
      "ses-NAPFU03/fmap/sub-3047136_ses-NAPFU03_run-001_phasediff.nii.gz",
      "ses-NAPFU03/fmap/sub-3047136_ses-NAPFU03_run-003_phasediff.nii.gz",
      "ses-NAPFU03/asl/sub-3047136_ses-NAPFU03_run-001_asl.nii.gz",
      "ses-NAPFU03/func/sub-3047136_ses-NAPFU03_task-rest_run-001_bold.nii.gz",
      "ses-NAPFU03/func/sub-3047136_ses-NAPFU03_task-retrieval_run-001_bold.nii.gz",
      "ses-NAPFU03/anat/sub-3047136_ses-NAPFU03_run-001_T2star.nii.gz",
      "ses-NAPFU03/func/sub-3047136_ses-NAPFU03_task-rest_run-002_bold.nii.gz",
      "ses-NAPFU03/fmap/sub-3047136_ses-NAPFU03_run-002_phasediff.nii.gz",
      "ses-NAPFU03/func/sub-3047136_ses-NAPFU03_task-encoding_run-001_bold.nii.gz"
    ],
    "InversionTime": 0.9,
    "MRAcquisitionType": "3D ",
    "MagneticFieldStrength": 3,
    "Manufacturer": "SIEMENS  ",
    "ManufacturerModelName": "TrioTim  ",
    "Modality": "MRI__ ",
    "PatientPosition": "HFS  ",
    "PercentPhaseFOV": 93.75,
    "PhaseEncodingSteps": 239,
    "PixelBandwidth": 238,
    "ProtocolName": "MPRAGE ADNI_iPAT2  ",
    "PulseSequenceType": "*tfl3d1_ns ",
    "ReceiveCoilName": "HeadMatrixix\\\\ ",
    "RepetitionTime": 2.3,
    "SAR": 0.10809269503321,
    "ScanningSequence": "GR\\\\IR  ",
    "SequenceName": "*tfl3d1_ns ",
    "SequenceVariant": "SP\\\\MP  ",
    "SeriesDescription": "MPRAGE ADNI_iPAT2  ",
    "SeriesNumber": 12,
    "SliceOrder": "interleaved ",
    "SliceThickness": 1,
    "SliceTiming": null,
    "SoftwareVersions": "syngo MR B17 ",
    "dataset": "<unset>",
    "modality": "T1w",
    "run_id": 1,
    "session_id": "NAPFU03",
    "subject_id": "3047136"
  },
  "cjv": 0.4086613445441028,
  "cnr": 3.3322073677294424,
  "efc": 0.6113224096298213,
  "fber": 103.59934997558594,
  "fwhm_avg": 3.0269266666666668,
  "fwhm_x": 3.12561,
  "fwhm_y": 3.05367,
  "fwhm_z": 2.9015,
  "icvs_csf": 0.20111698501260852,
  "icvs_gm": 0.4249246939634423,
  "icvs_wm": 0.37395832102394916,
  "inu_med": 1.3469997644424438,
  "inu_range": 0.42036874294281,
  "provenance": {
    "md5sum": "79d317e14fd59a23b126482b8196bf4f",
    "settings": {
      "testing": false
    },
    "software": "mriqc",
    "version": "0.16.1",
    "warnings": {
      "large_rot_frame": true,
      "small_air_mask": false
    },
    "webapi_port": null,
    "webapi_url": "https://mriqc.nimh.nih.gov/api/v1"
  },
  "qi_1": 0.00015112253497441688,
  "qi_2": 0.004009443185480668,
  "rpve_csf": 28.200024676903205,
  "rpve_gm": 13.938423561679619,
  "rpve_wm": 18.5185719039499,
  "size_x": 176,
  "size_y": 240,
  "size_z": 256,
  "snr_csf": 1.5651643404520863,
  "snr_gm": 8.26104515394049,
  "snr_total": 8.492371195494517,
  "snr_wm": 15.650904092090975,
  "snrd_csf": 10.121757532761947,
  "snrd_gm": 21.61702575292504,
  "snrd_total": 21.596253128666405,
  "snrd_wm": 33.04997610031222,
  "spacing_x": 1.0,
  "spacing_y": 1.0,
  "spacing_z": 1.0,
  "summary_bg_k": 1.0467441635331802,
  "summary_bg_mad": 19.822537125474234,
  "summary_bg_mean": 64.61189270019531,
  "summary_bg_median": 62.759002685546875,
  "summary_bg_n": 2895611.0,
  "summary_bg_p05": 34.5246524810791,
  "summary_bg_p95": 101.11515045166016,
  "summary_bg_stdv": 20.656259536743164,
  "summary_csf_k": 25.712953556494718,
  "summary_csf_mad": 108.05900209731325,
  "summary_csf_mean": 345.785400390625,
  "summary_csf_median": 306.25518798828125,
  "summary_csf_n": 14204.0,
  "summary_csf_p05": 173.50209579467773,
  "summary_csf_p95": 563.6021209716795,
  "summary_csf_stdv": 195.66278076171875,
  "summary_gm_k": -0.025365132137220137,
  "summary_gm_mad": 79.00874455603525,
  "summary_gm_mean": 653.1407470703125,
  "summary_gm_median": 654.06884765625,
  "summary_gm_n": 11711.0,
  "summary_gm_p05": 519.74755859375,
  "summary_gm_p95": 781.1286010742188,
  "summary_gm_stdv": 79.17169189453125,
  "summary_wm_k": 0.2283992176316012,
  "summary_wm_mad": 62.35869814500161,
  "summary_wm_mean": 1000.8986206054688,
  "summary_wm_median": 999.9969482421875,
  "summary_wm_n": 175889.0,
  "summary_wm_p05": 897.532763671875,
  "summary_wm_p95": 1107.3719482421875,
  "summary_wm_stdv": 63.89369583129883,
  "tpm_overlap_csf": 0.15746627748012543,
  "tpm_overlap_gm": 0.4035121202468872,
  "tpm_overlap_wm": 0.4737894833087921,
  "wm2max": 0.5165762378899753
}