{
  "bids_meta": {
    "AcquisitionNumber": 1,
    "DeviceSerialNumber": "35442  ",
    "EchoNumber": 1,
    "EchoTime": 0.00298,
    "FlipAngle": 9,
    "ImageOrientationPatientDICOM": [
      "0.04129273944524",
      "0.99914703018752",
      "-0.0003489076639",
      "0.03047658020249",
      "-0.0016085786926",
      "-0.9995341867759  "
    ],
    "ImageType": [
      "ORIGINAL",
      "PRIMARY",
      "M",
      "ND",
      "NORM "
    ],
    "ImagingFrequency": 123.247126,
    "InPlanePhaseEncodingDirectionDICOM": "ROW  ",
    "IntendedFor": [
      "ses-NAPFU12/func/sub-6332669_ses-NAPFU12_task-rest_run-002_bold.nii.gz",
      "ses-NAPFU12/anat/sub-6332669_ses-NAPFU12_run-001_T2star.nii.gz",
      "ses-NAPFU12/fmap/sub-6332669_ses-NAPFU12_run-003_phasediff.nii.gz",
      "ses-NAPFU12/func/sub-6332669_ses-NAPFU12_task-retrieval_run-001_bold.nii.gz",
      "ses-NAPFU12/fmap/sub-6332669_ses-NAPFU12_run-001_phasediff.nii.gz",
      "ses-NAPFU12/fmap/sub-6332669_ses-NAPFU12_run-002_phasediff.nii.gz",
      "ses-NAPFU12/func/sub-6332669_ses-NAPFU12_task-encoding_run-001_bold.nii.gz",
      "ses-NAPFU12/asl/sub-6332669_ses-NAPFU12_run-001_asl.nii.gz",
      "ses-NAPFU12/func/sub-6332669_ses-NAPFU12_task-rest_run-001_bold.nii.gz"
    ],
    "InversionTime": 0.9,
    "MRAcquisitionType": "3D ",
    "MagneticFieldStrength": 3,
    "Manufacturer": "SIEMENS  ",
    "ManufacturerModelName": "TrioTim  ",
    "Modality": "MRI__ ",
    "PatientPosition": "HFS  ",
    "PercentPhaseFOV": 93.75,
    "PhaseEncodingSteps": 239,
    "PixelBandwidth": 238,
    "ProtocolName": "MPRAGE ADNI_iPAT2  ",
    "PulseSequenceType": "*tfl3d1_ns ",
    "ReceiveCoilName": "HeadMatrixix\\\\ ",
    "RepetitionTime": 2.3,
    "SAR": 0.09522071923781,
    "ScanningSequence": "GR\\\\IR  ",
    "SequenceName": "*tfl3d1_ns ",
    "SequenceVariant": "SP\\\\MP  ",
    "SeriesDescription": "MPRAGE ADNI_iPAT2  ",
    "SeriesNumber": 12,
    "SliceOrder": "interleaved ",
    "SliceThickness": 1,
    "SliceTiming": null,
    "SoftwareVersions": "syngo MR B17 ",
    "dataset": "<unset>",
    "modality": "T1w",
    "run_id": 1,
    "session_id": "NAPFU12",
    "subject_id": "6332669"
  },
  "cjv": 0.4299520309413256,
  "cnr": 3.1270692783891536,
  "efc": 0.6470348294208602,
  "fber": 112.35192108154297,
  "fwhm_avg": 2.91185,
  "fwhm_x": 2.99228,
  "fwhm_y": 2.92323,
  "fwhm_z": 2.82004,
  "icvs_csf": 0.19002254108039293,
  "icvs_gm": 0.44986278638082006,
  "icvs_wm": 0.360114672538787,
  "inu_med": 1.4091870784759521,
  "inu_range": 0.4571845531463621,
  "provenance": {
    "md5sum": "ab51402c9a92067a354e60d684b8a796",
    "settings": {
      "testing": false
    },
    "software": "mriqc",
    "version": "0.16.1",
    "warnings": {
      "large_rot_frame": true,
      "small_air_mask": false
    },
    "webapi_port": null,
    "webapi_url": "https://mriqc.nimh.nih.gov/api/v1"
  },
  "qi_1": 0.0,
  "qi_2": 0.004091440597579921,
  "rpve_csf": 27.253048548419017,
  "rpve_gm": 12.181916074435385,
  "rpve_wm": 16.819643954885898,
  "size_x": 176,
  "size_y": 240,
  "size_z": 256,
  "snr_csf": 1.3308278957871642,
  "snr_gm": 8.442606289421839,
  "snr_total": 7.476329111178295,
  "snr_wm": 12.655553148325883,
  "snrd_csf": 11.325127354128933,
  "snrd_gm": 22.542752771364665,
  "snrd_total": 22.890370407423813,
  "snrd_wm": 34.80323109677784,
  "spacing_x": 1.0,
  "spacing_y": 1.0,
  "spacing_z": 1.0,
  "summary_bg_k": 778.7519489275082,
  "summary_bg_mad": 18.823747107442237,
  "summary_bg_mean": 59.454345703125,
  "summary_bg_median": 57.14071273803711,
  "summary_bg_n": 3143408.0,
  "summary_bg_p05": 30.82050018310547,
  "summary_bg_p95": 96.6543346405029,
  "summary_bg_stdv": 23.70354652404785,
  "summary_csf_k": 23.714345534862073,
  "summary_csf_mad": 115.07976925420957,
  "summary_csf_mean": 370.16033935546875,
  "summary_csf_median": 325.3999328613281,
  "summary_csf_n": 15736.0,
  "summary_csf_p05": 175.43875122070312,
  "summary_csf_p95": 607.5000457763672,
  "summary_csf_stdv": 244.5016326904297,
  "summary_gm_k": -0.06386709964725057,
  "summary_gm_mad": 76.4515633980305,
  "summary_gm_mean": 648.3525390625,
  "summary_gm_median": 647.7110595703125,
  "summary_gm_n": 16792.0,
  "summary_gm_p05": 521.8921356201172,
  "summary_gm_p95": 775.7295684814453,
  "summary_gm_stdv": 76.717041015625,
  "summary_wm_k": 0.6667415230973397,
  "summary_wm_mad": 75.00977255651135,
  "summary_wm_mean": 1003.1016235351562,
  "summary_wm_median": 999.9860229492188,
  "summary_wm_n": 158541.0,
  "summary_wm_p05": 879.7092895507812,
  "summary_wm_p95": 1138.2022705078125,
  "summary_wm_stdv": 79.01534271240234,
  "tpm_overlap_csf": 0.15667881071567535,
  "tpm_overlap_gm": 0.4127395451068878,
  "tpm_overlap_wm": 0.4613964557647705,
  "wm2max": 0.5309871988186337
}