{
  "bids_meta": {
    "AcquisitionNumber": 1,
    "DeviceSerialNumber": "35442  ",
    "EchoNumber": 1,
    "EchoTime": 0.00298,
    "FlipAngle": 9,
    "ImageOrientationPatientDICOM": [
      "0.00631170042845",
      "0.9999800204998",
      "-0.0003479064745",
      "0.0833793762413",
      "-0.0008729779748",
      "-0.9965174948425  "
    ],
    "ImageType": [
      "ORIGINAL",
      "PRIMARY",
      "M",
      "ND",
      "NORM "
    ],
    "ImagingFrequency": 123.247492,
    "InPlanePhaseEncodingDirectionDICOM": "ROW  ",
    "IntendedFor": [
      "ses-PREBL00/fmap/sub-5692079_ses-PREBL00_run-002_phasediff.nii.gz",
      "ses-PREBL00/func/sub-5692079_ses-PREBL00_task-rest_run-002_bold.nii.gz",
      "ses-PREBL00/func/sub-5692079_ses-PREBL00_task-retrieval_run-001_bold.nii.gz",
      "ses-PREBL00/asl/sub-5692079_ses-PREBL00_run-001_asl.nii.gz",
      "ses-PREBL00/fmap/sub-5692079_ses-PREBL00_run-003_phasediff.nii.gz",
      "ses-PREBL00/func/sub-5692079_ses-PREBL00_task-rest_run-001_bold.nii.gz",
      "ses-PREBL00/fmap/sub-5692079_ses-PREBL00_run-001_phasediff.nii.gz",
      "ses-PREBL00/anat/sub-5692079_ses-PREBL00_run-001_T2star.nii.gz",
      "ses-PREBL00/func/sub-5692079_ses-PREBL00_task-encoding_run-001_bold.nii.gz"
    ],
    "InversionTime": 0.9,
    "MRAcquisitionType": "3D ",
    "MagneticFieldStrength": 3,
    "Manufacturer": "SIEMENS  ",
    "ManufacturerModelName": "TrioTim  ",
    "Modality": "MRI__ ",
    "PatientPosition": "HFS  ",
    "PercentPhaseFOV": 93.75,
    "PhaseEncodingSteps": 239,
    "PixelBandwidth": 238,
    "ProtocolName": "MPRAGE ADNI_iPAT2  ",
    "PulseSequenceType": "*tfl3d1_ns ",
    "ReceiveCoilName": "HeadMatrixix\\\\ ",
    "RepetitionTime": 2.3,
    "SAR": 0.07628089645,
    "ScanningSequence": "GR\\\\IR  ",
    "SequenceName": "*tfl3d1_ns ",
    "SequenceVariant": "SP\\\\MP  ",
    "SeriesDescription": "MPRAGE ADNI_iPAT2  ",
    "SeriesNumber": 12,
    "SliceOrder": "interleaved ",
    "SliceThickness": 1,
    "SliceTiming": null,
    "SoftwareVersions": "syngo MR B17 ",
    "dataset": "<unset>",
    "modality": "T1w",
    "run_id": 1,
    "session_id": "PREBL00",
    "subject_id": "5692079"
  },
  "cjv": 0.396974100968142,
  "cnr": 3.401147889370245,
  "efc": 0.590553239867908,
  "fber": 165.15367126464844,
  "fwhm_avg": 3.3929566666666666,
  "fwhm_x": 3.41608,
  "fwhm_y": 3.51984,
  "fwhm_z": 3.24295,
  "icvs_csf": 0.21835256862503316,
  "icvs_gm": 0.4043185680435988,
  "icvs_wm": 0.37732886333136806,
  "inu_med": 1.4620373249053955,
  "inu_range": 0.40212990045547503,
  "provenance": {
    "md5sum": "5d49233f8a12af575fd3337b387f928f",
    "settings": {
      "testing": false
    },
    "software": "mriqc",
    "version": "0.16.1",
    "warnings": {
      "large_rot_frame": false,
      "small_air_mask": false
    },
    "webapi_port": null,
    "webapi_url": "https://mriqc.nimh.nih.gov/api/v1"
  },
  "qi_1": 0.0,
  "qi_2": 0.005711870228821546,
  "rpve_csf": 27.21414379482501,
  "rpve_gm": 14.810984848484848,
  "rpve_wm": 19.2863277233568,
  "size_x": 176,
  "size_y": 240,
  "size_z": 256,
  "snr_csf": 2.9887055070600614,
  "snr_gm": 8.232346661194322,
  "snr_total": 9.809735931423562,
  "snr_wm": 18.208155626016303,
  "snrd_csf": 14.900581797495821,
  "snrd_gm": 30.752063338285193,
  "snrd_total": 30.700419646959748,
  "snrd_wm": 46.44861380509823,
  "spacing_x": 1.0,
  "spacing_y": 1.0,
  "spacing_z": 1.0,
  "summary_bg_k": 1700.249814337593,
  "summary_bg_mad": 14.104685621363387,
  "summary_bg_mean": 45.792842864990234,
  "summary_bg_median": 44.45588684082031,
  "summary_bg_n": 3226094.0,
  "summary_bg_p05": 23.218265533447266,
  "summary_bg_p95": 72.62594184875486,
  "summary_bg_stdv": 19.711328506469727,
  "summary_csf_k": 0.4461911035221555,
  "summary_csf_mad": 119.97558483663946,
  "summary_csf_mean": 329.2430419921875,
  "summary_csf_median": 320.8004150390625,
  "summary_csf_n": 16351.0,
  "summary_csf_p05": 172.52083587646484,
  "summary_csf_p95": 509.4096374511719,
  "summary_csf_stdv": 107.33429718017578,
  "summary_gm_k": -0.1811534456574213,
  "summary_gm_mad": 81.58180685963008,
  "summary_gm_mean": 661.338623046875,
  "summary_gm_median": 662.0731201171875,
  "summary_gm_n": 16124.0,
  "summary_gm_p05": 527.1265441894532,
  "summary_gm_p95": 792.2290588378906,
  "summary_gm_stdv": 80.42088317871094,
  "summary_wm_k": 0.3973133456861526,
  "summary_wm_mad": 52.57048301003372,
  "summary_wm_mean": 999.4786376953125,
  "summary_wm_median": 1000.01025390625,
  "summary_wm_n": 186387.0,
  "summary_wm_p05": 908.3576599121094,
  "summary_wm_p95": 1088.4515747070309,
  "summary_wm_stdv": 54.920860290527344,
  "tpm_overlap_csf": 0.1601613312959671,
  "tpm_overlap_gm": 0.41585978865623474,
  "tpm_overlap_wm": 0.49266695976257324,
  "wm2max": 0.572814520407312
}