{
  "bids_meta": {
    "AcquisitionNumber": 1,
    "DeviceSerialNumber": "35442  ",
    "EchoNumber": 1,
    "EchoTime": 0.00298,
    "FlipAngle": 9,
    "ImageOrientationPatientDICOM": [
      "0.05991776451289",
      "0.99820325570171",
      "-0.0003490018394",
      "0.02399044054213",
      "-0.0017895697998",
      "-0.9997105862211  "
    ],
    "ImageType": [
      "ORIGINAL",
      "PRIMARY",
      "M",
      "ND",
      "NORM "
    ],
    "ImagingFrequency": 123.247048,
    "InPlanePhaseEncodingDirectionDICOM": "ROW  ",
    "IntendedFor": [
      "ses-NAPEN00/anat/sub-7917918_ses-NAPEN00_run-001_FLAIR.nii.gz",
      "ses-NAPEN00/dwi/sub-7917918_ses-NAPEN00_run-001_dwi.nii.gz",
      "ses-NAPEN00/fmap/sub-7917918_ses-NAPEN00_run-001_phasediff.nii.gz",
      "ses-NAPEN00/fmap/sub-7917918_ses-NAPEN00_run-002_phasediff.nii.gz"
    ],
    "InversionTime": 0.9,
    "MRAcquisitionType": "3D ",
    "MagneticFieldStrength": 3,
    "Manufacturer": "SIEMENS  ",
    "ManufacturerModelName": "TrioTim  ",
    "Modality": "MRI__ ",
    "PatientPosition": "HFS  ",
    "PercentPhaseFOV": 93.75,
    "PhaseEncodingSteps": 239,
    "PixelBandwidth": 238,
    "ProtocolName": "MPRAGE ADNI_iPAT2  ",
    "PulseSequenceType": "*tfl3d1_ns ",
    "ReceiveCoilName": "HeadMatrixix\\\\ ",
    "RepetitionTime": 2.3,
    "SAR": 0.08570986497475,
    "ScanningSequence": "GR\\\\IR  ",
    "SequenceName": "*tfl3d1_ns ",
    "SequenceVariant": "SP\\\\MP  ",
    "SeriesDescription": "MPRAGE ADNI_iPAT2  ",
    "SeriesNumber": 4,
    "SliceOrder": "interleaved ",
    "SliceThickness": 1,
    "SliceTiming": null,
    "SoftwareVersions": "syngo MR B17 ",
    "dataset": "<unset>",
    "modality": "T1w",
    "run_id": 1,
    "session_id": "NAPEN00",
    "subject_id": "7917918"
  },
  "cjv": 0.4251673030376452,
  "cnr": 3.1392710119027916,
  "efc": 0.601422857789221,
  "fber": 103.04158020019531,
  "fwhm_avg": 3.3021700000000003,
  "fwhm_x": 3.32952,
  "fwhm_y": 3.44365,
  "fwhm_z": 3.13334,
  "icvs_csf": 0.19996595943171874,
  "icvs_gm": 0.4016788818340042,
  "icvs_wm": 0.39835515873427707,
  "inu_med": 1.353776216506958,
  "inu_range": 0.42693734765052804,
  "provenance": {
    "md5sum": "6e3afc5f5b14b4b7dabc32e5e33fba28",
    "settings": {
      "testing": false
    },
    "software": "mriqc",
    "version": "0.16.1",
    "warnings": {
      "large_rot_frame": true,
      "small_air_mask": false
    },
    "webapi_port": null,
    "webapi_url": "https://mriqc.nimh.nih.gov/api/v1"
  },
  "qi_1": 0.00013816595778432976,
  "qi_2": 0.004531541261347978,
  "rpve_csf": 28.12407973129464,
  "rpve_gm": 14.436067818997765,
  "rpve_wm": 18.12258777293313,
  "size_x": 176,
  "size_y": 240,
  "size_z": 256,
  "snr_csf": 2.7720178831921496,
  "snr_gm": 9.651586119891878,
  "snr_total": 10.43326184236581,
  "snr_wm": 18.876181524013408,
  "snrd_csf": 12.151002245489904,
  "snrd_gm": 24.429248283636195,
  "snrd_total": 23.6747707566873,
  "snrd_wm": 34.444061740935794,
  "spacing_x": 1.0,
  "spacing_y": 1.0,
  "spacing_z": 1.0,
  "summary_bg_k": 0.37897626686024477,
  "summary_bg_mad": 19.020290423315945,
  "summary_bg_mean": 63.97816467285156,
  "summary_bg_median": 62.58637619018555,
  "summary_bg_n": 3293147.0,
  "summary_bg_p05": 34.812162399292,
  "summary_bg_p95": 97.85125885009764,
  "summary_bg_stdv": 19.291658401489258,
  "summary_csf_k": -0.5842035657991578,
  "summary_csf_mad": 149.0686671764958,
  "summary_csf_mean": 360.016845703125,
  "summary_csf_median": 352.7747802734375,
  "summary_csf_n": 9589.0,
  "summary_csf_p05": 176.43568420410156,
  "summary_csf_p95": 576.4039306640625,
  "summary_csf_stdv": 127.25617218017578,
  "summary_gm_k": -0.00234751163114133,
  "summary_gm_mad": 72.49530308351238,
  "summary_gm_mean": 708.838623046875,
  "summary_gm_median": 709.2437744140625,
  "summary_gm_n": 12325.0,
  "summary_gm_p05": 586.51640625,
  "summary_gm_p95": 830.8774047851563,
  "summary_gm_stdv": 73.48170471191406,
  "summary_wm_k": 0.30899731656485896,
  "summary_wm_mad": 51.12452958904367,
  "summary_wm_mean": 999.7838745117188,
  "summary_wm_median": 999.99951171875,
  "summary_wm_n": 199898.0,
  "summary_wm_p05": 912.5852600097656,
  "summary_wm_p95": 1086.4879638671875,
  "summary_wm_stdv": 52.97665786743164,
  "tpm_overlap_csf": 0.17282526195049286,
  "tpm_overlap_gm": 0.4280674159526825,
  "tpm_overlap_wm": 0.5190761685371399,
  "wm2max": 0.49816458124171414
}