{
  "bids_meta": {
    "AcquisitionNumber": 1,
    "DeviceSerialNumber": "35442  ",
    "EchoNumber": 1,
    "EchoTime": 0.00298,
    "FlipAngle": 9,
    "ImageOrientationPatientDICOM": [
      "0.00257235046512",
      "0.99999663058848",
      "-0.000349034062",
      "-0.0219178223249",
      "-0.0002925708659",
      "-0.9997597328693 "
    ],
    "ImageType": [
      "ORIGINAL",
      "PRIMARY",
      "M",
      "ND",
      "NORM "
    ],
    "ImagingFrequency": 123.247608,
    "InPlanePhaseEncodingDirectionDICOM": "ROW  ",
    "IntendedFor": [
      "ses-NAPBL00/func/sub-2756507_ses-NAPBL00_task-encoding_run-001_bold.nii.gz",
      "ses-NAPBL00/func/sub-2756507_ses-NAPBL00_task-rest_run-002_bold.nii.gz",
      "ses-NAPBL00/fmap/sub-2756507_ses-NAPBL00_run-001_phasediff.nii.gz",
      "ses-NAPBL00/asl/sub-2756507_ses-NAPBL00_run-001_asl.nii.gz",
      "ses-NAPBL00/func/sub-2756507_ses-NAPBL00_task-retrieval_run-001_bold.nii.gz",
      "ses-NAPBL00/fmap/sub-2756507_ses-NAPBL00_run-003_phasediff.nii.gz",
      "ses-NAPBL00/fmap/sub-2756507_ses-NAPBL00_run-002_phasediff.nii.gz",
      "ses-NAPBL00/func/sub-2756507_ses-NAPBL00_task-rest_run-001_bold.nii.gz",
      "ses-NAPBL00/anat/sub-2756507_ses-NAPBL00_run-001_T2star.nii.gz"
    ],
    "InversionTime": 0.9,
    "MRAcquisitionType": "3D ",
    "MagneticFieldStrength": 3,
    "Manufacturer": "SIEMENS  ",
    "ManufacturerModelName": "TrioTim  ",
    "Modality": "MRI__ ",
    "PatientPosition": "HFS  ",
    "PercentPhaseFOV": 93.75,
    "PhaseEncodingSteps": 239,
    "PixelBandwidth": 238,
    "ProtocolName": "MPRAGE ADNI_iPAT2  ",
    "PulseSequenceType": "*tfl3d1_ns ",
    "ReceiveCoilName": "HeadMatrixix\\\\ ",
    "RepetitionTime": 2.3,
    "SAR": 0.07744617549225,
    "ScanningSequence": "GR\\\\IR  ",
    "SequenceName": "*tfl3d1_ns ",
    "SequenceVariant": "SP\\\\MP  ",
    "SeriesDescription": "MPRAGE ADNI_iPAT2  ",
    "SeriesNumber": 12,
    "SliceOrder": "interleaved ",
    "SliceThickness": 1,
    "SliceTiming": null,
    "SoftwareVersions": "syngo MR B17 ",
    "dataset": "<unset>",
    "modality": "T1w",
    "run_id": 1,
    "session_id": "NAPBL00",
    "subject_id": "2756507"
  },
  "cjv": 0.4082292729759679,
  "cnr": 3.3089288251846853,
  "efc": 0.5922392994182576,
  "fber": 131.29212951660156,
  "fwhm_avg": 3.224956666666667,
  "fwhm_x": 3.28647,
  "fwhm_y": 3.3431,
  "fwhm_z": 3.0453,
  "icvs_csf": 0.19403943838374227,
  "icvs_gm": 0.4194274900088609,
  "icvs_wm": 0.3865330716073968,
  "inu_med": 1.494387149810791,
  "inu_range": 0.4132382273674011,
  "provenance": {
    "md5sum": "f78399ec28571cf21cff870e3b82760e",
    "settings": {
      "testing": false
    },
    "software": "mriqc",
    "version": "0.16.1",
    "warnings": {
      "large_rot_frame": false,
      "small_air_mask": false
    },
    "webapi_port": null,
    "webapi_url": "https://mriqc.nimh.nih.gov/api/v1"
  },
  "qi_1": 0.0,
  "qi_2": 0.005022041338971734,
  "rpve_csf": 30.75651621288156,
  "rpve_gm": 15.036675856281557,
  "rpve_wm": 19.50860543174198,
  "size_x": 176,
  "size_y": 240,
  "size_z": 256,
  "snr_csf": 2.744586866608415,
  "snr_gm": 9.257491756527669,
  "snr_total": 9.692681985429267,
  "snr_wm": 17.07596733315172,
  "snrd_csf": 11.953244386077627,
  "snrd_gm": 24.96222627881379,
  "snrd_total": 24.549736235633247,
  "snrd_wm": 36.73373804200832,
  "spacing_x": 1.0,
  "spacing_y": 1.0,
  "spacing_z": 1.0,
  "summary_bg_k": 1808.9839942768533,
  "summary_bg_mad": 17.834407728399203,
  "summary_bg_mean": 54.619346618652344,
  "summary_bg_median": 52.92942428588867,
  "summary_bg_n": 3103187.0,
  "summary_bg_p05": 26.856026268005373,
  "summary_bg_p95": 85.88344650268554,
  "summary_bg_stdv": 23.700634002685547,
  "summary_csf_k": 3.509429888372132,
  "summary_csf_mad": 124.585845205094,
  "summary_csf_mean": 344.0562438964844,
  "summary_csf_median": 325.39642333984375,
  "summary_csf_n": 10935.0,
  "summary_csf_p05": 181.84815063476563,
  "summary_csf_p95": 546.7177429199218,
  "summary_csf_stdv": 118.55392456054688,
  "summary_gm_k": -0.08491234116093338,
  "summary_gm_mad": 73.98116297290825,
  "summary_gm_mean": 678.6705932617188,
  "summary_gm_median": 679.5325927734375,
  "summary_gm_n": 12735.0,
  "summary_gm_p05": 555.8362060546875,
  "summary_gm_p95": 799.0640197753905,
  "summary_gm_stdv": 73.40065002441406,
  "summary_wm_k": 0.2502841299402543,
  "summary_wm_mad": 56.835588623121154,
  "summary_wm_mean": 999.2324829101562,
  "summary_wm_median": 999.9818115234375,
  "summary_wm_n": 179605.0,
  "summary_wm_p05": 901.4674438476563,
  "summary_wm_p95": 1093.9760986328124,
  "summary_wm_stdv": 58.56060791015625,
  "tpm_overlap_csf": 0.15885761380195618,
  "tpm_overlap_gm": 0.4235704243183136,
  "tpm_overlap_wm": 0.484261691570282,
  "wm2max": 0.5209665928305725
}