{
  "bids_meta": {
    "AcquisitionNumber": 1,
    "DeviceSerialNumber": "35442  ",
    "EchoNumber": 1,
    "EchoTime": 0.00298,
    "FlipAngle": 9,
    "ImageOrientationPatientDICOM": [
      "-0.0851775924978",
      "0.99032988301211",
      "0.10950571012277",
      "0.05530631409814",
      "0.11443508097638",
      "-0.991890026093 "
    ],
    "ImageType": [
      "ORIGINAL",
      "PRIMARY",
      "M",
      "ND",
      "NORM "
    ],
    "ImagingFrequency": 123.247088,
    "InPlanePhaseEncodingDirectionDICOM": "ROW  ",
    "IntendedFor": [
      "ses-NAPEN00/fmap/sub-3162878_ses-NAPEN00_run-002_phasediff.nii.gz",
      "ses-NAPEN00/dwi/sub-3162878_ses-NAPEN00_run-001_dwi.nii.gz",
      "ses-NAPEN00/fmap/sub-3162878_ses-NAPEN00_run-001_phasediff.nii.gz",
      "ses-NAPEN00/anat/sub-3162878_ses-NAPEN00_run-001_FLAIR.nii.gz"
    ],
    "InversionTime": 0.9,
    "MRAcquisitionType": "3D ",
    "MagneticFieldStrength": 3,
    "Manufacturer": "SIEMENS  ",
    "ManufacturerModelName": "TrioTim  ",
    "Modality": "MRI__ ",
    "PatientPosition": "HFS  ",
    "PercentPhaseFOV": 93.75,
    "PhaseEncodingSteps": 239,
    "PixelBandwidth": 238,
    "ProtocolName": "MPRAGE ADNI_iPAT2  ",
    "PulseSequenceType": "*tfl3d1_ns ",
    "ReceiveCoilName": "HeadMatrixix\\\\ ",
    "RepetitionTime": 2.3,
    "SAR": 0.07933148864615,
    "ScanningSequence": "GR\\\\IR  ",
    "SequenceName": "*tfl3d1_ns ",
    "SequenceVariant": "SP\\\\MP  ",
    "SeriesDescription": "MPRAGE ADNI_iPAT2  ",
    "SeriesNumber": 4,
    "SliceOrder": "interleaved ",
    "SliceThickness": 1,
    "SliceTiming": null,
    "SoftwareVersions": "syngo MR B17 ",
    "dataset": "<unset>",
    "modality": "T1w",
    "run_id": 1,
    "session_id": "NAPEN00",
    "subject_id": "3162878"
  },
  "cjv": 0.4158365091733891,
  "cnr": 3.196120682834622,
  "efc": 0.5886436352915206,
  "fber": 125.44830322265625,
  "fwhm_avg": 3.294753333333333,
  "fwhm_x": 3.33047,
  "fwhm_y": 3.4177,
  "fwhm_z": 3.13609,
  "icvs_csf": 0.20274690352277655,
  "icvs_gm": 0.40103306909334274,
  "icvs_wm": 0.39622002738388074,
  "inu_med": 1.2902475595474243,
  "inu_range": 0.3593423604965209,
  "provenance": {
    "md5sum": "a75d5bfef45a4ae757d3d029fbd23d92",
    "settings": {
      "testing": false
    },
    "software": "mriqc",
    "version": "0.16.1",
    "warnings": {
      "large_rot_frame": true,
      "small_air_mask": false
    },
    "webapi_port": null,
    "webapi_url": "https://mriqc.nimh.nih.gov/api/v1"
  },
  "qi_1": 0.0,
  "qi_2": 0.00487314496737951,
  "rpve_csf": 30.10292139365948,
  "rpve_gm": 15.712626376326666,
  "rpve_wm": 19.53696517856007,
  "size_x": 176,
  "size_y": 240,
  "size_z": 256,
  "snr_csf": 3.3190530114596957,
  "snr_gm": 9.771017448179006,
  "snr_total": 10.444969554769576,
  "snr_wm": 18.24483820467003,
  "snrd_csf": 13.94449612503873,
  "snrd_gm": 25.2603130296453,
  "snrd_total": 25.069587590698422,
  "snrd_wm": 36.003953617411234,
  "spacing_x": 1.0,
  "spacing_y": 1.0,
  "spacing_z": 1.0,
  "summary_bg_k": 1443.9013913249505,
  "summary_bg_mad": 18.19635984929429,
  "summary_bg_mean": 60.4531135559082,
  "summary_bg_median": 58.84017562866211,
  "summary_bg_n": 3231491.0,
  "summary_bg_p05": 32.58313179016113,
  "summary_bg_p95": 92.91171264648438,
  "summary_bg_stdv": 23.605453491210938,
  "summary_csf_k": -0.41660285253117024,
  "summary_csf_mad": 132.51422435700582,
  "summary_csf_mean": 380.08502197265625,
  "summary_csf_median": 387.3072509765625,
  "summary_csf_n": 10691.0,
  "summary_csf_p05": 196.6724624633789,
  "summary_csf_p95": 560.5570068359375,
  "summary_csf_stdv": 116.68663787841797,
  "summary_gm_k": -0.019992223001775056,
  "summary_gm_mad": 70.99582431997801,
  "summary_gm_mean": 700.3782958984375,
  "summary_gm_median": 701.6031494140625,
  "summary_gm_n": 14084.0,
  "summary_gm_p05": 580.5603759765626,
  "summary_gm_p95": 816.251318359375,
  "summary_gm_stdv": 71.80196380615234,
  "summary_wm_k": 0.22604453558295745,
  "summary_wm_mad": 53.09134838904484,
  "summary_wm_mean": 999.825439453125,
  "summary_wm_median": 1000.0068969726562,
  "summary_wm_n": 180767.0,
  "summary_wm_p05": 909.0792114257813,
  "summary_wm_p95": 1089.487158203125,
  "summary_wm_stdv": 54.81024932861328,
  "tpm_overlap_csf": 0.16852739453315735,
  "tpm_overlap_gm": 0.43075355887413025,
  "tpm_overlap_wm": 0.5050816535949707,
  "wm2max": 0.5171838671881716
}