{
  "bids_meta": {
    "AcquisitionNumber": 1,
    "DeviceSerialNumber": "35442  ",
    "EchoNumber": 1,
    "EchoTime": 0.00298,
    "FlipAngle": 9,
    "ImageOrientationPatientDICOM": [
      "0.03946240262954",
      "0.99922105601248",
      "4.47839942e-008",
      "0.01239198229229",
      "-0.0004893537932",
      "-0.9999230966968 "
    ],
    "ImageType": [
      "ORIGINAL",
      "PRIMARY",
      "M",
      "ND",
      "NORM "
    ],
    "ImagingFrequency": 123.247413,
    "InPlanePhaseEncodingDirectionDICOM": "ROW  ",
    "IntendedFor": [
      "ses-PREBL00/func/sub-2963960_ses-PREBL00_task-encoding_run-001_bold.nii.gz",
      "ses-PREBL00/asl/sub-2963960_ses-PREBL00_run-001_asl.nii.gz",
      "ses-PREBL00/func/sub-2963960_ses-PREBL00_task-rest_run-002_bold.nii.gz",
      "ses-PREBL00/fmap/sub-2963960_ses-PREBL00_run-002_phasediff.nii.gz",
      "ses-PREBL00/func/sub-2963960_ses-PREBL00_task-rest_run-001_bold.nii.gz",
      "ses-PREBL00/fmap/sub-2963960_ses-PREBL00_run-003_phasediff.nii.gz",
      "ses-PREBL00/anat/sub-2963960_ses-PREBL00_run-001_T2star.nii.gz",
      "ses-PREBL00/func/sub-2963960_ses-PREBL00_task-retrieval_run-001_bold.nii.gz",
      "ses-PREBL00/fmap/sub-2963960_ses-PREBL00_run-001_phasediff.nii.gz"
    ],
    "InversionTime": 0.9,
    "MRAcquisitionType": "3D ",
    "MagneticFieldStrength": 3,
    "Manufacturer": "SIEMENS  ",
    "ManufacturerModelName": "TrioTim  ",
    "Modality": "MRI__ ",
    "PatientPosition": "HFS  ",
    "PercentPhaseFOV": 93.75,
    "PhaseEncodingSteps": 239,
    "PixelBandwidth": 238,
    "ProtocolName": "MPRAGE ADNI_iPAT2  ",
    "PulseSequenceType": "*tfl3d1_ns ",
    "ReceiveCoilName": "HeadMatrixix\\\\ ",
    "RepetitionTime": 2.3,
    "SAR": 0.1028816982042,
    "ScanningSequence": "GR\\\\IR  ",
    "SequenceName": "*tfl3d1_ns ",
    "SequenceVariant": "SP\\\\MP  ",
    "SeriesDescription": "MPRAGE ADNI_iPAT2  ",
    "SeriesNumber": 12,
    "SliceOrder": "interleaved ",
    "SliceThickness": 1,
    "SliceTiming": null,
    "SoftwareVersions": "syngo MR B17 ",
    "dataset": "<unset>",
    "modality": "T1w",
    "run_id": 1,
    "session_id": "PREBL00",
    "subject_id": "2963960"
  },
  "cjv": 0.448881387211683,
  "cnr": 3.1512959621753187,
  "efc": 0.5924084062109939,
  "fber": 217.8007049560547,
  "fwhm_avg": 3.03116,
  "fwhm_x": 3.14986,
  "fwhm_y": 3.05457,
  "fwhm_z": 2.88905,
  "icvs_csf": 0.21127860084972752,
  "icvs_gm": 0.4370993959790672,
  "icvs_wm": 0.35162200317120523,
  "inu_med": 1.2738633155822754,
  "inu_range": 0.38956515789031965,
  "provenance": {
    "md5sum": "206936529c99be351a93f9282c56c4cd",
    "settings": {
      "testing": false
    },
    "software": "mriqc",
    "version": "0.16.1",
    "warnings": {
      "large_rot_frame": true,
      "small_air_mask": false
    },
    "webapi_port": null,
    "webapi_url": "https://mriqc.nimh.nih.gov/api/v1"
  },
  "qi_1": 9.404087259008889e-06,
  "qi_2": 0.005381465101776524,
  "rpve_csf": 29.908393888474677,
  "rpve_gm": 14.986041456299787,
  "rpve_wm": 21.120477404467017,
  "size_x": 176,
  "size_y": 240,
  "size_z": 256,
  "snr_csf": 2.4024404856232566,
  "snr_gm": 6.396982806051903,
  "snr_total": 6.536246728715844,
  "snr_wm": 10.809316894472374,
  "snrd_csf": 15.174107489354729,
  "snrd_gm": 30.331570053949626,
  "snrd_total": 32.40737914938342,
  "snrd_wm": 51.7164599048459,
  "spacing_x": 1.0,
  "spacing_y": 1.0,
  "spacing_z": 1.0,
  "summary_bg_k": 1555.4762304578694,
  "summary_bg_mad": 12.667406597470476,
  "summary_bg_mean": 36.65080642700195,
  "summary_bg_median": 35.4541015625,
  "summary_bg_n": 3083140.0,
  "summary_bg_p05": 17.85799779891968,
  "summary_bg_p95": 60.39820709228515,
  "summary_bg_stdv": 15.945154190063477,
  "summary_csf_k": 53.02730309427325,
  "summary_csf_mad": 76.9249776333448,
  "summary_csf_mean": 311.8822326660156,
  "summary_csf_median": 293.39935302734375,
  "summary_csf_n": 30736.0,
  "summary_csf_p05": 183.30558395385742,
  "summary_csf_p95": 495.7363586425781,
  "summary_csf_stdv": 122.1235580444336,
  "summary_gm_k": -0.2508903499104709,
  "summary_gm_mad": 94.7465073815059,
  "summary_gm_mean": 593.0347900390625,
  "summary_gm_median": 586.4768676757812,
  "summary_gm_n": 9780.0,
  "summary_gm_p05": 451.3902709960938,
  "summary_gm_p95": 751.91748046875,
  "summary_gm_stdv": 91.67554473876953,
  "summary_wm_k": 0.00927800897773956,
  "summary_wm_mad": 90.86060370913182,
  "summary_wm_mean": 999.6651000976562,
  "summary_wm_median": 999.9649658203125,
  "summary_wm_n": 144981.0,
  "summary_wm_p05": 845.9744262695312,
  "summary_wm_p95": 1153.166259765625,
  "summary_wm_stdv": 92.50922393798828,
  "tpm_overlap_csf": 0.1557501256465912,
  "tpm_overlap_gm": 0.393850177526474,
  "tpm_overlap_wm": 0.46379950642585754,
  "wm2max": 0.6362643523385765
}