{
  "bids_meta": {
    "AcquisitionNumber": 1,
    "DeviceSerialNumber": "35442  ",
    "EchoNumber": 1,
    "EchoTime": 0.00298,
    "FlipAngle": 9,
    "ImageOrientationPatientDICOM": [
      "0.04285514069382",
      "0.99908126481499",
      "0.00025141954701",
      "0.03561553066782",
      "-0.0012762212541",
      "-0.9993647508465  "
    ],
    "ImageType": [
      "ORIGINAL",
      "PRIMARY",
      "M",
      "ND",
      "NORM "
    ],
    "ImagingFrequency": 123.247141,
    "InPlanePhaseEncodingDirectionDICOM": "ROW  ",
    "IntendedFor": [
      "ses-PREFU24/dwi/sub-5730499_ses-PREFU24_run-001_dwi.nii.gz",
      "ses-PREFU24/anat/sub-5730499_ses-PREFU24_run-001_FLAIR.nii.gz",
      "ses-PREFU24/fmap/sub-5730499_ses-PREFU24_run-004_phasediff.nii.gz",
      "ses-PREFU24/fmap/sub-5730499_ses-PREFU24_run-005_phasediff.nii.gz"
    ],
    "InversionTime": 0.9,
    "MRAcquisitionType": "3D ",
    "MagneticFieldStrength": 3,
    "Manufacturer": "SIEMENS  ",
    "ManufacturerModelName": "TrioTim  ",
    "Modality": "MRI__ ",
    "PatientPosition": "HFS  ",
    "PercentPhaseFOV": 93.75,
    "PhaseEncodingSteps": 239,
    "PixelBandwidth": 238,
    "ProtocolName": "MPRAGE ADNI_iPAT2  ",
    "PulseSequenceType": "*tfl3d1_ns ",
    "ReceiveCoilName": "HeadMatrixix\\\\ ",
    "RepetitionTime": 2.3,
    "SAR": 0.09035831382218,
    "ScanningSequence": "GR\\\\IR  ",
    "SequenceName": "*tfl3d1_ns ",
    "SequenceVariant": "SP\\\\MP  ",
    "SeriesDescription": "MPRAGE ADNI_iPAT2  ",
    "SeriesNumber": 20,
    "SliceOrder": "interleaved ",
    "SliceThickness": 1,
    "SliceTiming": null,
    "SoftwareVersions": "syngo MR B17 ",
    "dataset": "<unset>",
    "modality": "T1w",
    "run_id": 2,
    "session_id": "PREFU24",
    "subject_id": "5730499"
  },
  "cjv": 0.46413731675322734,
  "cnr": 2.8893695308115834,
  "efc": 0.6113170655438522,
  "fber": 97.10115051269531,
  "fwhm_avg": 3.1086533333333333,
  "fwhm_x": 3.17213,
  "fwhm_y": 3.22952,
  "fwhm_z": 2.92431,
  "icvs_csf": 0.20736418490679318,
  "icvs_gm": 0.42111331018631665,
  "icvs_wm": 0.3715225049068902,
  "inu_med": 1.4830741882324219,
  "inu_range": 0.4661918878555298,
  "provenance": {
    "md5sum": "6c9eed86a53f80570537b780da7c0a52",
    "settings": {
      "testing": false
    },
    "software": "mriqc",
    "version": "0.16.1",
    "warnings": {
      "large_rot_frame": true,
      "small_air_mask": false
    },
    "webapi_port": null,
    "webapi_url": "https://mriqc.nimh.nih.gov/api/v1"
  },
  "qi_1": 0.0,
  "qi_2": 0.004547691935684807,
  "rpve_csf": 31.75460394547936,
  "rpve_gm": 16.08724086703523,
  "rpve_wm": 21.36183759486351,
  "size_x": 176,
  "size_y": 240,
  "size_z": 256,
  "snr_csf": 2.650350345097482,
  "snr_gm": 9.209374474044397,
  "snr_total": 9.298873272070352,
  "snr_wm": 16.03689499706918,
  "snrd_csf": 10.385785380280671,
  "snrd_gm": 22.626813099407073,
  "snrd_total": 21.731367634098273,
  "snrd_wm": 32.18150442260707,
  "spacing_x": 1.0,
  "spacing_y": 1.0,
  "spacing_z": 1.0,
  "summary_bg_k": 1699.9597517053996,
  "summary_bg_mad": 20.357485144271426,
  "summary_bg_mean": 67.33929443359375,
  "summary_bg_median": 65.50677490234375,
  "summary_bg_n": 3063067.0,
  "summary_bg_p05": 35.251774597167966,
  "summary_bg_p95": 103.97356185913083,
  "summary_bg_stdv": 29.024690628051758,
  "summary_csf_k": 0.7017407742524724,
  "summary_csf_mad": 130.49398201667563,
  "summary_csf_mean": 346.2415771484375,
  "summary_csf_median": 322.724365234375,
  "summary_csf_n": 10564.0,
  "summary_csf_p05": 179.67997512817385,
  "summary_csf_p95": 558.2244415283203,
  "summary_csf_stdv": 121.76091766357422,
  "summary_gm_k": -0.06559535709672382,
  "summary_gm_mad": 76.9455529921969,
  "summary_gm_mean": 702.011962890625,
  "summary_gm_median": 703.097900390625,
  "summary_gm_n": 9120.0,
  "summary_gm_p05": 573.1900115966797,
  "summary_gm_p95": 825.5723114013672,
  "summary_gm_stdv": 76.34170532226562,
  "summary_wm_k": 0.1763809989005991,
  "summary_wm_mad": 60.85645941029632,
  "summary_wm_mean": 999.564208984375,
  "summary_wm_median": 999.9971313476562,
  "summary_wm_n": 147131.0,
  "summary_wm_p05": 896.2795104980469,
  "summary_wm_p95": 1102.2062377929688,
  "summary_wm_stdv": 62.35581970214844,
  "tpm_overlap_csf": 0.17105337977409363,
  "tpm_overlap_gm": 0.42637211084365845,
  "tpm_overlap_wm": 0.49144378304481506,
  "wm2max": 0.4739049317268079
}