{
  "bids_meta": {
    "AcquisitionNumber": 1,
    "DeviceSerialNumber": "35442  ",
    "EchoNumber": 1,
    "EchoTime": 0.00298,
    "FlipAngle": 9,
    "ImageOrientationPatientDICOM": [
      "0.08559549228395",
      "0.99632991026424",
      "-0.0003487313046",
      "0.04641829694375",
      "-0.0043374679942",
      "-0.9989126729 "
    ],
    "ImageType": [
      "ORIGINAL",
      "PRIMARY",
      "M",
      "ND",
      "NORM "
    ],
    "ImagingFrequency": 123.247111,
    "InPlanePhaseEncodingDirectionDICOM": "ROW  ",
    "IntendedFor": [
      "ses-PREEN00/anat/sub-9865768_ses-PREEN00_run-001_FLAIR.nii.gz",
      "ses-PREEN00/dwi/sub-9865768_ses-PREEN00_run-001_dwi.nii.gz",
      "ses-PREEN00/fmap/sub-9865768_ses-PREEN00_run-002_phasediff.nii.gz",
      "ses-PREEN00/fmap/sub-9865768_ses-PREEN00_run-001_phasediff.nii.gz"
    ],
    "InversionTime": 0.9,
    "MRAcquisitionType": "3D ",
    "MagneticFieldStrength": 3,
    "Manufacturer": "SIEMENS  ",
    "ManufacturerModelName": "TrioTim  ",
    "Modality": "MRI__ ",
    "PatientPosition": "HFS  ",
    "PercentPhaseFOV": 93.75,
    "PhaseEncodingSteps": 239,
    "PixelBandwidth": 238,
    "ProtocolName": "MPRAGE ADNI_iPAT2  ",
    "PulseSequenceType": "*tfl3d1_ns ",
    "ReceiveCoilName": "HeadMatrixix\\\\ ",
    "RepetitionTime": 2.3,
    "SAR": 0.07880534808063,
    "ScanningSequence": "GR\\\\IR  ",
    "SequenceName": "*tfl3d1_ns ",
    "SequenceVariant": "SP\\\\MP  ",
    "SeriesDescription": "MPRAGE ADNI_iPAT2  ",
    "SeriesNumber": 4,
    "SliceOrder": "interleaved ",
    "SliceThickness": 1,
    "SliceTiming": null,
    "SoftwareVersions": "syngo MR B17 ",
    "dataset": "<unset>",
    "modality": "T1w",
    "run_id": 1,
    "session_id": "PREEN00",
    "subject_id": "9865768"
  },
  "cjv": 0.43468965568750634,
  "cnr": 3.1432860442906416,
  "efc": 0.590345738408394,
  "fber": 120.67517852783203,
  "fwhm_avg": 3.114903333333333,
  "fwhm_x": 3.21557,
  "fwhm_y": 3.16689,
  "fwhm_z": 2.96225,
  "icvs_csf": 0.20567196049353695,
  "icvs_gm": 0.41932725194126597,
  "icvs_wm": 0.37500078756519706,
  "inu_med": 1.4009041786193848,
  "inu_range": 0.34401879310607897,
  "provenance": {
    "md5sum": "a7f0b1f8d259c791f7b8b05015e70b4d",
    "settings": {
      "testing": false
    },
    "software": "mriqc",
    "version": "0.16.1",
    "warnings": {
      "large_rot_frame": true,
      "small_air_mask": false
    },
    "webapi_port": null,
    "webapi_url": "https://mriqc.nimh.nih.gov/api/v1"
  },
  "qi_1": 0.0,
  "qi_2": 0.004471001238785783,
  "rpve_csf": 32.50776572195812,
  "rpve_gm": 16.506423556436523,
  "rpve_wm": 22.00277844840638,
  "size_x": 176,
  "size_y": 240,
  "size_z": 256,
  "snr_csf": 2.951589766873915,
  "snr_gm": 9.475523951917806,
  "snr_total": 9.496841079437049,
  "snr_wm": 16.063409519519425,
  "snrd_csf": 11.44840466691781,
  "snrd_gm": 24.661278204488475,
  "snrd_total": 23.90677746892501,
  "snrd_wm": 35.610649535368744,
  "spacing_x": 1.0,
  "spacing_y": 1.0,
  "spacing_z": 1.0,
  "summary_bg_k": 9.91967572021614,
  "summary_bg_mad": 18.39706008896027,
  "summary_bg_mean": 60.27580261230469,
  "summary_bg_median": 58.76899719238281,
  "summary_bg_n": 3436136.0,
  "summary_bg_p05": 32.27113056182861,
  "summary_bg_p95": 93.10071182250977,
  "summary_bg_stdv": 18.767847061157227,
  "summary_csf_k": 0.5205397051076806,
  "summary_csf_mad": 104.49635439265504,
  "summary_csf_mean": 342.12530517578125,
  "summary_csf_median": 321.4857177734375,
  "summary_csf_n": 13310.0,
  "summary_csf_p05": 194.6888084411621,
  "summary_csf_p95": 542.8789581298828,
  "summary_csf_stdv": 108.91542053222656,
  "summary_gm_k": -0.07786749656357284,
  "summary_gm_mad": 73.03689086901996,
  "summary_gm_mean": 692.2622680664062,
  "summary_gm_median": 692.5199584960938,
  "summary_gm_n": 9677.0,
  "summary_gm_p05": 568.8951293945313,
  "summary_gm_p95": 812.2446899414061,
  "summary_gm_stdv": 73.08135986328125,
  "summary_wm_k": 0.19065540927378732,
  "summary_wm_mad": 60.61810649015815,
  "summary_wm_mean": 1000.304931640625,
  "summary_wm_median": 999.9921875,
  "summary_wm_n": 152600.0,
  "summary_wm_p05": 898.30498046875,
  "summary_wm_p95": 1103.0590393066404,
  "summary_wm_stdv": 62.252593994140625,
  "tpm_overlap_csf": 0.17752397060394287,
  "tpm_overlap_gm": 0.42756888270378113,
  "tpm_overlap_wm": 0.501361072063446,
  "wm2max": 0.5098940436906785
}