{
  "bids_meta": {
    "AcquisitionNumber": 1,
    "DeviceSerialNumber": "35442  ",
    "EchoNumber": 1,
    "EchoTime": 0.00298,
    "FlipAngle": 9,
    "ImageOrientationPatientDICOM": [
      "-0.0025035416214",
      "0.99999680533778",
      "-0.0003487027172",
      "0.0470390608057",
      "-0.0002305532017",
      "-0.9988930241041 "
    ],
    "ImageType": [
      "ORIGINAL",
      "PRIMARY",
      "M",
      "ND",
      "NORM "
    ],
    "ImagingFrequency": 123.247473,
    "InPlanePhaseEncodingDirectionDICOM": "ROW  ",
    "IntendedFor": [
      "ses-PREEN00/dwi/sub-4040157_ses-PREEN00_run-001_dwi.nii.gz",
      "ses-PREEN00/fmap/sub-4040157_ses-PREEN00_run-001_phasediff.nii.gz",
      "ses-PREEN00/anat/sub-4040157_ses-PREEN00_run-001_FLAIR.nii.gz",
      "ses-PREEN00/fmap/sub-4040157_ses-PREEN00_run-002_phasediff.nii.gz"
    ],
    "InversionTime": 0.9,
    "MRAcquisitionType": "3D ",
    "MagneticFieldStrength": 3,
    "Manufacturer": "SIEMENS  ",
    "ManufacturerModelName": "TrioTim  ",
    "Modality": "MRI__ ",
    "PatientPosition": "HFS  ",
    "PercentPhaseFOV": 93.75,
    "PhaseEncodingSteps": 239,
    "PixelBandwidth": 238,
    "ProtocolName": "MPRAGE ADNI_iPAT2  ",
    "PulseSequenceType": "*tfl3d1_ns ",
    "ReceiveCoilName": "HeadMatrixix\\\\ ",
    "RepetitionTime": 2.3,
    "SAR": 0.08635714557979,
    "ScanningSequence": "GR\\\\IR  ",
    "SequenceName": "*tfl3d1_ns ",
    "SequenceVariant": "SP\\\\MP  ",
    "SeriesDescription": "MPRAGE ADNI_iPAT2  ",
    "SeriesNumber": 4,
    "SliceOrder": "interleaved ",
    "SliceThickness": 1,
    "SliceTiming": null,
    "SoftwareVersions": "syngo MR B17 ",
    "dataset": "<unset>",
    "modality": "T1w",
    "run_id": 1,
    "session_id": "PREEN00",
    "subject_id": "4040157"
  },
  "cjv": 0.4112739978249537,
  "cnr": 3.157265658236789,
  "efc": 0.6447182650569581,
  "fber": 97.67720031738281,
  "fwhm_avg": 3.0288566666666665,
  "fwhm_x": 3.08976,
  "fwhm_y": 3.12574,
  "fwhm_z": 2.87107,
  "icvs_csf": 0.20676049122598605,
  "icvs_gm": 0.40939801301999895,
  "icvs_wm": 0.383841495754015,
  "inu_med": 1.3408620357513428,
  "inu_range": 0.4834274530410765,
  "provenance": {
    "md5sum": "0f73dbe18d638659684dcb097edbc599",
    "settings": {
      "testing": false
    },
    "software": "mriqc",
    "version": "0.16.1",
    "warnings": {
      "large_rot_frame": false,
      "small_air_mask": false
    },
    "webapi_port": null,
    "webapi_url": "https://mriqc.nimh.nih.gov/api/v1"
  },
  "qi_1": 0.0,
  "qi_2": 0.004726581694921834,
  "rpve_csf": 25.553055336006018,
  "rpve_gm": 13.225022831730149,
  "rpve_wm": 16.857362512407494,
  "size_x": 176,
  "size_y": 240,
  "size_z": 256,
  "snr_csf": 1.7425933271045935,
  "snr_gm": 8.970949792948359,
  "snr_total": 8.92126676635293,
  "snr_wm": 16.05025717900584,
  "snrd_csf": 10.5876489736952,
  "snrd_gm": 21.679499707936976,
  "snrd_total": 21.40671651758878,
  "snrd_wm": 31.95300087113416,
  "spacing_x": 1.0,
  "spacing_y": 1.0,
  "spacing_z": 1.0,
  "summary_bg_k": 1721.9840076273874,
  "summary_bg_mad": 20.503282883646943,
  "summary_bg_mean": 68.83172607421875,
  "summary_bg_median": 67.03486633300781,
  "summary_bg_n": 2830593.0,
  "summary_bg_p05": 37.13115234375,
  "summary_bg_p95": 105.4145767211914,
  "summary_bg_stdv": 27.736604690551758,
  "summary_csf_k": 37.043210247317106,
  "summary_csf_mad": 111.8595050223903,
  "summary_csf_mean": 364.3711853027344,
  "summary_csf_median": 331.3532409667969,
  "summary_csf_n": 9282.0,
  "summary_csf_p05": 181.8034225463867,
  "summary_csf_p95": 599.4736297607419,
  "summary_csf_stdv": 190.13925170898438,
  "summary_gm_k": 0.32780390405384274,
  "summary_gm_mad": 72.15342862175004,
  "summary_gm_mean": 679.2927856445312,
  "summary_gm_median": 678.486083984375,
  "summary_gm_n": 6804.0,
  "summary_gm_p05": 557.2225280761719,
  "summary_gm_p95": 803.821905517578,
  "summary_gm_stdv": 75.62590789794922,
  "summary_wm_k": 0.24410971913731006,
  "summary_wm_mad": 60.08004784811504,
  "summary_wm_mean": 1000.3592529296875,
  "summary_wm_median": 1000.0076904296875,
  "summary_wm_n": 183936.0,
  "summary_wm_p05": 898.3743286132812,
  "summary_wm_p95": 1103.5575866699219,
  "summary_wm_stdv": 62.30460739135742,
  "tpm_overlap_csf": 0.12968941032886505,
  "tpm_overlap_gm": 0.38194575905799866,
  "tpm_overlap_wm": 0.43270623683929443,
  "wm2max": 0.49255917182404363
}