{
  "bids_meta": {
    "AcquisitionNumber": 1,
    "DeviceSerialNumber": "35442  ",
    "EchoNumber": 1,
    "EchoTime": 0.00298,
    "FlipAngle": 9,
    "ImageOrientationPatientDICOM": [
      "0.09772598058108",
      "0.99489783242665",
      "0.02505864625662",
      "0.01272984253564",
      "0.0239274865586",
      "-0.9996326457734 "
    ],
    "ImageType": [
      "ORIGINAL",
      "PRIMARY",
      "M",
      "ND",
      "NORM "
    ],
    "ImagingFrequency": 123.247097,
    "InPlanePhaseEncodingDirectionDICOM": "ROW  ",
    "IntendedFor": [
      "ses-PREBL00/func/sub-1072774_ses-PREBL00_task-retrieval_run-001_bold.nii.gz",
      "ses-PREBL00/fmap/sub-1072774_ses-PREBL00_run-001_phasediff.nii.gz",
      "ses-PREBL00/fmap/sub-1072774_ses-PREBL00_run-003_phasediff.nii.gz",
      "ses-PREBL00/asl/sub-1072774_ses-PREBL00_run-001_asl.nii.gz",
      "ses-PREBL00/func/sub-1072774_ses-PREBL00_task-encoding_run-001_bold.nii.gz",
      "ses-PREBL00/anat/sub-1072774_ses-PREBL00_run-001_T2star.nii.gz",
      "ses-PREBL00/func/sub-1072774_ses-PREBL00_task-rest_run-001_bold.nii.gz",
      "ses-PREBL00/func/sub-1072774_ses-PREBL00_task-rest_run-002_bold.nii.gz",
      "ses-PREBL00/fmap/sub-1072774_ses-PREBL00_run-002_phasediff.nii.gz"
    ],
    "InversionTime": 0.9,
    "MRAcquisitionType": "3D ",
    "MagneticFieldStrength": 3,
    "Manufacturer": "SIEMENS  ",
    "ManufacturerModelName": "TrioTim  ",
    "Modality": "MRI__ ",
    "PatientPosition": "HFS  ",
    "PercentPhaseFOV": 93.75,
    "PhaseEncodingSteps": 239,
    "PixelBandwidth": 238,
    "ProtocolName": "MPRAGE ADNI_iPAT2  ",
    "PulseSequenceType": "*tfl3d1_ns ",
    "ReceiveCoilName": "HeadMatrixix\\\\ ",
    "RepetitionTime": 2.3,
    "SAR": 0.08055028679317,
    "ScanningSequence": "GR\\\\IR  ",
    "SequenceName": "*tfl3d1_ns ",
    "SequenceVariant": "SP\\\\MP  ",
    "SeriesDescription": "MPRAGE ADNI_iPAT2  ",
    "SeriesNumber": 12,
    "SliceOrder": "interleaved ",
    "SliceThickness": 1,
    "SliceTiming": null,
    "SoftwareVersions": "syngo MR B17 ",
    "dataset": "<unset>",
    "modality": "T1w",
    "run_id": 1,
    "session_id": "PREBL00",
    "subject_id": "1072774"
  },
  "cjv": 0.3880169241969242,
  "cnr": 3.480784609299757,
  "efc": 0.5750676741442463,
  "fber": 125.45457458496094,
  "fwhm_avg": 3.28633,
  "fwhm_x": 3.34121,
  "fwhm_y": 3.4192,
  "fwhm_z": 3.09858,
  "icvs_csf": 0.199403928657214,
  "icvs_gm": 0.4198703799914002,
  "icvs_wm": 0.3807256913513858,
  "inu_med": 1.385256290435791,
  "inu_range": 0.43636716604232784,
  "provenance": {
    "md5sum": "3b1f1b98d405870fec5735a2e327df10",
    "settings": {
      "testing": false
    },
    "software": "mriqc",
    "version": "0.16.1",
    "warnings": {
      "large_rot_frame": true,
      "small_air_mask": false
    },
    "webapi_port": null,
    "webapi_url": "https://mriqc.nimh.nih.gov/api/v1"
  },
  "qi_1": 0.0,
  "qi_2": 0.004681237885667118,
  "rpve_csf": 29.694350332447176,
  "rpve_gm": 14.706884058969223,
  "rpve_wm": 19.025108967285906,
  "size_x": 176,
  "size_y": 240,
  "size_z": 256,
  "snr_csf": 2.6944332199920598,
  "snr_gm": 8.934076271025736,
  "snr_total": 9.648966541816227,
  "snr_wm": 17.31839013443088,
  "snrd_csf": 11.672269248787332,
  "snrd_gm": 25.36154617588781,
  "snrd_total": 25.035362231145,
  "snrd_wm": 38.07227126875987,
  "spacing_x": 1.0,
  "spacing_y": 1.0,
  "spacing_z": 1.0,
  "summary_bg_k": 1.000692523596678,
  "summary_bg_mad": 17.207665217614952,
  "summary_bg_mean": 58.093650817871094,
  "summary_bg_median": 56.877052307128906,
  "summary_bg_n": 3298320.0,
  "summary_bg_p05": 31.589616775512695,
  "summary_bg_p95": 88.65493049621583,
  "summary_bg_stdv": 17.50502586364746,
  "summary_csf_k": -0.16675453567163023,
  "summary_csf_mad": 117.94073953408935,
  "summary_csf_mean": 327.4889831542969,
  "summary_csf_median": 306.5812072753906,
  "summary_csf_n": 13983.0,
  "summary_csf_p05": 175.1514129638672,
  "summary_csf_p95": 532.9980346679687,
  "summary_csf_stdv": 113.77912139892578,
  "summary_gm_k": 0.07497860438629367,
  "summary_gm_mad": 73.75140668428608,
  "summary_gm_mean": 664.0650634765625,
  "summary_gm_median": 666.1406860351562,
  "summary_gm_n": 12483.0,
  "summary_gm_p05": 540.7595397949218,
  "summary_gm_p95": 785.0831970214845,
  "summary_gm_stdv": 74.55879974365234,
  "summary_wm_k": 0.26287430586355676,
  "summary_wm_mad": 55.790781175924764,
  "summary_wm_mean": 999.2350463867188,
  "summary_wm_median": 999.9977416992188,
  "summary_wm_n": 173487.0,
  "summary_wm_p05": 903.1225524902344,
  "summary_wm_p95": 1093.1035888671875,
  "summary_wm_stdv": 57.741790771484375,
  "tpm_overlap_csf": 0.15554429590702057,
  "tpm_overlap_gm": 0.41746965050697327,
  "tpm_overlap_wm": 0.47935786843299866,
  "wm2max": 0.5257175925807558
}