{
  "bids_meta": {
    "AcquisitionNumber": 1,
    "DeviceSerialNumber": "35442  ",
    "EchoNumber": 1,
    "EchoTime": 0.00298,
    "FlipAngle": 9,
    "ImageOrientationPatientDICOM": [
      "0.02304439515271",
      "0.99776071910136",
      "-0.0627893563462",
      "0.0046348485301",
      "-0.0629119847253",
      "-0.9980083167775 "
    ],
    "ImageType": [
      "ORIGINAL",
      "PRIMARY",
      "M",
      "ND",
      "NORM "
    ],
    "ImagingFrequency": 123.24719,
    "InPlanePhaseEncodingDirectionDICOM": "ROW  ",
    "IntendedFor": [
      "ses-NAPFU24/anat/sub-5984591_ses-NAPFU24_run-001_FLAIR.nii.gz",
      "ses-NAPFU24/dwi/sub-5984591_ses-NAPFU24_run-001_dwi.nii.gz",
      "ses-NAPFU24/fmap/sub-5984591_ses-NAPFU24_run-004_phasediff.nii.gz",
      "ses-NAPFU24/fmap/sub-5984591_ses-NAPFU24_run-005_phasediff.nii.gz"
    ],
    "InversionTime": 0.9,
    "MRAcquisitionType": "3D ",
    "MagneticFieldStrength": 3,
    "Manufacturer": "SIEMENS  ",
    "ManufacturerModelName": "TrioTim  ",
    "Modality": "MRI__ ",
    "PatientPosition": "HFS  ",
    "PercentPhaseFOV": 93.75,
    "PhaseEncodingSteps": 239,
    "PixelBandwidth": 238,
    "ProtocolName": "MPRAGE ADNI_iPAT2  ",
    "PulseSequenceType": "*tfl3d1_ns ",
    "ReceiveCoilName": "HeadMatrixix\\\\ ",
    "RepetitionTime": 2.3,
    "SAR": 0.08532939419185,
    "ScanningSequence": "GR\\\\IR  ",
    "SequenceName": "*tfl3d1_ns ",
    "SequenceVariant": "SP\\\\MP  ",
    "SeriesDescription": "MPRAGE ADNI_iPAT2  ",
    "SeriesNumber": 20,
    "SliceOrder": "interleaved ",
    "SliceThickness": 1,
    "SliceTiming": null,
    "SoftwareVersions": "syngo MR B17 ",
    "dataset": "<unset>",
    "modality": "T1w",
    "run_id": 2,
    "session_id": "NAPFU24",
    "subject_id": "5984591"
  },
  "cjv": 0.37435944976353563,
  "cnr": 3.5905921043168894,
  "efc": 0.5820634548535851,
  "fber": 186.52342224121094,
  "fwhm_avg": 3.2558933333333333,
  "fwhm_x": 3.3047,
  "fwhm_y": 3.38712,
  "fwhm_z": 3.07586,
  "icvs_csf": 0.2117374982690345,
  "icvs_gm": 0.4173686638786655,
  "icvs_wm": 0.3708938378523,
  "inu_med": 1.6030824184417725,
  "inu_range": 0.4834282159805299,
  "provenance": {
    "md5sum": "9bc9ea86ea570d63ca31120f13a7d9a9",
    "settings": {
      "testing": false
    },
    "software": "mriqc",
    "version": "0.16.1",
    "warnings": {
      "large_rot_frame": true,
      "small_air_mask": false
    },
    "webapi_port": null,
    "webapi_url": "https://mriqc.nimh.nih.gov/api/v1"
  },
  "qi_1": 5.998944185823295e-06,
  "qi_2": 0.006007351864141369,
  "rpve_csf": 29.40702798274616,
  "rpve_gm": 15.342266821032432,
  "rpve_wm": 20.567730738024892,
  "size_x": 176,
  "size_y": 240,
  "size_z": 256,
  "snr_csf": 2.867576051102159,
  "snr_gm": 9.266493367572146,
  "snr_total": 10.111673429824597,
  "snr_wm": 18.200950870799485,
  "snrd_csf": 15.243131135789618,
  "snrd_gm": 30.618430621832914,
  "snrd_total": 30.585699472484876,
  "snrd_wm": 45.895536659832096,
  "spacing_x": 1.0,
  "spacing_y": 1.0,
  "spacing_z": 1.0,
  "summary_bg_k": 2007.8144789405533,
  "summary_bg_mad": 14.274491716518767,
  "summary_bg_mean": 43.41361618041992,
  "summary_bg_median": 41.28179931640625,
  "summary_bg_n": 3280887.0,
  "summary_bg_p05": 22.204905891418456,
  "summary_bg_p95": 70.42922286987304,
  "summary_bg_stdv": 19.82278823852539,
  "summary_csf_k": -0.22526646336065337,
  "summary_csf_mad": 125.18150127829426,
  "summary_csf_mean": 345.6712646484375,
  "summary_csf_median": 332.1261901855469,
  "summary_csf_n": 13890.0,
  "summary_csf_p05": 177.93646163940429,
  "summary_csf_p95": 545.4162139892578,
  "summary_csf_stdv": 115.81706237792969,
  "summary_gm_k": 0.08380193096793853,
  "summary_gm_mad": 71.85707106159344,
  "summary_gm_mean": 664.8267822265625,
  "summary_gm_median": 667.1321411132812,
  "summary_gm_n": 11518.0,
  "summary_gm_p05": 542.5711395263672,
  "summary_gm_p95": 778.9122344970704,
  "summary_gm_stdv": 71.99089813232422,
  "summary_wm_k": 0.38595046166941804,
  "summary_wm_mad": 52.754631906192095,
  "summary_wm_mean": 998.8939819335938,
  "summary_wm_median": 999.9985961914062,
  "summary_wm_n": 160806.0,
  "summary_wm_p05": 907.0256652832031,
  "summary_wm_p95": 1086.9533996582031,
  "summary_wm_stdv": 54.94193649291992,
  "tpm_overlap_csf": 0.17430388927459717,
  "tpm_overlap_gm": 0.436893492937088,
  "tpm_overlap_wm": 0.5154673457145691,
  "wm2max": 0.5742697535919771
}