{
  "bids_meta": {
    "AcquisitionNumber": 1,
    "DeviceSerialNumber": "35442  ",
    "EchoNumber": 1,
    "EchoTime": 0.00298,
    "FlipAngle": 9,
    "ImageOrientationPatientDICOM": [
      "0.06199251348248",
      "0.9980527065181",
      "0.00690820410939",
      "0.01850773381828",
      "0.00577080231077",
      "-0.9998120631547 "
    ],
    "ImageType": [
      "ORIGINAL",
      "PRIMARY",
      "M",
      "ND",
      "NORM "
    ],
    "ImagingFrequency": 123.247147,
    "InPlanePhaseEncodingDirectionDICOM": "ROW  ",
    "IntendedFor": [
      "ses-PREBL00/func/sub-2864260_ses-PREBL00_task-rest_run-002_bold.nii.gz",
      "ses-PREBL00/func/sub-2864260_ses-PREBL00_task-rest_run-001_bold.nii.gz",
      "ses-PREBL00/func/sub-2864260_ses-PREBL00_task-retrieval_run-001_bold.nii.gz",
      "ses-PREBL00/fmap/sub-2864260_ses-PREBL00_run-003_phasediff.nii.gz",
      "ses-PREBL00/asl/sub-2864260_ses-PREBL00_run-001_asl.nii.gz",
      "ses-PREBL00/fmap/sub-2864260_ses-PREBL00_run-001_phasediff.nii.gz",
      "ses-PREBL00/fmap/sub-2864260_ses-PREBL00_run-002_phasediff.nii.gz",
      "ses-PREBL00/func/sub-2864260_ses-PREBL00_task-encoding_run-001_bold.nii.gz",
      "ses-PREBL00/anat/sub-2864260_ses-PREBL00_run-001_T2star.nii.gz"
    ],
    "InversionTime": 0.9,
    "MRAcquisitionType": "3D ",
    "MagneticFieldStrength": 3,
    "Manufacturer": "SIEMENS  ",
    "ManufacturerModelName": "TrioTim  ",
    "Modality": "MRI__ ",
    "PatientPosition": "HFS  ",
    "PercentPhaseFOV": 93.75,
    "PhaseEncodingSteps": 239,
    "PixelBandwidth": 238,
    "ProtocolName": "MPRAGE ADNI_iPAT2  ",
    "PulseSequenceType": "*tfl3d1_ns ",
    "ReceiveCoilName": "HeadMatrixix\\\\ ",
    "RepetitionTime": 2.3,
    "SAR": 0.10375538833,
    "ScanningSequence": "GR\\\\IR  ",
    "SequenceName": "*tfl3d1_ns ",
    "SequenceVariant": "SP\\\\MP  ",
    "SeriesDescription": "MPRAGE ADNI_iPAT2  ",
    "SeriesNumber": 12,
    "SliceOrder": "interleaved ",
    "SliceThickness": 1,
    "SliceTiming": null,
    "SoftwareVersions": "syngo MR B17 ",
    "dataset": "<unset>",
    "modality": "T1w",
    "run_id": 1,
    "session_id": "PREBL00",
    "subject_id": "2864260"
  },
  "cjv": 0.48984033504891356,
  "cnr": 2.6970281563937495,
  "efc": 0.6752111197110053,
  "fber": 80.52161407470703,
  "fwhm_avg": 3.3514166666666667,
  "fwhm_x": 3.34615,
  "fwhm_y": 3.5138,
  "fwhm_z": 3.1943,
  "icvs_csf": 0.22685652878391394,
  "icvs_gm": 0.38789124754411475,
  "icvs_wm": 0.3852522236719713,
  "inu_med": 1.2458462715148926,
  "inu_range": 0.40433785915374765,
  "provenance": {
    "md5sum": "477232a74d7f426b488b0f394e291e94",
    "settings": {
      "testing": false
    },
    "software": "mriqc",
    "version": "0.16.1",
    "warnings": {
      "large_rot_frame": true,
      "small_air_mask": false
    },
    "webapi_port": null,
    "webapi_url": "https://mriqc.nimh.nih.gov/api/v1"
  },
  "qi_1": 7.491214594227739e-05,
  "qi_2": 0.0035420066684035806,
  "rpve_csf": 20.91124036451019,
  "rpve_gm": 11.918272807953313,
  "rpve_wm": 14.513213945482494,
  "size_x": 176,
  "size_y": 240,
  "size_z": 256,
  "snr_csf": 3.025660975729185,
  "snr_gm": 8.961585526664445,
  "snr_total": 9.002528488109833,
  "snr_wm": 15.020338961935876,
  "snrd_csf": 9.21613949223453,
  "snrd_gm": 20.441367810270016,
  "snrd_total": 19.526455942969108,
  "snrd_wm": 28.921860526402774,
  "spacing_x": 1.0,
  "spacing_y": 1.0,
  "spacing_z": 1.0,
  "summary_bg_k": 1103.4616384167691,
  "summary_bg_mad": 22.652191912785565,
  "summary_bg_mean": 76.30106353759766,
  "summary_bg_median": 73.7218017578125,
  "summary_bg_n": 2455593.0,
  "summary_bg_p05": 40.98023223876953,
  "summary_bg_p95": 117.17148132324216,
  "summary_bg_stdv": 34.17719650268555,
  "summary_csf_k": 0.22374743825716203,
  "summary_csf_mad": 102.77327271884678,
  "summary_csf_mean": 333.3160095214844,
  "summary_csf_median": 318.6600036621094,
  "summary_csf_n": 21505.0,
  "summary_csf_p05": 181.97987976074216,
  "summary_csf_p95": 525.4858032226563,
  "summary_csf_stdv": 105.31668853759766,
  "summary_gm_k": -0.09116416301783214,
  "summary_gm_mad": 78.48272119811453,
  "summary_gm_mean": 706.7372436523438,
  "summary_gm_median": 706.786865234375,
  "summary_gm_n": 11886.0,
  "summary_gm_p05": 575.9414215087891,
  "summary_gm_p95": 836.7409820556641,
  "summary_gm_stdv": 78.86518859863281,
  "summary_wm_k": 0.15527015591948068,
  "summary_wm_mad": 65.15025062538976,
  "summary_wm_mean": 1001.37548828125,
  "summary_wm_median": 1000.0109252929688,
  "summary_wm_n": 236997.0,
  "summary_wm_p05": 894.0630859375,
  "summary_wm_p95": 1113.1359374999997,
  "summary_wm_stdv": 66.57698059082031,
  "tpm_overlap_csf": 0.17554272711277008,
  "tpm_overlap_gm": 0.4276622533798218,
  "tpm_overlap_wm": 0.5008873343467712,
  "wm2max": 0.47215167989416584
}