{
  "bids_meta": {
    "AcquisitionNumber": 1,
    "DeviceSerialNumber": "35442  ",
    "EchoNumber": 1,
    "EchoTime": 0.00298,
    "FlipAngle": 9,
    "ImageOrientationPatientDICOM": [
      "0.00888141547697",
      "0.99995448962627",
      "0.00348412620149",
      "0.06121901052163",
      "0.00293399826115",
      "-0.9981200450872  "
    ],
    "ImageType": [
      "ORIGINAL",
      "PRIMARY",
      "M",
      "ND",
      "NORM "
    ],
    "ImagingFrequency": 123.251289,
    "InPlanePhaseEncodingDirectionDICOM": "ROW  ",
    "IntendedFor": [
      "ses-NAPFU36/fmap/sub-4715777_ses-NAPFU36_run-002_phasediff.nii.gz",
      "ses-NAPFU36/func/sub-4715777_ses-NAPFU36_task-rest_run-001_bold.nii.gz",
      "ses-NAPFU36/fmap/sub-4715777_ses-NAPFU36_run-004_phasediff.nii.gz",
      "ses-NAPFU36/func/sub-4715777_ses-NAPFU36_task-rest_run-002_bold.nii.gz",
      "ses-NAPFU36/asl/sub-4715777_ses-NAPFU36_run-001_asl.nii.gz",
      "ses-NAPFU36/anat/sub-4715777_ses-NAPFU36_run-001_T2star.nii.gz",
      "ses-NAPFU36/anat/sub-4715777_ses-NAPFU36_run-001_FLAIR.nii.gz",
      "ses-NAPFU36/fmap/sub-4715777_ses-NAPFU36_run-001_phasediff.nii.gz",
      "ses-NAPFU36/dwi/sub-4715777_ses-NAPFU36_run-001_dwi.nii.gz",
      "ses-NAPFU36/fmap/sub-4715777_ses-NAPFU36_run-003_phasediff.nii.gz"
    ],
    "InversionTime": 0.9,
    "MRAcquisitionType": "3D ",
    "MagneticFieldStrength": 3,
    "Manufacturer": "SIEMENS  ",
    "ManufacturerModelName": "TrioTim  ",
    "Modality": "MRI__ ",
    "PatientPosition": "HFS  ",
    "PercentPhaseFOV": 93.75,
    "PhaseEncodingSteps": 239,
    "PixelBandwidth": 238,
    "ProtocolName": "MPRAGE ADNI_iPAT2  ",
    "PulseSequenceType": "*tfl3d1_ns ",
    "ReceiveCoilName": "HeadMatrixix\\\\ ",
    "RepetitionTime": 2.3,
    "SAR": 0.08705075662464,
    "ScanningSequence": "GR\\\\IR  ",
    "SequenceName": "*tfl3d1_ns ",
    "SequenceVariant": "SP\\\\MP  ",
    "SeriesDescription": "MPRAGE ADNI_iPAT2  ",
    "SeriesNumber": 5,
    "SliceOrder": "interleaved ",
    "SliceThickness": 1,
    "SliceTiming": null,
    "SoftwareVersions": "syngo MR B17 ",
    "dataset": "<unset>",
    "modality": "T1w",
    "run_id": 1,
    "session_id": "NAPFU36",
    "subject_id": "4715777"
  },
  "cjv": 0.5552720929636665,
  "cnr": 2.441889832201753,
  "efc": 0.6635553833607432,
  "fber": 81.85488891601562,
  "fwhm_avg": 2.8424066666666667,
  "fwhm_x": 2.91884,
  "fwhm_y": 2.86842,
  "fwhm_z": 2.73996,
  "icvs_csf": 0.2151732682083576,
  "icvs_gm": 0.3997984351721453,
  "icvs_wm": 0.38502829661949706,
  "inu_med": 1.3519502878189087,
  "inu_range": 0.4127058267593384,
  "provenance": {
    "md5sum": "b588db89609c29640ce60aaa47114c8e",
    "settings": {
      "testing": false
    },
    "software": "mriqc",
    "version": "0.16.1",
    "warnings": {
      "large_rot_frame": true,
      "small_air_mask": false
    },
    "webapi_port": null,
    "webapi_url": "https://mriqc.nimh.nih.gov/api/v1"
  },
  "qi_1": 0.0,
  "qi_2": 0.004055140215670725,
  "rpve_csf": 26.33206344536785,
  "rpve_gm": 14.151521942654972,
  "rpve_wm": 17.61763808511476,
  "size_x": 176,
  "size_y": 240,
  "size_z": 256,
  "snr_csf": 1.2899316539261971,
  "snr_gm": 8.728766161586462,
  "snr_total": 7.7495302528181504,
  "snr_wm": 13.229892942941792,
  "snrd_csf": 10.144657007752292,
  "snrd_gm": 19.591887865555726,
  "snrd_total": 18.991494642004948,
  "snrd_wm": 27.23793905270683,
  "spacing_x": 1.0,
  "spacing_y": 1.0,
  "spacing_z": 1.0,
  "summary_bg_k": 245.72346146771767,
  "summary_bg_mad": 24.052832036600527,
  "summary_bg_mean": 79.47061157226562,
  "summary_bg_median": 77.07330322265625,
  "summary_bg_n": 2943492.0,
  "summary_bg_p05": 42.574642181396484,
  "summary_bg_p95": 123.80069808959941,
  "summary_bg_stdv": 26.691936492919922,
  "summary_csf_k": 14.28169727839737,
  "summary_csf_mad": 142.55042968849557,
  "summary_csf_mean": 435.20892333984375,
  "summary_csf_median": 372.4533386230469,
  "summary_csf_n": 11014.0,
  "summary_csf_p05": 197.48507080078122,
  "summary_csf_p95": 746.0092926025391,
  "summary_csf_stdv": 288.7257080078125,
  "summary_gm_k": 0.009348115255544354,
  "summary_gm_mad": 82.01905868579091,
  "summary_gm_mean": 718.7963256835938,
  "summary_gm_median": 719.3012084960938,
  "summary_gm_n": 7146.0,
  "summary_gm_p05": 583.7015380859375,
  "summary_gm_p95": 853.7925720214844,
  "summary_gm_stdv": 82.40006256103516,
  "summary_wm_k": 0.20546628075152107,
  "summary_wm_mad": 73.85633083421024,
  "summary_wm_mean": 1003.6917114257812,
  "summary_wm_median": 1000.0201416015625,
  "summary_wm_n": 187872.0,
  "summary_wm_p05": 885.6505554199218,
  "summary_wm_p95": 1134.1248718261718,
  "summary_wm_stdv": 75.58772277832031,
  "tpm_overlap_csf": 0.1396220177412033,
  "tpm_overlap_gm": 0.377707302570343,
  "tpm_overlap_wm": 0.47563886642456055,
  "wm2max": 0.47197103061492524
}