{
  "bids_meta": {
    "AcquisitionNumber": 1,
    "DeviceSerialNumber": "35442  ",
    "EchoNumber": 1,
    "EchoTime": 0.00298,
    "FlipAngle": 9,
    "ImageOrientationPatientDICOM": [
      "0.03739254068291",
      "0.9929262975573",
      "0.11269057423067",
      "0.00786366459708",
      "0.11247357620641",
      "-0.9936235994754 "
    ],
    "ImageType": [
      "ORIGINAL",
      "PRIMARY",
      "M",
      "ND",
      "NORM "
    ],
    "ImagingFrequency": 123.251323,
    "InPlanePhaseEncodingDirectionDICOM": "ROW  ",
    "IntendedFor": [
      "ses-PREFU48/func/sub-4365974_ses-PREFU48_task-encoding_run-001_bold.nii.gz",
      "ses-PREFU48/fmap/sub-4365974_ses-PREFU48_run-004_phasediff.nii.gz",
      "ses-PREFU48/func/sub-4365974_ses-PREFU48_task-retrieval_run-001_bold.nii.gz",
      "ses-PREFU48/anat/sub-4365974_ses-PREFU48_run-001_T1w.nii.gz",
      "ses-PREFU48/fmap/sub-4365974_ses-PREFU48_run-005_phasediff.nii.gz",
      "ses-PREFU48/asl/sub-4365974_ses-PREFU48_run-001_asl.nii.gz",
      "ses-PREFU48/dwi/sub-4365974_ses-PREFU48_run-001_dwi.nii.gz",
      "ses-PREFU48/fmap/sub-4365974_ses-PREFU48_run-001_phasediff.nii.gz",
      "ses-PREFU48/fmap/sub-4365974_ses-PREFU48_run-003_phasediff.nii.gz",
      "ses-PREFU48/fmap/sub-4365974_ses-PREFU48_run-002_phasediff.nii.gz",
      "ses-PREFU48/anat/sub-4365974_ses-PREFU48_run-001_FLAIR.nii.gz",
      "ses-PREFU48/anat/sub-4365974_ses-PREFU48_run-001_T2star.nii.gz",
      "ses-PREFU48/func/sub-4365974_ses-PREFU48_task-rest_run-002_bold.nii.gz",
      "ses-PREFU48/func/sub-4365974_ses-PREFU48_task-rest_run-001_bold.nii.gz"
    ],
    "InversionTime": 0.9,
    "MRAcquisitionType": "3D ",
    "MagneticFieldStrength": 3,
    "Manufacturer": "SIEMENS  ",
    "ManufacturerModelName": "TrioTim  ",
    "Modality": "MRI__ ",
    "PatientPosition": "HFS  ",
    "PercentPhaseFOV": 93.75,
    "PhaseEncodingSteps": 239,
    "PixelBandwidth": 238,
    "ProtocolName": "MPRAGE ADNI_iPAT2  ",
    "PulseSequenceType": "*tfl3d1_ns ",
    "ReceiveCoilName": "HeadMatrixix\\\\ ",
    "RepetitionTime": 2.3,
    "SAR": 0.07200870229128,
    "ScanningSequence": "GR\\\\IR  ",
    "SequenceName": "*tfl3d1_ns ",
    "SequenceVariant": "SP\\\\MP  ",
    "SeriesDescription": "MPRAGE ADNI_iPAT2  ",
    "SeriesNumber": 17,
    "SliceOrder": "interleaved ",
    "SliceThickness": 1,
    "SliceTiming": null,
    "SoftwareVersions": "syngo MR B17 ",
    "dataset": "<unset>",
    "modality": "T1w",
    "run_id": 2,
    "session_id": "PREFU48",
    "subject_id": "4365974"
  },
  "cjv": 0.41756879961874827,
  "cnr": 3.220703880556531,
  "efc": 0.5875556389561735,
  "fber": 112.98477935791016,
  "fwhm_avg": 3.2015466666666668,
  "fwhm_x": 3.23865,
  "fwhm_y": 3.31459,
  "fwhm_z": 3.0514,
  "icvs_csf": 0.19803425345564557,
  "icvs_gm": 0.41686121603721615,
  "icvs_wm": 0.3851045305071383,
  "inu_med": 1.402012825012207,
  "inu_range": 0.3855590224266052,
  "provenance": {
    "md5sum": "121777cc571e44228e6960e49243f01d",
    "settings": {
      "testing": false
    },
    "software": "mriqc",
    "version": "0.16.1",
    "warnings": {
      "large_rot_frame": true,
      "small_air_mask": false
    },
    "webapi_port": null,
    "webapi_url": "https://mriqc.nimh.nih.gov/api/v1"
  },
  "qi_1": 1.5793226732032745e-05,
  "qi_2": 0.0047988611033110895,
  "rpve_csf": 30.47307382580784,
  "rpve_gm": 15.018555576024424,
  "rpve_wm": 19.231981840867714,
  "size_x": 176,
  "size_y": 240,
  "size_z": 256,
  "snr_csf": 3.1243603052613667,
  "snr_gm": 9.869395861574745,
  "snr_total": 9.666474857291362,
  "snr_wm": 16.005668405037976,
  "snrd_csf": 10.524542167426247,
  "snrd_gm": 23.429815449024037,
  "snrd_total": 22.619485012941226,
  "snrd_wm": 33.90409742237339,
  "spacing_x": 1.0,
  "spacing_y": 1.0,
  "spacing_z": 1.0,
  "summary_bg_k": 0.8657341807125754,
  "summary_bg_mad": 19.323214226360754,
  "summary_bg_mean": 63.63740158081055,
  "summary_bg_median": 61.90848922729492,
  "summary_bg_n": 3133913.0,
  "summary_bg_p05": 34.027626037597656,
  "summary_bg_p95": 98.53195190429688,
  "summary_bg_stdv": 19.88059425354004,
  "summary_csf_k": 0.11951573437157803,
  "summary_csf_mad": 99.40342709864925,
  "summary_csf_mean": 327.16424560546875,
  "summary_csf_median": 310.42083740234375,
  "summary_csf_n": 14426.0,
  "summary_csf_p05": 189.29721450805664,
  "summary_csf_p95": 505.8229446411133,
  "summary_csf_stdv": 99.3515625,
  "summary_gm_k": 0.046419065164190254,
  "summary_gm_mad": 68.84372548809267,
  "summary_gm_mean": 690.0021362304688,
  "summary_gm_median": 691.0612182617188,
  "summary_gm_n": 11395.0,
  "summary_gm_p05": 571.0617797851562,
  "summary_gm_p95": 804.3176879882812,
  "summary_gm_stdv": 70.01754760742188,
  "summary_wm_k": 0.3061681510290466,
  "summary_wm_mad": 60.1593178397783,
  "summary_wm_mean": 1000.2275390625,
  "summary_wm_median": 999.9996337890625,
  "summary_wm_n": 168462.0,
  "summary_wm_p05": 898.4649139404296,
  "summary_wm_p95": 1103.3948364257812,
  "summary_wm_stdv": 62.477657318115234,
  "tpm_overlap_csf": 0.15727345645427704,
  "tpm_overlap_gm": 0.41966167092323303,
  "tpm_overlap_wm": 0.4798501431941986,
  "wm2max": 0.479925526254387
}