{
  "bids_meta": {
    "AcquisitionNumber": 1,
    "DeviceSerialNumber": "35442  ",
    "EchoNumber": 1,
    "EchoTime": 0.00298,
    "FlipAngle": 9,
    "ImageOrientationPatientDICOM": [
      "-0.0087852007878",
      "0.98864943918444",
      "-0.1499836879377",
      "0.04556381685537",
      "-0.1494379151818",
      "-0.9877207338614  "
    ],
    "ImageType": [
      "ORIGINAL",
      "PRIMARY",
      "M",
      "ND",
      "NORM "
    ],
    "ImagingFrequency": 123.247269,
    "InPlanePhaseEncodingDirectionDICOM": "ROW  ",
    "IntendedFor": [
      "ses-NAPFU24/fmap/sub-9931234_ses-NAPFU24_run-004_phasediff.nii.gz",
      "ses-NAPFU24/anat/sub-9931234_ses-NAPFU24_run-001_FLAIR.nii.gz",
      "ses-NAPFU24/func/sub-9931234_ses-NAPFU24_task-rest_run-001_bold.nii.gz",
      "ses-NAPFU24/fmap/sub-9931234_ses-NAPFU24_run-002_phasediff.nii.gz",
      "ses-NAPFU24/anat/sub-9931234_ses-NAPFU24_run-001_T1w.nii.gz",
      "ses-NAPFU24/fmap/sub-9931234_ses-NAPFU24_run-001_phasediff.nii.gz",
      "ses-NAPFU24/func/sub-9931234_ses-NAPFU24_task-encoding_run-001_bold.nii.gz",
      "ses-NAPFU24/dwi/sub-9931234_ses-NAPFU24_run-001_dwi.nii.gz",
      "ses-NAPFU24/func/sub-9931234_ses-NAPFU24_task-rest_run-002_bold.nii.gz",
      "ses-NAPFU24/anat/sub-9931234_ses-NAPFU24_run-001_T2star.nii.gz",
      "ses-NAPFU24/asl/sub-9931234_ses-NAPFU24_run-001_asl.nii.gz",
      "ses-NAPFU24/fmap/sub-9931234_ses-NAPFU24_run-005_phasediff.nii.gz",
      "ses-NAPFU24/func/sub-9931234_ses-NAPFU24_task-retrieval_run-001_bold.nii.gz",
      "ses-NAPFU24/fmap/sub-9931234_ses-NAPFU24_run-003_phasediff.nii.gz"
    ],
    "InversionTime": 0.9,
    "MRAcquisitionType": "3D ",
    "MagneticFieldStrength": 3,
    "Manufacturer": "SIEMENS  ",
    "ManufacturerModelName": "TrioTim  ",
    "Modality": "MRI__ ",
    "PatientPosition": "HFS  ",
    "PercentPhaseFOV": 93.75,
    "PhaseEncodingSteps": 239,
    "PixelBandwidth": 238,
    "ProtocolName": "MPRAGE ADNI_iPAT2  ",
    "PulseSequenceType": "*tfl3d1_ns ",
    "ReceiveCoilName": "HeadMatrixix\\\\ ",
    "RepetitionTime": 2.3,
    "SAR": 0.08179915861537,
    "ScanningSequence": "GR\\\\IR  ",
    "SequenceName": "*tfl3d1_ns ",
    "SequenceVariant": "SP\\\\MP  ",
    "SeriesDescription": "MPRAGE ADNI_iPAT2  ",
    "SeriesNumber": 17,
    "SliceOrder": "interleaved ",
    "SliceThickness": 1,
    "SliceTiming": null,
    "SoftwareVersions": "syngo MR B17 ",
    "dataset": "<unset>",
    "modality": "T1w",
    "run_id": 2,
    "session_id": "NAPFU24",
    "subject_id": "9931234"
  },
  "cjv": 0.45701281344656136,
  "cnr": 2.862591162459706,
  "efc": 0.6572147198023969,
  "fber": 84.5422134399414,
  "fwhm_avg": 3.3188833333333334,
  "fwhm_x": 3.33508,
  "fwhm_y": 3.47007,
  "fwhm_z": 3.1515,
  "icvs_csf": 0.22425564712154336,
  "icvs_gm": 0.38932763275260546,
  "icvs_wm": 0.38641672012585115,
  "inu_med": 1.3650873899459839,
  "inu_range": 0.4840507149696349,
  "provenance": {
    "md5sum": "43f0c2c3a552009100bb3ad8594c9b65",
    "settings": {
      "testing": false
    },
    "software": "mriqc",
    "version": "0.16.1",
    "warnings": {
      "large_rot_frame": true,
      "small_air_mask": false
    },
    "webapi_port": null,
    "webapi_url": "https://mriqc.nimh.nih.gov/api/v1"
  },
  "qi_1": 6.302573102959936e-05,
  "qi_2": 0.004164038249057745,
  "rpve_csf": 24.052304374241945,
  "rpve_gm": 13.807965993249422,
  "rpve_wm": 17.2496427527785,
  "size_x": 176,
  "size_y": 240,
  "size_z": 256,
  "snr_csf": 3.463136541397088,
  "snr_gm": 8.82018116199725,
  "snr_total": 9.658674098015497,
  "snr_wm": 16.692704590652156,
  "snrd_csf": 12.805344784741692,
  "snrd_gm": 21.656574670085487,
  "snrd_total": 21.80772579346602,
  "snrd_wm": 30.961257925570873,
  "spacing_x": 1.0,
  "spacing_y": 1.0,
  "spacing_z": 1.0,
  "summary_bg_k": 737.4679176658038,
  "summary_bg_mad": 21.16011360473717,
  "summary_bg_mean": 71.69595336914062,
  "summary_bg_median": 69.33989715576172,
  "summary_bg_n": 2684916.0,
  "summary_bg_p05": 38.52549171447754,
  "summary_bg_p95": 109.05782890319824,
  "summary_bg_stdv": 33.828224182128906,
  "summary_csf_k": 0.010979493156403564,
  "summary_csf_mad": 116.53304112334547,
  "summary_csf_mean": 405.9692077636719,
  "summary_csf_median": 413.59716796875,
  "summary_csf_n": 18678.0,
  "summary_csf_p05": 199.6612106323242,
  "summary_csf_p95": 592.5128112792968,
  "summary_csf_stdv": 119.42529296875,
  "summary_gm_k": 0.005854129348920267,
  "summary_gm_mad": 78.83197066480902,
  "summary_gm_mean": 697.6871948242188,
  "summary_gm_median": 699.481201171875,
  "summary_gm_n": 12602.0,
  "summary_gm_p05": 563.1608032226562,
  "summary_gm_p95": 824.9872863769531,
  "summary_gm_stdv": 79.30148315429688,
  "summary_wm_k": 0.2076810737917576,
  "summary_wm_mad": 58.514103549333335,
  "summary_wm_mean": 999.5499877929688,
  "summary_wm_median": 1000.01123046875,
  "summary_wm_n": 216757.0,
  "summary_wm_p05": 899.9828491210938,
  "summary_wm_p95": 1096.985986328125,
  "summary_wm_stdv": 59.906944274902344,
  "tpm_overlap_csf": 0.1453169882297516,
  "tpm_overlap_gm": 0.40889620780944824,
  "tpm_overlap_wm": 0.484729528427124,
  "wm2max": 0.48160625839711163
}