{
  "bids_meta": {
    "AcquisitionNumber": 1,
    "DeviceSerialNumber": "35442  ",
    "EchoNumber": 1,
    "EchoTime": 0.00298,
    "FlipAngle": 9,
    "ImageOrientationPatientDICOM": [
      "0.03696225544422",
      "0.99436903495111",
      "0.09931774263884",
      "-0.0027485361761",
      "0.09948643892036",
      "-0.9950351220032  "
    ],
    "ImageType": [
      "ORIGINAL",
      "PRIMARY",
      "M",
      "ND",
      "NORM "
    ],
    "ImagingFrequency": 123.251492,
    "InPlanePhaseEncodingDirectionDICOM": "ROW  ",
    "IntendedFor": [
      "ses-PREFU12/func/sub-8036701_ses-PREFU12_task-rest_run-001_bold.nii.gz",
      "ses-PREFU12/func/sub-8036701_ses-PREFU12_task-retrieval_run-001_bold.nii.gz",
      "ses-PREFU12/fmap/sub-8036701_ses-PREFU12_run-001_phasediff.nii.gz",
      "ses-PREFU12/func/sub-8036701_ses-PREFU12_task-rest_run-002_bold.nii.gz",
      "ses-PREFU12/func/sub-8036701_ses-PREFU12_task-encoding_run-001_bold.nii.gz",
      "ses-PREFU12/anat/sub-8036701_ses-PREFU12_run-001_T2star.nii.gz",
      "ses-PREFU12/fmap/sub-8036701_ses-PREFU12_run-003_phasediff.nii.gz",
      "ses-PREFU12/fmap/sub-8036701_ses-PREFU12_run-002_phasediff.nii.gz",
      "ses-PREFU12/asl/sub-8036701_ses-PREFU12_run-001_asl.nii.gz"
    ],
    "InversionTime": 0.9,
    "MRAcquisitionType": "3D ",
    "MagneticFieldStrength": 3,
    "Manufacturer": "SIEMENS  ",
    "ManufacturerModelName": "TrioTim  ",
    "Modality": "MRI__ ",
    "PatientPosition": "HFS  ",
    "PercentPhaseFOV": 93.75,
    "PhaseEncodingSteps": 239,
    "PixelBandwidth": 238,
    "ProtocolName": "MPRAGE ADNI_iPAT2  ",
    "PulseSequenceType": "*tfl3d1_ns ",
    "ReceiveCoilName": "HeadMatrixix\\\\ ",
    "RepetitionTime": 2.3,
    "SAR": 0.07199521847114,
    "ScanningSequence": "GR\\\\IR  ",
    "SequenceName": "*tfl3d1_ns ",
    "SequenceVariant": "SP\\\\MP  ",
    "SeriesDescription": "MPRAGE ADNI_iPAT2  ",
    "SeriesNumber": 12,
    "SliceOrder": "interleaved ",
    "SliceThickness": 1,
    "SliceTiming": null,
    "SoftwareVersions": "syngo MR B17 ",
    "dataset": "<unset>",
    "modality": "T1w",
    "run_id": 1,
    "session_id": "PREFU12",
    "subject_id": "8036701"
  },
  "cjv": 0.4233049258888181,
  "cnr": 3.166171073860731,
  "efc": 0.6253724399096046,
  "fber": 96.46736145019531,
  "fwhm_avg": 3.3601466666666666,
  "fwhm_x": 3.36393,
  "fwhm_y": 3.53119,
  "fwhm_z": 3.18532,
  "icvs_csf": 0.21475712056875562,
  "icvs_gm": 0.3984103752399869,
  "icvs_wm": 0.3868325041912575,
  "inu_med": 1.2718000411987305,
  "inu_range": 0.41709582805633527,
  "provenance": {
    "md5sum": "aa5a3bf8cbf5d86311f91615f41a9f71",
    "settings": {
      "testing": false
    },
    "software": "mriqc",
    "version": "0.16.1",
    "warnings": {
      "large_rot_frame": true,
      "small_air_mask": false
    },
    "webapi_port": null,
    "webapi_url": "https://mriqc.nimh.nih.gov/api/v1"
  },
  "qi_1": 0.00012387147539431802,
  "qi_2": 0.00514023424046473,
  "rpve_csf": 22.89503082116465,
  "rpve_gm": 12.44288773704231,
  "rpve_wm": 15.71196984115365,
  "size_x": 176,
  "size_y": 240,
  "size_z": 256,
  "snr_csf": 2.8541865781565594,
  "snr_gm": 9.12700023946267,
  "snr_total": 9.910707797769776,
  "snr_wm": 17.750936575690094,
  "snrd_csf": 10.743021989416416,
  "snrd_gm": 22.824716045524408,
  "snrd_total": 22.1613264468738,
  "snrd_wm": 32.91624130568058,
  "spacing_x": 1.0,
  "spacing_y": 1.0,
  "spacing_z": 1.0,
  "summary_bg_k": 24.62002168858708,
  "summary_bg_mad": 19.9031757913657,
  "summary_bg_mean": 66.8525161743164,
  "summary_bg_median": 65.17120361328125,
  "summary_bg_n": 2487223.0,
  "summary_bg_p05": 36.33278923034668,
  "summary_bg_p95": 102.90872268676756,
  "summary_bg_stdv": 20.759828567504883,
  "summary_csf_k": -0.044819174654588956,
  "summary_csf_mad": 117.32270959623298,
  "summary_csf_mean": 344.17462158203125,
  "summary_csf_median": 326.37518310546875,
  "summary_csf_n": 18978.0,
  "summary_csf_p05": 183.6975570678711,
  "summary_csf_p95": 548.4068878173828,
  "summary_csf_stdv": 114.34661865234375,
  "summary_gm_k": -0.01841635656017182,
  "summary_gm_mad": 75.01447808113063,
  "summary_gm_mean": 690.9046020507812,
  "summary_gm_median": 693.4194946289062,
  "summary_gm_n": 10488.0,
  "summary_gm_p05": 559.9873138427735,
  "summary_gm_p95": 812.1449890136719,
  "summary_gm_stdv": 75.97090148925781,
  "summary_wm_k": 0.23625962913638565,
  "summary_wm_mad": 54.76343846433454,
  "summary_wm_mean": 1000.0357055664062,
  "summary_wm_median": 1000.0020751953125,
  "summary_wm_n": 220568.0,
  "summary_wm_p05": 907.4983367919922,
  "summary_wm_p95": 1092.4032287597656,
  "summary_wm_stdv": 56.335044860839844,
  "tpm_overlap_csf": 0.17682506144046783,
  "tpm_overlap_gm": 0.4276605546474457,
  "tpm_overlap_wm": 0.5096603631973267,
  "wm2max": 0.4988845573891068
}