{
  "bids_meta": {
    "AcquisitionNumber": 1,
    "DeviceSerialNumber": "35442  ",
    "EchoNumber": 1,
    "EchoTime": 0.00298,
    "FlipAngle": 9,
    "ImageOrientationPatientDICOM": [
      "-0.0414967698183",
      "0.99889426940036",
      "0.02209653035573",
      "-0.006175658884",
      "0.021858729318",
      "-0.9997419953118 "
    ],
    "ImageType": [
      "ORIGINAL",
      "PRIMARY",
      "M",
      "ND",
      "NORM "
    ],
    "ImagingFrequency": 123.251219,
    "InPlanePhaseEncodingDirectionDICOM": "ROW  ",
    "IntendedFor": [
      "ses-PREFU12/fmap/sub-5710981_ses-PREFU12_run-001_phasediff.nii.gz",
      "ses-PREFU12/func/sub-5710981_ses-PREFU12_task-retrieval_run-001_bold.nii.gz",
      "ses-PREFU12/anat/sub-5710981_ses-PREFU12_run-001_T2star.nii.gz",
      "ses-PREFU12/func/sub-5710981_ses-PREFU12_task-encoding_run-001_bold.nii.gz",
      "ses-PREFU12/asl/sub-5710981_ses-PREFU12_run-001_asl.nii.gz",
      "ses-PREFU12/fmap/sub-5710981_ses-PREFU12_run-003_phasediff.nii.gz",
      "ses-PREFU12/func/sub-5710981_ses-PREFU12_task-rest_run-001_bold.nii.gz",
      "ses-PREFU12/func/sub-5710981_ses-PREFU12_task-rest_run-002_bold.nii.gz",
      "ses-PREFU12/fmap/sub-5710981_ses-PREFU12_run-002_phasediff.nii.gz"
    ],
    "InversionTime": 0.9,
    "MRAcquisitionType": "3D ",
    "MagneticFieldStrength": 3,
    "Manufacturer": "SIEMENS  ",
    "ManufacturerModelName": "TrioTim  ",
    "Modality": "MRI__ ",
    "PatientPosition": "HFS  ",
    "PercentPhaseFOV": 93.75,
    "PhaseEncodingSteps": 239,
    "PixelBandwidth": 238,
    "ProtocolName": "MPRAGE ADNI_iPAT2  ",
    "PulseSequenceType": "*tfl3d1_ns ",
    "ReceiveCoilName": "HeadMatrixix\\\\ ",
    "RepetitionTime": 2.3,
    "SAR": 0.08258042506795,
    "ScanningSequence": "GR\\\\IR  ",
    "SequenceName": "*tfl3d1_ns ",
    "SequenceVariant": "SP\\\\MP  ",
    "SeriesDescription": "MPRAGE ADNI_iPAT2  ",
    "SeriesNumber": 12,
    "SliceOrder": "interleaved ",
    "SliceThickness": 1,
    "SliceTiming": null,
    "SoftwareVersions": "syngo MR B17 ",
    "dataset": "<unset>",
    "modality": "T1w",
    "run_id": 1,
    "session_id": "PREFU12",
    "subject_id": "5710981"
  },
  "cjv": 0.40618021682993327,
  "cnr": 3.3843861113525593,
  "efc": 0.6093855892752645,
  "fber": 158.85411071777344,
  "fwhm_avg": 3.1000900000000002,
  "fwhm_x": 3.12486,
  "fwhm_y": 3.18571,
  "fwhm_z": 2.9897,
  "icvs_csf": 0.23611605179519832,
  "icvs_gm": 0.40705713544780786,
  "icvs_wm": 0.3568268127569938,
  "inu_med": 1.3869047164916992,
  "inu_range": 0.2803982913494112,
  "provenance": {
    "md5sum": "faabdedb03598c9424c66585893b3034",
    "settings": {
      "testing": false
    },
    "software": "mriqc",
    "version": "0.16.1",
    "warnings": {
      "large_rot_frame": true,
      "small_air_mask": false
    },
    "webapi_port": null,
    "webapi_url": "https://mriqc.nimh.nih.gov/api/v1"
  },
  "qi_1": 7.778789660663265e-06,
  "qi_2": 0.004433190923904102,
  "rpve_csf": 24.719515732478797,
  "rpve_gm": 14.22812747558754,
  "rpve_wm": 19.08144556823047,
  "size_x": 176,
  "size_y": 240,
  "size_z": 256,
  "snr_csf": 2.07015199508288,
  "snr_gm": 7.659478952202327,
  "snr_total": 8.43906404480536,
  "snr_wm": 15.587561187130872,
  "snrd_csf": 12.81887727275017,
  "snrd_gm": 27.48268614263305,
  "snrd_total": 27.792658464538004,
  "snrd_wm": 43.07641197823078,
  "spacing_x": 1.0,
  "spacing_y": 1.0,
  "spacing_z": 1.0,
  "summary_bg_k": 1167.3996154174552,
  "summary_bg_mad": 15.208532697767314,
  "summary_bg_mean": 45.07784652709961,
  "summary_bg_median": 42.988651275634766,
  "summary_bg_n": 3251126.0,
  "summary_bg_p05": 21.553667545318604,
  "summary_bg_p95": 73.66560554504395,
  "summary_bg_stdv": 19.690168380737305,
  "summary_csf_k": 49.29849506017666,
  "summary_csf_mad": 97.90633503149628,
  "summary_csf_mean": 317.8437194824219,
  "summary_csf_median": 297.5812683105469,
  "summary_csf_n": 30299.0,
  "summary_csf_p05": 167.89580383300782,
  "summary_csf_p95": 493.3435516357422,
  "summary_csf_stdv": 143.7461395263672,
  "summary_gm_k": -0.19469938353459337,
  "summary_gm_mad": 85.19741433896971,
  "summary_gm_mean": 638.3291015625,
  "summary_gm_median": 637.9913330078125,
  "summary_gm_n": 12151.0,
  "summary_gm_p05": 502.1360168457031,
  "summary_gm_p95": 776.740966796875,
  "summary_gm_stdv": 83.29092407226562,
  "summary_wm_k": 0.3160848238732914,
  "summary_wm_mad": 61.83878292000015,
  "summary_wm_mean": 1000.966552734375,
  "summary_wm_median": 999.98876953125,
  "summary_wm_n": 163900.0,
  "summary_wm_p05": 897.3926300048829,
  "summary_wm_p95": 1108.2990844726562,
  "summary_wm_stdv": 64.15280151367188,
  "tpm_overlap_csf": 0.1502714306116104,
  "tpm_overlap_gm": 0.393947571516037,
  "tpm_overlap_wm": 0.4646742045879364,
  "wm2max": 0.5976489248195741
}