{
  "bids_meta": {
    "AcquisitionNumber": 1,
    "DeviceSerialNumber": "35442  ",
    "EchoNumber": 1,
    "EchoTime": 0.00298,
    "FlipAngle": 9,
    "ImageOrientationPatientDICOM": [
      "-0.0014375442098",
      "0.99377237201298",
      "0.11141995373514",
      "0.02965727740771",
      "0.11141342622036",
      "-0.9933315128166  "
    ],
    "ImageType": [
      "ORIGINAL",
      "PRIMARY",
      "M",
      "ND",
      "NORM "
    ],
    "ImagingFrequency": 123.247382,
    "InPlanePhaseEncodingDirectionDICOM": "ROW  ",
    "IntendedFor": [
      "ses-NAPBL00/func/sub-7243782_ses-NAPBL00_task-rest_run-002_bold.nii.gz",
      "ses-NAPBL00/func/sub-7243782_ses-NAPBL00_task-rest_run-001_bold.nii.gz",
      "ses-NAPBL00/func/sub-7243782_ses-NAPBL00_task-encoding_run-001_bold.nii.gz",
      "ses-NAPBL00/fmap/sub-7243782_ses-NAPBL00_run-001_phasediff.nii.gz",
      "ses-NAPBL00/fmap/sub-7243782_ses-NAPBL00_run-003_phasediff.nii.gz",
      "ses-NAPBL00/func/sub-7243782_ses-NAPBL00_task-retrieval_run-001_bold.nii.gz",
      "ses-NAPBL00/asl/sub-7243782_ses-NAPBL00_run-001_asl.nii.gz",
      "ses-NAPBL00/anat/sub-7243782_ses-NAPBL00_run-001_T2star.nii.gz",
      "ses-NAPBL00/fmap/sub-7243782_ses-NAPBL00_run-002_phasediff.nii.gz"
    ],
    "InversionTime": 0.9,
    "MRAcquisitionType": "3D ",
    "MagneticFieldStrength": 3,
    "Manufacturer": "SIEMENS  ",
    "ManufacturerModelName": "TrioTim  ",
    "Modality": "MRI__ ",
    "PatientPosition": "HFS  ",
    "PercentPhaseFOV": 93.75,
    "PhaseEncodingSteps": 239,
    "PixelBandwidth": 238,
    "ProtocolName": "MPRAGE ADNI_iPAT2  ",
    "PulseSequenceType": "*tfl3d1_ns ",
    "ReceiveCoilName": "HeadMatrixix\\\\ ",
    "RepetitionTime": 2.3,
    "SAR": 0.08107686307177,
    "ScanningSequence": "GR\\\\IR  ",
    "SequenceName": "*tfl3d1_ns ",
    "SequenceVariant": "SP\\\\MP  ",
    "SeriesDescription": "MPRAGE ADNI_iPAT2  ",
    "SeriesNumber": 12,
    "SliceOrder": "interleaved ",
    "SliceThickness": 1,
    "SliceTiming": null,
    "SoftwareVersions": "syngo MR B17 ",
    "dataset": "<unset>",
    "modality": "T1w",
    "run_id": 1,
    "session_id": "NAPBL00",
    "subject_id": "7243782"
  },
  "cjv": 0.4841212473240202,
  "cnr": 2.762894730200411,
  "efc": 0.6380371219373281,
  "fber": 68.65106964111328,
  "fwhm_avg": 3.148023333333333,
  "fwhm_x": 3.17042,
  "fwhm_y": 3.28239,
  "fwhm_z": 2.99126,
  "icvs_csf": 0.2241443167148934,
  "icvs_gm": 0.3802692279320488,
  "icvs_wm": 0.3955864553530578,
  "inu_med": 1.3687279224395752,
  "inu_range": 0.4613381147384643,
  "provenance": {
    "md5sum": "0f9bedfeb6eed3a5e4cdf8402af41ba9",
    "settings": {
      "testing": false
    },
    "software": "mriqc",
    "version": "0.16.1",
    "warnings": {
      "large_rot_frame": true,
      "small_air_mask": false
    },
    "webapi_port": null,
    "webapi_url": "https://mriqc.nimh.nih.gov/api/v1"
  },
  "qi_1": 3.7893464419457916e-06,
  "qi_2": 0.0035533578673588354,
  "rpve_csf": 25.43737101616163,
  "rpve_gm": 14.419024902100777,
  "rpve_wm": 17.166451379807583,
  "size_x": 176,
  "size_y": 240,
  "size_z": 256,
  "snr_csf": 3.159012102466956,
  "snr_gm": 8.491320989322041,
  "snr_total": 8.894536118610013,
  "snr_wm": 15.033275264041041,
  "snrd_csf": 10.015726648890487,
  "snrd_gm": 19.808196099866876,
  "snrd_total": 19.422971125473993,
  "snrd_wm": 28.444990627664616,
  "spacing_x": 1.0,
  "spacing_y": 1.0,
  "spacing_z": 1.0,
  "summary_bg_k": 1657.8495863891724,
  "summary_bg_mad": 23.0321121246848,
  "summary_bg_mean": 77.41082763671875,
  "summary_bg_median": 75.36505126953125,
  "summary_bg_n": 2942335.0,
  "summary_bg_p05": 41.986789321899415,
  "summary_bg_p95": 118.72602233886715,
  "summary_bg_stdv": 30.46700668334961,
  "summary_csf_k": -0.1505592738747521,
  "summary_csf_mad": 118.02695469910896,
  "summary_csf_mean": 361.392333984375,
  "summary_csf_median": 352.114990234375,
  "summary_csf_n": 12459.0,
  "summary_csf_p05": 194.30277099609378,
  "summary_csf_p95": 552.1815795898438,
  "summary_csf_stdv": 111.45916748046875,
  "summary_gm_k": -0.22752568124754147,
  "summary_gm_mad": 82.62801691512645,
  "summary_gm_mean": 696.1179809570312,
  "summary_gm_median": 696.381103515625,
  "summary_gm_n": 4953.0,
  "summary_gm_p05": 555.4483276367187,
  "summary_gm_p95": 832.085791015625,
  "summary_gm_stdv": 82.00264739990234,
  "summary_wm_k": 0.3310942814177871,
  "summary_wm_mad": 64.36908829316016,
  "summary_wm_mean": 1001.4015502929688,
  "summary_wm_median": 1000.01806640625,
  "summary_wm_n": 177864.0,
  "summary_wm_p05": 894.4939544677734,
  "summary_wm_p95": 1112.8983642578125,
  "summary_wm_stdv": 66.5201187133789,
  "tpm_overlap_csf": 0.15106946229934692,
  "tpm_overlap_gm": 0.3889101445674896,
  "tpm_overlap_wm": 0.46543145179748535,
  "wm2max": 0.5116421427014477
}