{
  "bids_meta": {
    "AcquisitionNumber": 1,
    "DeviceSerialNumber": "35442  ",
    "EchoNumber": 1,
    "EchoTime": 0.00298,
    "FlipAngle": 9,
    "ImageOrientationPatientDICOM": [
      "0.01202325319184",
      "0.999927718079",
      "3.15169579e-008",
      "0.07374487475488",
      "-0.000886685961",
      "-0.9972767455603  "
    ],
    "ImageType": [
      "ORIGINAL",
      "PRIMARY",
      "M",
      "ND",
      "NORM "
    ],
    "ImagingFrequency": 123.247325,
    "InPlanePhaseEncodingDirectionDICOM": "ROW  ",
    "IntendedFor": [
      "ses-PREFU12/fmap/sub-6008569_ses-PREFU12_run-002_phasediff.nii.gz",
      "ses-PREFU12/func/sub-6008569_ses-PREFU12_task-rest_run-001_bold.nii.gz",
      "ses-PREFU12/func/sub-6008569_ses-PREFU12_task-encoding_run-001_bold.nii.gz",
      "ses-PREFU12/anat/sub-6008569_ses-PREFU12_run-001_T2star.nii.gz",
      "ses-PREFU12/func/sub-6008569_ses-PREFU12_task-retrieval_run-001_bold.nii.gz",
      "ses-PREFU12/fmap/sub-6008569_ses-PREFU12_run-001_phasediff.nii.gz",
      "ses-PREFU12/func/sub-6008569_ses-PREFU12_task-rest_run-002_bold.nii.gz",
      "ses-PREFU12/fmap/sub-6008569_ses-PREFU12_run-003_phasediff.nii.gz",
      "ses-PREFU12/asl/sub-6008569_ses-PREFU12_run-001_asl.nii.gz"
    ],
    "InversionTime": 0.9,
    "MRAcquisitionType": "3D ",
    "MagneticFieldStrength": 3,
    "Manufacturer": "SIEMENS  ",
    "ManufacturerModelName": "TrioTim  ",
    "Modality": "MRI__ ",
    "PatientPosition": "HFS  ",
    "PercentPhaseFOV": 93.75,
    "PhaseEncodingSteps": 239,
    "PixelBandwidth": 238,
    "ProtocolName": "MPRAGE ADNI_iPAT2  ",
    "PulseSequenceType": "*tfl3d1_ns ",
    "ReceiveCoilName": "HeadMatrixix\\\\ ",
    "RepetitionTime": 2.3,
    "SAR": 0.09120462472298,
    "ScanningSequence": "GR\\\\IR  ",
    "SequenceName": "*tfl3d1_ns ",
    "SequenceVariant": "SP\\\\MP  ",
    "SeriesDescription": "MPRAGE ADNI_iPAT2  ",
    "SeriesNumber": 12,
    "SliceOrder": "interleaved ",
    "SliceThickness": 1,
    "SliceTiming": null,
    "SoftwareVersions": "syngo MR B17 ",
    "dataset": "<unset>",
    "modality": "T1w",
    "run_id": 1,
    "session_id": "PREFU12",
    "subject_id": "6008569"
  },
  "cjv": 0.4008740907568272,
  "cnr": 3.3691851660061873,
  "efc": 0.6061059721397086,
  "fber": 137.3790740966797,
  "fwhm_avg": 3.2036533333333335,
  "fwhm_x": 3.28276,
  "fwhm_y": 3.32304,
  "fwhm_z": 3.00516,
  "icvs_csf": 0.21159835368544652,
  "icvs_gm": 0.41056395123800576,
  "icvs_wm": 0.3778376950765477,
  "inu_med": 1.3588871955871582,
  "inu_range": 0.3589082360267639,
  "provenance": {
    "md5sum": "250fe8c3a2188f57a7192eeab5396203",
    "settings": {
      "testing": false
    },
    "software": "mriqc",
    "version": "0.16.1",
    "warnings": {
      "large_rot_frame": false,
      "small_air_mask": false
    },
    "webapi_port": null,
    "webapi_url": "https://mriqc.nimh.nih.gov/api/v1"
  },
  "qi_1": 0.0,
  "qi_2": 0.005276446186307538,
  "rpve_csf": 28.515546647907513,
  "rpve_gm": 14.833204804879912,
  "rpve_wm": 19.313601245366726,
  "size_x": 176,
  "size_y": 240,
  "size_z": 256,
  "snr_csf": 2.984646545940105,
  "snr_gm": 8.00702461977998,
  "snr_total": 9.048445411820195,
  "snr_wm": 16.1536650697405,
  "snrd_csf": 11.556412028543651,
  "snrd_gm": 26.36180248805653,
  "snrd_total": 26.131803981492293,
  "snrd_wm": 40.477197427876696,
  "spacing_x": 1.0,
  "spacing_y": 1.0,
  "spacing_z": 1.0,
  "summary_bg_k": 0.8086508020545162,
  "summary_bg_mad": 16.185189217484943,
  "summary_bg_mean": 50.32169723510742,
  "summary_bg_median": 49.127376556396484,
  "summary_bg_n": 2955589.0,
  "summary_bg_p05": 25.628260421752927,
  "summary_bg_p95": 79.13180999755862,
  "summary_bg_stdv": 16.304201126098633,
  "summary_csf_k": 10.85786704514285,
  "summary_csf_mad": 82.1263355980247,
  "summary_csf_mean": 301.9542541503906,
  "summary_csf_median": 285.501953125,
  "summary_csf_n": 19081.0,
  "summary_csf_p05": 176.39244079589844,
  "summary_csf_p95": 480.0911865234375,
  "summary_csf_stdv": 95.65436553955078,
  "summary_gm_k": 0.0914337669435672,
  "summary_gm_mad": 80.0691164308185,
  "summary_gm_mean": 649.8941040039062,
  "summary_gm_median": 651.2701416015625,
  "summary_gm_n": 7717.0,
  "summary_gm_p05": 514.647607421875,
  "summary_gm_p95": 779.4853881835937,
  "summary_gm_stdv": 81.33207702636719,
  "summary_wm_k": 0.2935018107133569,
  "summary_wm_mad": 59.72441877592711,
  "summary_wm_mean": 1000.4246215820312,
  "summary_wm_median": 999.991943359375,
  "summary_wm_n": 165331.0,
  "summary_wm_p05": 899.3973999023438,
  "summary_wm_p95": 1103.0426635742188,
  "summary_wm_stdv": 61.90476989746094,
  "tpm_overlap_csf": 0.16198976337909698,
  "tpm_overlap_gm": 0.4138332009315491,
  "tpm_overlap_wm": 0.4838540852069855,
  "wm2max": 0.5749717442916639
}