{
  "bids_meta": {
    "AcquisitionNumber": 1,
    "DeviceSerialNumber": "35442  ",
    "EchoNumber": 1,
    "EchoTime": 0.00298,
    "FlipAngle": 9,
    "ImageOrientationPatientDICOM": [
      "0.03052563988588",
      "0.99947913023957",
      "0.01047155791229",
      "0.00691755566121",
      "0.01026493953093",
      "-0.9999233862852  "
    ],
    "ImageType": [
      "ORIGINAL",
      "PRIMARY",
      "M",
      "ND",
      "NORM "
    ],
    "ImagingFrequency": 123.25157,
    "InPlanePhaseEncodingDirectionDICOM": "ROW  ",
    "IntendedFor": [
      "ses-NAPFU24/anat/sub-1966913_ses-NAPFU24_run-001_FLAIR.nii.gz",
      "ses-NAPFU24/fmap/sub-1966913_ses-NAPFU24_run-005_phasediff.nii.gz",
      "ses-NAPFU24/fmap/sub-1966913_ses-NAPFU24_run-004_phasediff.nii.gz",
      "ses-NAPFU24/dwi/sub-1966913_ses-NAPFU24_run-001_dwi.nii.gz"
    ],
    "InversionTime": 0.9,
    "MRAcquisitionType": "3D ",
    "MagneticFieldStrength": 3,
    "Manufacturer": "SIEMENS  ",
    "ManufacturerModelName": "TrioTim  ",
    "Modality": "MRI__ ",
    "PatientPosition": "HFS  ",
    "PercentPhaseFOV": 93.75,
    "PhaseEncodingSteps": 239,
    "PixelBandwidth": 238,
    "ProtocolName": "MPRAGE ADNI_iPAT2  ",
    "PulseSequenceType": "*tfl3d1_ns ",
    "ReceiveCoilName": "HeadMatrixix\\\\ ",
    "RepetitionTime": 2.3,
    "SAR": 0.08284908080707,
    "ScanningSequence": "GR\\\\IR  ",
    "SequenceName": "*tfl3d1_ns ",
    "SequenceVariant": "SP\\\\MP  ",
    "SeriesDescription": "MPRAGE ADNI_iPAT2  ",
    "SeriesNumber": 20,
    "SliceOrder": "interleaved ",
    "SliceThickness": 1,
    "SliceTiming": null,
    "SoftwareVersions": "syngo MR B17 ",
    "dataset": "<unset>",
    "modality": "T1w",
    "run_id": 2,
    "session_id": "NAPFU24",
    "subject_id": "1966913"
  },
  "cjv": 0.46333830978586604,
  "cnr": 3.033714705158675,
  "efc": 0.6048397755854431,
  "fber": 185.86167907714844,
  "fwhm_avg": 3.1699800000000002,
  "fwhm_x": 3.25714,
  "fwhm_y": 3.28054,
  "fwhm_z": 2.97226,
  "icvs_csf": 0.20127647075483493,
  "icvs_gm": 0.4090488916477958,
  "icvs_wm": 0.3896746375973693,
  "inu_med": 1.3142834901809692,
  "inu_range": 0.2626097679138182,
  "provenance": {
    "md5sum": "6f85b949b476018d1aa2320a6c02c54c",
    "settings": {
      "testing": false
    },
    "software": "mriqc",
    "version": "0.16.1",
    "warnings": {
      "large_rot_frame": true,
      "small_air_mask": false
    },
    "webapi_port": null,
    "webapi_url": "https://mriqc.nimh.nih.gov/api/v1"
  },
  "qi_1": 0.0,
  "qi_2": 0.0059942181537133085,
  "rpve_csf": 31.797082412527107,
  "rpve_gm": 16.233465097243588,
  "rpve_wm": 20.563671275108486,
  "size_x": 176,
  "size_y": 240,
  "size_z": 256,
  "snr_csf": 3.0808862562209196,
  "snr_gm": 8.044297018773516,
  "snr_total": 8.544715168905515,
  "snr_wm": 14.50896223172211,
  "snrd_csf": 13.758824865534704,
  "snrd_gm": 31.43213039598001,
  "snrd_total": 30.725400108763058,
  "snrd_wm": 46.98524506477447,
  "spacing_x": 1.0,
  "spacing_y": 1.0,
  "spacing_z": 1.0,
  "summary_bg_k": 596.9441553193685,
  "summary_bg_mad": 13.943032186951626,
  "summary_bg_mean": 42.27777099609375,
  "summary_bg_median": 40.61344909667969,
  "summary_bg_n": 3183248.0,
  "summary_bg_p05": 21.922541427612305,
  "summary_bg_p95": 68.25873794555665,
  "summary_bg_stdv": 15.50190544128418,
  "summary_csf_k": 4.4865089289283615,
  "summary_csf_mad": 83.44384855735146,
  "summary_csf_mean": 308.70330810546875,
  "summary_csf_median": 292.8241271972656,
  "summary_csf_n": 21314.0,
  "summary_csf_p05": 182.65155639648438,
  "summary_csf_p95": 483.17629089355466,
  "summary_csf_stdv": 95.0431900024414,
  "summary_gm_k": -0.15214393062891096,
  "summary_gm_mad": 85.07190351883621,
  "summary_gm_mean": 666.568359375,
  "summary_gm_median": 668.958740234375,
  "summary_gm_n": 10500.0,
  "summary_gm_p05": 523.8818115234375,
  "summary_gm_p95": 799.3110778808593,
  "summary_gm_stdv": 83.1554183959961,
  "summary_wm_k": 0.04804618364485691,
  "summary_wm_mad": 68.29833708654645,
  "summary_wm_mean": 1001.3743896484375,
  "summary_wm_median": 999.9700927734375,
  "summary_wm_n": 171076.0,
  "summary_wm_p05": 890.455810546875,
  "summary_wm_p95": 1117.5679626464844,
  "summary_wm_stdv": 68.920654296875,
  "tpm_overlap_csf": 0.17466424405574799,
  "tpm_overlap_gm": 0.413198858499527,
  "tpm_overlap_wm": 0.4950074851512909,
  "wm2max": 0.5748431585073487
}