{
  "bids_meta": {
    "AcquisitionNumber": 1,
    "DeviceSerialNumber": "35442  ",
    "EchoNumber": 1,
    "EchoTime": 0.00298,
    "FlipAngle": 9,
    "ImageOrientationPatientDICOM": [
      "0.00044116898388",
      "0.99150054356804",
      "0.1301017965833",
      "-0.0081262802147",
      "0.13010106803528",
      "-0.9914674355045 "
    ],
    "ImageType": [
      "ORIGINAL",
      "PRIMARY",
      "M",
      "ND",
      "NORM "
    ],
    "ImagingFrequency": 123.251546,
    "InPlanePhaseEncodingDirectionDICOM": "ROW  ",
    "IntendedFor": [
      "ses-PREFU12/func/sub-2137252_ses-PREFU12_task-rest_run-001_bold.nii.gz",
      "ses-PREFU12/func/sub-2137252_ses-PREFU12_task-retrieval_run-001_bold.nii.gz",
      "ses-PREFU12/asl/sub-2137252_ses-PREFU12_run-001_asl.nii.gz",
      "ses-PREFU12/func/sub-2137252_ses-PREFU12_task-rest_run-002_bold.nii.gz",
      "ses-PREFU12/fmap/sub-2137252_ses-PREFU12_run-003_phasediff.nii.gz",
      "ses-PREFU12/anat/sub-2137252_ses-PREFU12_run-001_T2star.nii.gz",
      "ses-PREFU12/func/sub-2137252_ses-PREFU12_task-encoding_run-001_bold.nii.gz",
      "ses-PREFU12/fmap/sub-2137252_ses-PREFU12_run-002_phasediff.nii.gz",
      "ses-PREFU12/fmap/sub-2137252_ses-PREFU12_run-001_phasediff.nii.gz"
    ],
    "InversionTime": 0.9,
    "MRAcquisitionType": "3D ",
    "MagneticFieldStrength": 3,
    "Manufacturer": "SIEMENS  ",
    "ManufacturerModelName": "TrioTim  ",
    "Modality": "MRI__ ",
    "PatientPosition": "HFS  ",
    "PercentPhaseFOV": 93.75,
    "PhaseEncodingSteps": 239,
    "PixelBandwidth": 238,
    "ProtocolName": "MPRAGE ADNI_iPAT2  ",
    "PulseSequenceType": "*tfl3d1_ns ",
    "ReceiveCoilName": "HeadMatrixix\\\\ ",
    "RepetitionTime": 2.3,
    "SAR": 0.07895895615983,
    "ScanningSequence": "GR\\\\IR  ",
    "SequenceName": "*tfl3d1_ns ",
    "SequenceVariant": "SP\\\\MP  ",
    "SeriesDescription": "MPRAGE ADNI_iPAT2  ",
    "SeriesNumber": 12,
    "SliceOrder": "interleaved ",
    "SliceThickness": 1,
    "SliceTiming": null,
    "SoftwareVersions": "syngo MR B17 ",
    "dataset": "<unset>",
    "modality": "T1w",
    "run_id": 1,
    "session_id": "PREFU12",
    "subject_id": "2137252"
  },
  "cjv": 0.4375024587774011,
  "cnr": 3.0658356460722374,
  "efc": 0.6099217619204651,
  "fber": 113.73295593261719,
  "fwhm_avg": 3.3087033333333338,
  "fwhm_x": 3.3963,
  "fwhm_y": 3.40497,
  "fwhm_z": 3.12484,
  "icvs_csf": 0.18850576178759798,
  "icvs_gm": 0.4145368078510283,
  "icvs_wm": 0.3969574303613737,
  "inu_med": 1.2633922100067139,
  "inu_range": 0.3803176522254943,
  "provenance": {
    "md5sum": "98a9f3ea2d755a12ae6a8a7d55e8d201",
    "settings": {
      "testing": false
    },
    "software": "mriqc",
    "version": "0.16.1",
    "warnings": {
      "large_rot_frame": true,
      "small_air_mask": false
    },
    "webapi_port": null,
    "webapi_url": "https://mriqc.nimh.nih.gov/api/v1"
  },
  "qi_1": 0.0,
  "qi_2": 0.00549978666498139,
  "rpve_csf": 27.95387078717505,
  "rpve_gm": 13.613642889686092,
  "rpve_wm": 17.175617165515476,
  "size_x": 176,
  "size_y": 240,
  "size_z": 256,
  "snr_csf": 2.856492706376148,
  "snr_gm": 9.190013079527441,
  "snr_total": 10.386016912961738,
  "snr_wm": 19.111544952981628,
  "snrd_csf": 12.077994845989355,
  "snrd_gm": 25.246080142061146,
  "snrd_total": 24.318297649076314,
  "snrd_wm": 35.630817959178444,
  "spacing_x": 1.0,
  "spacing_y": 1.0,
  "spacing_z": 1.0,
  "summary_bg_k": 11.249373006807343,
  "summary_bg_mad": 18.386619706211242,
  "summary_bg_mean": 61.5078125,
  "summary_bg_median": 60.07328796386719,
  "summary_bg_n": 2886754.0,
  "summary_bg_p05": 33.40600738525391,
  "summary_bg_p95": 94.29451828002931,
  "summary_bg_stdv": 18.85536766052246,
  "summary_csf_k": 2.8863829764428104,
  "summary_csf_mad": 130.80459188697716,
  "summary_csf_mean": 348.2654113769531,
  "summary_csf_median": 338.9729309082031,
  "summary_csf_n": 12618.0,
  "summary_csf_p05": 180.19086151123048,
  "summary_csf_p95": 546.9069610595703,
  "summary_csf_stdv": 118.66282653808594,
  "summary_gm_k": -0.1140041965951557,
  "summary_gm_mad": 77.36543057360961,
  "summary_gm_mean": 707.8096923828125,
  "summary_gm_median": 708.5396118164062,
  "summary_gm_n": 17309.0,
  "summary_gm_p05": 578.4636596679687,
  "summary_gm_p95": 834.8171630859374,
  "summary_gm_stdv": 77.09664154052734,
  "summary_wm_k": 0.3655785672437304,
  "summary_wm_mad": 50.14514703222689,
  "summary_wm_mean": 999.3443603515625,
  "summary_wm_median": 999.99072265625,
  "summary_wm_n": 217189.0,
  "summary_wm_p05": 912.3427612304688,
  "summary_wm_p95": 1084.0736083984375,
  "summary_wm_stdv": 52.323787689208984,
  "tpm_overlap_csf": 0.17904600501060486,
  "tpm_overlap_gm": 0.432515025138855,
  "tpm_overlap_wm": 0.5136513113975525,
  "wm2max": 0.5328514015072292
}