{
  "bids_meta": {
    "AcquisitionNumber": 1,
    "DeviceSerialNumber": "35442  ",
    "EchoNumber": 1,
    "EchoTime": 0.00298,
    "FlipAngle": 9,
    "ImageOrientationPatientDICOM": [
      "-0.0129542052087",
      "0.99426210554728",
      "0.10618405737255",
      "0.03763714651543",
      "0.10660255769409",
      "-0.9935891202581  "
    ],
    "ImageType": [
      "ORIGINAL",
      "PRIMARY",
      "M",
      "ND",
      "NORM "
    ],
    "ImagingFrequency": 123.247092,
    "InPlanePhaseEncodingDirectionDICOM": "ROW  ",
    "IntendedFor": [
      "ses-NAPFU12/asl/sub-6445003_ses-NAPFU12_run-001_asl.nii.gz",
      "ses-NAPFU12/func/sub-6445003_ses-NAPFU12_task-rest_run-002_bold.nii.gz",
      "ses-NAPFU12/fmap/sub-6445003_ses-NAPFU12_run-003_phasediff.nii.gz",
      "ses-NAPFU12/func/sub-6445003_ses-NAPFU12_task-rest_run-001_bold.nii.gz",
      "ses-NAPFU12/func/sub-6445003_ses-NAPFU12_task-retrieval_run-001_bold.nii.gz",
      "ses-NAPFU12/fmap/sub-6445003_ses-NAPFU12_run-001_phasediff.nii.gz",
      "ses-NAPFU12/func/sub-6445003_ses-NAPFU12_task-encoding_run-001_bold.nii.gz",
      "ses-NAPFU12/fmap/sub-6445003_ses-NAPFU12_run-002_phasediff.nii.gz",
      "ses-NAPFU12/anat/sub-6445003_ses-NAPFU12_run-001_T2star.nii.gz"
    ],
    "InversionTime": 0.9,
    "MRAcquisitionType": "3D ",
    "MagneticFieldStrength": 3,
    "Manufacturer": "SIEMENS  ",
    "ManufacturerModelName": "TrioTim  ",
    "Modality": "MRI__ ",
    "PatientPosition": "HFS  ",
    "PercentPhaseFOV": 93.75,
    "PhaseEncodingSteps": 239,
    "PixelBandwidth": 238,
    "ProtocolName": "MPRAGE ADNI_iPAT2  ",
    "PulseSequenceType": "*tfl3d1_ns ",
    "ReceiveCoilName": "HeadMatrixix\\\\ ",
    "RepetitionTime": 2.3,
    "SAR": 0.07864250504037,
    "ScanningSequence": "GR\\\\IR  ",
    "SequenceName": "*tfl3d1_ns ",
    "SequenceVariant": "SP\\\\MP  ",
    "SeriesDescription": "MPRAGE ADNI_iPAT2  ",
    "SeriesNumber": 12,
    "SliceOrder": "interleaved ",
    "SliceThickness": 1,
    "SliceTiming": null,
    "SoftwareVersions": "syngo MR B17 ",
    "dataset": "<unset>",
    "modality": "T1w",
    "run_id": 1,
    "session_id": "NAPFU12",
    "subject_id": "6445003"
  },
  "cjv": 0.38166357994394523,
  "cnr": 3.5063324312560864,
  "efc": 0.5821467047310297,
  "fber": 145.63327026367188,
  "fwhm_avg": 3.44172,
  "fwhm_x": 3.44539,
  "fwhm_y": 3.66608,
  "fwhm_z": 3.21369,
  "icvs_csf": 0.23638068325888162,
  "icvs_gm": 0.4022590346592534,
  "icvs_wm": 0.36136028208186494,
  "inu_med": 1.3209078311920166,
  "inu_range": 0.3553461313247681,
  "provenance": {
    "md5sum": "196754eecb83e6d3df454d256aadae73",
    "settings": {
      "testing": false
    },
    "software": "mriqc",
    "version": "0.16.1",
    "warnings": {
      "large_rot_frame": true,
      "small_air_mask": false
    },
    "webapi_port": null,
    "webapi_url": "https://mriqc.nimh.nih.gov/api/v1"
  },
  "qi_1": 9.119382146136526e-06,
  "qi_2": 0.0052959540637402755,
  "rpve_csf": 26.877720832228068,
  "rpve_gm": 15.537265332074302,
  "rpve_wm": 20.76181968485991,
  "size_x": 176,
  "size_y": 240,
  "size_z": 256,
  "snr_csf": 3.0734348480895592,
  "snr_gm": 8.902860709301052,
  "snr_total": 9.861419569645962,
  "snr_wm": 17.607963151547274,
  "snrd_csf": 12.07807038002333,
  "snrd_gm": 26.97588325091193,
  "snrd_total": 26.554258292573255,
  "snrd_wm": 40.6088212467845,
  "spacing_x": 1.0,
  "spacing_y": 1.0,
  "spacing_z": 1.0,
  "summary_bg_k": 1712.1177753185025,
  "summary_bg_mad": 16.13269038061178,
  "summary_bg_mean": 51.679542541503906,
  "summary_bg_median": 50.41305923461914,
  "summary_bg_n": 2965926.0,
  "summary_bg_p05": 27.019725799560547,
  "summary_bg_p95": 80.11927032470703,
  "summary_bg_stdv": 19.359642028808594,
  "summary_csf_k": 0.23989495236499714,
  "summary_csf_mad": 91.52890131864223,
  "summary_csf_mean": 311.7413330078125,
  "summary_csf_median": 297.42169189453125,
  "summary_csf_n": 23682.0,
  "summary_csf_p05": 173.97876205444337,
  "summary_csf_p95": 489.9203384399414,
  "summary_csf_stdv": 96.76971435546875,
  "summary_gm_k": -0.022303005619573657,
  "summary_gm_mad": 73.91750265426089,
  "summary_gm_mean": 663.947509765625,
  "summary_gm_median": 664.2793579101562,
  "summary_gm_n": 12180.0,
  "summary_gm_p05": 538.9900604248047,
  "summary_gm_p95": 784.6223327636719,
  "summary_gm_stdv": 74.611083984375,
  "summary_wm_k": 0.3819571273563258,
  "summary_wm_mad": 54.210856039572306,
  "summary_wm_mean": 1001.4346923828125,
  "summary_wm_median": 999.9895629882812,
  "summary_wm_n": 161632.0,
  "summary_wm_p05": 910.8603912353515,
  "summary_wm_p95": 1097.5721557617185,
  "summary_wm_stdv": 56.791717529296875,
  "tpm_overlap_csf": 0.16652007400989532,
  "tpm_overlap_gm": 0.4339308440685272,
  "tpm_overlap_wm": 0.48950430750846863,
  "wm2max": 0.5538263531803878
}