{
  "bids_meta": {
    "AcquisitionNumber": 1,
    "DeviceSerialNumber": "35442  ",
    "EchoNumber": 1,
    "EchoTime": 0.00298,
    "FlipAngle": 9,
    "ImageOrientationPatientDICOM": [
      "0.03002661263073",
      "0.99779345204287",
      "-0.0592168016216",
      "0.05322317167295",
      "-0.0607554937003",
      "-0.996732694348 "
    ],
    "ImageType": [
      "ORIGINAL",
      "PRIMARY",
      "M",
      "ND",
      "NORM "
    ],
    "ImagingFrequency": 123.247175,
    "InPlanePhaseEncodingDirectionDICOM": "ROW  ",
    "IntendedFor": [
      "ses-NAPFU24/fmap/sub-3102543_ses-NAPFU24_run-004_phasediff.nii.gz",
      "ses-NAPFU24/anat/sub-3102543_ses-NAPFU24_run-001_FLAIR.nii.gz",
      "ses-NAPFU24/fmap/sub-3102543_ses-NAPFU24_run-005_phasediff.nii.gz",
      "ses-NAPFU24/dwi/sub-3102543_ses-NAPFU24_run-001_dwi.nii.gz"
    ],
    "InversionTime": 0.9,
    "MRAcquisitionType": "3D ",
    "MagneticFieldStrength": 3,
    "Manufacturer": "SIEMENS  ",
    "ManufacturerModelName": "TrioTim  ",
    "Modality": "MRI__ ",
    "PatientPosition": "HFS  ",
    "PercentPhaseFOV": 93.75,
    "PhaseEncodingSteps": 239,
    "PixelBandwidth": 238,
    "ProtocolName": "MPRAGE ADNI_iPAT2  ",
    "PulseSequenceType": "*tfl3d1_ns ",
    "ReceiveCoilName": "HeadMatrixix\\\\ ",
    "RepetitionTime": 2.3,
    "SAR": 0.07743693101545,
    "ScanningSequence": "GR\\\\IR  ",
    "SequenceName": "*tfl3d1_ns ",
    "SequenceVariant": "SP\\\\MP  ",
    "SeriesDescription": "MPRAGE ADNI_iPAT2  ",
    "SeriesNumber": 20,
    "SliceOrder": "interleaved ",
    "SliceThickness": 1,
    "SliceTiming": null,
    "SoftwareVersions": "syngo MR B17 ",
    "dataset": "<unset>",
    "modality": "T1w",
    "run_id": 2,
    "session_id": "NAPFU24",
    "subject_id": "3102543"
  },
  "cjv": 0.41339550326839186,
  "cnr": 3.306542615670147,
  "efc": 0.6009357274821017,
  "fber": 144.09963989257812,
  "fwhm_avg": 3.305336666666667,
  "fwhm_x": 3.31299,
  "fwhm_y": 3.46086,
  "fwhm_z": 3.14216,
  "icvs_csf": 0.2062998099332538,
  "icvs_gm": 0.4102464421205794,
  "icvs_wm": 0.3834537479461668,
  "inu_med": 1.3098256587982178,
  "inu_range": 0.29299497604370117,
  "provenance": {
    "md5sum": "2c9bf2e2b4d3bd794a5e199ce72220e2",
    "settings": {
      "testing": false
    },
    "software": "mriqc",
    "version": "0.16.1",
    "warnings": {
      "large_rot_frame": true,
      "small_air_mask": false
    },
    "webapi_port": null,
    "webapi_url": "https://mriqc.nimh.nih.gov/api/v1"
  },
  "qi_1": 0.0,
  "qi_2": 0.00462326402631002,
  "rpve_csf": 28.464277005608388,
  "rpve_gm": 14.772690970948636,
  "rpve_wm": 19.16356791134082,
  "size_x": 176,
  "size_y": 240,
  "size_z": 256,
  "snr_csf": 2.9903827497547253,
  "snr_gm": 9.329877526155657,
  "snr_total": 10.034324377988648,
  "snr_wm": 17.782712858055564,
  "snrd_csf": 13.648147495272903,
  "snrd_gm": 27.541033088225547,
  "snrd_total": 27.065464926959194,
  "snrd_wm": 40.007214197379135,
  "spacing_x": 1.0,
  "spacing_y": 1.0,
  "spacing_z": 1.0,
  "summary_bg_k": 0.4822805572080773,
  "summary_bg_mad": 16.37535010002589,
  "summary_bg_mean": 53.2204704284668,
  "summary_bg_median": 51.80699920654297,
  "summary_bg_n": 2748062.0,
  "summary_bg_p05": 28.44829683303833,
  "summary_bg_p95": 82.44047012329099,
  "summary_bg_stdv": 16.571155548095703,
  "summary_csf_k": 4.020641000901436,
  "summary_csf_mad": 132.3375862020667,
  "summary_csf_mean": 348.2409362792969,
  "summary_csf_median": 341.13995361328125,
  "summary_csf_n": 11624.0,
  "summary_csf_p05": 183.45180969238282,
  "summary_csf_p95": 528.6486938476563,
  "summary_csf_stdv": 114.0741195678711,
  "summary_gm_k": -0.06151854405570312,
  "summary_gm_mad": 74.49700610929688,
  "summary_gm_mean": 686.4382934570312,
  "summary_gm_median": 688.397216796875,
  "summary_gm_n": 11432.0,
  "summary_gm_p05": 561.1772918701172,
  "summary_gm_p95": 804.406378173828,
  "summary_gm_stdv": 73.78093719482422,
  "summary_wm_k": 0.2850581113952795,
  "summary_wm_mad": 54.31550871692227,
  "summary_wm_mean": 1000.7929077148438,
  "summary_wm_median": 999.9935302734375,
  "summary_wm_n": 187029.0,
  "summary_wm_p05": 909.9567138671875,
  "summary_wm_p95": 1094.7918701171875,
  "summary_wm_stdv": 56.2338752746582,
  "tpm_overlap_csf": 0.17590738832950592,
  "tpm_overlap_gm": 0.4362632930278778,
  "tpm_overlap_wm": 0.5204886794090271,
  "wm2max": 0.5341833843307493
}