{
  "bids_meta": {
    "AcquisitionNumber": 1,
    "DeviceSerialNumber": "35442  ",
    "EchoNumber": 1,
    "EchoTime": 0.00298,
    "FlipAngle": 9,
    "ImageOrientationPatientDICOM": [
      "0.05605666338629",
      "0.97955921899273",
      "0.19318744000673",
      "0.01646751474495",
      "0.19255827335727",
      "-0.9811473550491  "
    ],
    "ImageType": [
      "ORIGINAL",
      "PRIMARY",
      "M",
      "ND",
      "NORM "
    ],
    "ImagingFrequency": 123.251539,
    "InPlanePhaseEncodingDirectionDICOM": "ROW  ",
    "IntendedFor": [
      "ses-NAPFU24/func/sub-7917918_ses-NAPFU24_task-retrieval_run-001_bold.nii.gz",
      "ses-NAPFU24/asl/sub-7917918_ses-NAPFU24_run-001_asl.nii.gz",
      "ses-NAPFU24/func/sub-7917918_ses-NAPFU24_task-rest_run-002_bold.nii.gz",
      "ses-NAPFU24/fmap/sub-7917918_ses-NAPFU24_run-003_phasediff.nii.gz",
      "ses-NAPFU24/fmap/sub-7917918_ses-NAPFU24_run-002_phasediff.nii.gz",
      "ses-NAPFU24/func/sub-7917918_ses-NAPFU24_task-rest_run-001_bold.nii.gz",
      "ses-NAPFU24/func/sub-7917918_ses-NAPFU24_task-encoding_run-001_bold.nii.gz",
      "ses-NAPFU24/anat/sub-7917918_ses-NAPFU24_run-001_T2star.nii.gz",
      "ses-NAPFU24/fmap/sub-7917918_ses-NAPFU24_run-001_phasediff.nii.gz"
    ],
    "InversionTime": 0.9,
    "MRAcquisitionType": "3D ",
    "MagneticFieldStrength": 3,
    "Manufacturer": "SIEMENS  ",
    "ManufacturerModelName": "TrioTim  ",
    "Modality": "MRI__ ",
    "PatientPosition": "HFS  ",
    "PercentPhaseFOV": 93.75,
    "PhaseEncodingSteps": 239,
    "PixelBandwidth": 238,
    "ProtocolName": "MPRAGE ADNI_iPAT2  ",
    "PulseSequenceType": "*tfl3d1_ns ",
    "ReceiveCoilName": "HeadMatrixix\\\\ ",
    "RepetitionTime": 2.3,
    "SAR": 0.07917890235283,
    "ScanningSequence": "GR\\\\IR  ",
    "SequenceName": "*tfl3d1_ns ",
    "SequenceVariant": "SP\\\\MP  ",
    "SeriesDescription": "MPRAGE ADNI_iPAT2  ",
    "SeriesNumber": 12,
    "SliceOrder": "interleaved ",
    "SliceThickness": 1,
    "SliceTiming": null,
    "SoftwareVersions": "syngo MR B17 ",
    "dataset": "<unset>",
    "modality": "T1w",
    "run_id": 1,
    "session_id": "NAPFU24",
    "subject_id": "7917918"
  },
  "cjv": 0.4085374409890876,
  "cnr": 3.2559972680251374,
  "efc": 0.6032868307144189,
  "fber": 97.08399963378906,
  "fwhm_avg": 3.275446666666667,
  "fwhm_x": 3.32097,
  "fwhm_y": 3.41996,
  "fwhm_z": 3.08541,
  "icvs_csf": 0.20073420633408215,
  "icvs_gm": 0.40276610876089086,
  "icvs_wm": 0.396499684905027,
  "inu_med": 1.27531099319458,
  "inu_range": 0.3844932675361632,
  "provenance": {
    "md5sum": "f15ba09c7c35d4fb25d90ae58b8b3805",
    "settings": {
      "testing": false
    },
    "software": "mriqc",
    "version": "0.16.1",
    "warnings": {
      "large_rot_frame": true,
      "small_air_mask": false
    },
    "webapi_port": null,
    "webapi_url": "https://mriqc.nimh.nih.gov/api/v1"
  },
  "qi_1": 0.0,
  "qi_2": 0.0042523287237165005,
  "rpve_csf": 28.43435886573645,
  "rpve_gm": 14.616721111636156,
  "rpve_wm": 18.18620283398137,
  "size_x": 176,
  "size_y": 240,
  "size_z": 256,
  "snr_csf": 2.758368355589884,
  "snr_gm": 9.228378590060716,
  "snr_total": 10.194602270248227,
  "snr_wm": 18.59705986509408,
  "snrd_csf": 10.811775815144339,
  "snrd_gm": 23.8561306561037,
  "snrd_total": 23.06269940304342,
  "snrd_wm": 34.52019173788223,
  "spacing_x": 1.0,
  "spacing_y": 1.0,
  "spacing_z": 1.0,
  "summary_bg_k": 1255.8333393420733,
  "summary_bg_mad": 18.977952013099678,
  "summary_bg_mean": 64.028076171875,
  "summary_bg_median": 62.48318862915039,
  "summary_bg_n": 2773633.0,
  "summary_bg_p05": 34.81910629272461,
  "summary_bg_p95": 97.90572662353516,
  "summary_bg_stdv": 22.42740249633789,
  "summary_csf_k": -0.25220566237531594,
  "summary_csf_mad": 120.75765207744968,
  "summary_csf_mean": 329.9455871582031,
  "summary_csf_median": 313.19488525390625,
  "summary_csf_n": 11399.0,
  "summary_csf_p05": 171.25362701416017,
  "summary_csf_p95": 533.8323669433594,
  "summary_csf_stdv": 113.5385513305664,
  "summary_gm_k": -0.0085947040033858,
  "summary_gm_mad": 74.25064474822013,
  "summary_gm_mean": 690.20556640625,
  "summary_gm_median": 691.06298828125,
  "summary_gm_n": 10789.0,
  "summary_gm_p05": 564.5011352539062,
  "summary_gm_p95": 813.6078735351562,
  "summary_gm_stdv": 74.8810806274414,
  "summary_wm_k": 0.31281198321879655,
  "summary_wm_mad": 51.953063885469284,
  "summary_wm_mean": 999.2899780273438,
  "summary_wm_median": 999.9788818359375,
  "summary_wm_n": 196113.0,
  "summary_wm_p05": 909.7379638671875,
  "summary_wm_p95": 1086.1041015625,
  "summary_wm_stdv": 53.770668029785156,
  "tpm_overlap_csf": 0.17446325719356537,
  "tpm_overlap_gm": 0.4262005686759949,
  "tpm_overlap_wm": 0.5144186615943909,
  "wm2max": 0.5034025635302032
}