{
  "bids_meta": {
    "AcquisitionNumber": 1,
    "DeviceSerialNumber": "35442  ",
    "EchoNumber": 1,
    "EchoTime": 0.00298,
    "FlipAngle": 9,
    "ImageOrientationPatientDICOM": [
      "0.00268816041813",
      "0.99767410279072",
      "0.06811136773186",
      "0.03356762612323",
      "0.06798320320642",
      "-0.9971216067051  "
    ],
    "ImageType": [
      "ORIGINAL",
      "PRIMARY",
      "M",
      "ND",
      "NORM "
    ],
    "ImagingFrequency": 123.251361,
    "InPlanePhaseEncodingDirectionDICOM": "ROW  ",
    "IntendedFor": [
      "ses-NAPFU48/fmap/sub-3102543_ses-NAPFU48_run-002_phasediff.nii.gz",
      "ses-NAPFU48/func/sub-3102543_ses-NAPFU48_task-rest_run-002_bold.nii.gz",
      "ses-NAPFU48/func/sub-3102543_ses-NAPFU48_task-retrieval_run-001_bold.nii.gz",
      "ses-NAPFU48/fmap/sub-3102543_ses-NAPFU48_run-003_phasediff.nii.gz",
      "ses-NAPFU48/asl/sub-3102543_ses-NAPFU48_run-001_asl.nii.gz",
      "ses-NAPFU48/anat/sub-3102543_ses-NAPFU48_run-001_T2star.nii.gz",
      "ses-NAPFU48/func/sub-3102543_ses-NAPFU48_task-encoding_run-001_bold.nii.gz",
      "ses-NAPFU48/fmap/sub-3102543_ses-NAPFU48_run-001_phasediff.nii.gz",
      "ses-NAPFU48/func/sub-3102543_ses-NAPFU48_task-rest_run-001_bold.nii.gz"
    ],
    "InversionTime": 0.9,
    "MRAcquisitionType": "3D ",
    "MagneticFieldStrength": 3,
    "Manufacturer": "SIEMENS  ",
    "ManufacturerModelName": "TrioTim  ",
    "Modality": "MRI__ ",
    "PatientPosition": "HFS  ",
    "PercentPhaseFOV": 93.75,
    "PhaseEncodingSteps": 239,
    "PixelBandwidth": 238,
    "ProtocolName": "MPRAGE ADNI_iPAT2  ",
    "PulseSequenceType": "*tfl3d1_ns ",
    "ReceiveCoilName": "HeadMatrixix\\\\ ",
    "RepetitionTime": 2.3,
    "SAR": 0.07836622512916,
    "ScanningSequence": "GR\\\\IR  ",
    "SequenceName": "*tfl3d1_ns ",
    "SequenceVariant": "SP\\\\MP  ",
    "SeriesDescription": "MPRAGE ADNI_iPAT2  ",
    "SeriesNumber": 12,
    "SliceOrder": "interleaved ",
    "SliceThickness": 1,
    "SliceTiming": null,
    "SoftwareVersions": "syngo MR B17 ",
    "dataset": "<unset>",
    "modality": "T1w",
    "run_id": 1,
    "session_id": "NAPFU48",
    "subject_id": "3102543"
  },
  "cjv": 0.4150485638227452,
  "cnr": 3.2166253913344702,
  "efc": 0.6020142389251852,
  "fber": 114.69696044921875,
  "fwhm_avg": 3.3417333333333334,
  "fwhm_x": 3.34049,
  "fwhm_y": 3.5444,
  "fwhm_z": 3.14031,
  "icvs_csf": 0.21263468718553763,
  "icvs_gm": 0.4054414770037269,
  "icvs_wm": 0.38192383581073547,
  "inu_med": 1.2243181467056274,
  "inu_range": 0.30558260679244986,
  "provenance": {
    "md5sum": "5e845d5931c732950002968c46de8b2a",
    "settings": {
      "testing": false
    },
    "software": "mriqc",
    "version": "0.16.1",
    "warnings": {
      "large_rot_frame": true,
      "small_air_mask": false
    },
    "webapi_port": null,
    "webapi_url": "https://mriqc.nimh.nih.gov/api/v1"
  },
  "qi_1": 6.997784587628182e-05,
  "qi_2": 0.005400348649403049,
  "rpve_csf": 28.07714571823746,
  "rpve_gm": 14.993592400229836,
  "rpve_wm": 19.311960374116648,
  "size_x": 176,
  "size_y": 240,
  "size_z": 256,
  "snr_csf": 3.07326451672642,
  "snr_gm": 9.556555327942485,
  "snr_total": 10.236332813167294,
  "snr_wm": 18.07917859483298,
  "snrd_csf": 12.754008839920541,
  "snrd_gm": 24.486152712483122,
  "snrd_total": 24.125499366549523,
  "snrd_wm": 35.136336547244916,
  "spacing_x": 1.0,
  "spacing_y": 1.0,
  "spacing_z": 1.0,
  "summary_bg_k": 1252.215839477935,
  "summary_bg_mad": 18.645415076753725,
  "summary_bg_mean": 62.30588912963867,
  "summary_bg_median": 60.749637603759766,
  "summary_bg_n": 2798431.0,
  "summary_bg_p05": 33.481693267822266,
  "summary_bg_p95": 95.6733283996582,
  "summary_bg_stdv": 22.429006576538086,
  "summary_csf_k": -0.799744696052604,
  "summary_csf_mad": 143.61138975385623,
  "summary_csf_mean": 361.0185546875,
  "summary_csf_median": 362.983642578125,
  "summary_csf_n": 11859.0,
  "summary_csf_p05": 183.40872802734376,
  "summary_csf_p95": 548.5460510253906,
  "summary_csf_stdv": 118.10514068603516,
  "summary_gm_k": 0.018185096338482865,
  "summary_gm_mad": 72.42281990620384,
  "summary_gm_mean": 696.0904541015625,
  "summary_gm_median": 696.8846435546875,
  "summary_gm_n": 11214.0,
  "summary_gm_p05": 575.11357421875,
  "summary_gm_p95": 813.0512207031251,
  "summary_gm_stdv": 72.91890716552734,
  "summary_wm_k": 0.28583141539631285,
  "summary_wm_mad": 53.38173355256929,
  "summary_wm_mean": 1000.095703125,
  "summary_wm_median": 999.99267578125,
  "summary_wm_n": 183104.0,
  "summary_wm_p05": 909.6630035400391,
  "summary_wm_p95": 1091.1704467773438,
  "summary_wm_stdv": 55.31169128417969,
  "tpm_overlap_csf": 0.17191055417060852,
  "tpm_overlap_gm": 0.4334909915924072,
  "tpm_overlap_wm": 0.5173355937004089,
  "wm2max": 0.4980770616069624
}