{
  "bids_meta": {
    "AcquisitionNumber": 1,
    "DeviceSerialNumber": "35442  ",
    "EchoNumber": 1,
    "EchoTime": 0.00298,
    "FlipAngle": 9,
    "ImageOrientationPatientDICOM": [
      "-0.074969676354",
      "0.99718575290182",
      "-0.0003490515836",
      "0.00116779343641",
      "-0.0002622402464",
      "-0.999999283744  "
    ],
    "ImageType": [
      "ORIGINAL",
      "PRIMARY",
      "M",
      "ND",
      "NORM "
    ],
    "ImagingFrequency": 123.247294,
    "InPlanePhaseEncodingDirectionDICOM": "ROW  ",
    "IntendedFor": [
      "ses-NAPFU12/func/sub-9650197_ses-NAPFU12_task-retrieval_run-001_bold.nii.gz",
      "ses-NAPFU12/fmap/sub-9650197_ses-NAPFU12_run-002_phasediff.nii.gz",
      "ses-NAPFU12/fmap/sub-9650197_ses-NAPFU12_run-003_phasediff.nii.gz",
      "ses-NAPFU12/func/sub-9650197_ses-NAPFU12_task-encoding_run-001_bold.nii.gz",
      "ses-NAPFU12/asl/sub-9650197_ses-NAPFU12_run-001_asl.nii.gz",
      "ses-NAPFU12/func/sub-9650197_ses-NAPFU12_task-rest_run-002_bold.nii.gz",
      "ses-NAPFU12/anat/sub-9650197_ses-NAPFU12_run-001_T2star.nii.gz",
      "ses-NAPFU12/func/sub-9650197_ses-NAPFU12_task-rest_run-001_bold.nii.gz",
      "ses-NAPFU12/fmap/sub-9650197_ses-NAPFU12_run-001_phasediff.nii.gz"
    ],
    "InversionTime": 0.9,
    "MRAcquisitionType": "3D ",
    "MagneticFieldStrength": 3,
    "Manufacturer": "SIEMENS  ",
    "ManufacturerModelName": "TrioTim  ",
    "Modality": "MRI__ ",
    "PatientPosition": "HFS  ",
    "PercentPhaseFOV": 93.75,
    "PhaseEncodingSteps": 239,
    "PixelBandwidth": 238,
    "ProtocolName": "MPRAGE ADNI_iPAT2  ",
    "PulseSequenceType": "*tfl3d1_ns ",
    "ReceiveCoilName": "HeadMatrixix\\\\ ",
    "RepetitionTime": 2.3,
    "SAR": 0.07707870819359,
    "ScanningSequence": "GR\\\\IR  ",
    "SequenceName": "*tfl3d1_ns ",
    "SequenceVariant": "SP\\\\MP  ",
    "SeriesDescription": "MPRAGE ADNI_iPAT2  ",
    "SeriesNumber": 12,
    "SliceOrder": "interleaved ",
    "SliceThickness": 1,
    "SliceTiming": null,
    "SoftwareVersions": "syngo MR B17 ",
    "dataset": "<unset>",
    "modality": "T1w",
    "run_id": 1,
    "session_id": "NAPFU12",
    "subject_id": "9650197"
  },
  "cjv": 0.42797269491867523,
  "cnr": 3.0608123135830114,
  "efc": 0.6027367832715816,
  "fber": 92.54195404052734,
  "fwhm_avg": 3.227323333333333,
  "fwhm_x": 3.2684,
  "fwhm_y": 3.36322,
  "fwhm_z": 3.05035,
  "icvs_csf": 0.21431730601363463,
  "icvs_gm": 0.42913038767196376,
  "icvs_wm": 0.3565523063144016,
  "inu_med": 1.360346794128418,
  "inu_range": 0.4271050453186036,
  "provenance": {
    "md5sum": "5be75820aebe0a1140733f906e043828",
    "settings": {
      "testing": false
    },
    "software": "mriqc",
    "version": "0.16.1",
    "warnings": {
      "large_rot_frame": true,
      "small_air_mask": false
    },
    "webapi_port": null,
    "webapi_url": "https://mriqc.nimh.nih.gov/api/v1"
  },
  "qi_1": 0.0,
  "qi_2": 0.005683093976076877,
  "rpve_csf": 26.407206874930846,
  "rpve_gm": 13.771325032521837,
  "rpve_wm": 19.12403171161163,
  "size_x": 176,
  "size_y": 240,
  "size_z": 256,
  "snr_csf": 2.6973279909506025,
  "snr_gm": 9.544251716017387,
  "snr_total": 9.523584496430843,
  "snr_wm": 16.329173782324542,
  "snrd_csf": 9.73048574524468,
  "snrd_gm": 22.57264329767836,
  "snrd_total": 21.567547482020455,
  "snrd_wm": 32.39951340313833,
  "spacing_x": 1.0,
  "spacing_y": 1.0,
  "spacing_z": 1.0,
  "summary_bg_k": 1628.3529620506042,
  "summary_bg_mad": 20.220860915632052,
  "summary_bg_mean": 66.62384033203125,
  "summary_bg_median": 64.85411071777344,
  "summary_bg_n": 3048304.0,
  "summary_bg_p05": 35.407558822631835,
  "summary_bg_p95": 102.9908576965332,
  "summary_bg_stdv": 27.22057342529297,
  "summary_csf_k": 7.852196151024355,
  "summary_csf_mad": 100.6817235823629,
  "summary_csf_mean": 321.3706970214844,
  "summary_csf_median": 300.33258056640625,
  "summary_csf_n": 17350.0,
  "summary_csf_p05": 174.6831481933594,
  "summary_csf_p95": 526.4247283935547,
  "summary_csf_stdv": 111.34127044677734,
  "summary_gm_k": 0.21522253883838616,
  "summary_gm_mad": 70.56676191647189,
  "summary_gm_mean": 696.0968017578125,
  "summary_gm_median": 696.707275390625,
  "summary_gm_n": 11479.0,
  "summary_gm_p05": 575.606005859375,
  "summary_gm_p95": 816.00283203125,
  "summary_gm_stdv": 72.99440002441406,
  "summary_wm_k": 0.2985905713010668,
  "summary_wm_mad": 59.24056415786379,
  "summary_wm_mean": 998.8483276367188,
  "summary_wm_median": 1000.0147705078125,
  "summary_wm_n": 174054.0,
  "summary_wm_p05": 896.1434661865235,
  "summary_wm_p95": 1097.2094116210938,
  "summary_wm_stdv": 61.240814208984375,
  "tpm_overlap_csf": 0.15466907620429993,
  "tpm_overlap_gm": 0.4209480583667755,
  "tpm_overlap_wm": 0.4803738296031952,
  "wm2max": 0.46415497917899745
}