{
  "bids_meta": {
    "AcquisitionNumber": 1,
    "DeviceSerialNumber": "35442  ",
    "EchoNumber": 1,
    "EchoTime": 0.00298,
    "FlipAngle": 9,
    "ImageOrientationPatientDICOM": [
      "0",
      "0.99999993908387",
      "-0.0003490447892",
      "0",
      "-0.0003490447892",
      "-0.9999999390839  "
    ],
    "ImageType": [
      "ORIGINAL",
      "PRIMARY",
      "M",
      "ND",
      "NORM "
    ],
    "ImagingFrequency": 123.247301,
    "InPlanePhaseEncodingDirectionDICOM": "ROW  ",
    "IntendedFor": [
      "ses-NAPEN00/dwi/sub-9026274_ses-NAPEN00_run-001_dwi.nii.gz",
      "ses-NAPEN00/anat/sub-9026274_ses-NAPEN00_run-001_FLAIR.nii.gz",
      "ses-NAPEN00/fmap/sub-9026274_ses-NAPEN00_run-001_phasediff.nii.gz",
      "ses-NAPEN00/fmap/sub-9026274_ses-NAPEN00_run-002_phasediff.nii.gz"
    ],
    "InversionTime": 0.9,
    "MRAcquisitionType": "3D ",
    "MagneticFieldStrength": 3,
    "Manufacturer": "SIEMENS  ",
    "ManufacturerModelName": "TrioTim  ",
    "Modality": "MRI__ ",
    "PatientPosition": "HFS  ",
    "PercentPhaseFOV": 93.75,
    "PhaseEncodingSteps": 239,
    "PixelBandwidth": 238,
    "ProtocolName": "MPRAGE ADNI_iPAT2  ",
    "PulseSequenceType": "*tfl3d1_ns ",
    "ReceiveCoilName": "HeadMatrixix\\\\ ",
    "RepetitionTime": 2.3,
    "SAR": 0.08151887676169,
    "ScanningSequence": "GR\\\\IR  ",
    "SequenceName": "*tfl3d1_ns ",
    "SequenceVariant": "SP\\\\MP  ",
    "SeriesDescription": "MPRAGE ADNI_iPAT2  ",
    "SeriesNumber": 4,
    "SliceOrder": "interleaved ",
    "SliceThickness": 1,
    "SliceTiming": null,
    "SoftwareVersions": "syngo MR B17 ",
    "dataset": "<unset>",
    "modality": "T1w",
    "run_id": 1,
    "session_id": "NAPEN00",
    "subject_id": "9026274"
  },
  "cjv": 0.3848376771229686,
  "cnr": 3.453676229448559,
  "efc": 0.5790220110089103,
  "fber": 126.49173736572266,
  "fwhm_avg": 3.206993333333333,
  "fwhm_x": 3.24167,
  "fwhm_y": 3.35775,
  "fwhm_z": 3.02156,
  "icvs_csf": 0.19901541953090934,
  "icvs_gm": 0.41268480872118884,
  "icvs_wm": 0.3882997717479018,
  "inu_med": 1.3040639162063599,
  "inu_range": 0.3904004454612733,
  "provenance": {
    "md5sum": "36bffa31c5915d21a9b8adb84bbf93a0",
    "settings": {
      "testing": false
    },
    "software": "mriqc",
    "version": "0.16.1",
    "warnings": {
      "large_rot_frame": false,
      "small_air_mask": false
    },
    "webapi_port": null,
    "webapi_url": "https://mriqc.nimh.nih.gov/api/v1"
  },
  "qi_1": 5.7934799845198217e-05,
  "qi_2": 0.005655089944624488,
  "rpve_csf": 30.832993802364282,
  "rpve_gm": 15.485265339846638,
  "rpve_wm": 19.776218243242,
  "size_x": 176,
  "size_y": 240,
  "size_z": 256,
  "snr_csf": 2.548372382622548,
  "snr_gm": 9.111571411854865,
  "snr_total": 9.783019001699735,
  "snr_wm": 17.68911321062179,
  "snrd_csf": 11.035861789189562,
  "snrd_gm": 26.094928529667747,
  "snrd_total": 25.33691461569242,
  "snrd_wm": 38.87995352821996,
  "spacing_x": 1.0,
  "spacing_y": 1.0,
  "spacing_z": 1.0,
  "summary_bg_k": 2174.390128895058,
  "summary_bg_mad": 16.85003403519238,
  "summary_bg_mean": 56.14799880981445,
  "summary_bg_median": 54.82954406738281,
  "summary_bg_n": 2807452.0,
  "summary_bg_p05": 30.01578588485718,
  "summary_bg_p95": 86.036856842041,
  "summary_bg_stdv": 21.07461166381836,
  "summary_csf_k": 0.38388459019026744,
  "summary_csf_mad": 102.7253012527161,
  "summary_csf_mean": 308.8109130859375,
  "summary_csf_median": 283.84112548828125,
  "summary_csf_n": 12192.0,
  "summary_csf_p05": 165.6959671020508,
  "summary_csf_p95": 518.9750854492188,
  "summary_csf_stdv": 111.37677001953125,
  "summary_gm_k": 0.02645786260168448,
  "summary_gm_mad": 72.68089983339978,
  "summary_gm_mean": 668.6090087890625,
  "summary_gm_median": 671.1586303710938,
  "summary_gm_n": 11033.0,
  "summary_gm_p05": 542.8203491210937,
  "summary_gm_p95": 786.6565673828125,
  "summary_gm_stdv": 73.65669250488281,
  "summary_wm_k": 0.37307571738376577,
  "summary_wm_mad": 53.86504522548423,
  "summary_wm_mean": 999.7022705078125,
  "summary_wm_median": 999.988037109375,
  "summary_wm_n": 175275.0,
  "summary_wm_p05": 906.4201477050781,
  "summary_wm_p95": 1092.4677978515624,
  "summary_wm_stdv": 56.53110885620117,
  "tpm_overlap_csf": 0.16621477901935577,
  "tpm_overlap_gm": 0.42723602056503296,
  "tpm_overlap_wm": 0.5001708269119263,
  "wm2max": 0.5006901081115186
}