{
  "bids_meta": {
    "AcquisitionNumber": 1,
    "DeviceSerialNumber": "35442  ",
    "EchoNumber": 1,
    "EchoTime": 0.00298,
    "FlipAngle": 9,
    "ImageOrientationPatientDICOM": [
      "0.0147122950011",
      "0.98654648515235",
      "0.16281763113786",
      "0.0823071168908",
      "0.16108774335687",
      "-0.9835020475064  "
    ],
    "ImageType": [
      "ORIGINAL",
      "PRIMARY",
      "M",
      "ND",
      "NORM "
    ],
    "ImagingFrequency": 123.25159,
    "InPlanePhaseEncodingDirectionDICOM": "ROW  ",
    "IntendedFor": [
      "ses-PREFU12/fmap/sub-3258515_ses-PREFU12_run-003_phasediff.nii.gz",
      "ses-PREFU12/fmap/sub-3258515_ses-PREFU12_run-001_phasediff.nii.gz",
      "ses-PREFU12/func/sub-3258515_ses-PREFU12_task-rest_run-001_bold.nii.gz",
      "ses-PREFU12/func/sub-3258515_ses-PREFU12_task-encoding_run-001_bold.nii.gz",
      "ses-PREFU12/func/sub-3258515_ses-PREFU12_task-rest_run-002_bold.nii.gz",
      "ses-PREFU12/fmap/sub-3258515_ses-PREFU12_run-002_phasediff.nii.gz",
      "ses-PREFU12/asl/sub-3258515_ses-PREFU12_run-001_asl.nii.gz",
      "ses-PREFU12/func/sub-3258515_ses-PREFU12_task-retrieval_run-001_bold.nii.gz",
      "ses-PREFU12/anat/sub-3258515_ses-PREFU12_run-001_T2star.nii.gz"
    ],
    "InversionTime": 0.9,
    "MRAcquisitionType": "3D ",
    "MagneticFieldStrength": 3,
    "Manufacturer": "SIEMENS  ",
    "ManufacturerModelName": "TrioTim  ",
    "Modality": "MRI__ ",
    "PatientPosition": "HFS  ",
    "PercentPhaseFOV": 93.75,
    "PhaseEncodingSteps": 239,
    "PixelBandwidth": 238,
    "ProtocolName": "MPRAGE ADNI_iPAT2  ",
    "PulseSequenceType": "*tfl3d1_ns ",
    "ReceiveCoilName": "HeadMatrixix\\\\ ",
    "RepetitionTime": 2.3,
    "SAR": 0.09270638484435,
    "ScanningSequence": "GR\\\\IR  ",
    "SequenceName": "*tfl3d1_ns ",
    "SequenceVariant": "SP\\\\MP  ",
    "SeriesDescription": "MPRAGE ADNI_iPAT2  ",
    "SeriesNumber": 13,
    "SliceOrder": "interleaved ",
    "SliceThickness": 1,
    "SliceTiming": null,
    "SoftwareVersions": "syngo MR B17 ",
    "dataset": "<unset>",
    "modality": "T1w",
    "run_id": 1,
    "session_id": "PREFU12",
    "subject_id": "3258515"
  },
  "cjv": 0.4726846349479538,
  "cnr": 2.8718887998661256,
  "efc": 0.6365965065354177,
  "fber": 130.43307495117188,
  "fwhm_avg": 2.87439,
  "fwhm_x": 2.91344,
  "fwhm_y": 2.89019,
  "fwhm_z": 2.81954,
  "icvs_csf": 0.1946392225828161,
  "icvs_gm": 0.4129710016432886,
  "icvs_wm": 0.39238977577389533,
  "inu_med": 1.3104383945465088,
  "inu_range": 0.2998511910438537,
  "provenance": {
    "md5sum": "1dc97f301ed98ac1fd68c0c48ae2751e",
    "settings": {
      "testing": false
    },
    "software": "mriqc",
    "version": "0.16.1",
    "warnings": {
      "large_rot_frame": true,
      "small_air_mask": false
    },
    "webapi_port": null,
    "webapi_url": "https://mriqc.nimh.nih.gov/api/v1"
  },
  "qi_1": 0.00014637447008299155,
  "qi_2": 0.005234463058927558,
  "rpve_csf": 29.854033489767016,
  "rpve_gm": 14.600600789390246,
  "rpve_wm": 18.161191188974556,
  "size_x": 176,
  "size_y": 240,
  "size_z": 256,
  "snr_csf": 0.840049894799325,
  "snr_gm": 8.644938825337102,
  "snr_total": 8.647604403586813,
  "snr_wm": 16.457824490624017,
  "snrd_csf": 13.724669358556008,
  "snrd_gm": 25.86287338878906,
  "snrd_total": 25.45098096222934,
  "snrd_wm": 36.76540013934296,
  "spacing_x": 1.0,
  "spacing_y": 1.0,
  "spacing_z": 1.0,
  "summary_bg_k": 7.50964642069666,
  "summary_bg_mad": 17.819154363136942,
  "summary_bg_mean": 55.10262680053711,
  "summary_bg_median": 53.34454345703125,
  "summary_bg_n": 2680611.0,
  "summary_bg_p05": 28.15219020843506,
  "summary_bg_p95": 87.99343872070312,
  "summary_bg_stdv": 18.6872615814209,
  "summary_csf_k": 3.4556106068996426,
  "summary_csf_mad": 151.2231187706908,
  "summary_csf_mean": 527.9796142578125,
  "summary_csf_median": 373.29937744140625,
  "summary_csf_n": 17976.0,
  "summary_csf_p05": 197.87417221069336,
  "summary_csf_p95": 1709.2604064941406,
  "summary_csf_stdv": 444.3652648925781,
  "summary_gm_k": -0.06522742452469998,
  "summary_gm_mad": 81.09283950808619,
  "summary_gm_mean": 703.4076538085938,
  "summary_gm_median": 703.4482421875,
  "summary_gm_n": 12675.0,
  "summary_gm_p05": 568.8249267578125,
  "summary_gm_p95": 837.7269714355468,
  "summary_gm_stdv": 81.3678970336914,
  "summary_wm_k": 0.2966251605661032,
  "summary_wm_mad": 59.07682095019864,
  "summary_wm_mean": 1000.9883422851562,
  "summary_wm_median": 999.9877319335938,
  "summary_wm_n": 190738.0,
  "summary_wm_p05": 903.1855194091797,
  "summary_wm_p95": 1102.1939758300782,
  "summary_wm_stdv": 60.760467529296875,
  "tpm_overlap_csf": 0.14640305936336517,
  "tpm_overlap_gm": 0.40057963132858276,
  "tpm_overlap_wm": 0.49044492840766907,
  "wm2max": 0.5123612069917141
}