{
  "bids_meta": {
    "AcquisitionNumber": 1,
    "DeviceSerialNumber": "35442  ",
    "EchoNumber": 1,
    "EchoTime": 0.00298,
    "FlipAngle": 9,
    "ImageOrientationPatientDICOM": [
      "0.03788275652198",
      "0.99339398998665",
      "0.10832025395415",
      "0.03740967849923",
      "0.10691223366743",
      "-0.9935644368871  "
    ],
    "ImageType": [
      "ORIGINAL",
      "PRIMARY",
      "M",
      "ND",
      "NORM "
    ],
    "ImagingFrequency": 123.247244,
    "InPlanePhaseEncodingDirectionDICOM": "ROW  ",
    "IntendedFor": [
      "ses-PREFU24/anat/sub-3343577_ses-PREFU24_run-001_T2star.nii.gz",
      "ses-PREFU24/fmap/sub-3343577_ses-PREFU24_run-005_phasediff.nii.gz",
      "ses-PREFU24/func/sub-3343577_ses-PREFU24_task-encoding_run-001_bold.nii.gz",
      "ses-PREFU24/func/sub-3343577_ses-PREFU24_task-rest_run-002_bold.nii.gz",
      "ses-PREFU24/func/sub-3343577_ses-PREFU24_task-rest_run-001_bold.nii.gz",
      "ses-PREFU24/dwi/sub-3343577_ses-PREFU24_run-001_dwi.nii.gz",
      "ses-PREFU24/fmap/sub-3343577_ses-PREFU24_run-003_phasediff.nii.gz",
      "ses-PREFU24/fmap/sub-3343577_ses-PREFU24_run-002_phasediff.nii.gz",
      "ses-PREFU24/fmap/sub-3343577_ses-PREFU24_run-004_phasediff.nii.gz",
      "ses-PREFU24/asl/sub-3343577_ses-PREFU24_run-001_asl.nii.gz",
      "ses-PREFU24/fmap/sub-3343577_ses-PREFU24_run-001_phasediff.nii.gz",
      "ses-PREFU24/func/sub-3343577_ses-PREFU24_task-retrieval_run-001_bold.nii.gz",
      "ses-PREFU24/anat/sub-3343577_ses-PREFU24_run-001_T1w.nii.gz",
      "ses-PREFU24/anat/sub-3343577_ses-PREFU24_run-001_FLAIR.nii.gz"
    ],
    "InversionTime": 0.9,
    "MRAcquisitionType": "3D ",
    "MagneticFieldStrength": 3,
    "Manufacturer": "SIEMENS  ",
    "ManufacturerModelName": "TrioTim  ",
    "Modality": "MRI__ ",
    "PatientPosition": "HFS  ",
    "PercentPhaseFOV": 93.75,
    "PhaseEncodingSteps": 239,
    "PixelBandwidth": 238,
    "ProtocolName": "MPRAGE ADNI_iPAT2  ",
    "PulseSequenceType": "*tfl3d1_ns ",
    "ReceiveCoilName": "HeadMatrixix\\\\ ",
    "RepetitionTime": 2.3,
    "SAR": 0.07766896757925,
    "ScanningSequence": "GR\\\\IR  ",
    "SequenceName": "*tfl3d1_ns ",
    "SequenceVariant": "SP\\\\MP  ",
    "SeriesDescription": "MPRAGE ADNI_iPAT2  ",
    "SeriesNumber": 17,
    "SliceOrder": "interleaved ",
    "SliceThickness": 1,
    "SliceTiming": null,
    "SoftwareVersions": "syngo MR B17 ",
    "dataset": "<unset>",
    "modality": "T1w",
    "run_id": 2,
    "session_id": "PREFU24",
    "subject_id": "3343577"
  },
  "cjv": 0.37616714147650687,
  "cnr": 3.4833067799349724,
  "efc": 0.5977921457315803,
  "fber": 98.68112182617188,
  "fwhm_avg": 3.4246633333333336,
  "fwhm_x": 3.40363,
  "fwhm_y": 3.62418,
  "fwhm_z": 3.24618,
  "icvs_csf": 0.22381462001693603,
  "icvs_gm": 0.4102300133579391,
  "icvs_wm": 0.36595536662512484,
  "inu_med": 1.2990217208862305,
  "inu_range": 0.37870129346847525,
  "provenance": {
    "md5sum": "b6954c338578d8bbdbb2de24917088ea",
    "settings": {
      "testing": false
    },
    "software": "mriqc",
    "version": "0.16.1",
    "warnings": {
      "large_rot_frame": true,
      "small_air_mask": false
    },
    "webapi_port": null,
    "webapi_url": "https://mriqc.nimh.nih.gov/api/v1"
  },
  "qi_1": 0.0,
  "qi_2": 0.004682701617486258,
  "rpve_csf": 26.150149279901033,
  "rpve_gm": 14.4322583872564,
  "rpve_wm": 19.3930457690885,
  "size_x": 176,
  "size_y": 240,
  "size_z": 256,
  "snr_csf": 2.6021730591343744,
  "snr_gm": 8.508097780189118,
  "snr_total": 10.246311220135532,
  "snr_wm": 19.6286628210831,
  "snrd_csf": 12.471099604334103,
  "snrd_gm": 24.094344687534647,
  "snrd_total": 24.270153766735273,
  "snrd_wm": 36.24501700833707,
  "spacing_x": 1.0,
  "spacing_y": 1.0,
  "spacing_z": 1.0,
  "summary_bg_k": 1725.9122273696105,
  "summary_bg_mad": 18.075186934669187,
  "summary_bg_mean": 60.51167678833008,
  "summary_bg_median": 58.99686050415039,
  "summary_bg_n": 2929275.0,
  "summary_bg_p05": 32.78662338256836,
  "summary_bg_p95": 92.50261535644529,
  "summary_bg_stdv": 23.717052459716797,
  "summary_csf_k": -0.43952618611088035,
  "summary_csf_mad": 149.47486932698374,
  "summary_csf_mean": 354.1635437011719,
  "summary_csf_median": 344.0771484375,
  "summary_csf_n": 27100.0,
  "summary_csf_p05": 162.6255859375,
  "summary_csf_p95": 580.6910400390625,
  "summary_csf_stdv": 132.2244110107422,
  "summary_gm_k": 0.020540263260547142,
  "summary_gm_mad": 77.10400248466536,
  "summary_gm_mean": 663.4898681640625,
  "summary_gm_median": 664.7620239257812,
  "summary_gm_n": 15405.0,
  "summary_gm_p05": 531.3722290039062,
  "summary_gm_p95": 788.70439453125,
  "summary_gm_stdv": 78.13032531738281,
  "summary_wm_k": 0.35961996469587687,
  "summary_wm_mad": 49.00098062287722,
  "summary_wm_mean": 999.5369873046875,
  "summary_wm_median": 999.9985961914062,
  "summary_wm_n": 187112.0,
  "summary_wm_p05": 914.771826171875,
  "summary_wm_p95": 1081.996533203125,
  "summary_wm_stdv": 50.94569778442383,
  "tpm_overlap_csf": 0.16312558948993683,
  "tpm_overlap_gm": 0.4453185796737671,
  "tpm_overlap_wm": 0.5092777609825134,
  "wm2max": 0.5282061785905674
}