{
  "bids_meta": {
    "AcquisitionNumber": 1,
    "DeviceSerialNumber": "35442  ",
    "EchoNumber": 1,
    "EchoTime": 0.00298,
    "FlipAngle": 9,
    "ImageOrientationPatientDICOM": [
      "-0.0650848894527",
      "0.99787973081175",
      "-4.80842992e-008",
      "0.09011392662361",
      "0.00587746888079",
      "-0.9959141205887  "
    ],
    "ImageType": [
      "ORIGINAL",
      "PRIMARY",
      "M",
      "ND",
      "NORM "
    ],
    "ImagingFrequency": 123.247464,
    "InPlanePhaseEncodingDirectionDICOM": "ROW  ",
    "IntendedFor": [
      "ses-NAPFU12/fmap/sub-9779747_ses-NAPFU12_run-003_phasediff.nii.gz",
      "ses-NAPFU12/asl/sub-9779747_ses-NAPFU12_run-001_asl.nii.gz",
      "ses-NAPFU12/func/sub-9779747_ses-NAPFU12_task-rest_run-001_bold.nii.gz",
      "ses-NAPFU12/func/sub-9779747_ses-NAPFU12_task-retrieval_run-001_bold.nii.gz",
      "ses-NAPFU12/fmap/sub-9779747_ses-NAPFU12_run-001_phasediff.nii.gz",
      "ses-NAPFU12/func/sub-9779747_ses-NAPFU12_task-rest_run-002_bold.nii.gz",
      "ses-NAPFU12/fmap/sub-9779747_ses-NAPFU12_run-002_phasediff.nii.gz",
      "ses-NAPFU12/func/sub-9779747_ses-NAPFU12_task-encoding_run-001_bold.nii.gz",
      "ses-NAPFU12/anat/sub-9779747_ses-NAPFU12_run-001_T2star.nii.gz"
    ],
    "InversionTime": 0.9,
    "MRAcquisitionType": "3D ",
    "MagneticFieldStrength": 3,
    "Manufacturer": "SIEMENS  ",
    "ManufacturerModelName": "TrioTim  ",
    "Modality": "MRI__ ",
    "PatientPosition": "HFS  ",
    "PercentPhaseFOV": 93.75,
    "PhaseEncodingSteps": 239,
    "PixelBandwidth": 238,
    "ProtocolName": "MPRAGE ADNI_iPAT2  ",
    "PulseSequenceType": "*tfl3d1_ns ",
    "ReceiveCoilName": "HeadMatrixix\\\\ ",
    "RepetitionTime": 2.3,
    "SAR": 0.11505241947847,
    "ScanningSequence": "GR\\\\IR  ",
    "SequenceName": "*tfl3d1_ns ",
    "SequenceVariant": "SP\\\\MP  ",
    "SeriesDescription": "MPRAGE ADNI_iPAT2  ",
    "SeriesNumber": 12,
    "SliceOrder": "interleaved ",
    "SliceThickness": 1,
    "SliceTiming": null,
    "SoftwareVersions": "syngo MR B17 ",
    "dataset": "<unset>",
    "modality": "T1w",
    "run_id": 1,
    "session_id": "NAPFU12",
    "subject_id": "9779747"
  },
  "cjv": 0.4530390759743678,
  "cnr": 2.918275527926669,
  "efc": 0.6281072267505291,
  "fber": 126.2572021484375,
  "fwhm_avg": 3.178013333333334,
  "fwhm_x": 3.19374,
  "fwhm_y": 3.31381,
  "fwhm_z": 3.02649,
  "icvs_csf": 0.19308616887806995,
  "icvs_gm": 0.40496977368252907,
  "icvs_wm": 0.401944057439401,
  "inu_med": 1.3933932781219482,
  "inu_range": 0.4002201557159424,
  "provenance": {
    "md5sum": "ac9e91895facd58c3bf8862bfd475195",
    "settings": {
      "testing": false
    },
    "software": "mriqc",
    "version": "0.16.1",
    "warnings": {
      "large_rot_frame": true,
      "small_air_mask": false
    },
    "webapi_port": null,
    "webapi_url": "https://mriqc.nimh.nih.gov/api/v1"
  },
  "qi_1": 0.0,
  "qi_2": 0.005045071728340196,
  "rpve_csf": 28.286130417949522,
  "rpve_gm": 14.153325156628103,
  "rpve_wm": 17.29603744611809,
  "size_x": 176,
  "size_y": 240,
  "size_z": 256,
  "snr_csf": 2.632352031032451,
  "snr_gm": 8.81699088684347,
  "snr_total": 9.71088508255969,
  "snr_wm": 17.68331232980315,
  "snrd_csf": 11.556432723346807,
  "snrd_gm": 25.47149626089837,
  "snrd_total": 24.389078621531993,
  "snrd_wm": 36.1393068803508,
  "spacing_x": 1.0,
  "spacing_y": 1.0,
  "spacing_z": 1.0,
  "summary_bg_k": 1668.3149312563924,
  "summary_bg_mad": 18.12804490713529,
  "summary_bg_mean": 56.51533126831055,
  "summary_bg_median": 54.854434967041016,
  "summary_bg_n": 2505910.0,
  "summary_bg_p05": 28.029952430725096,
  "summary_bg_p95": 88.79837608337402,
  "summary_bg_stdv": 25.375776290893555,
  "summary_csf_k": 5.694864400918608,
  "summary_csf_mad": 124.62351202476276,
  "summary_csf_mean": 340.16192626953125,
  "summary_csf_median": 319.77392578125,
  "summary_csf_n": 14054.0,
  "summary_csf_p05": 175.9261360168457,
  "summary_csf_p95": 547.5365600585936,
  "summary_csf_stdv": 121.47408294677734,
  "summary_gm_k": -0.08514436894162758,
  "summary_gm_mad": 78.84418693064754,
  "summary_gm_mean": 705.1075439453125,
  "summary_gm_median": 704.8126831054688,
  "summary_gm_n": 12518.0,
  "summary_gm_p05": 573.0426147460938,
  "summary_gm_p95": 839.9209594726561,
  "summary_gm_stdv": 79.934814453125,
  "summary_wm_k": 0.2530916602327751,
  "summary_wm_mad": 54.88623455872615,
  "summary_wm_mean": 1000.2142944335938,
  "summary_wm_median": 999.9978637695312,
  "summary_wm_n": 215959.0,
  "summary_wm_p05": 907.682196044922,
  "summary_wm_p95": 1093.2749145507812,
  "summary_wm_stdv": 56.55023956298828,
  "tpm_overlap_csf": 0.17028377950191498,
  "tpm_overlap_gm": 0.4270602762699127,
  "tpm_overlap_wm": 0.5122379660606384,
  "wm2max": 0.5074534760390881
}