{
  "bids_meta": {
    "AcquisitionNumber": 1,
    "DeviceSerialNumber": "35442  ",
    "EchoNumber": 1,
    "EchoTime": 0.00298,
    "FlipAngle": 9,
    "ImageOrientationPatientDICOM": [
      "0.04528130305056",
      "0.99688079765569",
      "0.06463960751274",
      "0.07390122266571",
      "0.06118592003398",
      "-0.9953868054571  "
    ],
    "ImageType": [
      "ORIGINAL",
      "PRIMARY",
      "M",
      "ND",
      "NORM "
    ],
    "ImagingFrequency": 123.247171,
    "InPlanePhaseEncodingDirectionDICOM": "ROW  ",
    "IntendedFor": [
      "ses-NAPFU24/anat/sub-5817042_ses-NAPFU24_run-001_T2star.nii.gz",
      "ses-NAPFU24/func/sub-5817042_ses-NAPFU24_task-rest_run-001_bold.nii.gz",
      "ses-NAPFU24/fmap/sub-5817042_ses-NAPFU24_run-002_phasediff.nii.gz",
      "ses-NAPFU24/func/sub-5817042_ses-NAPFU24_task-encoding_run-001_bold.nii.gz",
      "ses-NAPFU24/fmap/sub-5817042_ses-NAPFU24_run-001_phasediff.nii.gz",
      "ses-NAPFU24/func/sub-5817042_ses-NAPFU24_task-retrieval_run-001_bold.nii.gz",
      "ses-NAPFU24/asl/sub-5817042_ses-NAPFU24_run-001_asl.nii.gz",
      "ses-NAPFU24/func/sub-5817042_ses-NAPFU24_task-rest_run-002_bold.nii.gz",
      "ses-NAPFU24/fmap/sub-5817042_ses-NAPFU24_run-003_phasediff.nii.gz"
    ],
    "InversionTime": 0.9,
    "MRAcquisitionType": "3D ",
    "MagneticFieldStrength": 3,
    "Manufacturer": "SIEMENS  ",
    "ManufacturerModelName": "TrioTim  ",
    "Modality": "MRI__ ",
    "PatientPosition": "HFS  ",
    "PercentPhaseFOV": 93.75,
    "PhaseEncodingSteps": 239,
    "PixelBandwidth": 238,
    "ProtocolName": "MPRAGE ADNI_iPAT2  ",
    "PulseSequenceType": "*tfl3d1_ns ",
    "ReceiveCoilName": "HeadMatrixix\\\\ ",
    "RepetitionTime": 2.3,
    "SAR": 0.09800100163245,
    "ScanningSequence": "GR\\\\IR  ",
    "SequenceName": "*tfl3d1_ns ",
    "SequenceVariant": "SP\\\\MP  ",
    "SeriesDescription": "MPRAGE ADNI_iPAT2  ",
    "SeriesNumber": 12,
    "SliceOrder": "interleaved ",
    "SliceThickness": 1,
    "SliceTiming": null,
    "SoftwareVersions": "syngo MR B17 ",
    "dataset": "<unset>",
    "modality": "T1w",
    "run_id": 1,
    "session_id": "NAPFU24",
    "subject_id": "5817042"
  },
  "cjv": 0.38447296250701907,
  "cnr": 3.5094579517796176,
  "efc": 0.5789338517790331,
  "fber": 141.809814453125,
  "fwhm_avg": 3.20745,
  "fwhm_x": 3.30401,
  "fwhm_y": 3.33338,
  "fwhm_z": 2.98496,
  "icvs_csf": 0.2145394821753853,
  "icvs_gm": 0.41297971844393505,
  "icvs_wm": 0.37248079938067963,
  "inu_med": 1.4454443454742432,
  "inu_range": 0.3782485485076903,
  "provenance": {
    "md5sum": "e9f7f98f7b48b7c2098db3800fc95aff",
    "settings": {
      "testing": false
    },
    "software": "mriqc",
    "version": "0.16.1",
    "warnings": {
      "large_rot_frame": true,
      "small_air_mask": false
    },
    "webapi_port": null,
    "webapi_url": "https://mriqc.nimh.nih.gov/api/v1"
  },
  "qi_1": 0.0,
  "qi_2": 0.00465560117260404,
  "rpve_csf": 28.70813875471466,
  "rpve_gm": 15.346784914109644,
  "rpve_wm": 20.712565551946426,
  "size_x": 176,
  "size_y": 240,
  "size_z": 256,
  "snr_csf": 3.352094181651728,
  "snr_gm": 9.245134622731658,
  "snr_total": 10.082512471818932,
  "snr_wm": 17.650308611073406,
  "snrd_csf": 13.287471331566238,
  "snrd_gm": 27.851633497173843,
  "snrd_total": 27.534901407498552,
  "snrd_wm": 41.46559939375557,
  "spacing_x": 1.0,
  "spacing_y": 1.0,
  "spacing_z": 1.0,
  "summary_bg_k": 0.5111411967426167,
  "summary_bg_mad": 15.799341854382574,
  "summary_bg_mean": 52.349586486816406,
  "summary_bg_median": 50.9745979309082,
  "summary_bg_n": 3157835.0,
  "summary_bg_p05": 27.741296195983885,
  "summary_bg_p95": 80.87387008666988,
  "summary_bg_stdv": 16.260072708129883,
  "summary_csf_k": 0.49648173765471704,
  "summary_csf_mad": 95.07575836856844,
  "summary_csf_mean": 330.6854553222656,
  "summary_csf_median": 320.442138671875,
  "summary_csf_n": 10805.0,
  "summary_csf_p05": 193.58338012695313,
  "summary_csf_p95": 499.7684204101563,
  "summary_csf_stdv": 95.5901870727539,
  "summary_gm_k": 0.15025230760133512,
  "summary_gm_mad": 71.50307082485065,
  "summary_gm_mean": 669.353759765625,
  "summary_gm_median": 671.673095703125,
  "summary_gm_n": 9713.0,
  "summary_gm_p05": 546.07001953125,
  "summary_gm_p95": 783.5199462890625,
  "summary_gm_stdv": 72.64778137207031,
  "summary_wm_k": 0.2480560990476275,
  "summary_wm_mad": 54.72552279480611,
  "summary_wm_mean": 1000.3351440429688,
  "summary_wm_median": 999.989013671875,
  "summary_wm_n": 167194.0,
  "summary_wm_p05": 908.0689605712892,
  "summary_wm_p95": 1094.2710327148438,
  "summary_wm_stdv": 56.65544128417969,
  "tpm_overlap_csf": 0.1745191514492035,
  "tpm_overlap_gm": 0.42631399631500244,
  "tpm_overlap_wm": 0.5084072351455688,
  "wm2max": 0.5480447787333077
}