{
  "bids_meta": {
    "AcquisitionNumber": 1,
    "DeviceSerialNumber": "35442  ",
    "EchoNumber": 1,
    "EchoTime": 0.00298,
    "FlipAngle": 9,
    "ImageOrientationPatientDICOM": [
      "0.01575496264536",
      "0.99987582204824",
      "-0.0003487626834",
      "0.03728815020632",
      "-0.000936109643",
      "-0.9993041166496 "
    ],
    "ImageType": [
      "ORIGINAL",
      "PRIMARY",
      "M",
      "ND",
      "NORM "
    ],
    "ImagingFrequency": 123.247538,
    "InPlanePhaseEncodingDirectionDICOM": "ROW  ",
    "IntendedFor": [
      "ses-PREFU12/func/sub-4943065_ses-PREFU12_task-rest_run-002_bold.nii.gz",
      "ses-PREFU12/func/sub-4943065_ses-PREFU12_task-retrieval_run-001_bold.nii.gz",
      "ses-PREFU12/anat/sub-4943065_ses-PREFU12_run-001_T2star.nii.gz",
      "ses-PREFU12/fmap/sub-4943065_ses-PREFU12_run-001_phasediff.nii.gz",
      "ses-PREFU12/fmap/sub-4943065_ses-PREFU12_run-002_phasediff.nii.gz",
      "ses-PREFU12/asl/sub-4943065_ses-PREFU12_run-001_asl.nii.gz",
      "ses-PREFU12/func/sub-4943065_ses-PREFU12_task-rest_run-001_bold.nii.gz",
      "ses-PREFU12/func/sub-4943065_ses-PREFU12_task-encoding_run-001_bold.nii.gz",
      "ses-PREFU12/fmap/sub-4943065_ses-PREFU12_run-003_phasediff.nii.gz"
    ],
    "InversionTime": 0.9,
    "MRAcquisitionType": "3D ",
    "MagneticFieldStrength": 3,
    "Manufacturer": "SIEMENS  ",
    "ManufacturerModelName": "TrioTim  ",
    "Modality": "MRI__ ",
    "PatientPosition": "HFS  ",
    "PercentPhaseFOV": 93.75,
    "PhaseEncodingSteps": 239,
    "PixelBandwidth": 238,
    "ProtocolName": "MPRAGE ADNI_iPAT2  ",
    "PulseSequenceType": "*tfl3d1_ns ",
    "ReceiveCoilName": "HeadMatrixix\\\\ ",
    "RepetitionTime": 2.3,
    "SAR": 0.0849484422567,
    "ScanningSequence": "GR\\\\IR  ",
    "SequenceName": "*tfl3d1_ns ",
    "SequenceVariant": "SP\\\\MP  ",
    "SeriesDescription": "MPRAGE ADNI_iPAT2  ",
    "SeriesNumber": 12,
    "SliceOrder": "interleaved ",
    "SliceThickness": 1,
    "SliceTiming": null,
    "SoftwareVersions": "syngo MR B17 ",
    "dataset": "<unset>",
    "modality": "T1w",
    "run_id": 1,
    "session_id": "PREFU12",
    "subject_id": "4943065"
  },
  "cjv": 0.5115809394031041,
  "cnr": 2.5534983186273816,
  "efc": 0.6439891562421147,
  "fber": 82.30225372314453,
  "fwhm_avg": 3.1013866666666665,
  "fwhm_x": 3.16184,
  "fwhm_y": 3.2417,
  "fwhm_z": 2.90062,
  "icvs_csf": 0.20707425015178976,
  "icvs_gm": 0.4174136345907082,
  "icvs_wm": 0.37551211525750205,
  "inu_med": 1.3313300609588623,
  "inu_range": 0.47156913280487056,
  "provenance": {
    "md5sum": "d601e812069a949386bf93eb5178f568",
    "settings": {
      "testing": false
    },
    "software": "mriqc",
    "version": "0.16.1",
    "warnings": {
      "large_rot_frame": false,
      "small_air_mask": false
    },
    "webapi_port": null,
    "webapi_url": "https://mriqc.nimh.nih.gov/api/v1"
  },
  "qi_1": 0.0,
  "qi_2": 0.004079146303296129,
  "rpve_csf": 31.071052532675722,
  "rpve_gm": 15.719449516715935,
  "rpve_wm": 20.774585458074142,
  "size_x": 176,
  "size_y": 240,
  "size_z": 256,
  "snr_csf": 2.5350959606865744,
  "snr_gm": 8.96595486150605,
  "snr_total": 8.903552533011137,
  "snr_wm": 15.209606776840783,
  "snrd_csf": 9.356004149833828,
  "snrd_gm": 20.294665560060224,
  "snrd_total": 19.26663836859622,
  "snrd_wm": 28.149245395894603,
  "spacing_x": 1.0,
  "spacing_y": 1.0,
  "spacing_z": 1.0,
  "summary_bg_k": 1276.844987641699,
  "summary_bg_mad": 23.2739885326088,
  "summary_bg_mean": 77.72647857666016,
  "summary_bg_median": 75.25316619873047,
  "summary_bg_n": 2398419.0,
  "summary_bg_p05": 41.52601928710938,
  "summary_bg_p95": 119.90766754150391,
  "summary_bg_stdv": 33.958038330078125,
  "summary_csf_k": 2.5444837557748086,
  "summary_csf_mad": 141.1028700547749,
  "summary_csf_mean": 354.4576416015625,
  "summary_csf_median": 332.3758850097656,
  "summary_csf_n": 9615.0,
  "summary_csf_p05": 177.70599822998048,
  "summary_csf_p95": 577.3117126464844,
  "summary_csf_stdv": 131.10296630859375,
  "summary_gm_k": 0.005972421127472316,
  "summary_gm_mad": 78.45611688584398,
  "summary_gm_mean": 722.153564453125,
  "summary_gm_median": 720.976318359375,
  "summary_gm_n": 7302.0,
  "summary_gm_p05": 590.8495239257812,
  "summary_gm_p95": 859.8492584228516,
  "summary_gm_stdv": 80.40715789794922,
  "summary_wm_k": 0.12279047574273427,
  "summary_wm_mad": 64.29398088096781,
  "summary_wm_mean": 999.5657348632812,
  "summary_wm_median": 1000.0134887695312,
  "summary_wm_n": 156518.0,
  "summary_wm_p05": 890.415005493164,
  "summary_wm_p95": 1107.1561462402342,
  "summary_wm_stdv": 65.74859619140625,
  "tpm_overlap_csf": 0.17709176242351532,
  "tpm_overlap_gm": 0.43026331067085266,
  "tpm_overlap_wm": 0.49336889386177063,
  "wm2max": 0.44381598761975244
}