{
  "bids_meta": {
    "AcquisitionNumber": 1,
    "DeviceSerialNumber": "35442  ",
    "EchoNumber": 1,
    "EchoTime": 0.00298,
    "FlipAngle": 9,
    "ImageOrientationPatientDICOM": [
      "0",
      "0.99999993908387",
      "-0.0003490447892",
      "0",
      "-0.0003490447892",
      "-0.9999999390839  "
    ],
    "ImageType": [
      "ORIGINAL",
      "PRIMARY",
      "M",
      "ND",
      "NORM "
    ],
    "ImagingFrequency": 123.251423,
    "InPlanePhaseEncodingDirectionDICOM": "ROW  ",
    "IntendedFor": [
      "ses-PREEN00/fmap/sub-2496306_ses-PREEN00_run-002_phasediff.nii.gz",
      "ses-PREEN00/anat/sub-2496306_ses-PREEN00_run-001_FLAIR.nii.gz",
      "ses-PREEN00/fmap/sub-2496306_ses-PREEN00_run-001_phasediff.nii.gz",
      "ses-PREEN00/dwi/sub-2496306_ses-PREEN00_run-001_dwi.nii.gz"
    ],
    "InversionTime": 0.9,
    "MRAcquisitionType": "3D ",
    "MagneticFieldStrength": 3,
    "Manufacturer": "SIEMENS  ",
    "ManufacturerModelName": "TrioTim  ",
    "Modality": "MRI__ ",
    "PatientPosition": "HFS  ",
    "PercentPhaseFOV": 93.75,
    "PhaseEncodingSteps": 239,
    "PixelBandwidth": 238,
    "ProtocolName": "MPRAGE ADNI_iPAT2  ",
    "PulseSequenceType": "*tfl3d1_ns ",
    "ReceiveCoilName": "HeadMatrixix\\\\ ",
    "RepetitionTime": 2.3,
    "SAR": 0.08683192687746,
    "ScanningSequence": "GR\\\\IR  ",
    "SequenceName": "*tfl3d1_ns ",
    "SequenceVariant": "SP\\\\MP  ",
    "SeriesDescription": "MPRAGE ADNI_iPAT2  ",
    "SeriesNumber": 4,
    "SliceOrder": "interleaved ",
    "SliceThickness": 1,
    "SliceTiming": null,
    "SoftwareVersions": "syngo MR B17 ",
    "dataset": "<unset>",
    "modality": "T1w",
    "run_id": 1,
    "session_id": "PREEN00",
    "subject_id": "2496306"
  },
  "cjv": 0.4092438670766476,
  "cnr": 3.326349491008273,
  "efc": 0.5909094697757336,
  "fber": 188.80142211914062,
  "fwhm_avg": 3.326933333333333,
  "fwhm_x": 3.33054,
  "fwhm_y": 3.44542,
  "fwhm_z": 3.20484,
  "icvs_csf": 0.20834690302985248,
  "icvs_gm": 0.4167118685382417,
  "icvs_wm": 0.3749412284319058,
  "inu_med": 1.5569251775741577,
  "inu_range": 0.4094717383384705,
  "provenance": {
    "md5sum": "e3a7f9097d7a7d0b9b04ca130200c59b",
    "settings": {
      "testing": false
    },
    "software": "mriqc",
    "version": "0.16.1",
    "warnings": {
      "large_rot_frame": false,
      "small_air_mask": false
    },
    "webapi_port": null,
    "webapi_url": "https://mriqc.nimh.nih.gov/api/v1"
  },
  "qi_1": 0.0,
  "qi_2": 0.006945225996259463,
  "rpve_csf": 27.44082191640818,
  "rpve_gm": 14.310624573557266,
  "rpve_wm": 19.024622301680726,
  "size_x": 176,
  "size_y": 240,
  "size_z": 256,
  "snr_csf": 2.6872691411586733,
  "snr_gm": 8.731982051044772,
  "snr_total": 9.614704104251535,
  "snr_wm": 17.42486112055116,
  "snrd_csf": 13.24931262715976,
  "snrd_gm": 29.181758580150795,
  "snrd_total": 28.572583878950862,
  "snrd_wm": 43.28668042954203,
  "spacing_x": 1.0,
  "spacing_y": 1.0,
  "spacing_z": 1.0,
  "summary_bg_k": 1355.71546946225,
  "summary_bg_mad": 15.134596011051142,
  "summary_bg_mean": 44.87844467163086,
  "summary_bg_median": 43.56004333496094,
  "summary_bg_n": 3386275.0,
  "summary_bg_p05": 22.72335033416748,
  "summary_bg_p95": 73.17391662597656,
  "summary_bg_stdv": 18.505521774291992,
  "summary_csf_k": -0.2650781900787993,
  "summary_csf_mad": 117.94920042931824,
  "summary_csf_mean": 323.9262390136719,
  "summary_csf_median": 306.0782470703125,
  "summary_csf_n": 19314.0,
  "summary_csf_p05": 162.9735252380371,
  "summary_csf_p95": 528.8555450439453,
  "summary_csf_stdv": 113.89641571044922,
  "summary_gm_k": -0.08053857657892749,
  "summary_gm_mad": 77.7020565656043,
  "summary_gm_mean": 671.708251953125,
  "summary_gm_median": 674.1407470703125,
  "summary_gm_n": 14635.0,
  "summary_gm_p05": 540.1488891601563,
  "summary_gm_p95": 795.5605834960937,
  "summary_gm_stdv": 77.20099639892578,
  "summary_wm_k": 0.2537372756644194,
  "summary_wm_mad": 55.64762463846896,
  "summary_wm_mean": 999.7007446289062,
  "summary_wm_median": 999.9848022460938,
  "summary_wm_n": 191595.0,
  "summary_wm_p05": 904.9207153320312,
  "summary_wm_p95": 1093.4890869140625,
  "summary_wm_stdv": 57.38824462890625,
  "tpm_overlap_csf": 0.17736868560314178,
  "tpm_overlap_gm": 0.4398346245288849,
  "tpm_overlap_wm": 0.5125017762184143,
  "wm2max": 0.5432867320562169
}