{
  "bids_meta": {
    "AcquisitionNumber": 1,
    "DeviceSerialNumber": "35442  ",
    "EchoNumber": 1,
    "EchoTime": 0.00298,
    "FlipAngle": 9,
    "ImageOrientationPatientDICOM": [
      "-0.0219864380947",
      "0.99713123389582",
      "0.07242857812572",
      "-0.0015759053088",
      "0.07241143472992",
      "-0.9973736013364  "
    ],
    "ImageType": [
      "ORIGINAL",
      "PRIMARY",
      "M",
      "ND",
      "NORM "
    ],
    "ImagingFrequency": 123.25143,
    "InPlanePhaseEncodingDirectionDICOM": "ROW  ",
    "IntendedFor": [
      "ses-NAPFU24/anat/sub-9678578_ses-NAPFU24_run-001_FLAIR.nii.gz",
      "ses-NAPFU24/fmap/sub-9678578_ses-NAPFU24_run-002_phasediff.nii.gz",
      "ses-NAPFU24/dwi/sub-9678578_ses-NAPFU24_run-001_dwi.nii.gz",
      "ses-NAPFU24/fmap/sub-9678578_ses-NAPFU24_run-001_phasediff.nii.gz"
    ],
    "InversionTime": 0.9,
    "MRAcquisitionType": "3D ",
    "MagneticFieldStrength": 3,
    "Manufacturer": "SIEMENS  ",
    "ManufacturerModelName": "TrioTim  ",
    "Modality": "MRI__ ",
    "PatientPosition": "HFS  ",
    "PercentPhaseFOV": 93.75,
    "PhaseEncodingSteps": 239,
    "PixelBandwidth": 238,
    "ProtocolName": "MPRAGE ADNI_iPAT2  ",
    "PulseSequenceType": "*tfl3d1_ns ",
    "ReceiveCoilName": "HeadMatrixix\\\\ ",
    "RepetitionTime": 2.3,
    "SAR": 0.09124007855879,
    "ScanningSequence": "GR\\\\IR  ",
    "SequenceName": "*tfl3d1_ns ",
    "SequenceVariant": "SP\\\\MP  ",
    "SeriesDescription": "MPRAGE ADNI_iPAT2  ",
    "SeriesNumber": 4,
    "SliceOrder": "interleaved ",
    "SliceThickness": 1,
    "SliceTiming": null,
    "SoftwareVersions": "syngo MR B17 ",
    "dataset": "<unset>",
    "modality": "T1w",
    "run_id": 1,
    "session_id": "NAPFU24",
    "subject_id": "9678578"
  },
  "cjv": 0.44499853298810266,
  "cnr": 3.1084458627349965,
  "efc": 0.6595556704432325,
  "fber": 121.0118408203125,
  "fwhm_avg": 3.3716233333333334,
  "fwhm_x": 3.41229,
  "fwhm_y": 3.57,
  "fwhm_z": 3.13258,
  "icvs_csf": 0.2211833724548151,
  "icvs_gm": 0.3881262461543748,
  "icvs_wm": 0.39069038139081014,
  "inu_med": 1.230796456336975,
  "inu_range": 0.3067033290863037,
  "provenance": {
    "md5sum": "99e592da4be85f457c9e772251a1ea5d",
    "settings": {
      "testing": false
    },
    "software": "mriqc",
    "version": "0.16.1",
    "warnings": {
      "large_rot_frame": true,
      "small_air_mask": false
    },
    "webapi_port": null,
    "webapi_url": "https://mriqc.nimh.nih.gov/api/v1"
  },
  "qi_1": 0.00017110713173762912,
  "qi_2": 0.004336933312226459,
  "rpve_csf": 23.960932840405214,
  "rpve_gm": 13.548655729365382,
  "rpve_wm": 16.74835260300423,
  "size_x": 176,
  "size_y": 240,
  "size_z": 256,
  "snr_csf": 3.0504875079988687,
  "snr_gm": 8.128720486304283,
  "snr_total": 8.787319452524471,
  "snr_wm": 15.182750363270262,
  "snrd_csf": 13.111988859072818,
  "snrd_gm": 25.75133883489448,
  "snrd_total": 25.80276537401113,
  "snrd_wm": 38.54496842806609,
  "spacing_x": 1.0,
  "spacing_y": 1.0,
  "spacing_z": 1.0,
  "summary_bg_k": 11.285041620846314,
  "summary_bg_mad": 16.996185254482207,
  "summary_bg_mean": 53.05921173095703,
  "summary_bg_median": 51.5278434753418,
  "summary_bg_n": 2405385.0,
  "summary_bg_p05": 27.16365203857422,
  "summary_bg_p95": 83.93946380615233,
  "summary_bg_stdv": 17.586074829101562,
  "summary_csf_k": 0.18474054695316866,
  "summary_csf_mad": 115.23047046695638,
  "summary_csf_mean": 345.5398254394531,
  "summary_csf_median": 340.1639709472656,
  "summary_csf_n": 13281.0,
  "summary_csf_p05": 176.46881103515625,
  "summary_csf_p95": 535.8907470703125,
  "summary_csf_stdv": 111.50714874267578,
  "summary_gm_k": -0.1696282885189695,
  "summary_gm_mad": 83.0763538714,
  "summary_gm_mean": 666.7119140625,
  "summary_gm_median": 668.0662841796875,
  "summary_gm_n": 9856.0,
  "summary_gm_p05": 529.866455078125,
  "summary_gm_p95": 801.8124389648438,
  "summary_gm_stdv": 82.1817398071289,
  "summary_wm_k": 0.16499867708284954,
  "summary_wm_mad": 64.62078861486263,
  "summary_wm_mean": 1001.4802856445312,
  "summary_wm_median": 999.9710693359375,
  "summary_wm_n": 224819.0,
  "summary_wm_p05": 895.6522705078125,
  "summary_wm_p95": 1112.4130615234374,
  "summary_wm_stdv": 65.86216735839844,
  "tpm_overlap_csf": 0.1700965166091919,
  "tpm_overlap_gm": 0.4212491810321808,
  "tpm_overlap_wm": 0.5212301015853882,
  "wm2max": 0.5988618704340823
}