{
  "bids_meta": {
    "AcquisitionNumber": 1,
    "DeviceSerialNumber": "35442  ",
    "EchoNumber": 1,
    "EchoTime": 0.00298,
    "FlipAngle": 9,
    "ImageOrientationPatientDICOM": [
      "-0.0252307071968",
      "0.98920584916564",
      "0.14434403136548",
      "0.00946227579058",
      "0.14461984232644",
      "-0.989442048097 "
    ],
    "ImageType": [
      "ORIGINAL",
      "PRIMARY",
      "M",
      "ND",
      "NORM "
    ],
    "ImagingFrequency": 123.247082,
    "InPlanePhaseEncodingDirectionDICOM": "ROW  ",
    "IntendedFor": [
      "ses-NAPFU36/fmap/sub-4541749_ses-NAPFU36_run-001_phasediff.nii.gz",
      "ses-NAPFU36/anat/sub-4541749_ses-NAPFU36_run-001_FLAIR.nii.gz",
      "ses-NAPFU36/func/sub-4541749_ses-NAPFU36_task-rest_run-002_bold.nii.gz",
      "ses-NAPFU36/anat/sub-4541749_ses-NAPFU36_run-001_T2star.nii.gz",
      "ses-NAPFU36/fmap/sub-4541749_ses-NAPFU36_run-004_phasediff.nii.gz",
      "ses-NAPFU36/func/sub-4541749_ses-NAPFU36_task-rest_run-001_bold.nii.gz",
      "ses-NAPFU36/fmap/sub-4541749_ses-NAPFU36_run-003_phasediff.nii.gz",
      "ses-NAPFU36/dwi/sub-4541749_ses-NAPFU36_run-001_dwi.nii.gz",
      "ses-NAPFU36/fmap/sub-4541749_ses-NAPFU36_run-002_phasediff.nii.gz"
    ],
    "InversionTime": 0.9,
    "MRAcquisitionType": "3D ",
    "MagneticFieldStrength": 3,
    "Manufacturer": "SIEMENS  ",
    "ManufacturerModelName": "TrioTim  ",
    "Modality": "MRI__ ",
    "PatientPosition": "HFS  ",
    "PercentPhaseFOV": 93.75,
    "PhaseEncodingSteps": 239,
    "PixelBandwidth": 238,
    "ProtocolName": "MPRAGE ADNI_iPAT2  ",
    "PulseSequenceType": "*tfl3d1_ns ",
    "ReceiveCoilName": "HeadMatrixix\\\\ ",
    "RepetitionTime": 2.3,
    "SAR": 0.07583400411173,
    "ScanningSequence": "GR\\\\IR  ",
    "SequenceName": "*tfl3d1_ns ",
    "SequenceVariant": "SP\\\\MP  ",
    "SeriesDescription": "MPRAGE ADNI_iPAT2  ",
    "SeriesNumber": 4,
    "SliceOrder": "interleaved ",
    "SliceThickness": 1,
    "SliceTiming": null,
    "SoftwareVersions": "syngo MR B17 ",
    "dataset": "<unset>",
    "modality": "T1w",
    "run_id": 1,
    "session_id": "NAPFU36",
    "subject_id": "4541749"
  },
  "cjv": 0.4381403930205553,
  "cnr": 3.0510650211268286,
  "efc": 0.6068524504984364,
  "fber": 78.69629669189453,
  "fwhm_avg": 3.29909,
  "fwhm_x": 3.21566,
  "fwhm_y": 3.48077,
  "fwhm_z": 3.20084,
  "icvs_csf": 0.23664320293451005,
  "icvs_gm": 0.3987595306528564,
  "icvs_wm": 0.36459726641263357,
  "inu_med": 1.3258280754089355,
  "inu_range": 0.4171746730804444,
  "provenance": {
    "md5sum": "27fb35de6f5843a8058d93ae3e44ae6c",
    "settings": {
      "testing": false
    },
    "software": "mriqc",
    "version": "0.16.1",
    "warnings": {
      "large_rot_frame": true,
      "small_air_mask": false
    },
    "webapi_port": null,
    "webapi_url": "https://mriqc.nimh.nih.gov/api/v1"
  },
  "qi_1": 9.912143460350371e-05,
  "qi_2": 0.0034730020771032966,
  "rpve_csf": 29.363405659526926,
  "rpve_gm": 16.92540521192655,
  "rpve_wm": 22.002261998829084,
  "size_x": 176,
  "size_y": 240,
  "size_z": 256,
  "snr_csf": 3.0858861701631977,
  "snr_gm": 9.913902223187343,
  "snr_total": 9.850501835199035,
  "snr_wm": 16.551717112246568,
  "snrd_csf": 10.7980920598283,
  "snrd_gm": 21.365765296886938,
  "snrd_total": 20.803935606932708,
  "snrd_wm": 30.247949464082886,
  "spacing_x": 1.0,
  "spacing_y": 1.0,
  "spacing_z": 1.0,
  "summary_bg_k": 356.73958371325756,
  "summary_bg_mad": 21.659066056900453,
  "summary_bg_mean": 72.78559112548828,
  "summary_bg_median": 71.0530776977539,
  "summary_bg_n": 3103773.0,
  "summary_bg_p05": 39.51539077758789,
  "summary_bg_p95": 111.64824981689452,
  "summary_bg_stdv": 23.175106048583984,
  "summary_csf_k": -0.15562413938750108,
  "summary_csf_mad": 119.55905541697507,
  "summary_csf_mean": 366.5813903808594,
  "summary_csf_median": 356.9891662597656,
  "summary_csf_n": 7821.0,
  "summary_csf_p05": 194.32778930664062,
  "summary_csf_p95": 568.4990234375,
  "summary_csf_stdv": 115.67709350585938,
  "summary_gm_k": 0.2506044207052809,
  "summary_gm_mad": 69.57281033150696,
  "summary_gm_mean": 704.6275024414062,
  "summary_gm_median": 706.360595703125,
  "summary_gm_n": 6561.0,
  "summary_gm_p05": 583.872314453125,
  "summary_gm_p95": 820.161376953125,
  "summary_gm_stdv": 71.24407196044922,
  "summary_wm_k": 0.21853519936943533,
  "summary_wm_mad": 59.08645822658236,
  "summary_wm_mean": 999.7810668945312,
  "summary_wm_median": 1000.0090942382812,
  "summary_wm_n": 142884.0,
  "summary_wm_p05": 900.4685363769531,
  "summary_wm_p95": 1098.8864196777345,
  "summary_wm_stdv": 60.417030334472656,
  "tpm_overlap_csf": 0.14328604936599731,
  "tpm_overlap_gm": 0.4028736650943756,
  "tpm_overlap_wm": 0.4704257845878601,
  "wm2max": 0.4859357640049686
}