{
  "bids_meta": {
    "AcquisitionNumber": 1,
    "DeviceSerialNumber": "35442  ",
    "EchoNumber": 1,
    "EchoTime": 0.00298,
    "FlipAngle": 9,
    "ImageOrientationPatientDICOM": [
      "0.05454390732612",
      "0.99851137308175",
      "3.16373275e-008",
      "0.0031828726714",
      "-0.000173833448",
      "-0.9999949195388 "
    ],
    "ImageType": [
      "ORIGINAL",
      "PRIMARY",
      "M",
      "ND",
      "NORM "
    ],
    "ImagingFrequency": 123.247065,
    "InPlanePhaseEncodingDirectionDICOM": "ROW  ",
    "IntendedFor": [
      "ses-NAPBL00/func/sub-3974587_ses-NAPBL00_task-rest_run-002_bold.nii.gz",
      "ses-NAPBL00/func/sub-3974587_ses-NAPBL00_task-rest_run-001_bold.nii.gz",
      "ses-NAPBL00/anat/sub-3974587_ses-NAPBL00_run-001_T2star.nii.gz",
      "ses-NAPBL00/func/sub-3974587_ses-NAPBL00_task-retrieval_run-001_bold.nii.gz",
      "ses-NAPBL00/fmap/sub-3974587_ses-NAPBL00_run-002_phasediff.nii.gz",
      "ses-NAPBL00/fmap/sub-3974587_ses-NAPBL00_run-001_phasediff.nii.gz",
      "ses-NAPBL00/asl/sub-3974587_ses-NAPBL00_run-001_asl.nii.gz",
      "ses-NAPBL00/fmap/sub-3974587_ses-NAPBL00_run-003_phasediff.nii.gz",
      "ses-NAPBL00/func/sub-3974587_ses-NAPBL00_task-encoding_run-001_bold.nii.gz"
    ],
    "InversionTime": 0.9,
    "MRAcquisitionType": "3D ",
    "MagneticFieldStrength": 3,
    "Manufacturer": "SIEMENS  ",
    "ManufacturerModelName": "TrioTim  ",
    "Modality": "MRI__ ",
    "PatientPosition": "HFS  ",
    "PercentPhaseFOV": 93.75,
    "PhaseEncodingSteps": 239,
    "PixelBandwidth": 238,
    "ProtocolName": "MPRAGE ADNI_iPAT2  ",
    "PulseSequenceType": "*tfl3d1_ns ",
    "ReceiveCoilName": "HeadMatrixix\\\\ ",
    "RepetitionTime": 2.3,
    "SAR": 0.11370205216576,
    "ScanningSequence": "GR\\\\IR  ",
    "SequenceName": "*tfl3d1_ns ",
    "SequenceVariant": "SP\\\\MP  ",
    "SeriesDescription": "MPRAGE ADNI_iPAT2  ",
    "SeriesNumber": 12,
    "SliceOrder": "interleaved ",
    "SliceThickness": 1,
    "SliceTiming": null,
    "SoftwareVersions": "syngo MR B17 ",
    "dataset": "<unset>",
    "modality": "T1w",
    "run_id": 1,
    "session_id": "NAPBL00",
    "subject_id": "3974587"
  },
  "cjv": 0.426622921555959,
  "cnr": 3.16691853276081,
  "efc": 0.6136108136985788,
  "fber": 125.16770935058594,
  "fwhm_avg": 3.2273566666666667,
  "fwhm_x": 3.29564,
  "fwhm_y": 3.33751,
  "fwhm_z": 3.04892,
  "icvs_csf": 0.20134635465405493,
  "icvs_gm": 0.40503793560260165,
  "icvs_wm": 0.3936157097433434,
  "inu_med": 1.2805224657058716,
  "inu_range": 0.3564776420593263,
  "provenance": {
    "md5sum": "e439f0cc577462cfbb4fb6e58e38f90a",
    "settings": {
      "testing": false
    },
    "software": "mriqc",
    "version": "0.16.1",
    "warnings": {
      "large_rot_frame": true,
      "small_air_mask": false
    },
    "webapi_port": null,
    "webapi_url": "https://mriqc.nimh.nih.gov/api/v1"
  },
  "qi_1": 5.198225672303854e-05,
  "qi_2": 0.004331887586816034,
  "rpve_csf": 28.403437313203874,
  "rpve_gm": 14.615100013145211,
  "rpve_wm": 18.26501584193421,
  "size_x": 176,
  "size_y": 240,
  "size_z": 256,
  "snr_csf": 2.863222579426056,
  "snr_gm": 8.404433761488054,
  "snr_total": 9.272655293075056,
  "snr_wm": 16.55030953831106,
  "snrd_csf": 11.11159086893147,
  "snrd_gm": 24.325487563928668,
  "snrd_total": 23.838247614440462,
  "snrd_wm": 36.07766441046125,
  "spacing_x": 1.0,
  "spacing_y": 1.0,
  "spacing_z": 1.0,
  "summary_bg_k": 1065.2082778635267,
  "summary_bg_mad": 18.158732619375932,
  "summary_bg_mean": 59.254940032958984,
  "summary_bg_median": 57.278629302978516,
  "summary_bg_n": 2844488.0,
  "summary_bg_p05": 31.10925359725952,
  "summary_bg_p95": 93.24070816040037,
  "summary_bg_stdv": 22.218305587768555,
  "summary_csf_k": 5.043075512742698,
  "summary_csf_mad": 103.12705803980168,
  "summary_csf_mean": 326.8479309082031,
  "summary_csf_median": 307.9853515625,
  "summary_csf_n": 15894.0,
  "summary_csf_p05": 180.27496871948244,
  "summary_csf_p95": 517.6866943359374,
  "summary_csf_stdv": 107.5625991821289,
  "summary_gm_k": -0.1099351684858676,
  "summary_gm_mad": 80.30697165123732,
  "summary_gm_mean": 673.542236328125,
  "summary_gm_median": 674.2413330078125,
  "summary_gm_n": 10070.0,
  "summary_gm_p05": 539.2370574951171,
  "summary_gm_p95": 804.1563720703124,
  "summary_gm_stdv": 80.22049713134766,
  "summary_wm_k": 0.29605679636136184,
  "summary_wm_mad": 58.6615131571181,
  "summary_wm_mean": 1001.5272827148438,
  "summary_wm_median": 999.9821166992188,
  "summary_wm_n": 202470.0,
  "summary_wm_p05": 905.0684173583984,
  "summary_wm_p95": 1103.3978088378906,
  "summary_wm_stdv": 60.42060089111328,
  "tpm_overlap_csf": 0.180427685379982,
  "tpm_overlap_gm": 0.42611995339393616,
  "tpm_overlap_wm": 0.5145102739334106,
  "wm2max": 0.5242294444002242
}