{
  "bids_meta": {
    "AcquisitionNumber": 1,
    "DeviceSerialNumber": "35442  ",
    "EchoNumber": 1,
    "EchoTime": 0.00298,
    "FlipAngle": 9,
    "ImageOrientationPatientDICOM": [
      "0.01104418499157",
      "0.99916206341643",
      "-0.0394106204885",
      "0.00413697802161",
      "-0.0394583437675",
      "-0.9992126523018  "
    ],
    "ImageType": [
      "ORIGINAL",
      "PRIMARY",
      "M",
      "ND",
      "NORM "
    ],
    "ImagingFrequency": 123.247085,
    "InPlanePhaseEncodingDirectionDICOM": "ROW  ",
    "IntendedFor": [
      "ses-PREFU24/func/sub-2924615_ses-PREFU24_task-retrieval_run-001_bold.nii.gz",
      "ses-PREFU24/fmap/sub-2924615_ses-PREFU24_run-003_phasediff.nii.gz",
      "ses-PREFU24/func/sub-2924615_ses-PREFU24_task-rest_run-002_bold.nii.gz",
      "ses-PREFU24/func/sub-2924615_ses-PREFU24_task-encoding_run-001_bold.nii.gz",
      "ses-PREFU24/fmap/sub-2924615_ses-PREFU24_run-002_phasediff.nii.gz",
      "ses-PREFU24/func/sub-2924615_ses-PREFU24_task-rest_run-001_bold.nii.gz",
      "ses-PREFU24/asl/sub-2924615_ses-PREFU24_run-001_asl.nii.gz",
      "ses-PREFU24/fmap/sub-2924615_ses-PREFU24_run-001_phasediff.nii.gz",
      "ses-PREFU24/anat/sub-2924615_ses-PREFU24_run-001_T2star.nii.gz"
    ],
    "InversionTime": 0.9,
    "MRAcquisitionType": "3D ",
    "MagneticFieldStrength": 3,
    "Manufacturer": "SIEMENS  ",
    "ManufacturerModelName": "TrioTim  ",
    "Modality": "MRI__ ",
    "PatientPosition": "HFS  ",
    "PercentPhaseFOV": 93.75,
    "PhaseEncodingSteps": 239,
    "PixelBandwidth": 238,
    "ProtocolName": "MPRAGE ADNI_iPAT2  ",
    "PulseSequenceType": "*tfl3d1_ns ",
    "ReceiveCoilName": "HeadMatrixix\\\\ ",
    "RepetitionTime": 2.3,
    "SAR": 0.08779035658319,
    "ScanningSequence": "GR\\\\IR  ",
    "SequenceName": "*tfl3d1_ns ",
    "SequenceVariant": "SP\\\\MP  ",
    "SeriesDescription": "MPRAGE ADNI_iPAT2  ",
    "SeriesNumber": 12,
    "SliceOrder": "interleaved ",
    "SliceThickness": 1,
    "SliceTiming": null,
    "SoftwareVersions": "syngo MR B17 ",
    "dataset": "<unset>",
    "modality": "T1w",
    "run_id": 1,
    "session_id": "PREFU24",
    "subject_id": "2924615"
  },
  "cjv": 0.4275710665154372,
  "cnr": 3.207539931929212,
  "efc": 0.6241139710760484,
  "fber": 113.41780090332031,
  "fwhm_avg": 3.1259033333333335,
  "fwhm_x": 3.20812,
  "fwhm_y": 3.14546,
  "fwhm_z": 3.02413,
  "icvs_csf": 0.23314384233343738,
  "icvs_gm": 0.4044920117065352,
  "icvs_wm": 0.3623641459600274,
  "inu_med": 1.3126118183135986,
  "inu_range": 0.3330795526504515,
  "provenance": {
    "md5sum": "fcd4288c7ee8d30ca0197599bd00d0d1",
    "settings": {
      "testing": false
    },
    "software": "mriqc",
    "version": "0.16.1",
    "warnings": {
      "large_rot_frame": true,
      "small_air_mask": false
    },
    "webapi_port": null,
    "webapi_url": "https://mriqc.nimh.nih.gov/api/v1"
  },
  "qi_1": 0.0,
  "qi_2": 0.004614462764614675,
  "rpve_csf": 26.28489811697463,
  "rpve_gm": 14.835439431381324,
  "rpve_wm": 19.399152234730202,
  "size_x": 176,
  "size_y": 240,
  "size_z": 256,
  "snr_csf": 2.8014483717371705,
  "snr_gm": 8.018890542422039,
  "snr_total": 8.250419751330087,
  "snr_wm": 13.930920339831053,
  "snrd_csf": 10.634261487341666,
  "snrd_gm": 23.702947783025177,
  "snrd_total": 23.66320278410036,
  "snrd_wm": 36.652399081934234,
  "spacing_x": 1.0,
  "spacing_y": 1.0,
  "spacing_z": 1.0,
  "summary_bg_k": 855.7466751021952,
  "summary_bg_mad": 17.873884365229223,
  "summary_bg_mean": 54.081729888916016,
  "summary_bg_median": 51.744590759277344,
  "summary_bg_n": 2782461.0,
  "summary_bg_p05": 26.546777725219727,
  "summary_bg_p95": 88.6562271118164,
  "summary_bg_stdv": 21.83357048034668,
  "summary_csf_k": 3.6685254467931347,
  "summary_csf_mad": 90.99579705107807,
  "summary_csf_mean": 306.92449951171875,
  "summary_csf_median": 290.13128662109375,
  "summary_csf_n": 28131.0,
  "summary_csf_p05": 167.95404815673828,
  "summary_csf_p95": 500.05787658691406,
  "summary_csf_stdv": 103.56290435791016,
  "summary_gm_k": -0.10534261564689507,
  "summary_gm_mad": 81.70274789143139,
  "summary_gm_mean": 647.8518676757812,
  "summary_gm_median": 646.6802368164062,
  "summary_gm_n": 8969.0,
  "summary_gm_p05": 515.2263305664063,
  "summary_gm_p95": 781.3456298828125,
  "summary_gm_stdv": 80.64010620117188,
  "summary_wm_k": 0.5624211629387306,
  "summary_wm_mad": 69.35635619902006,
  "summary_wm_mean": 1001.54931640625,
  "summary_wm_median": 999.9761352539062,
  "summary_wm_n": 155685.0,
  "summary_wm_p05": 887.2848510742188,
  "summary_wm_p95": 1121.8533691406249,
  "summary_wm_stdv": 71.78082275390625,
  "tpm_overlap_csf": 0.15617799758911133,
  "tpm_overlap_gm": 0.38809579610824585,
  "tpm_overlap_wm": 0.45919108390808105,
  "wm2max": 0.5401771636741078
}