{
  "bids_meta": {
    "AcquisitionNumber": 1,
    "DeviceSerialNumber": "35442  ",
    "EchoNumber": 1,
    "EchoTime": 0.00298,
    "FlipAngle": 9,
    "ImageOrientationPatientDICOM": [
      "-0.0178582620272",
      "0.97988398427022",
      "0.1987673510617",
      "0.02866040351962",
      "0.19921905148889",
      "-0.9795357833147 "
    ],
    "ImageType": [
      "ORIGINAL",
      "PRIMARY",
      "M",
      "ND",
      "NORM "
    ],
    "ImagingFrequency": 123.251444,
    "InPlanePhaseEncodingDirectionDICOM": "ROW  ",
    "IntendedFor": [
      "ses-PREFU12/func/sub-6567917_ses-PREFU12_task-rest_run-001_bold.nii.gz",
      "ses-PREFU12/fmap/sub-6567917_ses-PREFU12_run-002_phasediff.nii.gz",
      "ses-PREFU12/asl/sub-6567917_ses-PREFU12_run-001_asl.nii.gz",
      "ses-PREFU12/fmap/sub-6567917_ses-PREFU12_run-003_phasediff.nii.gz",
      "ses-PREFU12/fmap/sub-6567917_ses-PREFU12_run-001_phasediff.nii.gz",
      "ses-PREFU12/func/sub-6567917_ses-PREFU12_task-rest_run-002_bold.nii.gz",
      "ses-PREFU12/anat/sub-6567917_ses-PREFU12_run-001_T2star.nii.gz",
      "ses-PREFU12/func/sub-6567917_ses-PREFU12_task-encoding_run-001_bold.nii.gz",
      "ses-PREFU12/func/sub-6567917_ses-PREFU12_task-retrieval_run-001_bold.nii.gz"
    ],
    "InversionTime": 0.9,
    "MRAcquisitionType": "3D ",
    "MagneticFieldStrength": 3,
    "Manufacturer": "SIEMENS  ",
    "ManufacturerModelName": "TrioTim  ",
    "Modality": "MRI__ ",
    "PatientPosition": "HFS  ",
    "PercentPhaseFOV": 93.75,
    "PhaseEncodingSteps": 239,
    "PixelBandwidth": 238,
    "ProtocolName": "MPRAGE ADNI_iPAT2  ",
    "PulseSequenceType": "*tfl3d1_ns ",
    "ReceiveCoilName": "HeadMatrixix\\\\ ",
    "RepetitionTime": 2.3,
    "SAR": 0.07575015653956,
    "ScanningSequence": "GR\\\\IR  ",
    "SequenceName": "*tfl3d1_ns ",
    "SequenceVariant": "SP\\\\MP  ",
    "SeriesDescription": "MPRAGE ADNI_iPAT2  ",
    "SeriesNumber": 12,
    "SliceOrder": "interleaved ",
    "SliceThickness": 1,
    "SliceTiming": null,
    "SoftwareVersions": "syngo MR B17 ",
    "dataset": "<unset>",
    "modality": "T1w",
    "run_id": 1,
    "session_id": "PREFU12",
    "subject_id": "6567917"
  },
  "cjv": 0.4593213440606642,
  "cnr": 2.8953186734746628,
  "efc": 0.6017336714721025,
  "fber": 102.29434204101562,
  "fwhm_avg": 3.0578033333333337,
  "fwhm_x": 3.08131,
  "fwhm_y": 3.19234,
  "fwhm_z": 2.89976,
  "icvs_csf": 0.1925518736599042,
  "icvs_gm": 0.42052777017270127,
  "icvs_wm": 0.38692035616739456,
  "inu_med": 1.3409993648529053,
  "inu_range": 0.4193669855594635,
  "provenance": {
    "md5sum": "0aa5eabcaa02a2afdca0947671ccf935",
    "settings": {
      "testing": false
    },
    "software": "mriqc",
    "version": "0.16.1",
    "warnings": {
      "large_rot_frame": true,
      "small_air_mask": false
    },
    "webapi_port": null,
    "webapi_url": "https://mriqc.nimh.nih.gov/api/v1"
  },
  "qi_1": 6.181518471831668e-05,
  "qi_2": 0.004266838109409208,
  "rpve_csf": 31.80797793965359,
  "rpve_gm": 15.58211028700043,
  "rpve_wm": 20.108172667737875,
  "size_x": 176,
  "size_y": 240,
  "size_z": 256,
  "snr_csf": 1.2107587804153965,
  "snr_gm": 9.415283667844681,
  "snr_total": 9.477540495646165,
  "snr_wm": 17.806579038678418,
  "snrd_csf": 12.926500152054667,
  "snrd_gm": 22.905002662384867,
  "snrd_total": 22.566791056039687,
  "snrd_wm": 31.868870353679515,
  "spacing_x": 1.0,
  "spacing_y": 1.0,
  "spacing_z": 1.0,
  "summary_bg_k": 243.68835404093886,
  "summary_bg_mad": 20.557110804997908,
  "summary_bg_mean": 68.98673248291016,
  "summary_bg_median": 67.44877624511719,
  "summary_bg_n": 3084278.0,
  "summary_bg_p05": 37.459710693359376,
  "summary_bg_p95": 105.65545997619628,
  "summary_bg_stdv": 21.377965927124023,
  "summary_csf_k": 6.2823185342610515,
  "summary_csf_mad": 168.4407238434961,
  "summary_csf_mean": 470.6761474609375,
  "summary_csf_median": 405.61248779296875,
  "summary_csf_n": 8961.0,
  "summary_csf_p05": 182.0200958251953,
  "summary_csf_p95": 1420.514892578125,
  "summary_csf_stdv": 334.9881591796875,
  "summary_gm_k": -0.022643379971178934,
  "summary_gm_mad": 74.6373121847237,
  "summary_gm_mean": 720.859375,
  "summary_gm_median": 718.7216186523438,
  "summary_gm_n": 15355.0,
  "summary_gm_p05": 596.317431640625,
  "summary_gm_p95": 851.2326416015625,
  "summary_gm_stdv": 76.33314514160156,
  "summary_wm_k": 0.21145082681774285,
  "summary_wm_mad": 54.556712099089424,
  "summary_wm_mean": 999.977294921875,
  "summary_wm_median": 999.9931640625,
  "summary_wm_n": 179164.0,
  "summary_wm_p05": 907.3207489013672,
  "summary_wm_p95": 1092.15654296875,
  "summary_wm_stdv": 56.158477783203125,
  "tpm_overlap_csf": 0.1633959263563156,
  "tpm_overlap_gm": 0.4251042604446411,
  "tpm_overlap_wm": 0.502275824546814,
  "wm2max": 0.46344025063387034
}