{
  "bids_meta": {
    "AcquisitionNumber": 1,
    "DeviceSerialNumber": "35442  ",
    "EchoNumber": 1,
    "EchoTime": 0.00298,
    "FlipAngle": 9,
    "ImageOrientationPatientDICOM": [
      "0",
      "0.99588439482783",
      "0.09063262182243",
      "0",
      "0.09063262182243",
      "-0.9958843948278  "
    ],
    "ImageType": [
      "ORIGINAL",
      "PRIMARY",
      "M",
      "ND",
      "NORM "
    ],
    "ImagingFrequency": 123.247379,
    "InPlanePhaseEncodingDirectionDICOM": "ROW  ",
    "IntendedFor": [
      "ses-NAPEN00/anat/sub-9962084_ses-NAPEN00_run-001_FLAIR.nii.gz"
    ],
    "InversionTime": 0.9,
    "MRAcquisitionType": "3D ",
    "MagneticFieldStrength": 3,
    "Manufacturer": "SIEMENS  ",
    "ManufacturerModelName": "TrioTim  ",
    "Modality": "MRI__ ",
    "PatientPosition": "HFS  ",
    "PercentPhaseFOV": 93.75,
    "PhaseEncodingSteps": 239,
    "PixelBandwidth": 238,
    "ProtocolName": "MPRAGE ADNI_iPAT2  ",
    "PulseSequenceType": "*tfl3d1_ns ",
    "ReceiveCoilName": "HeadMatrixix\\\\ ",
    "RepetitionTime": 2.3,
    "SAR": 0.07143018188194,
    "ScanningSequence": "GR\\\\IR  ",
    "SequenceName": "*tfl3d1_ns ",
    "SequenceVariant": "SP\\\\MP  ",
    "SeriesDescription": "MPRAGE ADNI_iPAT2  ",
    "SeriesNumber": 4,
    "SliceOrder": "interleaved ",
    "SliceThickness": 1,
    "SliceTiming": null,
    "SoftwareVersions": "syngo MR B17 ",
    "dataset": "<unset>",
    "modality": "T1w",
    "run_id": 1,
    "session_id": "NAPEN00",
    "subject_id": "9962084"
  },
  "cjv": 0.4480490498006655,
  "cnr": 2.9506280093135047,
  "efc": 0.605049745595619,
  "fber": 100.37569427490234,
  "fwhm_avg": 3.36969,
  "fwhm_x": 3.39419,
  "fwhm_y": 3.49209,
  "fwhm_z": 3.22279,
  "icvs_csf": 0.2165612518290414,
  "icvs_gm": 0.40701942157392834,
  "icvs_wm": 0.37641932659703026,
  "inu_med": 1.3026764392852783,
  "inu_range": 0.39802763462066637,
  "provenance": {
    "md5sum": "84f41615e1fe7abadc1c3f4ba1e3ffc6",
    "settings": {
      "testing": false
    },
    "software": "mriqc",
    "version": "0.16.1",
    "warnings": {
      "large_rot_frame": true,
      "small_air_mask": false
    },
    "webapi_port": null,
    "webapi_url": "https://mriqc.nimh.nih.gov/api/v1"
  },
  "qi_1": 0.0,
  "qi_2": 0.0041059001210482175,
  "rpve_csf": 23.87515018823592,
  "rpve_gm": 12.918149574037889,
  "rpve_wm": 16.78914023753385,
  "size_x": 176,
  "size_y": 240,
  "size_z": 256,
  "snr_csf": 2.927131031629248,
  "snr_gm": 9.42723252541993,
  "snr_total": 10.107913708340206,
  "snr_wm": 17.969377567971442,
  "snrd_csf": 12.638754464167432,
  "snrd_gm": 23.399164622466905,
  "snrd_total": 22.96513218383178,
  "snrd_wm": 32.85747746486099,
  "spacing_x": 1.0,
  "spacing_y": 1.0,
  "spacing_z": 1.0,
  "summary_bg_k": 1633.4613580744028,
  "summary_bg_mad": 19.938738698584494,
  "summary_bg_mean": 67.14442443847656,
  "summary_bg_median": 65.36494445800781,
  "summary_bg_n": 3174074.0,
  "summary_bg_p05": 36.33890762329102,
  "summary_bg_p95": 102.88613891601562,
  "summary_bg_stdv": 26.73221778869629,
  "summary_csf_k": -0.6513336641291376,
  "summary_csf_mad": 157.9623801795101,
  "summary_csf_mean": 383.63580322265625,
  "summary_csf_median": 384.65399169921875,
  "summary_csf_n": 19834.0,
  "summary_csf_p05": 186.94912567138672,
  "summary_csf_p95": 594.5120910644531,
  "summary_csf_stdv": 131.40658569335938,
  "summary_gm_k": -0.0934112115105683,
  "summary_gm_mad": 75.28821292677148,
  "summary_gm_mean": 713.123046875,
  "summary_gm_median": 712.1415405273438,
  "summary_gm_n": 18431.0,
  "summary_gm_p05": 589.7255554199219,
  "summary_gm_p95": 840.3584289550781,
  "summary_gm_stdv": 75.5388412475586,
  "summary_wm_k": 0.2625414611533432,
  "summary_wm_mad": 53.68668774424189,
  "summary_wm_mean": 999.2996215820312,
  "summary_wm_median": 1000.0004272460938,
  "summary_wm_n": 207195.0,
  "summary_wm_p05": 905.9442993164063,
  "summary_wm_p95": 1089.6612670898437,
  "summary_wm_stdv": 55.65011978149414,
  "tpm_overlap_csf": 0.14871187508106232,
  "tpm_overlap_gm": 0.4263485372066498,
  "tpm_overlap_wm": 0.4801206886768341,
  "wm2max": 0.4761675904452556
}