{
  "bids_meta": {
    "AcquisitionNumber": 1,
    "DeviceSerialNumber": "35442  ",
    "EchoNumber": 1,
    "EchoTime": 0.00298,
    "FlipAngle": 9,
    "ImageOrientationPatientDICOM": [
      "0.00551133532253",
      "0.99998475169588",
      "-0.0003486526755",
      "0.04852722361025",
      "-0.0006157010377",
      "-0.9988216705103  "
    ],
    "ImageType": [
      "ORIGINAL",
      "PRIMARY",
      "M",
      "ND",
      "NORM "
    ],
    "ImagingFrequency": 123.247505,
    "InPlanePhaseEncodingDirectionDICOM": "ROW  ",
    "IntendedFor": [
      "ses-NAPEN00/anat/sub-9249727_ses-NAPEN00_run-001_FLAIR.nii.gz",
      "ses-NAPEN00/dwi/sub-9249727_ses-NAPEN00_run-001_dwi.nii.gz",
      "ses-NAPEN00/fmap/sub-9249727_ses-NAPEN00_run-001_phasediff.nii.gz",
      "ses-NAPEN00/fmap/sub-9249727_ses-NAPEN00_run-002_phasediff.nii.gz"
    ],
    "InversionTime": 0.9,
    "MRAcquisitionType": "3D ",
    "MagneticFieldStrength": 3,
    "Manufacturer": "SIEMENS  ",
    "ManufacturerModelName": "TrioTim  ",
    "Modality": "MRI__ ",
    "PatientPosition": "HFS  ",
    "PercentPhaseFOV": 93.75,
    "PhaseEncodingSteps": 239,
    "PixelBandwidth": 238,
    "ProtocolName": "MPRAGE ADNI_iPAT2  ",
    "PulseSequenceType": "*tfl3d1_ns ",
    "ReceiveCoilName": "HeadMatrixix\\\\ ",
    "RepetitionTime": 2.3,
    "SAR": 0.11578932973607,
    "ScanningSequence": "GR\\\\IR  ",
    "SequenceName": "*tfl3d1_ns ",
    "SequenceVariant": "SP\\\\MP  ",
    "SeriesDescription": "MPRAGE ADNI_iPAT2  ",
    "SeriesNumber": 4,
    "SliceOrder": "interleaved ",
    "SliceThickness": 1,
    "SliceTiming": null,
    "SoftwareVersions": "syngo MR B17 ",
    "dataset": "<unset>",
    "modality": "T1w",
    "run_id": 1,
    "session_id": "NAPEN00",
    "subject_id": "9249727"
  },
  "cjv": 0.5082702491471182,
  "cnr": 2.6764603266068656,
  "efc": 0.6037147387438893,
  "fber": 136.2708740234375,
  "fwhm_avg": 3.292643333333333,
  "fwhm_x": 3.27589,
  "fwhm_y": 3.4349,
  "fwhm_z": 3.16714,
  "icvs_csf": 0.2016063619351715,
  "icvs_gm": 0.3984822426121085,
  "icvs_wm": 0.39991139545272,
  "inu_med": 1.4770845174789429,
  "inu_range": 0.43099427223205566,
  "provenance": {
    "md5sum": "fa156cd1e2fdd209999ca7020280d5c8",
    "settings": {
      "testing": false
    },
    "software": "mriqc",
    "version": "0.16.1",
    "warnings": {
      "large_rot_frame": true,
      "small_air_mask": false
    },
    "webapi_port": null,
    "webapi_url": "https://mriqc.nimh.nih.gov/api/v1"
  },
  "qi_1": 7.094397078817897e-05,
  "qi_2": 0.005872520651335177,
  "rpve_csf": 27.157989005456795,
  "rpve_gm": 14.177946943912477,
  "rpve_wm": 17.34300918894228,
  "size_x": 176,
  "size_y": 240,
  "size_z": 256,
  "snr_csf": 2.880941717179901,
  "snr_gm": 9.752146388464041,
  "snr_total": 9.890153878451642,
  "snr_wm": 17.037373529710983,
  "snrd_csf": 13.302555569189787,
  "snrd_gm": 26.308245517951924,
  "snrd_total": 25.091465353216787,
  "snrd_wm": 35.66359497250865,
  "spacing_x": 1.0,
  "spacing_y": 1.0,
  "spacing_z": 1.0,
  "summary_bg_k": 1259.9487110140308,
  "summary_bg_mad": 18.370124919489932,
  "summary_bg_mean": 60.2069091796875,
  "summary_bg_median": 58.636226654052734,
  "summary_bg_n": 3283452.0,
  "summary_bg_p05": 32.01744041442871,
  "summary_bg_p95": 93.39675064086913,
  "summary_bg_stdv": 20.968910217285156,
  "summary_csf_k": -0.8179068577897306,
  "summary_csf_mad": 157.97161024703252,
  "summary_csf_mean": 380.1480712890625,
  "summary_csf_median": 373.0057067871094,
  "summary_csf_n": 12000.0,
  "summary_csf_p05": 187.89662704467776,
  "summary_csf_p95": 587.5476348876952,
  "summary_csf_stdv": 129.4681396484375,
  "summary_gm_k": -0.1481634878348541,
  "summary_gm_mad": 76.72561496167457,
  "summary_gm_mean": 738.8215942382812,
  "summary_gm_median": 737.687255859375,
  "summary_gm_n": 14530.0,
  "summary_gm_p05": 615.5090759277343,
  "summary_gm_p95": 866.6524932861328,
  "summary_gm_stdv": 75.64097595214844,
  "summary_wm_k": 0.2850959811594187,
  "summary_wm_mad": 56.606601506792515,
  "summary_wm_mean": 1000.8217163085938,
  "summary_wm_median": 1000.0126953125,
  "summary_wm_n": 216792.0,
  "summary_wm_p05": 905.4259857177734,
  "summary_wm_p95": 1098.5178771972655,
  "summary_wm_stdv": 58.69510269165039,
  "tpm_overlap_csf": 0.17102661728858948,
  "tpm_overlap_gm": 0.42835357785224915,
  "tpm_overlap_wm": 0.5124149322509766,
  "wm2max": 0.47342982281299684
}