{
  "bids_meta": {
    "AcquisitionNumber": 1,
    "DeviceSerialNumber": "35442  ",
    "EchoNumber": 1,
    "EchoTime": 0.00298,
    "FlipAngle": 9,
    "ImageOrientationPatientDICOM": [
      "0.03363969020255",
      "0.99300247043462",
      "-0.1132009936079",
      "0.00241417644013",
      "-0.1133455035528",
      "-0.9935527004525  "
    ],
    "ImageType": [
      "ORIGINAL",
      "PRIMARY",
      "M",
      "ND",
      "NORM "
    ],
    "ImagingFrequency": 123.246923,
    "InPlanePhaseEncodingDirectionDICOM": "ROW  ",
    "IntendedFor": [
      "ses-NAPFU24/func/sub-9023102_ses-NAPFU24_task-encoding_run-001_bold.nii.gz",
      "ses-NAPFU24/func/sub-9023102_ses-NAPFU24_task-retrieval_run-001_bold.nii.gz",
      "ses-NAPFU24/fmap/sub-9023102_ses-NAPFU24_run-002_phasediff.nii.gz",
      "ses-NAPFU24/fmap/sub-9023102_ses-NAPFU24_run-003_phasediff.nii.gz",
      "ses-NAPFU24/func/sub-9023102_ses-NAPFU24_task-rest_run-002_bold.nii.gz",
      "ses-NAPFU24/fmap/sub-9023102_ses-NAPFU24_run-001_phasediff.nii.gz",
      "ses-NAPFU24/func/sub-9023102_ses-NAPFU24_task-rest_run-001_bold.nii.gz",
      "ses-NAPFU24/asl/sub-9023102_ses-NAPFU24_run-001_asl.nii.gz",
      "ses-NAPFU24/anat/sub-9023102_ses-NAPFU24_run-001_T2star.nii.gz"
    ],
    "InversionTime": 0.9,
    "MRAcquisitionType": "3D ",
    "MagneticFieldStrength": 3,
    "Manufacturer": "SIEMENS  ",
    "ManufacturerModelName": "TrioTim  ",
    "Modality": "MRI__ ",
    "PatientPosition": "HFS  ",
    "PercentPhaseFOV": 93.75,
    "PhaseEncodingSteps": 239,
    "PixelBandwidth": 238,
    "ProtocolName": "MPRAGE ADNI_iPAT2  ",
    "PulseSequenceType": "*tfl3d1_ns ",
    "ReceiveCoilName": "HeadMatrixix\\\\ ",
    "RepetitionTime": 2.3,
    "SAR": 0.10869151886635,
    "ScanningSequence": "GR\\\\IR  ",
    "SequenceName": "*tfl3d1_ns ",
    "SequenceVariant": "SP\\\\MP  ",
    "SeriesDescription": "MPRAGE ADNI_iPAT2  ",
    "SeriesNumber": 12,
    "SliceOrder": "interleaved ",
    "SliceThickness": 1,
    "SliceTiming": null,
    "SoftwareVersions": "syngo MR B17 ",
    "dataset": "<unset>",
    "modality": "T1w",
    "run_id": 1,
    "session_id": "NAPFU24",
    "subject_id": "9023102"
  },
  "cjv": 0.5498832053979185,
  "cnr": 2.3878519987577067,
  "efc": 0.6908758178548955,
  "fber": 77.94892883300781,
  "fwhm_avg": 2.982533333333333,
  "fwhm_x": 3.03397,
  "fwhm_y": 3.12684,
  "fwhm_z": 2.78679,
  "icvs_csf": 0.23185523913830017,
  "icvs_gm": 0.385195916152624,
  "icvs_wm": 0.38294884470907586,
  "inu_med": 1.1997822523117065,
  "inu_range": 0.26838964223861694,
  "provenance": {
    "md5sum": "c5856577d1ba20744a46c6db708c47f0",
    "settings": {
      "testing": false
    },
    "software": "mriqc",
    "version": "0.16.1",
    "warnings": {
      "large_rot_frame": true,
      "small_air_mask": false
    },
    "webapi_port": null,
    "webapi_url": "https://mriqc.nimh.nih.gov/api/v1"
  },
  "qi_1": 1.0083937979459738e-05,
  "qi_2": 0.0030693403995725333,
  "rpve_csf": 23.95135740549031,
  "rpve_gm": 13.767307595438629,
  "rpve_wm": 16.757795985149613,
  "size_x": 176,
  "size_y": 240,
  "size_z": 256,
  "snr_csf": 2.562348140708638,
  "snr_gm": 8.026196005955144,
  "snr_total": 7.82961633838165,
  "snr_wm": 12.90030486848117,
  "snrd_csf": 8.771474969569246,
  "snrd_gm": 19.721293671393855,
  "snrd_total": 18.796489997716474,
  "snrd_wm": 27.896701352186312,
  "spacing_x": 1.0,
  "spacing_y": 1.0,
  "spacing_z": 1.0,
  "summary_bg_k": 653.1617285570164,
  "summary_bg_mad": 23.48456641500023,
  "summary_bg_mean": 77.04882049560547,
  "summary_bg_median": 73.43219757080078,
  "summary_bg_n": 2558964.0,
  "summary_bg_p05": 40.08332233428955,
  "summary_bg_p95": 122.1332260131836,
  "summary_bg_stdv": 36.01786804199219,
  "summary_csf_k": 29.170560179702335,
  "summary_csf_mad": 100.51508466723973,
  "summary_csf_mean": 331.52215576171875,
  "summary_csf_median": 314.42962646484375,
  "summary_csf_n": 24230.0,
  "summary_csf_p05": 177.07292251586915,
  "summary_csf_p95": 537.7619415283202,
  "summary_csf_stdv": 122.708984375,
  "summary_gm_k": 0.0908081948480981,
  "summary_gm_mad": 86.22380689655026,
  "summary_gm_mean": 707.7346801757812,
  "summary_gm_median": 706.9459838867188,
  "summary_gm_n": 4894.0,
  "summary_gm_p05": 560.8736877441406,
  "summary_gm_p95": 854.4610290527341,
  "summary_gm_stdv": 88.07083129882812,
  "summary_wm_k": 0.517325947436595,
  "summary_wm_mad": 74.9263399853772,
  "summary_wm_mean": 1003.6849365234375,
  "summary_wm_median": 1000.0084838867188,
  "summary_wm_n": 193665.0,
  "summary_wm_p05": 883.0597290039062,
  "summary_wm_p95": 1137.2828857421875,
  "summary_wm_stdv": 77.51800537109375,
  "tpm_overlap_csf": 0.1536894142627716,
  "tpm_overlap_gm": 0.379376083612442,
  "tpm_overlap_wm": 0.4725255072116852,
  "wm2max": 0.48759645587923
}