{
  "bids_meta": {
    "AcquisitionNumber": 1,
    "DeviceSerialNumber": "35442  ",
    "EchoNumber": 1,
    "EchoTime": 0.00298,
    "FlipAngle": 9,
    "ImageOrientationPatientDICOM": [
      "0.01291217775132",
      "0.99611558279565",
      "0.08710350955849",
      "0.03587614816671",
      "0.08659316741525",
      "-0.9955975719887  "
    ],
    "ImageType": [
      "ORIGINAL",
      "PRIMARY",
      "M",
      "ND",
      "NORM "
    ],
    "ImagingFrequency": 123.24712,
    "InPlanePhaseEncodingDirectionDICOM": "ROW  ",
    "IntendedFor": [
      "ses-PREBL00/fmap/sub-6743559_ses-PREBL00_run-002_phasediff.nii.gz",
      "ses-PREBL00/fmap/sub-6743559_ses-PREBL00_run-003_phasediff.nii.gz",
      "ses-PREBL00/func/sub-6743559_ses-PREBL00_task-rest_run-002_bold.nii.gz",
      "ses-PREBL00/func/sub-6743559_ses-PREBL00_task-rest_run-001_bold.nii.gz",
      "ses-PREBL00/anat/sub-6743559_ses-PREBL00_run-001_T2star.nii.gz",
      "ses-PREBL00/asl/sub-6743559_ses-PREBL00_run-001_asl.nii.gz",
      "ses-PREBL00/func/sub-6743559_ses-PREBL00_task-encoding_run-001_bold.nii.gz",
      "ses-PREBL00/func/sub-6743559_ses-PREBL00_task-retrieval_run-001_bold.nii.gz",
      "ses-PREBL00/fmap/sub-6743559_ses-PREBL00_run-001_phasediff.nii.gz"
    ],
    "InversionTime": 0.9,
    "MRAcquisitionType": "3D ",
    "MagneticFieldStrength": 3,
    "Manufacturer": "SIEMENS  ",
    "ManufacturerModelName": "TrioTim  ",
    "Modality": "MRI__ ",
    "PatientPosition": "HFS  ",
    "PercentPhaseFOV": 93.75,
    "PhaseEncodingSteps": 239,
    "PixelBandwidth": 238,
    "ProtocolName": "MPRAGE ADNI_iPAT2  ",
    "PulseSequenceType": "*tfl3d1_ns ",
    "ReceiveCoilName": "HeadMatrixix\\\\ ",
    "RepetitionTime": 2.3,
    "SAR": 0.08089075376629,
    "ScanningSequence": "GR\\\\IR  ",
    "SequenceName": "*tfl3d1_ns ",
    "SequenceVariant": "SP\\\\MP  ",
    "SeriesDescription": "MPRAGE ADNI_iPAT2  ",
    "SeriesNumber": 12,
    "SliceOrder": "interleaved ",
    "SliceThickness": 1,
    "SliceTiming": null,
    "SoftwareVersions": "syngo MR B17 ",
    "dataset": "<unset>",
    "modality": "T1w",
    "run_id": 1,
    "session_id": "PREBL00",
    "subject_id": "6743559"
  },
  "cjv": 0.3985679663787148,
  "cnr": 3.333620749205587,
  "efc": 0.604802142412782,
  "fber": 120.05078887939453,
  "fwhm_avg": 3.1946766666666666,
  "fwhm_x": 3.26887,
  "fwhm_y": 3.30172,
  "fwhm_z": 3.01344,
  "icvs_csf": 0.19693942009209794,
  "icvs_gm": 0.4097829266972714,
  "icvs_wm": 0.3932776532106307,
  "inu_med": 1.3715310096740723,
  "inu_range": 0.41098744869232173,
  "provenance": {
    "md5sum": "8d82a51cdd5fc14fceb442897080692c",
    "settings": {
      "testing": false
    },
    "software": "mriqc",
    "version": "0.16.1",
    "warnings": {
      "large_rot_frame": true,
      "small_air_mask": false
    },
    "webapi_port": null,
    "webapi_url": "https://mriqc.nimh.nih.gov/api/v1"
  },
  "qi_1": 0.0,
  "qi_2": 0.005532821751091915,
  "rpve_csf": 26.09671661969639,
  "rpve_gm": 13.16995126845349,
  "rpve_wm": 16.565847652959526,
  "size_x": 176,
  "size_y": 240,
  "size_z": 256,
  "snr_csf": 2.432513161408534,
  "snr_gm": 9.013321223337778,
  "snr_total": 9.764260421125499,
  "snr_wm": 17.846946878630185,
  "snrd_csf": 11.790291727207833,
  "snrd_gm": 23.957061370464707,
  "snrd_total": 23.655967175549062,
  "snrd_wm": 35.220548428974645,
  "spacing_x": 1.0,
  "spacing_y": 1.0,
  "spacing_z": 1.0,
  "summary_bg_k": 12.832002156698218,
  "summary_bg_mad": 18.600851156996967,
  "summary_bg_mean": 60.34530258178711,
  "summary_bg_median": 58.86119079589844,
  "summary_bg_n": 3024716.0,
  "summary_bg_p05": 31.615145683288574,
  "summary_bg_p95": 93.66458511352539,
  "summary_bg_stdv": 19.196420669555664,
  "summary_csf_k": 22.28506531686861,
  "summary_csf_mad": 130.81973779434549,
  "summary_csf_mean": 354.4509582519531,
  "summary_csf_median": 334.75390625,
  "summary_csf_n": 15192.0,
  "summary_csf_p05": 183.55207748413085,
  "summary_csf_p95": 555.0708068847655,
  "summary_csf_stdv": 137.61195373535156,
  "summary_gm_k": 0.041009259014341826,
  "summary_gm_mad": 73.0779737185806,
  "summary_gm_mean": 678.4385986328125,
  "summary_gm_median": 680.1968994140625,
  "summary_gm_n": 14145.0,
  "summary_gm_p05": 549.0560180664063,
  "summary_gm_p95": 799.9666381835937,
  "summary_gm_stdv": 75.46306610107422,
  "summary_wm_k": 0.2999714020731261,
  "summary_wm_mad": 54.38274342446314,
  "summary_wm_mean": 999.2457885742188,
  "summary_wm_median": 999.9935913085938,
  "summary_wm_n": 212251.0,
  "summary_wm_p05": 906.0343933105469,
  "summary_wm_p95": 1089.5964965820312,
  "summary_wm_stdv": 56.03150177001953,
  "tpm_overlap_csf": 0.15814562141895294,
  "tpm_overlap_gm": 0.4261223077774048,
  "tpm_overlap_wm": 0.4982462525367737,
  "wm2max": 0.503684434656495
}