{
  "bids_meta": {
    "AcquisitionNumber": 1,
    "DeviceSerialNumber": "35442  ",
    "EchoNumber": 1,
    "EchoTime": 0.00298,
    "FlipAngle": 9,
    "ImageOrientationPatientDICOM": [
      "0.00812484893249",
      "0.99974787042534",
      "0.02093280702221",
      "0.03039923316945",
      "0.02067687943426",
      "-0.9993239481167  "
    ],
    "ImageType": [
      "ORIGINAL",
      "PRIMARY",
      "M",
      "ND",
      "NORM "
    ],
    "ImagingFrequency": 123.247164,
    "InPlanePhaseEncodingDirectionDICOM": "ROW  ",
    "IntendedFor": [
      "ses-PREBL00/func/sub-5360989_ses-PREBL00_task-rest_run-002_bold.nii.gz",
      "ses-PREBL00/fmap/sub-5360989_ses-PREBL00_run-003_phasediff.nii.gz",
      "ses-PREBL00/func/sub-5360989_ses-PREBL00_task-encoding_run-001_bold.nii.gz",
      "ses-PREBL00/asl/sub-5360989_ses-PREBL00_run-001_asl.nii.gz",
      "ses-PREBL00/anat/sub-5360989_ses-PREBL00_run-001_T2star.nii.gz",
      "ses-PREBL00/fmap/sub-5360989_ses-PREBL00_run-001_phasediff.nii.gz",
      "ses-PREBL00/func/sub-5360989_ses-PREBL00_task-retrieval_run-001_bold.nii.gz",
      "ses-PREBL00/fmap/sub-5360989_ses-PREBL00_run-002_phasediff.nii.gz",
      "ses-PREBL00/func/sub-5360989_ses-PREBL00_task-rest_run-001_bold.nii.gz"
    ],
    "InversionTime": 0.9,
    "MRAcquisitionType": "3D ",
    "MagneticFieldStrength": 3,
    "Manufacturer": "SIEMENS  ",
    "ManufacturerModelName": "TrioTim  ",
    "Modality": "MRI__ ",
    "PatientPosition": "HFS  ",
    "PercentPhaseFOV": 93.75,
    "PhaseEncodingSteps": 239,
    "PixelBandwidth": 238,
    "ProtocolName": "MPRAGE ADNI_iPAT2  ",
    "PulseSequenceType": "*tfl3d1_ns ",
    "ReceiveCoilName": "HeadMatrixix\\\\ ",
    "RepetitionTime": 2.3,
    "SAR": 0.08841065214681,
    "ScanningSequence": "GR\\\\IR  ",
    "SequenceName": "*tfl3d1_ns ",
    "SequenceVariant": "SP\\\\MP  ",
    "SeriesDescription": "MPRAGE ADNI_iPAT2  ",
    "SeriesNumber": 12,
    "SliceOrder": "interleaved ",
    "SliceThickness": 1,
    "SliceTiming": null,
    "SoftwareVersions": "syngo MR B17 ",
    "dataset": "<unset>",
    "modality": "T1w",
    "run_id": 1,
    "session_id": "PREBL00",
    "subject_id": "5360989"
  },
  "cjv": 0.43899906463178096,
  "cnr": 3.010658878162627,
  "efc": 0.6058147684572809,
  "fber": 105.51139068603516,
  "fwhm_avg": 3.38193,
  "fwhm_x": 3.43035,
  "fwhm_y": 3.54215,
  "fwhm_z": 3.17329,
  "icvs_csf": 0.20706100149838613,
  "icvs_gm": 0.39801370533709995,
  "icvs_wm": 0.3949252931645139,
  "inu_med": 1.322709083557129,
  "inu_range": 0.39567211866378793,
  "provenance": {
    "md5sum": "b2d880c51ae22d42291a21eeb4dac101",
    "settings": {
      "testing": false
    },
    "software": "mriqc",
    "version": "0.16.1",
    "warnings": {
      "large_rot_frame": true,
      "small_air_mask": false
    },
    "webapi_port": null,
    "webapi_url": "https://mriqc.nimh.nih.gov/api/v1"
  },
  "qi_1": 2.212073370049538e-06,
  "qi_2": 0.004222225470506235,
  "rpve_csf": 26.81738967464641,
  "rpve_gm": 14.313030640593754,
  "rpve_wm": 17.993274710331928,
  "size_x": 176,
  "size_y": 240,
  "size_z": 256,
  "snr_csf": 3.025040133722005,
  "snr_gm": 9.618441845295747,
  "snr_total": 10.383608123795137,
  "snr_wm": 18.507342392367658,
  "snrd_csf": 11.920959858955102,
  "snrd_gm": 24.316909578483852,
  "snrd_total": 23.449810181719567,
  "snrd_wm": 34.111561107719744,
  "spacing_x": 1.0,
  "spacing_y": 1.0,
  "spacing_z": 1.0,
  "summary_bg_k": 1938.7948953430239,
  "summary_bg_mad": 19.20564397902229,
  "summary_bg_mean": 63.092079162597656,
  "summary_bg_median": 61.48105239868164,
  "summary_bg_n": 2943537.0,
  "summary_bg_p05": 33.4624267578125,
  "summary_bg_p95": 97.06427307128905,
  "summary_bg_stdv": 26.153423309326172,
  "summary_csf_k": -0.6960931318335826,
  "summary_csf_mad": 135.48807067096203,
  "summary_csf_mean": 357.41741943359375,
  "summary_csf_median": 349.4687805175781,
  "summary_csf_n": 11318.0,
  "summary_csf_p05": 186.77179946899415,
  "summary_csf_p95": 547.4666259765625,
  "summary_csf_stdv": 115.52023315429688,
  "summary_gm_k": -0.06431383221740905,
  "summary_gm_mad": 74.22906267857209,
  "summary_gm_mean": 711.904052734375,
  "summary_gm_median": 712.8621215820312,
  "summary_gm_n": 13100.0,
  "summary_gm_p05": 587.4518280029297,
  "summary_gm_p95": 832.1074920654297,
  "summary_gm_stdv": 74.11126708984375,
  "summary_wm_k": 0.35955811634425494,
  "summary_wm_mad": 51.822938031574566,
  "summary_wm_mean": 999.620849609375,
  "summary_wm_median": 999.9971313476562,
  "summary_wm_n": 210213.0,
  "summary_wm_p05": 910.0398071289062,
  "summary_wm_p95": 1087.46337890625,
  "summary_wm_stdv": 54.032325744628906,
  "tpm_overlap_csf": 0.17553579807281494,
  "tpm_overlap_gm": 0.4290076196193695,
  "tpm_overlap_wm": 0.5050889849662781,
  "wm2max": 0.48816383236623395
}