{
  "bids_meta": {
    "AcquisitionNumber": 1,
    "DeviceSerialNumber": "35442  ",
    "EchoNumber": 1,
    "EchoTime": 0.00298,
    "FlipAngle": 9,
    "ImageOrientationPatientDICOM": [
      "0.06549134642611",
      "0.99564987819657",
      "0.06627370210306",
      "0.00713468688275",
      "0.06594735941384",
      "-0.9977975957224  "
    ],
    "ImageType": [
      "ORIGINAL",
      "PRIMARY",
      "M",
      "ND",
      "NORM "
    ],
    "ImagingFrequency": 123.251503,
    "InPlanePhaseEncodingDirectionDICOM": "ROW  ",
    "IntendedFor": [
      "ses-PREFU36/fmap/sub-2924615_ses-PREFU36_run-002_phasediff.nii.gz",
      "ses-PREFU36/anat/sub-2924615_ses-PREFU36_run-001_FLAIR.nii.gz",
      "ses-PREFU36/dwi/sub-2924615_ses-PREFU36_run-001_dwi.nii.gz",
      "ses-PREFU36/asl/sub-2924615_ses-PREFU36_run-001_asl.nii.gz",
      "ses-PREFU36/anat/sub-2924615_ses-PREFU36_run-001_T2star.nii.gz",
      "ses-PREFU36/fmap/sub-2924615_ses-PREFU36_run-004_phasediff.nii.gz",
      "ses-PREFU36/func/sub-2924615_ses-PREFU36_task-rest_run-002_bold.nii.gz",
      "ses-PREFU36/fmap/sub-2924615_ses-PREFU36_run-001_phasediff.nii.gz",
      "ses-PREFU36/fmap/sub-2924615_ses-PREFU36_run-003_phasediff.nii.gz",
      "ses-PREFU36/func/sub-2924615_ses-PREFU36_task-rest_run-001_bold.nii.gz"
    ],
    "InversionTime": 0.9,
    "MRAcquisitionType": "3D ",
    "MagneticFieldStrength": 3,
    "Manufacturer": "SIEMENS  ",
    "ManufacturerModelName": "TrioTim  ",
    "Modality": "MRI__ ",
    "PatientPosition": "HFS  ",
    "PercentPhaseFOV": 93.75,
    "PhaseEncodingSteps": 239,
    "PixelBandwidth": 238,
    "ProtocolName": "MPRAGE ADNI_iPAT2  ",
    "PulseSequenceType": "*tfl3d1_ns ",
    "ReceiveCoilName": "HeadMatrixix\\\\ ",
    "RepetitionTime": 2.3,
    "SAR": 0.07817118062366,
    "ScanningSequence": "GR\\\\IR  ",
    "SequenceName": "*tfl3d1_ns ",
    "SequenceVariant": "SP\\\\MP  ",
    "SeriesDescription": "MPRAGE ADNI_iPAT2  ",
    "SeriesNumber": 13,
    "SliceOrder": "interleaved ",
    "SliceThickness": 1,
    "SliceTiming": null,
    "SoftwareVersions": "syngo MR B17 ",
    "dataset": "<unset>",
    "modality": "T1w",
    "run_id": 1,
    "session_id": "PREFU36",
    "subject_id": "2924615"
  },
  "cjv": 0.42671732119189,
  "cnr": 3.158720328377089,
  "efc": 0.6133296074190727,
  "fber": 104.38818359375,
  "fwhm_avg": 3.134533333333333,
  "fwhm_x": 3.22623,
  "fwhm_y": 3.16497,
  "fwhm_z": 3.0124,
  "icvs_csf": 0.22666399542594787,
  "icvs_gm": 0.41359163801393967,
  "icvs_wm": 0.35974436656011244,
  "inu_med": 1.3917803764343262,
  "inu_range": 0.34732515811920184,
  "provenance": {
    "md5sum": "4631933188445067ce074318666ffc2a",
    "settings": {
      "testing": false
    },
    "software": "mriqc",
    "version": "0.16.1",
    "warnings": {
      "large_rot_frame": true,
      "small_air_mask": false
    },
    "webapi_port": null,
    "webapi_url": "https://mriqc.nimh.nih.gov/api/v1"
  },
  "qi_1": 0.0,
  "qi_2": 0.005081025418999869,
  "rpve_csf": 28.432545392982604,
  "rpve_gm": 15.508936980393353,
  "rpve_wm": 20.880965053711222,
  "size_x": 176,
  "size_y": 240,
  "size_z": 256,
  "snr_csf": 2.8100431711659235,
  "snr_gm": 8.344999225588404,
  "snr_total": 8.801698207423534,
  "snr_wm": 15.250052225516274,
  "snrd_csf": 9.98002259035536,
  "snrd_gm": 22.44351936468314,
  "snrd_total": 22.07501489485578,
  "snrd_wm": 33.80150272952883,
  "spacing_x": 1.0,
  "spacing_y": 1.0,
  "spacing_z": 1.0,
  "summary_bg_k": 1615.3534045787417,
  "summary_bg_mad": 19.381643042276362,
  "summary_bg_mean": 60.50847625732422,
  "summary_bg_median": 58.53194808959961,
  "summary_bg_n": 3157981.0,
  "summary_bg_p05": 30.767822265625,
  "summary_bg_p95": 95.46105194091797,
  "summary_bg_stdv": 26.19935417175293,
  "summary_csf_k": 0.6458761751739157,
  "summary_csf_mad": 93.5746055241599,
  "summary_csf_mean": 316.1734924316406,
  "summary_csf_median": 295.2503356933594,
  "summary_csf_n": 22067.0,
  "summary_csf_p05": 176.78845672607423,
  "summary_csf_p95": 518.7064086914063,
  "summary_csf_stdv": 105.06729888916016,
  "summary_gm_k": -0.18226697971445072,
  "summary_gm_mad": 80.06024832672831,
  "summary_gm_mean": 661.8202514648438,
  "summary_gm_median": 663.9721069335938,
  "summary_gm_n": 9448.0,
  "summary_gm_p05": 526.0028106689454,
  "summary_gm_p95": 789.8860046386719,
  "summary_gm_stdv": 79.5610580444336,
  "summary_wm_k": 0.25310238577002453,
  "summary_wm_mad": 63.32364740995733,
  "summary_wm_mean": 1001.498046875,
  "summary_wm_median": 999.9882202148438,
  "summary_wm_n": 150436.0,
  "summary_wm_p05": 896.4783325195312,
  "summary_wm_p95": 1112.1243591308594,
  "summary_wm_stdv": 65.57255554199219,
  "tpm_overlap_csf": 0.15789440274238586,
  "tpm_overlap_gm": 0.39716067910194397,
  "tpm_overlap_wm": 0.4679444134235382,
  "wm2max": 0.5471851886028388
}