{
  "bids_meta": {
    "AcquisitionNumber": 1,
    "DeviceSerialNumber": "35442  ",
    "EchoNumber": 1,
    "EchoTime": 0.00298,
    "FlipAngle": 9,
    "ImageOrientationPatientDICOM": [
      "0.01242547373568",
      "0.99992280082136",
      "3.58575397e-008",
      "0.06791865904694",
      "-0.0008439508917",
      "-0.9976905048662 "
    ],
    "ImageType": [
      "ORIGINAL",
      "PRIMARY",
      "M",
      "ND",
      "NORM "
    ],
    "ImagingFrequency": 123.247256,
    "InPlanePhaseEncodingDirectionDICOM": "ROW  ",
    "IntendedFor": [
      "ses-NAPBL00/fmap/sub-9142946_ses-NAPBL00_run-002_phasediff.nii.gz",
      "ses-NAPBL00/fmap/sub-9142946_ses-NAPBL00_run-003_phasediff.nii.gz",
      "ses-NAPBL00/func/sub-9142946_ses-NAPBL00_task-rest_run-001_bold.nii.gz",
      "ses-NAPBL00/asl/sub-9142946_ses-NAPBL00_run-001_asl.nii.gz",
      "ses-NAPBL00/fmap/sub-9142946_ses-NAPBL00_run-001_phasediff.nii.gz",
      "ses-NAPBL00/anat/sub-9142946_ses-NAPBL00_run-001_T2star.nii.gz",
      "ses-NAPBL00/func/sub-9142946_ses-NAPBL00_task-retrieval_run-001_bold.nii.gz",
      "ses-NAPBL00/func/sub-9142946_ses-NAPBL00_task-encoding_run-001_bold.nii.gz",
      "ses-NAPBL00/anat/sub-9142946_ses-NAPBL00_run-002_T1w.nii.gz",
      "ses-NAPBL00/func/sub-9142946_ses-NAPBL00_task-rest_run-002_bold.nii.gz"
    ],
    "InversionTime": 0.9,
    "MRAcquisitionType": "3D ",
    "MagneticFieldStrength": 3,
    "Manufacturer": "SIEMENS  ",
    "ManufacturerModelName": "TrioTim  ",
    "Modality": "MRI__ ",
    "PatientPosition": "HFS  ",
    "PercentPhaseFOV": 93.75,
    "PhaseEncodingSteps": 239,
    "PixelBandwidth": 238,
    "ProtocolName": "MPRAGE ADNI_iPAT2  ",
    "PulseSequenceType": "*tfl3d1_ns ",
    "ReceiveCoilName": "HeadMatrixix\\\\ ",
    "RepetitionTime": 2.3,
    "SAR": 0.11544084462031,
    "ScanningSequence": "GR\\\\IR  ",
    "SequenceName": "*tfl3d1_ns ",
    "SequenceVariant": "SP\\\\MP  ",
    "SeriesDescription": "MPRAGE ADNI_iPAT2  ",
    "SeriesNumber": 12,
    "SliceOrder": "interleaved ",
    "SliceThickness": 1,
    "SliceTiming": null,
    "SoftwareVersions": "syngo MR B17 ",
    "dataset": "<unset>",
    "modality": "T1w",
    "run_id": 1,
    "session_id": "NAPBL00",
    "subject_id": "9142946"
  },
  "cjv": 0.5290021106632113,
  "cnr": 2.5317807293916026,
  "efc": 0.6637240133568345,
  "fber": 87.73181915283203,
  "fwhm_avg": 3.12875,
  "fwhm_x": 3.19212,
  "fwhm_y": 3.20514,
  "fwhm_z": 2.98899,
  "icvs_csf": 0.21524224429062033,
  "icvs_gm": 0.3825582064584209,
  "icvs_wm": 0.40219954925095874,
  "inu_med": 1.2065623998641968,
  "inu_range": 0.264592283964157,
  "provenance": {
    "md5sum": "014e302659255c924c7220a75e8a7327",
    "settings": {
      "testing": false
    },
    "software": "mriqc",
    "version": "0.16.1",
    "warnings": {
      "large_rot_frame": true,
      "small_air_mask": false
    },
    "webapi_port": null,
    "webapi_url": "https://mriqc.nimh.nih.gov/api/v1"
  },
  "qi_1": 3.781588929128296e-05,
  "qi_2": 0.0023111817962618224,
  "rpve_csf": 25.2182580237429,
  "rpve_gm": 13.801162292426975,
  "rpve_wm": 16.26403397567843,
  "size_x": 176,
  "size_y": 240,
  "size_z": 256,
  "snr_csf": 3.224296092401832,
  "snr_gm": 7.511064935598315,
  "snr_total": 7.926780120784308,
  "snr_wm": 13.044979334352774,
  "snrd_csf": 9.470177510401305,
  "snrd_gm": 19.000463055950544,
  "snrd_total": 18.749399729439556,
  "snrd_wm": 27.77755862196682,
  "spacing_x": 1.0,
  "spacing_y": 1.0,
  "spacing_z": 1.0,
  "summary_bg_k": 344.39335102186783,
  "summary_bg_mad": 23.584802007340986,
  "summary_bg_mean": 72.83507537841797,
  "summary_bg_median": 66.41255950927734,
  "summary_bg_n": 2739295.0,
  "summary_bg_p05": 35.30485572814941,
  "summary_bg_p95": 129.2128295898437,
  "summary_bg_stdv": 37.523136138916016,
  "summary_csf_k": 0.4066731261073935,
  "summary_csf_mad": 108.68350213152112,
  "summary_csf_mean": 344.3733825683594,
  "summary_csf_median": 340.9248352050781,
  "summary_csf_n": 19467.0,
  "summary_csf_p05": 181.25760650634766,
  "summary_csf_p95": 520.9137084960938,
  "summary_csf_stdv": 105.73348999023438,
  "summary_gm_k": -0.15732077027721836,
  "summary_gm_mad": 92.65865705884535,
  "summary_gm_mean": 682.9006958007812,
  "summary_gm_median": 684.0135498046875,
  "summary_gm_n": 4844.0,
  "summary_gm_p05": 533.3739837646484,
  "summary_gm_p95": 832.0021697998046,
  "summary_gm_stdv": 91.05805206298828,
  "summary_wm_k": 0.27620805865342213,
  "summary_wm_mad": 74.49225533924857,
  "summary_wm_mean": 1003.0836181640625,
  "summary_wm_median": 999.987548828125,
  "summary_wm_n": 210063.0,
  "summary_wm_p05": 882.9354736328125,
  "summary_wm_p95": 1134.6579833984374,
  "summary_wm_stdv": 76.65670776367188,
  "tpm_overlap_csf": 0.16940279304981232,
  "tpm_overlap_gm": 0.4077262282371521,
  "tpm_overlap_wm": 0.4929547607898712,
  "wm2max": 0.5249632914839729
}