{
  "bids_meta": {
    "AcquisitionNumber": 1,
    "DeviceSerialNumber": "35442  ",
    "EchoNumber": 1,
    "EchoTime": 0.00298,
    "FlipAngle": 9,
    "ImageOrientationPatientDICOM": [
      "0.03396294198205",
      "0.9954618626794",
      "-0.0888943109698",
      "-0.002565686359",
      "-0.088858488259",
      "-0.9960409561448 "
    ],
    "ImageType": [
      "ORIGINAL",
      "PRIMARY",
      "M",
      "ND",
      "NORM "
    ],
    "ImagingFrequency": 123.247189,
    "InPlanePhaseEncodingDirectionDICOM": "ROW  ",
    "IntendedFor": [
      "ses-NAPFU24/dwi/sub-9555827_ses-NAPFU24_run-001_dwi.nii.gz",
      "ses-NAPFU24/anat/sub-9555827_ses-NAPFU24_run-001_FLAIR.nii.gz",
      "ses-NAPFU24/fmap/sub-9555827_ses-NAPFU24_run-005_phasediff.nii.gz",
      "ses-NAPFU24/fmap/sub-9555827_ses-NAPFU24_run-004_phasediff.nii.gz"
    ],
    "InversionTime": 0.9,
    "MRAcquisitionType": "3D ",
    "MagneticFieldStrength": 3,
    "Manufacturer": "SIEMENS  ",
    "ManufacturerModelName": "TrioTim  ",
    "Modality": "MRI__ ",
    "PatientPosition": "HFS  ",
    "PercentPhaseFOV": 93.75,
    "PhaseEncodingSteps": 239,
    "PixelBandwidth": 238,
    "ProtocolName": "MPRAGE ADNI_iPAT2  ",
    "PulseSequenceType": "*tfl3d1_ns ",
    "ReceiveCoilName": "HeadMatrixix\\\\ ",
    "RepetitionTime": 2.3,
    "SAR": 0.07773933148852,
    "ScanningSequence": "GR\\\\IR  ",
    "SequenceName": "*tfl3d1_ns ",
    "SequenceVariant": "SP\\\\MP  ",
    "SeriesDescription": "MPRAGE ADNI_iPAT2  ",
    "SeriesNumber": 20,
    "SliceOrder": "interleaved ",
    "SliceThickness": 1,
    "SliceTiming": null,
    "SoftwareVersions": "syngo MR B17 ",
    "dataset": "<unset>",
    "modality": "T1w",
    "run_id": 2,
    "session_id": "NAPFU24",
    "subject_id": "9555827"
  },
  "cjv": 0.3888164514464669,
  "cnr": 3.45974268379431,
  "efc": 0.6018653992699953,
  "fber": 116.34818267822266,
  "fwhm_avg": 3.199536666666667,
  "fwhm_x": 3.28349,
  "fwhm_y": 3.29904,
  "fwhm_z": 3.01608,
  "icvs_csf": 0.20367395343561204,
  "icvs_gm": 0.4221228705377765,
  "icvs_wm": 0.37420317602661146,
  "inu_med": 1.2816102504730225,
  "inu_range": 0.3719484567642213,
  "provenance": {
    "md5sum": "cb823b1fee898c5a70de3ca659e21fd6",
    "settings": {
      "testing": false
    },
    "software": "mriqc",
    "version": "0.16.1",
    "warnings": {
      "large_rot_frame": true,
      "small_air_mask": false
    },
    "webapi_port": null,
    "webapi_url": "https://mriqc.nimh.nih.gov/api/v1"
  },
  "qi_1": 9.464624955702452e-05,
  "qi_2": 0.0055842345308076075,
  "rpve_csf": 30.98569505265616,
  "rpve_gm": 15.444939359636606,
  "rpve_wm": 20.41985543652166,
  "size_x": 176,
  "size_y": 240,
  "size_z": 256,
  "snr_csf": 3.0774900650826567,
  "snr_gm": 9.264900985381166,
  "snr_total": 9.54671864453151,
  "snr_wm": 16.297764883130704,
  "snrd_csf": 13.060658989573792,
  "snrd_gm": 24.927145109097914,
  "snrd_total": 25.132041901385218,
  "snrd_wm": 37.408321605483934,
  "spacing_x": 1.0,
  "spacing_y": 1.0,
  "spacing_z": 1.0,
  "summary_bg_k": 990.7229663415021,
  "summary_bg_mad": 17.51282584155751,
  "summary_bg_mean": 58.07416915893555,
  "summary_bg_median": 56.6919059753418,
  "summary_bg_n": 3005867.0,
  "summary_bg_p05": 31.185725021362305,
  "summary_bg_p95": 89.34939880371087,
  "summary_bg_stdv": 19.05198097229004,
  "summary_csf_k": -0.3169563288268282,
  "summary_csf_mad": 123.51683145336574,
  "summary_csf_mean": 359.0555419921875,
  "summary_csf_median": 349.1319580078125,
  "summary_csf_n": 18190.0,
  "summary_csf_p05": 192.70300369262696,
  "summary_csf_p95": 554.2253479003906,
  "summary_csf_stdv": 113.44386291503906,
  "summary_gm_k": 0.07941324165899655,
  "summary_gm_mad": 70.27891049697321,
  "summary_gm_mean": 665.9034423828125,
  "summary_gm_median": 666.341796875,
  "summary_gm_n": 10085.0,
  "summary_gm_p05": 544.812353515625,
  "summary_gm_p95": 781.9049926757813,
  "summary_gm_stdv": 71.91752624511719,
  "summary_wm_k": 0.2182194981490131,
  "summary_wm_mad": 59.44638561452828,
  "summary_wm_mean": 998.1200561523438,
  "summary_wm_median": 999.9832763671875,
  "summary_wm_n": 155910.0,
  "summary_wm_p05": 893.7844635009765,
  "summary_wm_p95": 1095.7527282714843,
  "summary_wm_stdv": 61.35688400268555,
  "tpm_overlap_csf": 0.17017638683319092,
  "tpm_overlap_gm": 0.4311847388744354,
  "tpm_overlap_wm": 0.4979003071784973,
  "wm2max": 0.5222579721996244
}