{
  "bids_meta": {
    "AcquisitionNumber": 1,
    "DeviceSerialNumber": "35442  ",
    "EchoNumber": 1,
    "EchoTime": 0.00298,
    "FlipAngle": 9,
    "ImageOrientationPatientDICOM": [
      "-0.0659315152329",
      "0.99764006900307",
      "0.01916580336541",
      "0.05602553646593",
      "0.02287851606581",
      "-0.9981671767627  "
    ],
    "ImageType": [
      "ORIGINAL",
      "PRIMARY",
      "M",
      "ND",
      "NORM "
    ],
    "ImagingFrequency": 123.247188,
    "InPlanePhaseEncodingDirectionDICOM": "ROW  ",
    "IntendedFor": [
      "ses-PREEN00/dwi/sub-4067832_ses-PREEN00_run-001_dwi.nii.gz",
      "ses-PREEN00/fmap/sub-4067832_ses-PREEN00_run-001_phasediff.nii.gz",
      "ses-PREEN00/fmap/sub-4067832_ses-PREEN00_run-002_phasediff.nii.gz",
      "ses-PREEN00/anat/sub-4067832_ses-PREEN00_run-001_FLAIR.nii.gz"
    ],
    "InversionTime": 0.9,
    "MRAcquisitionType": "3D ",
    "MagneticFieldStrength": 3,
    "Manufacturer": "SIEMENS  ",
    "ManufacturerModelName": "TrioTim  ",
    "Modality": "MRI__ ",
    "PatientPosition": "HFS  ",
    "PercentPhaseFOV": 93.75,
    "PhaseEncodingSteps": 239,
    "PixelBandwidth": 238,
    "ProtocolName": "MPRAGE ADNI_iPAT2  ",
    "PulseSequenceType": "*tfl3d1_ns ",
    "ReceiveCoilName": "HeadMatrixix\\\\ ",
    "RepetitionTime": 2.3,
    "SAR": 0.0935276917989,
    "ScanningSequence": "GR\\\\IR  ",
    "SequenceName": "*tfl3d1_ns ",
    "SequenceVariant": "SP\\\\MP  ",
    "SeriesDescription": "MPRAGE ADNI_iPAT2  ",
    "SeriesNumber": 4,
    "SliceOrder": "interleaved ",
    "SliceThickness": 1,
    "SliceTiming": null,
    "SoftwareVersions": "syngo MR B17 ",
    "dataset": "<unset>",
    "modality": "T1w",
    "run_id": 1,
    "session_id": "PREEN00",
    "subject_id": "4067832"
  },
  "cjv": 0.40664634310451675,
  "cnr": 3.2612587020998074,
  "efc": 0.6025629994424855,
  "fber": 82.1670150756836,
  "fwhm_avg": 3.0870800000000003,
  "fwhm_x": 3.18251,
  "fwhm_y": 3.20026,
  "fwhm_z": 2.87847,
  "icvs_csf": 0.19941090791849916,
  "icvs_gm": 0.4185936129612757,
  "icvs_wm": 0.38199547912022513,
  "inu_med": 1.2648932933807373,
  "inu_range": 0.395173579454422,
  "provenance": {
    "md5sum": "094fd053d5bc6126a531eb117fa03b0e",
    "settings": {
      "testing": false
    },
    "software": "mriqc",
    "version": "0.16.1",
    "warnings": {
      "large_rot_frame": true,
      "small_air_mask": false
    },
    "webapi_port": null,
    "webapi_url": "https://mriqc.nimh.nih.gov/api/v1"
  },
  "qi_1": 0.00015194774498291058,
  "qi_2": 0.003913285137411607,
  "rpve_csf": 32.349548134304776,
  "rpve_gm": 16.00427694090903,
  "rpve_wm": 20.83714249159659,
  "size_x": 176,
  "size_y": 240,
  "size_z": 256,
  "snr_csf": 2.7338905588163542,
  "snr_gm": 9.053098456313975,
  "snr_total": 9.457141372801294,
  "snr_wm": 16.584435103273552,
  "snrd_csf": 8.898411366547341,
  "snrd_gm": 20.256638678659897,
  "snrd_total": 19.6770259322174,
  "snrd_wm": 29.87602775144497,
  "spacing_x": 1.0,
  "spacing_y": 1.0,
  "spacing_z": 1.0,
  "summary_bg_k": 0.7342158289964553,
  "summary_bg_mad": 21.928643978749015,
  "summary_bg_mean": 72.66554260253906,
  "summary_bg_median": 70.74543762207031,
  "summary_bg_n": 2982878.0,
  "summary_bg_p05": 39.46918048858643,
  "summary_bg_p95": 112.42577056884767,
  "summary_bg_stdv": 22.42900276184082,
  "summary_csf_k": -0.11039964320069551,
  "summary_csf_mad": 106.8741148018352,
  "summary_csf_mean": 318.2627868652344,
  "summary_csf_median": 297.8465270996094,
  "summary_csf_n": 11365.0,
  "summary_csf_p05": 168.49317016601563,
  "summary_csf_p95": 516.7483764648437,
  "summary_csf_stdv": 108.94123840332031,
  "summary_gm_k": 0.1161511059544913,
  "summary_gm_mad": 72.67456547333536,
  "summary_gm_mean": 677.1744995117188,
  "summary_gm_median": 678.0277099609375,
  "summary_gm_n": 7369.0,
  "summary_gm_p05": 550.7808349609375,
  "summary_gm_p95": 800.2959472656249,
  "summary_gm_stdv": 74.88946533203125,
  "summary_wm_k": 0.2736534584501671,
  "summary_wm_mad": 58.25701902157611,
  "summary_wm_mean": 999.873046875,
  "summary_wm_median": 1000.0067138671875,
  "summary_wm_n": 153916.0,
  "summary_wm_p05": 900.4001312255859,
  "summary_wm_p95": 1098.4457702636719,
  "summary_wm_stdv": 60.29771041870117,
  "tpm_overlap_csf": 0.16925236582756042,
  "tpm_overlap_gm": 0.42220166325569153,
  "tpm_overlap_wm": 0.49805766344070435,
  "wm2max": 0.485743184222465
}