{
  "bids_meta": {
    "AcquisitionNumber": 1,
    "DeviceSerialNumber": "35442  ",
    "EchoNumber": 1,
    "EchoTime": 0.00298,
    "FlipAngle": 9,
    "ImageOrientationPatientDICOM": [
      "0.07095958249236",
      "0.99641367286466",
      "0.04609262610071",
      "0.00845012132103",
      "0.04560696198167",
      "-0.998923721046 "
    ],
    "ImageType": [
      "ORIGINAL",
      "PRIMARY",
      "M",
      "ND",
      "NORM "
    ],
    "ImagingFrequency": 123.247184,
    "InPlanePhaseEncodingDirectionDICOM": "ROW  ",
    "IntendedFor": [
      "ses-PREFU24/asl/sub-6187101_ses-PREFU24_run-001_asl.nii.gz",
      "ses-PREFU24/func/sub-6187101_ses-PREFU24_task-rest_run-002_bold.nii.gz",
      "ses-PREFU24/fmap/sub-6187101_ses-PREFU24_run-002_phasediff.nii.gz",
      "ses-PREFU24/func/sub-6187101_ses-PREFU24_task-encoding_run-001_bold.nii.gz",
      "ses-PREFU24/func/sub-6187101_ses-PREFU24_task-rest_run-001_bold.nii.gz",
      "ses-PREFU24/fmap/sub-6187101_ses-PREFU24_run-001_phasediff.nii.gz",
      "ses-PREFU24/fmap/sub-6187101_ses-PREFU24_run-003_phasediff.nii.gz",
      "ses-PREFU24/func/sub-6187101_ses-PREFU24_task-retrieval_run-001_bold.nii.gz",
      "ses-PREFU24/anat/sub-6187101_ses-PREFU24_run-001_T2star.nii.gz"
    ],
    "InversionTime": 0.9,
    "MRAcquisitionType": "3D ",
    "MagneticFieldStrength": 3,
    "Manufacturer": "SIEMENS  ",
    "ManufacturerModelName": "TrioTim  ",
    "Modality": "MRI__ ",
    "PatientPosition": "HFS  ",
    "PercentPhaseFOV": 93.75,
    "PhaseEncodingSteps": 239,
    "PixelBandwidth": 238,
    "ProtocolName": "MPRAGE ADNI_iPAT2  ",
    "PulseSequenceType": "*tfl3d1_ns ",
    "ReceiveCoilName": "HeadMatrixix\\\\ ",
    "RepetitionTime": 2.3,
    "SAR": 0.08554736229688,
    "ScanningSequence": "GR\\\\IR  ",
    "SequenceName": "*tfl3d1_ns ",
    "SequenceVariant": "SP\\\\MP  ",
    "SeriesDescription": "MPRAGE ADNI_iPAT2  ",
    "SeriesNumber": 12,
    "SliceOrder": "interleaved ",
    "SliceThickness": 1,
    "SliceTiming": null,
    "SoftwareVersions": "syngo MR B17 ",
    "dataset": "<unset>",
    "modality": "T1w",
    "run_id": 1,
    "session_id": "PREFU24",
    "subject_id": "6187101"
  },
  "cjv": 0.4322637423403881,
  "cnr": 3.277822850338344,
  "efc": 0.5933816149271169,
  "fber": 189.58001708984375,
  "fwhm_avg": 3.1366033333333334,
  "fwhm_x": 3.17013,
  "fwhm_y": 3.26452,
  "fwhm_z": 2.97516,
  "icvs_csf": 0.20870224056307987,
  "icvs_gm": 0.42224410333237433,
  "icvs_wm": 0.3690536561045458,
  "inu_med": 1.2815735340118408,
  "inu_range": 0.3539322853088378,
  "provenance": {
    "md5sum": "8dcdca242c599d2856dcbddd01b248cd",
    "settings": {
      "testing": false
    },
    "software": "mriqc",
    "version": "0.16.1",
    "warnings": {
      "large_rot_frame": true,
      "small_air_mask": false
    },
    "webapi_port": null,
    "webapi_url": "https://mriqc.nimh.nih.gov/api/v1"
  },
  "qi_1": 0.00013852454586622256,
  "qi_2": 0.005550485897317775,
  "rpve_csf": 30.172045215193428,
  "rpve_gm": 15.341208845660544,
  "rpve_wm": 20.915150583537965,
  "size_x": 176,
  "size_y": 240,
  "size_z": 256,
  "snr_csf": 3.2228582549329263,
  "snr_gm": 6.471241952749882,
  "snr_total": 7.577172147813028,
  "snr_wm": 13.037416235756275,
  "snrd_csf": 13.58560444053059,
  "snrd_gm": 28.612571652318472,
  "snrd_total": 29.91654153043798,
  "snrd_wm": 47.55144849846488,
  "spacing_x": 1.0,
  "spacing_y": 1.0,
  "spacing_z": 1.0,
  "summary_bg_k": 21.631566292349294,
  "summary_bg_mad": 13.776311264488335,
  "summary_bg_mean": 39.89573287963867,
  "summary_bg_median": 37.35347366333008,
  "summary_bg_n": 3001317.0,
  "summary_bg_p05": 20.215234375,
  "summary_bg_p95": 66.83472747802733,
  "summary_bg_stdv": 15.356184959411621,
  "summary_csf_k": 2.3436182163691868,
  "summary_csf_mad": 75.67008434779768,
  "summary_csf_mean": 296.718505859375,
  "summary_csf_median": 285.68023681640625,
  "summary_csf_n": 19868.0,
  "summary_csf_p05": 175.6820846557617,
  "summary_csf_p95": 458.7621429443359,
  "summary_csf_stdv": 88.63965606689453,
  "summary_gm_k": -0.37566398050075067,
  "summary_gm_mad": 98.38808573710963,
  "summary_gm_mean": 604.0887451171875,
  "summary_gm_median": 601.669677734375,
  "summary_gm_n": 11204.0,
  "summary_gm_p05": 455.82090911865237,
  "summary_gm_p95": 761.2391815185547,
  "summary_gm_stdv": 92.97177124023438,
  "summary_wm_k": 0.21146865226306844,
  "summary_wm_mad": 73.76081773352465,
  "summary_wm_mean": 999.7184448242188,
  "summary_wm_median": 999.9193725585938,
  "summary_wm_n": 156233.0,
  "summary_wm_p05": 872.0876098632812,
  "summary_wm_p95": 1126.5301513671875,
  "summary_wm_stdv": 76.69588470458984,
  "tpm_overlap_csf": 0.16834303736686707,
  "tpm_overlap_gm": 0.41190797090530396,
  "tpm_overlap_wm": 0.48110315203666687,
  "wm2max": 0.6490574791275657
}