{
  "bids_meta": {
    "AcquisitionNumber": 1,
    "DeviceSerialNumber": "35442  ",
    "EchoNumber": 1,
    "EchoTime": 0.00298,
    "FlipAngle": 9,
    "ImageOrientationPatientDICOM": [
      "-0.0260696035191",
      "0.99964011484276",
      "-0.0063258651197",
      "-0.0030309103431",
      "-0.006407026648",
      "-0.9999748814805 "
    ],
    "ImageType": [
      "ORIGINAL",
      "PRIMARY",
      "M",
      "ND",
      "NORM "
    ],
    "ImagingFrequency": 123.251319,
    "InPlanePhaseEncodingDirectionDICOM": "ROW  ",
    "IntendedFor": [
      "ses-NAPFU48/fmap/sub-6605596_ses-NAPFU48_run-002_phasediff.nii.gz",
      "ses-NAPFU48/dwi/sub-6605596_ses-NAPFU48_run-001_dwi.nii.gz",
      "ses-NAPFU48/anat/sub-6605596_ses-NAPFU48_run-001_T1w.nii.gz",
      "ses-NAPFU48/anat/sub-6605596_ses-NAPFU48_run-001_T2star.nii.gz",
      "ses-NAPFU48/fmap/sub-6605596_ses-NAPFU48_run-003_phasediff.nii.gz",
      "ses-NAPFU48/func/sub-6605596_ses-NAPFU48_task-encoding_run-001_bold.nii.gz",
      "ses-NAPFU48/func/sub-6605596_ses-NAPFU48_task-rest_run-002_bold.nii.gz",
      "ses-NAPFU48/asl/sub-6605596_ses-NAPFU48_run-001_asl.nii.gz",
      "ses-NAPFU48/fmap/sub-6605596_ses-NAPFU48_run-001_phasediff.nii.gz",
      "ses-NAPFU48/fmap/sub-6605596_ses-NAPFU48_run-005_phasediff.nii.gz",
      "ses-NAPFU48/fmap/sub-6605596_ses-NAPFU48_run-004_phasediff.nii.gz",
      "ses-NAPFU48/anat/sub-6605596_ses-NAPFU48_run-001_FLAIR.nii.gz",
      "ses-NAPFU48/func/sub-6605596_ses-NAPFU48_task-rest_run-001_bold.nii.gz",
      "ses-NAPFU48/func/sub-6605596_ses-NAPFU48_task-retrieval_run-001_bold.nii.gz"
    ],
    "InversionTime": 0.9,
    "MRAcquisitionType": "3D ",
    "MagneticFieldStrength": 3,
    "Manufacturer": "SIEMENS  ",
    "ManufacturerModelName": "TrioTim  ",
    "Modality": "MRI__ ",
    "PatientPosition": "HFS  ",
    "PercentPhaseFOV": 93.75,
    "PhaseEncodingSteps": 239,
    "PixelBandwidth": 238,
    "ProtocolName": "MPRAGE ADNI_iPAT2  ",
    "PulseSequenceType": "*tfl3d1_ns ",
    "ReceiveCoilName": "HeadMatrixix\\\\ ",
    "RepetitionTime": 2.3,
    "SAR": 0.10128173248127,
    "ScanningSequence": "GR\\\\IR  ",
    "SequenceName": "*tfl3d1_ns ",
    "SequenceVariant": "SP\\\\MP  ",
    "SeriesDescription": "MPRAGE ADNI_iPAT2  ",
    "SeriesNumber": 17,
    "SliceOrder": "interleaved ",
    "SliceThickness": 1,
    "SliceTiming": null,
    "SoftwareVersions": "syngo MR B17 ",
    "dataset": "<unset>",
    "modality": "T1w",
    "run_id": 2,
    "session_id": "NAPFU48",
    "subject_id": "6605596"
  },
  "cjv": 0.5102742567875639,
  "cnr": 2.5754122335982053,
  "efc": 0.7001771407860993,
  "fber": 67.71540069580078,
  "fwhm_avg": 3.0289033333333335,
  "fwhm_x": 3.09671,
  "fwhm_y": 3.04838,
  "fwhm_z": 2.94162,
  "icvs_csf": 0.1982282338797551,
  "icvs_gm": 0.4198341101306894,
  "icvs_wm": 0.38193765598955554,
  "inu_med": 1.3135701417922974,
  "inu_range": 0.5497122049331664,
  "provenance": {
    "md5sum": "b006f9efc4845f7f83eeb8dc19cfc634",
    "settings": {
      "testing": false
    },
    "software": "mriqc",
    "version": "0.16.1",
    "warnings": {
      "large_rot_frame": true,
      "small_air_mask": false
    },
    "webapi_port": null,
    "webapi_url": "https://mriqc.nimh.nih.gov/api/v1"
  },
  "qi_1": 1.4434540529068824e-05,
  "qi_2": 0.004139139865253193,
  "rpve_csf": 23.965095144313,
  "rpve_gm": 11.886855753809478,
  "rpve_wm": 15.237883040802759,
  "size_x": 176,
  "size_y": 240,
  "size_z": 256,
  "snr_csf": 1.9789920296630708,
  "snr_gm": 8.835808176712545,
  "snr_total": 8.101695918771801,
  "snr_wm": 13.490287549939788,
  "snrd_csf": 8.256006430666854,
  "snrd_gm": 17.851185950723746,
  "snrd_total": 17.18735890438701,
  "snrd_wm": 25.454884331770433,
  "spacing_x": 1.0,
  "spacing_y": 1.0,
  "spacing_z": 1.0,
  "summary_bg_k": 1588.9848125743677,
  "summary_bg_mad": 25.737670011519867,
  "summary_bg_mean": 86.70867919921875,
  "summary_bg_median": 83.73414611816406,
  "summary_bg_n": 2349187.0,
  "summary_bg_p05": 46.66876678466797,
  "summary_bg_p95": 132.85038452148436,
  "summary_bg_stdv": 40.73176574707031,
  "summary_csf_k": 25.549315903642558,
  "summary_csf_mad": 134.94182260626422,
  "summary_csf_mean": 353.1645202636719,
  "summary_csf_median": 324.3452453613281,
  "summary_csf_n": 13529.0,
  "summary_csf_p05": 167.26674194335936,
  "summary_csf_p95": 592.1244506835938,
  "summary_csf_stdv": 163.8881072998047,
  "summary_gm_k": -0.02185272486307621,
  "summary_gm_mad": 79.11095398021752,
  "summary_gm_mean": 700.9512329101562,
  "summary_gm_median": 701.3012084960938,
  "summary_gm_n": 14998.0,
  "summary_gm_p05": 569.881967163086,
  "summary_gm_p95": 832.1690307617187,
  "summary_gm_stdv": 79.36770629882812,
  "summary_wm_k": 0.12747907161547278,
  "summary_wm_mad": 73.31750301987358,
  "summary_wm_mean": 1001.15869140625,
  "summary_wm_median": 1000.0198974609375,
  "summary_wm_n": 226305.0,
  "summary_wm_p05": 881.2984130859375,
  "summary_wm_p95": 1124.8318115234374,
  "summary_wm_stdv": 74.12871551513672,
  "tpm_overlap_csf": 0.15787561237812042,
  "tpm_overlap_gm": 0.4259958267211914,
  "tpm_overlap_wm": 0.48558342456817627,
  "wm2max": 0.463948211563575
}