{
  "bids_meta": {
    "AcquisitionNumber": 1,
    "DeviceSerialNumber": "35442  ",
    "EchoNumber": 1,
    "EchoTime": 0.00298,
    "FlipAngle": 9,
    "ImageOrientationPatientDICOM": [
      "-0.0130228389096",
      "0.99991519923778",
      "-4.21600785e-008",
      "-0.038305082934",
      "-0.0004989253629",
      "-0.9992659664448 "
    ],
    "ImageType": [
      "ORIGINAL",
      "PRIMARY",
      "M",
      "ND",
      "NORM "
    ],
    "ImagingFrequency": 123.24719,
    "InPlanePhaseEncodingDirectionDICOM": "ROW  ",
    "IntendedFor": [
      "ses-NAPFU12/fmap/sub-4498598_ses-NAPFU12_run-001_phasediff.nii.gz",
      "ses-NAPFU12/func/sub-4498598_ses-NAPFU12_task-encoding_run-001_bold.nii.gz",
      "ses-NAPFU12/func/sub-4498598_ses-NAPFU12_task-rest_run-002_bold.nii.gz",
      "ses-NAPFU12/fmap/sub-4498598_ses-NAPFU12_run-002_phasediff.nii.gz",
      "ses-NAPFU12/func/sub-4498598_ses-NAPFU12_task-rest_run-001_bold.nii.gz",
      "ses-NAPFU12/anat/sub-4498598_ses-NAPFU12_run-001_T2star.nii.gz",
      "ses-NAPFU12/asl/sub-4498598_ses-NAPFU12_run-001_asl.nii.gz",
      "ses-NAPFU12/fmap/sub-4498598_ses-NAPFU12_run-003_phasediff.nii.gz",
      "ses-NAPFU12/func/sub-4498598_ses-NAPFU12_task-retrieval_run-001_bold.nii.gz"
    ],
    "InversionTime": 0.9,
    "MRAcquisitionType": "3D ",
    "MagneticFieldStrength": 3,
    "Manufacturer": "SIEMENS  ",
    "ManufacturerModelName": "TrioTim  ",
    "Modality": "MRI__ ",
    "PatientPosition": "HFS  ",
    "PercentPhaseFOV": 93.75,
    "PhaseEncodingSteps": 239,
    "PixelBandwidth": 238,
    "ProtocolName": "MPRAGE ADNI_iPAT2  ",
    "PulseSequenceType": "*tfl3d1_ns ",
    "ReceiveCoilName": "HeadMatrixix\\\\ ",
    "RepetitionTime": 2.3,
    "SAR": 0.10146535709859,
    "ScanningSequence": "GR\\\\IR  ",
    "SequenceName": "*tfl3d1_ns ",
    "SequenceVariant": "SP\\\\MP  ",
    "SeriesDescription": "MPRAGE ADNI_iPAT2  ",
    "SeriesNumber": 12,
    "SliceOrder": "interleaved ",
    "SliceThickness": 1,
    "SliceTiming": null,
    "SoftwareVersions": "syngo MR B17 ",
    "dataset": "<unset>",
    "modality": "T1w",
    "run_id": 1,
    "session_id": "NAPFU12",
    "subject_id": "4498598"
  },
  "cjv": 0.4567765050806187,
  "cnr": 3.0210699493091697,
  "efc": 0.6413869250027383,
  "fber": 157.35528564453125,
  "fwhm_avg": 3.074396666666667,
  "fwhm_x": 3.15075,
  "fwhm_y": 3.12705,
  "fwhm_z": 2.94539,
  "icvs_csf": 0.21219339281009086,
  "icvs_gm": 0.40240160232759487,
  "icvs_wm": 0.38540500486231427,
  "inu_med": 1.3054354190826416,
  "inu_range": 0.3526752293109894,
  "provenance": {
    "md5sum": "39a9bfba17659d1a121543de9ab10767",
    "settings": {
      "testing": false
    },
    "software": "mriqc",
    "version": "0.16.1",
    "warnings": {
      "large_rot_frame": false,
      "small_air_mask": false
    },
    "webapi_port": null,
    "webapi_url": "https://mriqc.nimh.nih.gov/api/v1"
  },
  "qi_1": 9.119288708940907e-05,
  "qi_2": 0.005117102929641926,
  "rpve_csf": 26.35499116607774,
  "rpve_gm": 13.942432701581602,
  "rpve_wm": 17.375486038184032,
  "size_x": 176,
  "size_y": 240,
  "size_z": 256,
  "snr_csf": 2.6377642806381987,
  "snr_gm": 7.693901003465224,
  "snr_total": 8.340082207633534,
  "snr_wm": 14.688581338797182,
  "snrd_csf": 11.893927334297585,
  "snrd_gm": 27.19260882457342,
  "snrd_total": 26.68227263380253,
  "snrd_wm": 40.96028174253659,
  "spacing_x": 1.0,
  "spacing_y": 1.0,
  "spacing_z": 1.0,
  "summary_bg_k": 621.2732742384574,
  "summary_bg_mad": 15.993863265146434,
  "summary_bg_mean": 46.28990936279297,
  "summary_bg_median": 45.05896759033203,
  "summary_bg_n": 2755938.0,
  "summary_bg_p05": 23.114628314971924,
  "summary_bg_p95": 75.06369667053221,
  "summary_bg_stdv": 17.30168342590332,
  "summary_csf_k": 25.243650657612736,
  "summary_csf_mad": 90.9322724687178,
  "summary_csf_mean": 307.07818603515625,
  "summary_csf_median": 290.3667907714844,
  "summary_csf_n": 24692.0,
  "summary_csf_p05": 167.9803840637207,
  "summary_csf_p95": 494.32116699218733,
  "summary_csf_stdv": 110.07841491699219,
  "summary_gm_k": -0.1397015467646412,
  "summary_gm_mad": 87.24404607578253,
  "summary_gm_mean": 662.6167602539062,
  "summary_gm_median": 663.8539428710938,
  "summary_gm_n": 8355.0,
  "summary_gm_p05": 516.9914184570313,
  "summary_gm_p95": 802.165655517578,
  "summary_gm_stdv": 86.2779769897461,
  "summary_wm_k": 0.2357089800506258,
  "summary_wm_mad": 66.28337715005571,
  "summary_wm_mean": 1002.3538208007812,
  "summary_wm_median": 999.9645385742188,
  "summary_wm_n": 180923.0,
  "summary_wm_p05": 894.7577697753907,
  "summary_wm_p95": 1118.2613159179687,
  "summary_wm_stdv": 68.0774917602539,
  "tpm_overlap_csf": 0.1558450609445572,
  "tpm_overlap_gm": 0.3968619108200073,
  "tpm_overlap_wm": 0.47385889291763306,
  "wm2max": 0.5874922067048649
}