{
  "bids_meta": {
    "AcquisitionNumber": 1,
    "DeviceSerialNumber": "35442  ",
    "EchoNumber": 1,
    "EchoTime": 0.00298,
    "FlipAngle": 9,
    "ImageOrientationPatientDICOM": [
      "-0.0049937581553",
      "0.99600193979389",
      "0.08919191839113",
      "0.02398700600422",
      "0.0892866757852",
      "-0.995717084854  "
    ],
    "ImageType": [
      "ORIGINAL",
      "PRIMARY",
      "M",
      "ND",
      "NORM "
    ],
    "ImagingFrequency": 123.251544,
    "InPlanePhaseEncodingDirectionDICOM": "ROW  ",
    "IntendedFor": [
      "ses-PREFU48/fmap/sub-3705605_ses-PREFU48_run-005_phasediff.nii.gz",
      "ses-PREFU48/func/sub-3705605_ses-PREFU48_task-rest_run-002_bold.nii.gz",
      "ses-PREFU48/dwi/sub-3705605_ses-PREFU48_run-001_dwi.nii.gz",
      "ses-PREFU48/asl/sub-3705605_ses-PREFU48_run-001_asl.nii.gz",
      "ses-PREFU48/anat/sub-3705605_ses-PREFU48_run-001_FLAIR.nii.gz",
      "ses-PREFU48/fmap/sub-3705605_ses-PREFU48_run-003_phasediff.nii.gz",
      "ses-PREFU48/fmap/sub-3705605_ses-PREFU48_run-004_phasediff.nii.gz",
      "ses-PREFU48/fmap/sub-3705605_ses-PREFU48_run-001_phasediff.nii.gz",
      "ses-PREFU48/func/sub-3705605_ses-PREFU48_task-encoding_run-001_bold.nii.gz",
      "ses-PREFU48/func/sub-3705605_ses-PREFU48_task-rest_run-001_bold.nii.gz",
      "ses-PREFU48/anat/sub-3705605_ses-PREFU48_run-001_T2star.nii.gz",
      "ses-PREFU48/func/sub-3705605_ses-PREFU48_task-retrieval_run-001_bold.nii.gz",
      "ses-PREFU48/anat/sub-3705605_ses-PREFU48_run-002_T1w.nii.gz",
      "ses-PREFU48/fmap/sub-3705605_ses-PREFU48_run-002_phasediff.nii.gz"
    ],
    "InversionTime": 0.9,
    "MRAcquisitionType": "3D ",
    "MagneticFieldStrength": 3,
    "Manufacturer": "SIEMENS  ",
    "ManufacturerModelName": "TrioTim  ",
    "Modality": "MRI__ ",
    "PatientPosition": "HFS  ",
    "PercentPhaseFOV": 93.75,
    "PhaseEncodingSteps": 239,
    "PixelBandwidth": 238,
    "ProtocolName": "MPRAGE ADNI_iPAT2  ",
    "PulseSequenceType": "*tfl3d1_ns ",
    "ReceiveCoilName": "HeadMatrixix\\\\ ",
    "RepetitionTime": 2.3,
    "SAR": 0.08520418098187,
    "ScanningSequence": "GR\\\\IR  ",
    "SequenceName": "*tfl3d1_ns ",
    "SequenceVariant": "SP\\\\MP  ",
    "SeriesDescription": "MPRAGE ADNI_iPAT2  ",
    "SeriesNumber": 12,
    "SliceOrder": "interleaved ",
    "SliceThickness": 1,
    "SliceTiming": null,
    "SoftwareVersions": "syngo MR B17 ",
    "dataset": "<unset>",
    "modality": "T1w",
    "run_id": 1,
    "session_id": "PREFU48",
    "subject_id": "3705605"
  },
  "cjv": 0.4822233469399121,
  "cnr": 2.7403565499529154,
  "efc": 0.655585758824486,
  "fber": 89.36132049560547,
  "fwhm_avg": 3.21215,
  "fwhm_x": 3.293,
  "fwhm_y": 3.32172,
  "fwhm_z": 3.02173,
  "icvs_csf": 0.21368831236200872,
  "icvs_gm": 0.38588007528075696,
  "icvs_wm": 0.4004316123572343,
  "inu_med": 1.3309870958328247,
  "inu_range": 0.5663716197013855,
  "provenance": {
    "md5sum": "5a6f451cc45d94ed1e1c37925922c64b",
    "settings": {
      "testing": false
    },
    "software": "mriqc",
    "version": "0.16.1",
    "warnings": {
      "large_rot_frame": true,
      "small_air_mask": false
    },
    "webapi_port": null,
    "webapi_url": "https://mriqc.nimh.nih.gov/api/v1"
  },
  "qi_1": 0.0,
  "qi_2": 0.00388408370713135,
  "rpve_csf": 22.861030648327546,
  "rpve_gm": 12.393926793530548,
  "rpve_wm": 14.74442970548816,
  "size_x": 176,
  "size_y": 240,
  "size_z": 256,
  "snr_csf": 2.677697911182398,
  "snr_gm": 8.554038435613148,
  "snr_total": 8.726509541036334,
  "snr_wm": 14.947792276313457,
  "snrd_csf": 9.651290822967255,
  "snrd_gm": 20.970619097644974,
  "snrd_total": 20.14955118796085,
  "snrd_wm": 29.826743643270316,
  "spacing_x": 1.0,
  "spacing_y": 1.0,
  "spacing_z": 1.0,
  "summary_bg_k": 9.508686906350375,
  "summary_bg_mad": 21.964862944688765,
  "summary_bg_mean": 74.05358123779297,
  "summary_bg_median": 72.28302001953125,
  "summary_bg_n": 2695995.0,
  "summary_bg_p05": 40.39868316650391,
  "summary_bg_p95": 113.51917037963867,
  "summary_bg_stdv": 22.578262329101562,
  "summary_csf_k": 3.306892041133799,
  "summary_csf_mad": 122.80038139600852,
  "summary_csf_mean": 340.1340637207031,
  "summary_csf_median": 323.58038330078125,
  "summary_csf_n": 13330.0,
  "summary_csf_p05": 171.38607864379884,
  "summary_csf_p95": 553.3696502685547,
  "summary_csf_stdv": 120.83821868896484,
  "summary_gm_k": 0.14770741416134836,
  "summary_gm_mad": 78.01121858217684,
  "summary_gm_mean": 701.3447265625,
  "summary_gm_median": 703.0853271484375,
  "summary_gm_n": 5922.0,
  "summary_gm_p05": 559.9825714111328,
  "summary_gm_p95": 836.3354919433593,
  "summary_gm_stdv": 82.18643951416016,
  "summary_wm_k": 0.1884959810454716,
  "summary_wm_mad": 65.17088254102813,
  "summary_wm_mean": 999.9261474609375,
  "summary_wm_median": 1000.0060424804688,
  "summary_wm_n": 211351.0,
  "summary_wm_p05": 889.657958984375,
  "summary_wm_p95": 1110.0377807617188,
  "summary_wm_stdv": 66.8997573852539,
  "tpm_overlap_csf": 0.1605319380760193,
  "tpm_overlap_gm": 0.3986891806125641,
  "tpm_overlap_wm": 0.4876592755317688,
  "wm2max": 0.4809451349400864
}