{
  "bids_meta": {
    "AcquisitionNumber": 1,
    "DeviceSerialNumber": "35442  ",
    "EchoNumber": 1,
    "EchoTime": 0.00298,
    "FlipAngle": 9,
    "ImageOrientationPatientDICOM": [
      "-0.0304569453867",
      "0.99225473281651",
      "0.12042806849298",
      "0.02624825462988",
      "0.12123639907649",
      "-0.9922765565445  "
    ],
    "ImageType": [
      "ORIGINAL",
      "PRIMARY",
      "M",
      "ND",
      "NORM "
    ],
    "ImagingFrequency": 123.251522,
    "InPlanePhaseEncodingDirectionDICOM": "ROW  ",
    "IntendedFor": [
      "ses-NAPFU24/fmap/sub-6852929_ses-NAPFU24_run-001_phasediff.nii.gz",
      "ses-NAPFU24/dwi/sub-6852929_ses-NAPFU24_run-001_dwi.nii.gz",
      "ses-NAPFU24/fmap/sub-6852929_ses-NAPFU24_run-004_phasediff.nii.gz",
      "ses-NAPFU24/func/sub-6852929_ses-NAPFU24_task-encoding_run-001_bold.nii.gz",
      "ses-NAPFU24/func/sub-6852929_ses-NAPFU24_task-rest_run-001_bold.nii.gz",
      "ses-NAPFU24/asl/sub-6852929_ses-NAPFU24_run-001_asl.nii.gz",
      "ses-NAPFU24/func/sub-6852929_ses-NAPFU24_task-rest_run-002_bold.nii.gz",
      "ses-NAPFU24/func/sub-6852929_ses-NAPFU24_task-retrieval_run-001_bold.nii.gz",
      "ses-NAPFU24/fmap/sub-6852929_ses-NAPFU24_run-002_phasediff.nii.gz",
      "ses-NAPFU24/anat/sub-6852929_ses-NAPFU24_run-001_FLAIR.nii.gz",
      "ses-NAPFU24/anat/sub-6852929_ses-NAPFU24_run-001_T2star.nii.gz",
      "ses-NAPFU24/fmap/sub-6852929_ses-NAPFU24_run-003_phasediff.nii.gz",
      "ses-NAPFU24/anat/sub-6852929_ses-NAPFU24_run-001_T1w.nii.gz",
      "ses-NAPFU24/fmap/sub-6852929_ses-NAPFU24_run-005_phasediff.nii.gz"
    ],
    "InversionTime": 0.9,
    "MRAcquisitionType": "3D ",
    "MagneticFieldStrength": 3,
    "Manufacturer": "SIEMENS  ",
    "ManufacturerModelName": "TrioTim  ",
    "Modality": "MRI__ ",
    "PatientPosition": "HFS  ",
    "PercentPhaseFOV": 93.75,
    "PhaseEncodingSteps": 239,
    "PixelBandwidth": 238,
    "ProtocolName": "MPRAGE ADNI_iPAT2  ",
    "PulseSequenceType": "*tfl3d1_ns ",
    "ReceiveCoilName": "HeadMatrixix\\\\ ",
    "RepetitionTime": 2.3,
    "SAR": 0.08321097063249,
    "ScanningSequence": "GR\\\\IR  ",
    "SequenceName": "*tfl3d1_ns ",
    "SequenceVariant": "SP\\\\MP  ",
    "SeriesDescription": "MPRAGE ADNI_iPAT2  ",
    "SeriesNumber": 17,
    "SliceOrder": "interleaved ",
    "SliceThickness": 1,
    "SliceTiming": null,
    "SoftwareVersions": "syngo MR B17 ",
    "dataset": "<unset>",
    "modality": "T1w",
    "run_id": 2,
    "session_id": "NAPFU24",
    "subject_id": "6852929"
  },
  "cjv": 0.45356319907665044,
  "cnr": 2.9001106000795196,
  "efc": 0.6239800284649986,
  "fber": 102.53826141357422,
  "fwhm_avg": 3.1894566666666666,
  "fwhm_x": 3.24703,
  "fwhm_y": 3.33838,
  "fwhm_z": 2.98296,
  "icvs_csf": 0.193552086272249,
  "icvs_gm": 0.41033108500411836,
  "icvs_wm": 0.39611682872363263,
  "inu_med": 1.3650860786437988,
  "inu_range": 0.4130491733551023,
  "provenance": {
    "md5sum": "92e5ce3650108e15ecaa4618451f5dc7",
    "settings": {
      "testing": false
    },
    "software": "mriqc",
    "version": "0.16.1",
    "warnings": {
      "large_rot_frame": true,
      "small_air_mask": false
    },
    "webapi_port": null,
    "webapi_url": "https://mriqc.nimh.nih.gov/api/v1"
  },
  "qi_1": 0.00011139780934912592,
  "qi_2": 0.004909260080273404,
  "rpve_csf": 27.85877610104988,
  "rpve_gm": 13.850304111146588,
  "rpve_wm": 17.317325996167007,
  "size_x": 176,
  "size_y": 240,
  "size_z": 256,
  "snr_csf": 3.088487423969875,
  "snr_gm": 8.992814808125429,
  "snr_total": 9.756858168082864,
  "snr_wm": 17.18927227215329,
  "snrd_csf": 11.06095359427747,
  "snrd_gm": 22.2363929630214,
  "snrd_total": 21.61590960540815,
  "snrd_wm": 31.550382258925566,
  "spacing_x": 1.0,
  "spacing_y": 1.0,
  "spacing_z": 1.0,
  "summary_bg_k": 553.3207427125742,
  "summary_bg_mad": 20.764750562341604,
  "summary_bg_mean": 68.79076385498047,
  "summary_bg_median": 66.68705749511719,
  "summary_bg_n": 2867960.0,
  "summary_bg_p05": 36.52495994567871,
  "summary_bg_p95": 105.65859909057616,
  "summary_bg_stdv": 28.905899047851562,
  "summary_csf_k": 0.4293723463210313,
  "summary_csf_mad": 121.7669418628563,
  "summary_csf_mean": 357.5557861328125,
  "summary_csf_median": 350.5803527832031,
  "summary_csf_n": 14687.0,
  "summary_csf_p05": 190.6522705078125,
  "summary_csf_p95": 546.7957336425782,
  "summary_csf_stdv": 113.50812530517578,
  "summary_gm_k": -0.08443936041280642,
  "summary_gm_mad": 78.00854910186396,
  "summary_gm_mean": 705.2367553710938,
  "summary_gm_median": 704.7893676757812,
  "summary_gm_n": 13031.0,
  "summary_gm_p05": 574.2328491210938,
  "summary_gm_p95": 834.9426879882812,
  "summary_gm_stdv": 78.36949157714844,
  "summary_wm_k": 0.3565340620228712,
  "summary_wm_mad": 55.88774213033936,
  "summary_wm_mean": 1000.7052612304688,
  "summary_wm_median": 999.9991455078125,
  "summary_wm_n": 206200.0,
  "summary_wm_p05": 906.4361511230469,
  "summary_wm_p95": 1096.995910644531,
  "summary_wm_stdv": 58.175628662109375,
  "tpm_overlap_csf": 0.17997436225414276,
  "tpm_overlap_gm": 0.43125951290130615,
  "tpm_overlap_wm": 0.5088316798210144,
  "wm2max": 0.5005238119363874
}