{
  "bids_meta": {
    "AcquisitionNumber": 1,
    "DeviceSerialNumber": "35442  ",
    "EchoNumber": 1,
    "EchoTime": 0.00298,
    "FlipAngle": 9,
    "ImageOrientationPatientDICOM": [
      "-0.0315456655677",
      "0.99950225094248",
      "-0.0003483458136",
      "-0.0637712294997",
      "-0.0023605166219",
      "-0.997961751897 "
    ],
    "ImageType": [
      "ORIGINAL",
      "PRIMARY",
      "M",
      "ND",
      "NORM "
    ],
    "ImagingFrequency": 123.247462,
    "InPlanePhaseEncodingDirectionDICOM": "ROW  ",
    "IntendedFor": [
      "ses-NAPBL00/func/sub-9191774_ses-NAPBL00_task-rest_run-001_bold.nii.gz",
      "ses-NAPBL00/func/sub-9191774_ses-NAPBL00_task-retrieval_run-001_bold.nii.gz",
      "ses-NAPBL00/func/sub-9191774_ses-NAPBL00_task-rest_run-002_bold.nii.gz",
      "ses-NAPBL00/func/sub-9191774_ses-NAPBL00_task-encoding_run-001_bold.nii.gz",
      "ses-NAPBL00/fmap/sub-9191774_ses-NAPBL00_run-002_phasediff.nii.gz",
      "ses-NAPBL00/anat/sub-9191774_ses-NAPBL00_run-001_T2star.nii.gz",
      "ses-NAPBL00/fmap/sub-9191774_ses-NAPBL00_run-003_phasediff.nii.gz",
      "ses-NAPBL00/asl/sub-9191774_ses-NAPBL00_run-001_asl.nii.gz",
      "ses-NAPBL00/fmap/sub-9191774_ses-NAPBL00_run-001_phasediff.nii.gz"
    ],
    "InversionTime": 0.9,
    "MRAcquisitionType": "3D ",
    "MagneticFieldStrength": 3,
    "Manufacturer": "SIEMENS  ",
    "ManufacturerModelName": "TrioTim  ",
    "Modality": "MRI__ ",
    "PatientPosition": "HFS  ",
    "PercentPhaseFOV": 93.75,
    "PhaseEncodingSteps": 239,
    "PixelBandwidth": 238,
    "ProtocolName": "MPRAGE ADNI_iPAT2  ",
    "PulseSequenceType": "*tfl3d1_ns ",
    "ReceiveCoilName": "HeadMatrixix\\\\ ",
    "RepetitionTime": 2.3,
    "SAR": 0.08751262467284,
    "ScanningSequence": "GR\\\\IR  ",
    "SequenceName": "*tfl3d1_ns ",
    "SequenceVariant": "SP\\\\MP  ",
    "SeriesDescription": "MPRAGE ADNI_iPAT2  ",
    "SeriesNumber": 12,
    "SliceOrder": "interleaved ",
    "SliceThickness": 1,
    "SliceTiming": null,
    "SoftwareVersions": "syngo MR B17 ",
    "dataset": "<unset>",
    "modality": "T1w",
    "run_id": 1,
    "session_id": "NAPBL00",
    "subject_id": "9191774"
  },
  "cjv": 0.4814649818929369,
  "cnr": 2.750384512296963,
  "efc": 0.6343304042199346,
  "fber": 82.36653137207031,
  "fwhm_avg": 3.107913333333333,
  "fwhm_x": 3.18552,
  "fwhm_y": 3.17439,
  "fwhm_z": 2.96383,
  "icvs_csf": 0.20527644918872887,
  "icvs_gm": 0.4156534986122415,
  "icvs_wm": 0.3790700521990296,
  "inu_med": 1.4550762176513672,
  "inu_range": 0.5324333429336547,
  "provenance": {
    "md5sum": "57f77cb0a191e7ad7d8990f2b08bfea3",
    "settings": {
      "testing": false
    },
    "software": "mriqc",
    "version": "0.16.1",
    "warnings": {
      "large_rot_frame": true,
      "small_air_mask": false
    },
    "webapi_port": null,
    "webapi_url": "https://mriqc.nimh.nih.gov/api/v1"
  },
  "qi_1": 0.00011207245052878799,
  "qi_2": 0.0043144880516389665,
  "rpve_csf": 28.021519485974117,
  "rpve_gm": 14.23780447140483,
  "rpve_wm": 18.74399685973482,
  "size_x": 176,
  "size_y": 240,
  "size_z": 256,
  "snr_csf": 2.719594272957707,
  "snr_gm": 9.35593782973704,
  "snr_total": 9.38670263949155,
  "snr_wm": 16.0845758157799,
  "snrd_csf": 9.515642031965037,
  "snrd_gm": 20.616600436501056,
  "snrd_total": 19.59636297145722,
  "snrd_wm": 28.656846445905572,
  "spacing_x": 1.0,
  "spacing_y": 1.0,
  "spacing_z": 1.0,
  "summary_bg_k": 588.0008486852953,
  "summary_bg_mad": 22.862028901276602,
  "summary_bg_mean": 76.65308380126953,
  "summary_bg_median": 74.8632583618164,
  "summary_bg_n": 3022176.0,
  "summary_bg_p05": 41.59202003479004,
  "summary_bg_p95": 117.39961624145508,
  "summary_bg_stdv": 25.077251434326172,
  "summary_csf_k": -0.02859732392047931,
  "summary_csf_mad": 121.96170081212257,
  "summary_csf_mean": 354.2375183105469,
  "summary_csf_median": 332.0635070800781,
  "summary_csf_n": 12649.0,
  "summary_csf_p05": 189.56533813476562,
  "summary_csf_p95": 578.7812011718747,
  "summary_csf_stdv": 122.0955581665039,
  "summary_gm_k": 0.14360243098789116,
  "summary_gm_mad": 74.39244392280499,
  "summary_gm_mean": 719.2057495117188,
  "summary_gm_median": 719.4491577148438,
  "summary_gm_n": 7873.0,
  "summary_gm_p05": 595.1204956054687,
  "summary_gm_p95": 848.6123901367187,
  "summary_gm_stdv": 76.89271545410156,
  "summary_wm_k": 0.2104785227307464,
  "summary_wm_mad": 60.69565715551821,
  "summary_wm_mean": 999.7528076171875,
  "summary_wm_median": 1000.0263671875,
  "summary_wm_n": 171625.0,
  "summary_wm_p05": 897.0771240234376,
  "summary_wm_p95": 1101.572509765625,
  "summary_wm_stdv": 62.172821044921875,
  "tpm_overlap_csf": 0.14800982177257538,
  "tpm_overlap_gm": 0.4028870165348053,
  "tpm_overlap_wm": 0.46092355251312256,
  "wm2max": 0.45722223258017575
}