{
  "bids_meta": {
    "AcquisitionNumber": 1,
    "DeviceSerialNumber": "35442  ",
    "EchoNumber": 1,
    "EchoTime": 0.00298,
    "FlipAngle": 9,
    "ImageOrientationPatientDICOM": [
      "-0.0674906708456",
      "0.99108413123928",
      "-0.1148793025506",
      "-0.0182258740765",
      "-0.1163473113939",
      "-0.9930413489103  "
    ],
    "ImageType": [
      "ORIGINAL",
      "PRIMARY",
      "M",
      "ND",
      "NORM "
    ],
    "ImagingFrequency": 123.247108,
    "InPlanePhaseEncodingDirectionDICOM": "ROW  ",
    "IntendedFor": [
      "ses-NAPFU24/anat/sub-9650197_ses-NAPFU24_run-001_FLAIR.nii.gz",
      "ses-NAPFU24/fmap/sub-9650197_ses-NAPFU24_run-005_phasediff.nii.gz",
      "ses-NAPFU24/dwi/sub-9650197_ses-NAPFU24_run-001_dwi.nii.gz",
      "ses-NAPFU24/fmap/sub-9650197_ses-NAPFU24_run-004_phasediff.nii.gz"
    ],
    "InversionTime": 0.9,
    "MRAcquisitionType": "3D ",
    "MagneticFieldStrength": 3,
    "Manufacturer": "SIEMENS  ",
    "ManufacturerModelName": "TrioTim  ",
    "Modality": "MRI__ ",
    "PatientPosition": "HFS  ",
    "PercentPhaseFOV": 93.75,
    "PhaseEncodingSteps": 239,
    "PixelBandwidth": 238,
    "ProtocolName": "MPRAGE ADNI_iPAT2  ",
    "PulseSequenceType": "*tfl3d1_ns ",
    "ReceiveCoilName": "HeadMatrixix\\\\ ",
    "RepetitionTime": 2.3,
    "SAR": 0.08528089917039,
    "ScanningSequence": "GR\\\\IR  ",
    "SequenceName": "*tfl3d1_ns ",
    "SequenceVariant": "SP\\\\MP  ",
    "SeriesDescription": "MPRAGE ADNI_iPAT2  ",
    "SeriesNumber": 20,
    "SliceOrder": "interleaved ",
    "SliceThickness": 1,
    "SliceTiming": null,
    "SoftwareVersions": "syngo MR B17 ",
    "dataset": "<unset>",
    "modality": "T1w",
    "run_id": 2,
    "session_id": "NAPFU24",
    "subject_id": "9650197"
  },
  "cjv": 0.43102145065436415,
  "cnr": 3.1136185186122205,
  "efc": 0.6021202923495865,
  "fber": 93.30082702636719,
  "fwhm_avg": 3.2177633333333335,
  "fwhm_x": 3.2525,
  "fwhm_y": 3.36286,
  "fwhm_z": 3.03793,
  "icvs_csf": 0.21218344080783696,
  "icvs_gm": 0.4339933744167909,
  "icvs_wm": 0.35382318477537217,
  "inu_med": 1.434335470199585,
  "inu_range": 0.4219920277595519,
  "provenance": {
    "md5sum": "62d0e5ebf37613348a6bb7ae4966b51a",
    "settings": {
      "testing": false
    },
    "software": "mriqc",
    "version": "0.16.1",
    "warnings": {
      "large_rot_frame": true,
      "small_air_mask": false
    },
    "webapi_port": null,
    "webapi_url": "https://mriqc.nimh.nih.gov/api/v1"
  },
  "qi_1": 0.0,
  "qi_2": 0.004706373763571734,
  "rpve_csf": 26.80717698094558,
  "rpve_gm": 13.783260799380125,
  "rpve_wm": 19.49461528551235,
  "size_x": 176,
  "size_y": 240,
  "size_z": 256,
  "snr_csf": 2.7247232378876065,
  "snr_gm": 9.959141187683603,
  "snr_total": 9.720677876633404,
  "snr_wm": 16.478169204329003,
  "snrd_csf": 9.903046049478291,
  "snrd_gm": 22.95042187413495,
  "snrd_total": 21.831868289771602,
  "snrd_wm": 32.64213694570156,
  "spacing_x": 1.0,
  "spacing_y": 1.0,
  "spacing_z": 1.0,
  "summary_bg_k": 0.7445120781133951,
  "summary_bg_mad": 20.070470765209834,
  "summary_bg_mean": 66.12761688232422,
  "summary_bg_median": 64.42274475097656,
  "summary_bg_n": 2942906.0,
  "summary_bg_p05": 35.31727886199951,
  "summary_bg_p95": 102.37637519836426,
  "summary_bg_stdv": 20.655702590942383,
  "summary_csf_k": 4.90474779279094,
  "summary_csf_mad": 100.52547980455972,
  "summary_csf_mean": 327.5467834472656,
  "summary_csf_median": 303.3853759765625,
  "summary_csf_n": 16466.0,
  "summary_csf_p05": 182.8642692565918,
  "summary_csf_p95": 535.5703582763672,
  "summary_csf_stdv": 111.34201049804688,
  "summary_gm_k": 0.027263160083860427,
  "summary_gm_mad": 69.66140088155072,
  "summary_gm_mean": 702.1201782226562,
  "summary_gm_median": 703.0990600585938,
  "summary_gm_n": 13829.0,
  "summary_gm_p05": 582.9992553710938,
  "summary_gm_p95": 816.6652587890624,
  "summary_gm_stdv": 70.59580993652344,
  "summary_wm_k": 0.31018353292044454,
  "summary_wm_mad": 58.313666298723604,
  "summary_wm_mean": 999.159912109375,
  "summary_wm_median": 1000.0101928710938,
  "summary_wm_n": 170753.0,
  "summary_wm_p05": 897.5950439453126,
  "summary_wm_p95": 1097.12353515625,
  "summary_wm_stdv": 60.68679428100586,
  "tpm_overlap_csf": 0.1548454314470291,
  "tpm_overlap_gm": 0.42388254404067993,
  "tpm_overlap_wm": 0.47635066509246826,
  "wm2max": 0.4592311549702702
}