{
  "bids_meta": {
    "AcquisitionNumber": 1,
    "DeviceSerialNumber": "35442  ",
    "EchoNumber": 1,
    "EchoTime": 0.00298,
    "FlipAngle": 9,
    "ImageOrientationPatientDICOM": [
      "-0.0064237340858",
      "0.99997930702263",
      "-0.0003480904159",
      "0.07371643156245",
      "0.00012639402601",
      "-0.9972792345889  "
    ],
    "ImageType": [
      "ORIGINAL",
      "PRIMARY",
      "M",
      "ND",
      "NORM "
    ],
    "ImagingFrequency": 123.247119,
    "InPlanePhaseEncodingDirectionDICOM": "ROW  ",
    "IntendedFor": [
      "ses-NAPEN00/anat/sub-6865719_ses-NAPEN00_run-001_FLAIR.nii.gz",
      "ses-NAPEN00/fmap/sub-6865719_ses-NAPEN00_run-001_phasediff.nii.gz",
      "ses-NAPEN00/dwi/sub-6865719_ses-NAPEN00_run-001_dwi.nii.gz",
      "ses-NAPEN00/fmap/sub-6865719_ses-NAPEN00_run-002_phasediff.nii.gz"
    ],
    "InversionTime": 0.9,
    "MRAcquisitionType": "3D ",
    "MagneticFieldStrength": 3,
    "Manufacturer": "SIEMENS  ",
    "ManufacturerModelName": "TrioTim  ",
    "Modality": "MRI__ ",
    "PatientPosition": "HFS  ",
    "PercentPhaseFOV": 93.75,
    "PhaseEncodingSteps": 239,
    "PixelBandwidth": 238,
    "ProtocolName": "MPRAGE ADNI_iPAT2  ",
    "PulseSequenceType": "*tfl3d1_ns ",
    "ReceiveCoilName": "HeadMatrixix\\\\ ",
    "RepetitionTime": 2.3,
    "SAR": 0.08227289767844,
    "ScanningSequence": "GR\\\\IR  ",
    "SequenceName": "*tfl3d1_ns ",
    "SequenceVariant": "SP\\\\MP  ",
    "SeriesDescription": "MPRAGE ADNI_iPAT2  ",
    "SeriesNumber": 4,
    "SliceOrder": "interleaved ",
    "SliceThickness": 1,
    "SliceTiming": null,
    "SoftwareVersions": "syngo MR B17 ",
    "dataset": "<unset>",
    "modality": "T1w",
    "run_id": 1,
    "session_id": "NAPEN00",
    "subject_id": "6865719"
  },
  "cjv": 0.43301303241302586,
  "cnr": 3.128207319740878,
  "efc": 0.5686261778855712,
  "fber": 141.0098114013672,
  "fwhm_avg": 3.234666666666667,
  "fwhm_x": 3.27824,
  "fwhm_y": 3.37524,
  "fwhm_z": 3.05052,
  "icvs_csf": 0.20599674525372605,
  "icvs_gm": 0.4087420710610362,
  "icvs_wm": 0.38526118368523776,
  "inu_med": 1.574521780014038,
  "inu_range": 0.4328769505023957,
  "provenance": {
    "md5sum": "fde200180e317c2a4dc243066e47b1e3",
    "settings": {
      "testing": false
    },
    "software": "mriqc",
    "version": "0.16.1",
    "warnings": {
      "large_rot_frame": false,
      "small_air_mask": false
    },
    "webapi_port": null,
    "webapi_url": "https://mriqc.nimh.nih.gov/api/v1"
  },
  "qi_1": 0.0,
  "qi_2": 0.00542821019343908,
  "rpve_csf": 30.535671244713267,
  "rpve_gm": 15.97123349723353,
  "rpve_wm": 20.503889570154342,
  "size_x": 176,
  "size_y": 240,
  "size_z": 256,
  "snr_csf": 3.2957109508494895,
  "snr_gm": 9.7828848144085,
  "snr_total": 10.23244017419344,
  "snr_wm": 17.61872475732233,
  "snrd_csf": 15.613414610049174,
  "snrd_gm": 27.90200444324354,
  "snrd_total": 27.706687816803946,
  "snrd_wm": 39.60464439711911,
  "spacing_x": 1.0,
  "spacing_y": 1.0,
  "spacing_z": 1.0,
  "summary_bg_k": 1843.3116221860892,
  "summary_bg_mad": 16.54198053163112,
  "summary_bg_mean": 54.365501403808594,
  "summary_bg_median": 52.73905944824219,
  "summary_bg_n": 3544026.0,
  "summary_bg_p05": 28.09598159790039,
  "summary_bg_p95": 84.80558395385742,
  "summary_bg_stdv": 22.69832420349121,
  "summary_csf_k": -0.5355452092632254,
  "summary_csf_mad": 135.16325373594458,
  "summary_csf_mean": 387.36297607421875,
  "summary_csf_median": 394.233642578125,
  "summary_csf_n": 6966.0,
  "summary_csf_p05": 191.93351364135742,
  "summary_csf_p95": 569.7782745361328,
  "summary_csf_stdv": 119.61162567138672,
  "summary_gm_k": -0.13325691441921172,
  "summary_gm_mad": 72.89472973100284,
  "summary_gm_mean": 703.4806518554688,
  "summary_gm_median": 704.5165405273438,
  "summary_gm_n": 15833.0,
  "summary_gm_p05": 581.4733520507813,
  "summary_gm_p95": 820.038623046875,
  "summary_gm_stdv": 72.012939453125,
  "summary_wm_k": 0.24993752622174759,
  "summary_wm_mad": 55.055361972446065,
  "summary_wm_mean": 1000.4918823242188,
  "summary_wm_median": 1000.00439453125,
  "summary_wm_n": 168029.0,
  "summary_wm_p05": 908.3604003906249,
  "summary_wm_p95": 1094.792431640625,
  "summary_wm_stdv": 56.757877349853516,
  "tpm_overlap_csf": 0.1527448296546936,
  "tpm_overlap_gm": 0.4216345250606537,
  "tpm_overlap_wm": 0.48226988315582275,
  "wm2max": 0.5104143218394871
}