{
  "bids_meta": {
    "AcquisitionNumber": 1,
    "DeviceSerialNumber": "35442  ",
    "EchoNumber": 1,
    "EchoTime": 0.00298,
    "FlipAngle": 9,
    "ImageOrientationPatientDICOM": [
      "0.02297090201022",
      "0.99973607335521",
      "-0.0003482716508",
      "0.06679576096755",
      "-0.0018823489086",
      "-0.9977648936896  "
    ],
    "ImageType": [
      "ORIGINAL",
      "PRIMARY",
      "M",
      "ND",
      "NORM "
    ],
    "ImagingFrequency": 123.251278,
    "InPlanePhaseEncodingDirectionDICOM": "ROW  ",
    "InversionTime": 0.9,
    "MRAcquisitionType": "3D ",
    "MagneticFieldStrength": 3,
    "Manufacturer": "SIEMENS  ",
    "ManufacturerModelName": "TrioTim  ",
    "Modality": "MRI__ ",
    "PatientPosition": "HFS  ",
    "PercentPhaseFOV": 93.75,
    "PhaseEncodingSteps": 239,
    "PixelBandwidth": 238,
    "ProtocolName": "MPRAGE ADNI_iPAT2  ",
    "PulseSequenceType": "*tfl3d1_ns ",
    "ReceiveCoilName": "32Ch_Headad\\\\  ",
    "RepetitionTime": 2.3,
    "SAR": 0.08829023857119,
    "ScanningSequence": "GR\\\\IR  ",
    "SequenceName": "*tfl3d1_ns ",
    "SequenceVariant": "SP\\\\MP  ",
    "SeriesDescription": "MPRAGE ADNI_iPAT2  ",
    "SeriesNumber": 12,
    "SliceOrder": "interleaved ",
    "SliceThickness": 1,
    "SliceTiming": null,
    "SoftwareVersions": "syngo MR B17 ",
    "dataset": "<unset>",
    "modality": "T1w",
    "run_id": 1,
    "session_id": "PREBL00",
    "subject_id": "5562282"
  },
  "cjv": 0.4118684280238465,
  "cnr": 2.8621159022033997,
  "efc": 0.632889630544502,
  "fber": 76.75847625732422,
  "fwhm_avg": 3.36726,
  "fwhm_x": 3.45976,
  "fwhm_y": 3.46685,
  "fwhm_z": 3.17517,
  "icvs_csf": 0.20634260150908593,
  "icvs_gm": 0.4066433471222845,
  "icvs_wm": 0.38701405136862954,
  "inu_med": 1.470344066619873,
  "inu_range": 0.4884610176086426,
  "provenance": {
    "md5sum": "874a9498d2d546f05ea18adcd0d3a463",
    "settings": {
      "testing": false
    },
    "software": "mriqc",
    "version": "0.16.1",
    "warnings": {
      "large_rot_frame": true,
      "small_air_mask": false
    },
    "webapi_port": null,
    "webapi_url": "https://mriqc.nimh.nih.gov/api/v1"
  },
  "qi_1": 0.0,
  "qi_2": 0.008208043267426385,
  "rpve_csf": 24.17018346866429,
  "rpve_gm": 12.71985578960563,
  "rpve_wm": 16.538222905107062,
  "size_x": 176,
  "size_y": 240,
  "size_z": 256,
  "snr_csf": 2.8819405490925307,
  "snr_gm": 8.998312057837289,
  "snr_total": 10.929824044427098,
  "snr_wm": 20.90921952635147,
  "snrd_csf": 18.474484380782098,
  "snrd_gm": 41.03283863157015,
  "snrd_total": 39.04127261007344,
  "snrd_wm": 57.616494817868094,
  "spacing_x": 1.0,
  "spacing_y": 1.0,
  "spacing_z": 1.0,
  "summary_bg_k": 5453.742177199824,
  "summary_bg_mad": 11.370594835845305,
  "summary_bg_mean": 70.97581481933594,
  "summary_bg_median": 69.49510192871094,
  "summary_bg_n": 2867282.0,
  "summary_bg_p05": 52.71944446563721,
  "summary_bg_p95": 91.04794769287108,
  "summary_bg_stdv": 39.52836990356445,
  "summary_csf_k": 0.07133226137003756,
  "summary_csf_mad": 114.41003510232741,
  "summary_csf_mean": 341.71588134765625,
  "summary_csf_median": 320.6445007324219,
  "summary_csf_n": 14314.0,
  "summary_csf_p05": 192.20845642089844,
  "summary_csf_p95": 541.209503173828,
  "summary_csf_stdv": 111.25604248046875,
  "summary_gm_k": 0.2563803802147868,
  "summary_gm_mad": 74.23462786634296,
  "summary_gm_mean": 712.615478515625,
  "summary_gm_median": 712.1689453125,
  "summary_gm_n": 14035.0,
  "summary_gm_p05": 583.1277282714843,
  "summary_gm_p95": 847.5638854980468,
  "summary_gm_stdv": 79.14190673828125,
  "summary_wm_k": 0.7261360574842564,
  "summary_wm_mad": 44.312287303196484,
  "summary_wm_mean": 1000.0109252929688,
  "summary_wm_median": 999.99609375,
  "summary_wm_n": 211451.0,
  "summary_wm_p05": 921.8554992675781,
  "summary_wm_p95": 1078.142578125,
  "summary_wm_stdv": 47.82549285888672,
  "tpm_overlap_csf": 0.1617719531059265,
  "tpm_overlap_gm": 0.4139997363090515,
  "tpm_overlap_wm": 0.4943598210811615,
  "wm2max": 0.4355228186721415
}