{
  "bids_meta": {
    "AcquisitionNumber": 1,
    "DeviceSerialNumber": "35442  ",
    "EchoNumber": 1,
    "EchoTime": 0.00298,
    "FlipAngle": 9,
    "ImageOrientationPatientDICOM": [
      "0.04138970137044",
      "0.9925821550291",
      "0.11431342063925",
      "0.10936989163819",
      "0.10922302152921",
      "-0.9879820637902 "
    ],
    "ImageType": [
      "ORIGINAL",
      "PRIMARY",
      "M",
      "ND",
      "NORM "
    ],
    "ImagingFrequency": 123.247086,
    "InPlanePhaseEncodingDirectionDICOM": "ROW  ",
    "IntendedFor": [
      "ses-NAPEN00/anat/sub-3119093_ses-NAPEN00_run-001_FLAIR.nii.gz",
      "ses-NAPEN00/fmap/sub-3119093_ses-NAPEN00_run-001_phasediff.nii.gz",
      "ses-NAPEN00/dwi/sub-3119093_ses-NAPEN00_run-001_dwi.nii.gz",
      "ses-NAPEN00/fmap/sub-3119093_ses-NAPEN00_run-002_phasediff.nii.gz"
    ],
    "InversionTime": 0.9,
    "MRAcquisitionType": "3D ",
    "MagneticFieldStrength": 3,
    "Manufacturer": "SIEMENS  ",
    "ManufacturerModelName": "TrioTim  ",
    "Modality": "MRI__ ",
    "PatientPosition": "HFS  ",
    "PercentPhaseFOV": 93.75,
    "PhaseEncodingSteps": 239,
    "PixelBandwidth": 238,
    "ProtocolName": "MPRAGE ADNI_iPAT2  ",
    "PulseSequenceType": "*tfl3d1_ns ",
    "ReceiveCoilName": "HeadMatrixix\\\\ ",
    "RepetitionTime": 2.3,
    "SAR": 0.0756488423901,
    "ScanningSequence": "GR\\\\IR  ",
    "SequenceName": "*tfl3d1_ns ",
    "SequenceVariant": "SP\\\\MP  ",
    "SeriesDescription": "MPRAGE ADNI_iPAT2  ",
    "SeriesNumber": 4,
    "SliceOrder": "interleaved ",
    "SliceThickness": 1,
    "SliceTiming": null,
    "SoftwareVersions": "syngo MR B17 ",
    "dataset": "<unset>",
    "modality": "T1w",
    "run_id": 1,
    "session_id": "NAPEN00",
    "subject_id": "3119093"
  },
  "cjv": 0.44116056465192416,
  "cnr": 2.9855999558868422,
  "efc": 0.6255158332351878,
  "fber": 95.15701293945312,
  "fwhm_avg": 3.0601333333333334,
  "fwhm_x": 3.09398,
  "fwhm_y": 3.15623,
  "fwhm_z": 2.93019,
  "icvs_csf": 0.2111506506786479,
  "icvs_gm": 0.4001214242490994,
  "icvs_wm": 0.3887279250722527,
  "inu_med": 1.254185676574707,
  "inu_range": 0.3640555739402771,
  "provenance": {
    "md5sum": "dc667b4a78fd67e6946865b5cb40521c",
    "settings": {
      "testing": false
    },
    "software": "mriqc",
    "version": "0.16.1",
    "warnings": {
      "large_rot_frame": true,
      "small_air_mask": false
    },
    "webapi_port": null,
    "webapi_url": "https://mriqc.nimh.nih.gov/api/v1"
  },
  "qi_1": 0.0,
  "qi_2": 0.0048546057149037695,
  "rpve_csf": 26.66482865509713,
  "rpve_gm": 14.344142148329276,
  "rpve_wm": 18.14079411412162,
  "size_x": 176,
  "size_y": 240,
  "size_z": 256,
  "snr_csf": 3.463531140385804,
  "snr_gm": 9.384217055682138,
  "snr_total": 10.302513194047458,
  "snr_wm": 18.059791386074433,
  "snrd_csf": 13.69573812596553,
  "snrd_gm": 23.270069231811018,
  "snrd_total": 23.26978658159317,
  "snrd_wm": 32.843552387002966,
  "spacing_x": 1.0,
  "spacing_y": 1.0,
  "spacing_z": 1.0,
  "summary_bg_k": 2027.661437324507,
  "summary_bg_mad": 19.947182626777508,
  "summary_bg_mean": 65.9419174194336,
  "summary_bg_median": 64.18411254882812,
  "summary_bg_n": 2204051.0,
  "summary_bg_p05": 35.14683532714844,
  "summary_bg_p95": 101.60017395019531,
  "summary_bg_stdv": 27.677940368652344,
  "summary_csf_k": 5.956390070497058,
  "summary_csf_mad": 122.5293273420378,
  "summary_csf_mean": 413.2159423828125,
  "summary_csf_median": 416.999267578125,
  "summary_csf_n": 6615.0,
  "summary_csf_p05": 217.03353271484374,
  "summary_csf_p95": 604.7761291503905,
  "summary_csf_stdv": 120.38804626464844,
  "summary_gm_k": -0.04945087628595912,
  "summary_gm_mad": 74.70183216652268,
  "summary_gm_mean": 705.8356323242188,
  "summary_gm_median": 708.5125122070312,
  "summary_gm_n": 10317.0,
  "summary_gm_p05": 575.8368774414063,
  "summary_gm_p95": 826.46015625,
  "summary_gm_stdv": 75.49678039550781,
  "summary_wm_k": 0.23764656423970765,
  "summary_wm_mad": 53.890925610890264,
  "summary_wm_mean": 1000.1651000976562,
  "summary_wm_median": 999.9999389648438,
  "summary_wm_n": 193884.0,
  "summary_wm_p05": 909.4022613525391,
  "summary_wm_p95": 1091.595330810547,
  "summary_wm_stdv": 55.37147903442383,
  "tpm_overlap_csf": 0.13265642523765564,
  "tpm_overlap_gm": 0.3928346335887909,
  "tpm_overlap_wm": 0.4577910602092743,
  "wm2max": 0.48203754441073093
}