{
  "bids_meta": {
    "AcquisitionNumber": 1,
    "DeviceSerialNumber": "35442  ",
    "EchoNumber": 1,
    "EchoTime": 0.00298,
    "FlipAngle": 9,
    "ImageOrientationPatientDICOM": [
      "-0.0172598401525",
      "0.99012145612762",
      "-0.1391459666452",
      "0.02236585544987",
      "-0.1387495431402",
      "-0.9900749127154  "
    ],
    "ImageType": [
      "ORIGINAL",
      "PRIMARY",
      "M",
      "ND",
      "NORM "
    ],
    "ImagingFrequency": 123.251504,
    "InPlanePhaseEncodingDirectionDICOM": "ROW  ",
    "IntendedFor": [
      "ses-NAPFU48/fmap/sub-8889872_ses-NAPFU48_run-005_phasediff.nii.gz",
      "ses-NAPFU48/anat/sub-8889872_ses-NAPFU48_run-001_FLAIR.nii.gz",
      "ses-NAPFU48/fmap/sub-8889872_ses-NAPFU48_run-004_phasediff.nii.gz",
      "ses-NAPFU48/dwi/sub-8889872_ses-NAPFU48_run-001_dwi.nii.gz"
    ],
    "InversionTime": 0.9,
    "MRAcquisitionType": "3D ",
    "MagneticFieldStrength": 3,
    "Manufacturer": "SIEMENS  ",
    "ManufacturerModelName": "TrioTim  ",
    "Modality": "MRI__ ",
    "PatientPosition": "HFS  ",
    "PercentPhaseFOV": 93.75,
    "PhaseEncodingSteps": 239,
    "PixelBandwidth": 238,
    "ProtocolName": "MPRAGE ADNI_iPAT2  ",
    "PulseSequenceType": "*tfl3d1_ns ",
    "ReceiveCoilName": "HeadMatrixix\\\\ ",
    "RepetitionTime": 2.3,
    "SAR": 0.0713700753927,
    "ScanningSequence": "GR\\\\IR  ",
    "SequenceName": "*tfl3d1_ns ",
    "SequenceVariant": "SP\\\\MP  ",
    "SeriesDescription": "MPRAGE ADNI_iPAT2  ",
    "SeriesNumber": 20,
    "SliceOrder": "interleaved ",
    "SliceThickness": 1,
    "SliceTiming": null,
    "SoftwareVersions": "syngo MR B17 ",
    "dataset": "<unset>",
    "modality": "T1w",
    "run_id": 2,
    "session_id": "NAPFU48",
    "subject_id": "8889872"
  },
  "cjv": 0.39503822170207875,
  "cnr": 3.3887399309435855,
  "efc": 0.6080223305182028,
  "fber": 92.0749740600586,
  "fwhm_avg": 3.2767733333333333,
  "fwhm_x": 3.3276,
  "fwhm_y": 3.4443,
  "fwhm_z": 3.05842,
  "icvs_csf": 0.22285084876654984,
  "icvs_gm": 0.414257779613684,
  "icvs_wm": 0.36289137161976615,
  "inu_med": 1.302893877029419,
  "inu_range": 0.42696950435638437,
  "provenance": {
    "md5sum": "cfbf6a315126e27af094b9cfccde516c",
    "settings": {
      "testing": false
    },
    "software": "mriqc",
    "version": "0.16.1",
    "warnings": {
      "large_rot_frame": true,
      "small_air_mask": false
    },
    "webapi_port": null,
    "webapi_url": "https://mriqc.nimh.nih.gov/api/v1"
  },
  "qi_1": 0.0,
  "qi_2": 0.004356843329754231,
  "rpve_csf": 27.13513854922489,
  "rpve_gm": 14.792601173369988,
  "rpve_wm": 20.098231636040584,
  "size_x": 176,
  "size_y": 240,
  "size_z": 256,
  "snr_csf": 2.797586050008476,
  "snr_gm": 9.192214103880525,
  "snr_total": 9.8320635244485,
  "snr_wm": 17.5063904194565,
  "snrd_csf": 9.773252582924261,
  "snrd_gm": 22.379235876528938,
  "snrd_total": 21.73762811230749,
  "snrd_wm": 33.060395877469276,
  "spacing_x": 1.0,
  "spacing_y": 1.0,
  "spacing_z": 1.0,
  "summary_bg_k": 0.39480666714963997,
  "summary_bg_mad": 19.81646858230538,
  "summary_bg_mean": 66.73149108886719,
  "summary_bg_median": 65.2627182006836,
  "summary_bg_n": 2861598.0,
  "summary_bg_p05": 36.40976905822754,
  "summary_bg_p95": 102.00238418579102,
  "summary_bg_stdv": 20.105749130249023,
  "summary_csf_k": 0.22504785682117667,
  "summary_csf_mad": 96.69273951129772,
  "summary_csf_mean": 317.2475280761719,
  "summary_csf_median": 295.6199035644531,
  "summary_csf_n": 13667.0,
  "summary_csf_p05": 176.77346343994142,
  "summary_csf_p95": 515.2733093261718,
  "summary_csf_stdv": 105.665771484375,
  "summary_gm_k": -0.019876547203258266,
  "summary_gm_mad": 72.53299252589565,
  "summary_gm_mean": 675.2587280273438,
  "summary_gm_median": 676.923828125,
  "summary_gm_n": 11250.0,
  "summary_gm_p05": 551.2705078125,
  "summary_gm_p95": 794.7790313720702,
  "summary_gm_stdv": 73.63772583007812,
  "summary_wm_k": 0.30569978096313877,
  "summary_wm_mad": 55.09680678543896,
  "summary_wm_mean": 998.9874877929688,
  "summary_wm_median": 1000.0059814453125,
  "summary_wm_n": 167749.0,
  "summary_wm_p05": 903.1090942382813,
  "summary_wm_p95": 1091.201611328125,
  "summary_wm_stdv": 57.122169494628906,
  "tpm_overlap_csf": 0.17371481657028198,
  "tpm_overlap_gm": 0.4315323233604431,
  "tpm_overlap_wm": 0.5038731098175049,
  "wm2max": 0.4886447392597868
}