{
  "bids_meta": {
    "AcquisitionNumber": 1,
    "DeviceSerialNumber": "35442  ",
    "EchoNumber": 1,
    "EchoTime": 0.00298,
    "FlipAngle": 9,
    "ImageOrientationPatientDICOM": [
      "-0.0007181636483",
      "0.9994796460867",
      "0.03224781076868",
      "0.06537364516603",
      "0.03222576086711",
      "-0.9973403565755 "
    ],
    "ImageType": [
      "ORIGINAL",
      "PRIMARY",
      "M",
      "ND",
      "NORM "
    ],
    "ImagingFrequency": 123.246962,
    "InPlanePhaseEncodingDirectionDICOM": "ROW  ",
    "IntendedFor": [
      "ses-NAPFU12/func/sub-9851361_ses-NAPFU12_task-retrieval_run-001_bold.nii.gz",
      "ses-NAPFU12/fmap/sub-9851361_ses-NAPFU12_run-002_phasediff.nii.gz",
      "ses-NAPFU12/anat/sub-9851361_ses-NAPFU12_run-001_T2star.nii.gz",
      "ses-NAPFU12/func/sub-9851361_ses-NAPFU12_task-encoding_run-001_bold.nii.gz",
      "ses-NAPFU12/func/sub-9851361_ses-NAPFU12_task-rest_run-001_bold.nii.gz",
      "ses-NAPFU12/fmap/sub-9851361_ses-NAPFU12_run-003_phasediff.nii.gz",
      "ses-NAPFU12/asl/sub-9851361_ses-NAPFU12_run-001_asl.nii.gz",
      "ses-NAPFU12/fmap/sub-9851361_ses-NAPFU12_run-001_phasediff.nii.gz",
      "ses-NAPFU12/func/sub-9851361_ses-NAPFU12_task-rest_run-002_bold.nii.gz"
    ],
    "InversionTime": 0.9,
    "MRAcquisitionType": "3D ",
    "MagneticFieldStrength": 3,
    "Manufacturer": "SIEMENS  ",
    "ManufacturerModelName": "TrioTim  ",
    "Modality": "MRI__ ",
    "PatientPosition": "HFS  ",
    "PercentPhaseFOV": 93.75,
    "PhaseEncodingSteps": 239,
    "PixelBandwidth": 238,
    "ProtocolName": "MPRAGE ADNI_iPAT2  ",
    "PulseSequenceType": "*tfl3d1_ns ",
    "ReceiveCoilName": "HeadMatrixix\\\\ ",
    "RepetitionTime": 2.3,
    "SAR": 0.07869081405408,
    "ScanningSequence": "GR\\\\IR  ",
    "SequenceName": "*tfl3d1_ns ",
    "SequenceVariant": "SP\\\\MP  ",
    "SeriesDescription": "MPRAGE ADNI_iPAT2  ",
    "SeriesNumber": 12,
    "SliceOrder": "interleaved ",
    "SliceThickness": 1,
    "SliceTiming": null,
    "SoftwareVersions": "syngo MR B17 ",
    "dataset": "<unset>",
    "modality": "T1w",
    "run_id": 1,
    "session_id": "NAPFU12",
    "subject_id": "9851361"
  },
  "cjv": 0.46755306078880304,
  "cnr": 2.797371248348351,
  "efc": 0.6580536412482753,
  "fber": 75.97200775146484,
  "fwhm_avg": 3.3166833333333336,
  "fwhm_x": 3.40391,
  "fwhm_y": 3.40096,
  "fwhm_z": 3.14518,
  "icvs_csf": 0.21241487567769193,
  "icvs_gm": 0.3947927702500261,
  "icvs_wm": 0.39279235407228197,
  "inu_med": 1.3033552169799805,
  "inu_range": 0.493720757961273,
  "provenance": {
    "md5sum": "92b13852d9e1587d6d2d84354bf424bb",
    "settings": {
      "testing": false
    },
    "software": "mriqc",
    "version": "0.16.1",
    "warnings": {
      "large_rot_frame": true,
      "small_air_mask": false
    },
    "webapi_port": null,
    "webapi_url": "https://mriqc.nimh.nih.gov/api/v1"
  },
  "qi_1": 0.0,
  "qi_2": 0.0038344152626401716,
  "rpve_csf": 23.401398140612624,
  "rpve_gm": 12.63217791997114,
  "rpve_wm": 15.561967039086701,
  "size_x": 176,
  "size_y": 240,
  "size_z": 256,
  "snr_csf": 2.686012750431365,
  "snr_gm": 9.293061493734706,
  "snr_total": 9.315275517583771,
  "snr_wm": 15.966752308585244,
  "snrd_csf": 9.721537674741358,
  "snrd_gm": 19.575178080185406,
  "snrd_total": 19.002480067002143,
  "snrd_wm": 27.710724446079663,
  "spacing_x": 1.0,
  "spacing_y": 1.0,
  "spacing_z": 1.0,
  "summary_bg_k": 1037.5856814465396,
  "summary_bg_mad": 23.642614354286042,
  "summary_bg_mean": 79.99893188476562,
  "summary_bg_median": 77.32318115234375,
  "summary_bg_n": 2459981.0,
  "summary_bg_p05": 43.14402389526367,
  "summary_bg_p95": 122.29271697998047,
  "summary_bg_stdv": 36.25790786743164,
  "summary_csf_k": -0.5762932023316409,
  "summary_csf_mad": 146.94751621806805,
  "summary_csf_mean": 368.4518127441406,
  "summary_csf_median": 350.8316345214844,
  "summary_csf_n": 14619.0,
  "summary_csf_p05": 182.8750701904297,
  "summary_csf_p95": 594.2000976562499,
  "summary_csf_stdv": 130.6098175048828,
  "summary_gm_k": -0.04649686999130331,
  "summary_gm_mad": 76.02942354516621,
  "summary_gm_mean": 706.0423583984375,
  "summary_gm_median": 706.4306030273438,
  "summary_gm_n": 10819.0,
  "summary_gm_p05": 579.5495727539062,
  "summary_gm_p95": 832.0528198242189,
  "summary_gm_stdv": 76.01348114013672,
  "summary_wm_k": 0.1849515370714898,
  "summary_wm_mad": 61.24240291993538,
  "summary_wm_mean": 999.6942138671875,
  "summary_wm_median": 1000.02685546875,
  "summary_wm_n": 225247.0,
  "summary_wm_p05": 896.1359008789063,
  "summary_wm_p95": 1101.978381347656,
  "summary_wm_stdv": 62.63168716430664,
  "tpm_overlap_csf": 0.17688357830047607,
  "tpm_overlap_gm": 0.42628318071365356,
  "tpm_overlap_wm": 0.509391188621521,
  "wm2max": 0.46826764480718075
}