{
  "bids_meta": {
    "AcquisitionNumber": 1,
    "DeviceSerialNumber": "35442  ",
    "EchoNumber": 1,
    "EchoTime": 0.00298,
    "FlipAngle": 9,
    "ImageOrientationPatientDICOM": [
      "-0.0027691391207",
      "0.99856730956769",
      "0.0534383769521",
      "0.01259678216293",
      "0.05346917438448",
      "-0.9984900442517 "
    ],
    "ImageType": [
      "ORIGINAL",
      "PRIMARY",
      "M",
      "ND",
      "NORM "
    ],
    "ImagingFrequency": 123.247119,
    "InPlanePhaseEncodingDirectionDICOM": "ROW  ",
    "IntendedFor": [
      "ses-NAPFU24/anat/sub-5458966_ses-NAPFU24_run-001_FLAIR.nii.gz",
      "ses-NAPFU24/fmap/sub-5458966_ses-NAPFU24_run-004_phasediff.nii.gz",
      "ses-NAPFU24/fmap/sub-5458966_ses-NAPFU24_run-005_phasediff.nii.gz",
      "ses-NAPFU24/dwi/sub-5458966_ses-NAPFU24_run-001_dwi.nii.gz"
    ],
    "InversionTime": 0.9,
    "MRAcquisitionType": "3D ",
    "MagneticFieldStrength": 3,
    "Manufacturer": "SIEMENS  ",
    "ManufacturerModelName": "TrioTim  ",
    "Modality": "MRI__ ",
    "PatientPosition": "HFS  ",
    "PercentPhaseFOV": 93.75,
    "PhaseEncodingSteps": 239,
    "PixelBandwidth": 238,
    "ProtocolName": "MPRAGE ADNI_iPAT2  ",
    "PulseSequenceType": "*tfl3d1_ns ",
    "ReceiveCoilName": "HeadMatrixix\\\\ ",
    "RepetitionTime": 2.3,
    "SAR": 0.0866517646394,
    "ScanningSequence": "GR\\\\IR  ",
    "SequenceName": "*tfl3d1_ns ",
    "SequenceVariant": "SP\\\\MP  ",
    "SeriesDescription": "MPRAGE ADNI_iPAT2  ",
    "SeriesNumber": 20,
    "SliceOrder": "interleaved ",
    "SliceThickness": 1,
    "SliceTiming": null,
    "SoftwareVersions": "syngo MR B17 ",
    "dataset": "<unset>",
    "modality": "T1w",
    "run_id": 2,
    "session_id": "NAPFU24",
    "subject_id": "5458966"
  },
  "cjv": 0.4736558638131644,
  "cnr": 2.8469724502934244,
  "efc": 0.639843017313839,
  "fber": 96.4776611328125,
  "fwhm_avg": 3.1550499999999997,
  "fwhm_x": 3.26599,
  "fwhm_y": 3.2481,
  "fwhm_z": 2.95106,
  "icvs_csf": 0.20168149845206068,
  "icvs_gm": 0.4043594045835693,
  "icvs_wm": 0.39395909696437004,
  "inu_med": 1.302384376525879,
  "inu_range": 0.4611961543560028,
  "provenance": {
    "md5sum": "2402d7add020815449656733a602d680",
    "settings": {
      "testing": false
    },
    "software": "mriqc",
    "version": "0.16.1",
    "warnings": {
      "large_rot_frame": true,
      "small_air_mask": false
    },
    "webapi_port": null,
    "webapi_url": "https://mriqc.nimh.nih.gov/api/v1"
  },
  "qi_1": 0.0001283731435034318,
  "qi_2": 0.003948040159726422,
  "rpve_csf": 26.93412924342559,
  "rpve_gm": 13.587028137477173,
  "rpve_wm": 16.6584616339707,
  "size_x": 176,
  "size_y": 240,
  "size_z": 256,
  "snr_csf": 2.5270320972254314,
  "snr_gm": 9.247898248019734,
  "snr_total": 9.039665048366363,
  "snr_wm": 15.344064799853925,
  "snrd_csf": 9.135248461622133,
  "snrd_gm": 21.14397236047416,
  "snrd_total": 20.067851542943067,
  "snrd_wm": 29.924333806732907,
  "spacing_x": 1.0,
  "spacing_y": 1.0,
  "spacing_z": 1.0,
  "summary_bg_k": 351.6387036720868,
  "summary_bg_mad": 21.892905745492726,
  "summary_bg_mean": 72.82019805908203,
  "summary_bg_median": 71.03359985351562,
  "summary_bg_n": 2656473.0,
  "summary_bg_p05": 39.20008087158203,
  "summary_bg_p95": 112.37213897705078,
  "summary_bg_stdv": 23.19144058227539,
  "summary_csf_k": 11.126948631682575,
  "summary_csf_mad": 97.94609445225775,
  "summary_csf_mean": 330.08807373046875,
  "summary_csf_median": 305.27557373046875,
  "summary_csf_n": 14440.0,
  "summary_csf_p05": 182.5122993469238,
  "summary_csf_p95": 553.2490997314453,
  "summary_csf_stdv": 120.79981231689453,
  "summary_gm_k": 0.10927864431504908,
  "summary_gm_mad": 75.04678331745916,
  "summary_gm_mean": 706.207763671875,
  "summary_gm_median": 706.5750122070312,
  "summary_gm_n": 7585.0,
  "summary_gm_p05": 577.6483764648438,
  "summary_gm_p95": 830.8217041015623,
  "summary_gm_stdv": 76.39881134033203,
  "summary_wm_k": 0.13141694422146788,
  "summary_wm_mad": 63.93151974899611,
  "summary_wm_mean": 1000.619873046875,
  "summary_wm_median": 999.9912109375,
  "summary_wm_n": 200159.0,
  "summary_wm_p05": 894.3954101562499,
  "summary_wm_p95": 1108.6849121093749,
  "summary_wm_stdv": 65.1710433959961,
  "tpm_overlap_csf": 0.15566207468509674,
  "tpm_overlap_gm": 0.39919430017471313,
  "tpm_overlap_wm": 0.4656113088130951,
  "wm2max": 0.4661238070390026
}