{
  "bids_meta": {
    "AcquisitionNumber": 1,
    "DeviceSerialNumber": "35442  ",
    "EchoNumber": 1,
    "EchoTime": 0.00298,
    "FlipAngle": 9,
    "ImageOrientationPatientDICOM": [
      "0.01690477548507",
      "0.99985704320603",
      "-0.0003488797729",
      "-0.0326966235959",
      "0.00020406502604",
      "-0.9994653016303  "
    ],
    "ImageType": [
      "ORIGINAL",
      "PRIMARY",
      "M",
      "ND",
      "NORM "
    ],
    "ImagingFrequency": 123.247442,
    "InPlanePhaseEncodingDirectionDICOM": "ROW  ",
    "IntendedFor": [
      "ses-NAPEN00/fmap/sub-6605596_ses-NAPEN00_run-001_phasediff.nii.gz",
      "ses-NAPEN00/dwi/sub-6605596_ses-NAPEN00_run-001_dwi.nii.gz",
      "ses-NAPEN00/fmap/sub-6605596_ses-NAPEN00_run-002_phasediff.nii.gz",
      "ses-NAPEN00/anat/sub-6605596_ses-NAPEN00_run-001_FLAIR.nii.gz"
    ],
    "InversionTime": 0.9,
    "MRAcquisitionType": "3D ",
    "MagneticFieldStrength": 3,
    "Manufacturer": "SIEMENS  ",
    "ManufacturerModelName": "TrioTim  ",
    "Modality": "MRI__ ",
    "PatientPosition": "HFS  ",
    "PercentPhaseFOV": 93.75,
    "PhaseEncodingSteps": 239,
    "PixelBandwidth": 238,
    "ProtocolName": "MPRAGE ADNI_iPAT2  ",
    "PulseSequenceType": "*tfl3d1_ns ",
    "ReceiveCoilName": "HeadMatrixix\\\\ ",
    "RepetitionTime": 2.3,
    "SAR": 0.09176696644335,
    "ScanningSequence": "GR\\\\IR  ",
    "SequenceName": "*tfl3d1_ns ",
    "SequenceVariant": "SP\\\\MP  ",
    "SeriesDescription": "MPRAGE ADNI_iPAT2  ",
    "SeriesNumber": 4,
    "SliceOrder": "interleaved ",
    "SliceThickness": 1,
    "SliceTiming": null,
    "SoftwareVersions": "syngo MR B17 ",
    "dataset": "<unset>",
    "modality": "T1w",
    "run_id": 1,
    "session_id": "NAPEN00",
    "subject_id": "6605596"
  },
  "cjv": 0.5103863987107768,
  "cnr": 2.5726932807588527,
  "efc": 0.6867822002572648,
  "fber": 76.59943389892578,
  "fwhm_avg": 3.27138,
  "fwhm_x": 3.34158,
  "fwhm_y": 3.34596,
  "fwhm_z": 3.1266,
  "icvs_csf": 0.20720762938545786,
  "icvs_gm": 0.40277610832043553,
  "icvs_wm": 0.39001626229410663,
  "inu_med": 1.3039014339447021,
  "inu_range": 0.5975239753723145,
  "provenance": {
    "md5sum": "ae711c79ddffdd59f7c61784fd8b742b",
    "settings": {
      "testing": false
    },
    "software": "mriqc",
    "version": "0.16.1",
    "warnings": {
      "large_rot_frame": true,
      "small_air_mask": false
    },
    "webapi_port": null,
    "webapi_url": "https://mriqc.nimh.nih.gov/api/v1"
  },
  "qi_1": 7.088014767072459e-05,
  "qi_2": 0.0037536318368597155,
  "rpve_csf": 24.43500020501793,
  "rpve_gm": 12.886480457470244,
  "rpve_wm": 16.336871495629286,
  "size_x": 176,
  "size_y": 240,
  "size_z": 256,
  "snr_csf": 3.3796879128333224,
  "snr_gm": 9.235691897486495,
  "snr_total": 9.032719911432396,
  "snr_wm": 14.48277992397737,
  "snrd_csf": 11.816224849567186,
  "snrd_gm": 19.247558168773846,
  "snrd_total": 19.313790667911082,
  "snrd_wm": 26.877588985392222,
  "spacing_x": 1.0,
  "spacing_y": 1.0,
  "spacing_z": 1.0,
  "summary_bg_k": 1148.7195476248003,
  "summary_bg_mad": 24.3756807954551,
  "summary_bg_mean": 82.4341812133789,
  "summary_bg_median": 79.8442153930664,
  "summary_bg_n": 2452769.0,
  "summary_bg_p05": 44.47964324951172,
  "summary_bg_p95": 125.74001617431641,
  "summary_bg_stdv": 37.37164306640625,
  "summary_csf_k": -0.2710604274074675,
  "summary_csf_mad": 136.10012821218623,
  "summary_csf_mean": 430.8140563964844,
  "summary_csf_median": 439.64666748046875,
  "summary_csf_n": 6082.0,
  "summary_csf_p05": 213.60291595458983,
  "summary_csf_p95": 633.9626312255859,
  "summary_csf_stdv": 130.0742950439453,
  "summary_gm_k": 0.03432435154184432,
  "summary_gm_mad": 76.75294320080961,
  "summary_gm_mean": 717.5989379882812,
  "summary_gm_median": 716.14453125,
  "summary_gm_n": 12004.0,
  "summary_gm_p05": 592.332894897461,
  "summary_gm_p95": 848.0828521728516,
  "summary_gm_stdv": 77.5377426147461,
  "summary_wm_k": 0.07968471372188546,
  "summary_wm_mad": 68.14106397523281,
  "summary_wm_mean": 1000.2905883789062,
  "summary_wm_median": 1000.0353393554688,
  "summary_wm_n": 225816.0,
  "summary_wm_p05": 887.1428527832031,
  "summary_wm_p95": 1114.2510070800781,
  "summary_wm_stdv": 69.0498046875,
  "tpm_overlap_csf": 0.14972391724586487,
  "tpm_overlap_gm": 0.42905393242836,
  "tpm_overlap_wm": 0.49443134665489197,
  "wm2max": 0.46454903112197177
}