{
  "bids_meta": {
    "AcquisitionNumber": 1,
    "DeviceSerialNumber": "35442  ",
    "EchoNumber": 1,
    "EchoTime": 0.00298,
    "FlipAngle": 9,
    "ImageOrientationPatientDICOM": [
      "0.0092261437705",
      "0.99995743822981",
      "-2.48870837e-008",
      "0.07434366975581",
      "-0.0006859593994",
      "-0.9972324444316 "
    ],
    "ImageType": [
      "ORIGINAL",
      "PRIMARY",
      "M",
      "ND",
      "NORM "
    ],
    "ImagingFrequency": 123.247342,
    "InPlanePhaseEncodingDirectionDICOM": "ROW  ",
    "IntendedFor": [
      "ses-NAPFU03/anat/sub-3102543_ses-NAPFU03_run-001_T2star.nii.gz",
      "ses-NAPFU03/fmap/sub-3102543_ses-NAPFU03_run-002_phasediff.nii.gz",
      "ses-NAPFU03/func/sub-3102543_ses-NAPFU03_task-rest_run-001_bold.nii.gz",
      "ses-NAPFU03/func/sub-3102543_ses-NAPFU03_task-encoding_run-001_bold.nii.gz",
      "ses-NAPFU03/fmap/sub-3102543_ses-NAPFU03_run-001_phasediff.nii.gz",
      "ses-NAPFU03/fmap/sub-3102543_ses-NAPFU03_run-003_phasediff.nii.gz",
      "ses-NAPFU03/func/sub-3102543_ses-NAPFU03_task-rest_run-002_bold.nii.gz",
      "ses-NAPFU03/func/sub-3102543_ses-NAPFU03_task-retrieval_run-001_bold.nii.gz",
      "ses-NAPFU03/asl/sub-3102543_ses-NAPFU03_run-001_asl.nii.gz"
    ],
    "InversionTime": 0.9,
    "MRAcquisitionType": "3D ",
    "MagneticFieldStrength": 3,
    "Manufacturer": "SIEMENS  ",
    "ManufacturerModelName": "TrioTim  ",
    "Modality": "MRI__ ",
    "PatientPosition": "HFS  ",
    "PercentPhaseFOV": 93.75,
    "PhaseEncodingSteps": 239,
    "PixelBandwidth": 238,
    "ProtocolName": "MPRAGE ADNI_iPAT2  ",
    "PulseSequenceType": "*tfl3d1_ns ",
    "ReceiveCoilName": "HeadMatrixix\\\\ ",
    "RepetitionTime": 2.3,
    "SAR": 0.08075392856415,
    "ScanningSequence": "GR\\\\IR  ",
    "SequenceName": "*tfl3d1_ns ",
    "SequenceVariant": "SP\\\\MP  ",
    "SeriesDescription": "MPRAGE ADNI_iPAT2  ",
    "SeriesNumber": 12,
    "SliceOrder": "interleaved ",
    "SliceThickness": 1,
    "SliceTiming": null,
    "SoftwareVersions": "syngo MR B17 ",
    "dataset": "<unset>",
    "modality": "T1w",
    "run_id": 1,
    "session_id": "NAPFU03",
    "subject_id": "3102543"
  },
  "cjv": 0.40892149005105977,
  "cnr": 3.2725346255850343,
  "efc": 0.5911950697883077,
  "fber": 137.80799865722656,
  "fwhm_avg": 3.285386666666667,
  "fwhm_x": 3.31651,
  "fwhm_y": 3.41654,
  "fwhm_z": 3.12311,
  "icvs_csf": 0.19940985575998418,
  "icvs_gm": 0.41140791156419,
  "icvs_wm": 0.38918223267582586,
  "inu_med": 1.3048789501190186,
  "inu_range": 0.33362438678741446,
  "provenance": {
    "md5sum": "eab78bc532eb82a027629fad54696919",
    "settings": {
      "testing": false
    },
    "software": "mriqc",
    "version": "0.16.1",
    "warnings": {
      "large_rot_frame": false,
      "small_air_mask": false
    },
    "webapi_port": null,
    "webapi_url": "https://mriqc.nimh.nih.gov/api/v1"
  },
  "qi_1": 0.0,
  "qi_2": 0.005524498682077677,
  "rpve_csf": 28.84155711619288,
  "rpve_gm": 14.589334514498669,
  "rpve_wm": 18.653683554435144,
  "size_x": 176,
  "size_y": 240,
  "size_z": 256,
  "snr_csf": 2.8330213684409777,
  "snr_gm": 9.335653363122296,
  "snr_total": 9.941030796506425,
  "snr_wm": 17.654417657956003,
  "snrd_csf": 12.486018938115361,
  "snrd_gm": 26.415038152708245,
  "snrd_total": 25.797583953187274,
  "snrd_wm": 38.49169476873821,
  "spacing_x": 1.0,
  "spacing_y": 1.0,
  "spacing_z": 1.0,
  "summary_bg_k": 2011.7015042148043,
  "summary_bg_mad": 17.01993910472377,
  "summary_bg_mean": 56.496944427490234,
  "summary_bg_median": 54.835113525390625,
  "summary_bg_n": 3053661.0,
  "summary_bg_p05": 29.701162338256836,
  "summary_bg_p95": 87.24303436279297,
  "summary_bg_stdv": 24.084285736083984,
  "summary_csf_k": 2.525575571493417,
  "summary_csf_mad": 127.59774292486577,
  "summary_csf_mean": 340.09716796875,
  "summary_csf_median": 324.3771667480469,
  "summary_csf_n": 13421.0,
  "summary_csf_p05": 179.70091247558594,
  "summary_csf_p95": 530.1229248046875,
  "summary_csf_stdv": 114.49440002441406,
  "summary_gm_k": -0.0511741680116069,
  "summary_gm_mad": 73.63078237048799,
  "summary_gm_mean": 685.1242065429688,
  "summary_gm_median": 686.2423706054688,
  "summary_gm_n": 12235.0,
  "summary_gm_p05": 563.4010498046875,
  "summary_gm_p95": 805.6555908203122,
  "summary_gm_stdv": 73.50469207763672,
  "summary_wm_k": 0.29280951321256854,
  "summary_wm_mad": 54.66516539247804,
  "summary_wm_mean": 1000.5421752929688,
  "summary_wm_median": 999.984619140625,
  "summary_wm_n": 193379.0,
  "summary_wm_p05": 908.1554992675781,
  "summary_wm_p95": 1094.1972045898438,
  "summary_wm_stdv": 56.64202880859375,
  "tpm_overlap_csf": 0.18412309885025024,
  "tpm_overlap_gm": 0.4397050440311432,
  "tpm_overlap_wm": 0.5222925543785095,
  "wm2max": 0.5341636431158147
}