{
  "bids_meta": {
    "AcquisitionNumber": 1,
    "DeviceSerialNumber": "35442  ",
    "EchoNumber": 1,
    "EchoTime": 0.00298,
    "FlipAngle": 9,
    "ImageOrientationPatientDICOM": [
      "0.01855651742267",
      "0.99982781300639",
      "9.8404378e-009",
      "-0.0637859575935",
      "0.0011838588989",
      "-0.9979629001581 "
    ],
    "ImageType": [
      "ORIGINAL",
      "PRIMARY",
      "M",
      "ND",
      "NORM "
    ],
    "ImagingFrequency": 123.247305,
    "InPlanePhaseEncodingDirectionDICOM": "ROW  ",
    "IntendedFor": [
      "ses-PREFU12/fmap/sub-3048898_ses-PREFU12_run-002_phasediff.nii.gz",
      "ses-PREFU12/fmap/sub-3048898_ses-PREFU12_run-003_phasediff.nii.gz",
      "ses-PREFU12/func/sub-3048898_ses-PREFU12_task-retrieval_run-001_bold.nii.gz",
      "ses-PREFU12/anat/sub-3048898_ses-PREFU12_run-001_T2star.nii.gz",
      "ses-PREFU12/func/sub-3048898_ses-PREFU12_task-rest_run-001_bold.nii.gz",
      "ses-PREFU12/asl/sub-3048898_ses-PREFU12_run-001_asl.nii.gz",
      "ses-PREFU12/func/sub-3048898_ses-PREFU12_task-encoding_run-001_bold.nii.gz",
      "ses-PREFU12/func/sub-3048898_ses-PREFU12_task-rest_run-002_bold.nii.gz",
      "ses-PREFU12/fmap/sub-3048898_ses-PREFU12_run-001_phasediff.nii.gz"
    ],
    "InversionTime": 0.9,
    "MRAcquisitionType": "3D ",
    "MagneticFieldStrength": 3,
    "Manufacturer": "SIEMENS  ",
    "ManufacturerModelName": "TrioTim  ",
    "Modality": "MRI__ ",
    "PatientPosition": "HFS  ",
    "PercentPhaseFOV": 93.75,
    "PhaseEncodingSteps": 239,
    "PixelBandwidth": 238,
    "ProtocolName": "MPRAGE ADNI_iPAT2  ",
    "PulseSequenceType": "*tfl3d1_ns ",
    "ReceiveCoilName": "HeadMatrixix\\\\ ",
    "RepetitionTime": 2.3,
    "SAR": 0.08422582395027,
    "ScanningSequence": "GR\\\\IR  ",
    "SequenceName": "*tfl3d1_ns ",
    "SequenceVariant": "SP\\\\MP  ",
    "SeriesDescription": "MPRAGE ADNI_iPAT2  ",
    "SeriesNumber": 12,
    "SliceOrder": "interleaved ",
    "SliceThickness": 1,
    "SliceTiming": null,
    "SoftwareVersions": "syngo MR B17 ",
    "dataset": "<unset>",
    "modality": "T1w",
    "run_id": 1,
    "session_id": "PREFU12",
    "subject_id": "3048898"
  },
  "cjv": 0.4297780181437262,
  "cnr": 3.1426302637821264,
  "efc": 0.5932886997726262,
  "fber": 180.27279663085938,
  "fwhm_avg": 3.2287,
  "fwhm_x": 3.28034,
  "fwhm_y": 3.34898,
  "fwhm_z": 3.05678,
  "icvs_csf": 0.21060532615003624,
  "icvs_gm": 0.4001939960698402,
  "icvs_wm": 0.38920067778012357,
  "inu_med": 1.532562255859375,
  "inu_range": 0.38851572871208195,
  "provenance": {
    "md5sum": "19525f0dcb63f5a6756b35f82ca29ad0",
    "settings": {
      "testing": false
    },
    "software": "mriqc",
    "version": "0.16.1",
    "warnings": {
      "large_rot_frame": false,
      "small_air_mask": false
    },
    "webapi_port": null,
    "webapi_url": "https://mriqc.nimh.nih.gov/api/v1"
  },
  "qi_1": 8.428692813619343e-05,
  "qi_2": 0.0066196451728071,
  "rpve_csf": 27.702965343291744,
  "rpve_gm": 14.668444025559895,
  "rpve_wm": 18.310884087113596,
  "size_x": 176,
  "size_y": 240,
  "size_z": 256,
  "snr_csf": 2.979229104107814,
  "snr_gm": 8.639676180095378,
  "snr_total": 9.662673760107618,
  "snr_wm": 17.369115996119664,
  "snrd_csf": 13.697973549920478,
  "snrd_gm": 30.605854782794683,
  "snrd_total": 29.616726578950388,
  "snrd_wm": 44.546351404136,
  "spacing_x": 1.0,
  "spacing_y": 1.0,
  "spacing_z": 1.0,
  "summary_bg_k": 564.9810626116191,
  "summary_bg_mad": 14.70681744659379,
  "summary_bg_mean": 44.628780364990234,
  "summary_bg_median": 43.330848693847656,
  "summary_bg_n": 3146697.0,
  "summary_bg_p05": 22.00749855041504,
  "summary_bg_p95": 73.29925842285155,
  "summary_bg_stdv": 16.682146072387695,
  "summary_csf_k": 0.3092716845596968,
  "summary_csf_mad": 104.48126504207302,
  "summary_csf_mean": 321.7495422363281,
  "summary_csf_median": 307.49871826171875,
  "summary_csf_n": 16773.0,
  "summary_csf_p05": 177.21380615234375,
  "summary_csf_p95": 508.26154174804685,
  "summary_csf_stdv": 103.21111297607422,
  "summary_gm_k": 0.007895172315581789,
  "summary_gm_mad": 78.43177484502502,
  "summary_gm_mean": 683.5045776367188,
  "summary_gm_median": 687.0549926757812,
  "summary_gm_n": 8511.0,
  "summary_gm_p05": 546.9556884765625,
  "summary_gm_p95": 809.1809692382812,
  "summary_gm_stdv": 79.51856231689453,
  "summary_wm_k": 0.21068763406994506,
  "summary_wm_mad": 56.06424454899141,
  "summary_wm_mean": 1000.031005859375,
  "summary_wm_median": 999.9979858398438,
  "summary_wm_n": 197991.0,
  "summary_wm_p05": 905.1372680664062,
  "summary_wm_p95": 1094.6731567382812,
  "summary_wm_stdv": 57.57319259643555,
  "tpm_overlap_csf": 0.15134315192699432,
  "tpm_overlap_gm": 0.4006100594997406,
  "tpm_overlap_wm": 0.47404834628105164,
  "wm2max": 0.5356853560346351
}