{
  "bids_meta": {
    "AcquisitionNumber": 1,
    "DeviceSerialNumber": "35442  ",
    "EchoNumber": 1,
    "EchoTime": 0.00298,
    "FlipAngle": 9,
    "ImageOrientationPatientDICOM": [
      "0.07491826630374",
      "0.99475903311126",
      "0.06958246487143",
      "0.07576822097016",
      "0.06389830377415",
      "-0.9950759686907  "
    ],
    "ImageType": [
      "ORIGINAL",
      "PRIMARY",
      "M",
      "ND",
      "NORM "
    ],
    "ImagingFrequency": 123.251441,
    "InPlanePhaseEncodingDirectionDICOM": "ROW  ",
    "InversionTime": 0.9,
    "MRAcquisitionType": "3D ",
    "MagneticFieldStrength": 3,
    "Manufacturer": "SIEMENS  ",
    "ManufacturerModelName": "TrioTim  ",
    "Modality": "MRI__ ",
    "PatientPosition": "HFS  ",
    "PercentPhaseFOV": 93.75,
    "PhaseEncodingSteps": 239,
    "PixelBandwidth": 238,
    "ProtocolName": "MPRAGE ADNI_iPAT2  ",
    "PulseSequenceType": "*tfl3d1_ns ",
    "ReceiveCoilName": "32Ch_Headad\\\\  ",
    "RepetitionTime": 2.3,
    "SAR": 0.07903067616057,
    "ScanningSequence": "GR\\\\IR  ",
    "SequenceName": "*tfl3d1_ns ",
    "SequenceVariant": "SP\\\\MP  ",
    "SeriesDescription": "MPRAGE ADNI_iPAT2  ",
    "SeriesNumber": 4,
    "SliceOrder": "interleaved ",
    "SliceThickness": 1,
    "SliceTiming": null,
    "SoftwareVersions": "syngo MR B17 ",
    "dataset": "<unset>",
    "modality": "T1w",
    "run_id": 1,
    "session_id": "PREEN00",
    "subject_id": "9843864"
  },
  "cjv": 0.4683813412701618,
  "cnr": 2.7615355439012768,
  "efc": 0.5763393701679912,
  "fber": 73.42847442626953,
  "fwhm_avg": 3.1325766666666666,
  "fwhm_x": 3.22877,
  "fwhm_y": 3.26603,
  "fwhm_z": 2.90293,
  "icvs_csf": 0.1937080177088365,
  "icvs_gm": 0.4099417388997806,
  "icvs_wm": 0.3963502433913829,
  "inu_med": 1.3947525024414062,
  "inu_range": 0.39125049114227295,
  "provenance": {
    "md5sum": "6a0e7789f8fecaae01967c15e9f9fa80",
    "settings": {
      "testing": false
    },
    "software": "mriqc",
    "version": "0.16.1",
    "warnings": {
      "large_rot_frame": true,
      "small_air_mask": false
    },
    "webapi_port": null,
    "webapi_url": "https://mriqc.nimh.nih.gov/api/v1"
  },
  "qi_1": 8.435445006399936e-05,
  "qi_2": 0.0072797423016952465,
  "rpve_csf": 29.530549875777762,
  "rpve_gm": 14.406442905920617,
  "rpve_wm": 18.080571616128463,
  "size_x": 176,
  "size_y": 240,
  "size_z": 256,
  "snr_csf": 2.6278918244859413,
  "snr_gm": 10.818004550472963,
  "snr_total": 10.865608489995074,
  "snr_wm": 19.15092909502631,
  "snrd_csf": 16.104966842980662,
  "snrd_gm": 37.916249214351545,
  "snrd_total": 34.88438640841152,
  "snrd_wm": 50.63194316790234,
  "spacing_x": 1.0,
  "spacing_y": 1.0,
  "spacing_z": 1.0,
  "summary_bg_k": 17979.30762799191,
  "summary_bg_mad": 12.939333039869707,
  "summary_bg_mean": 80.6539077758789,
  "summary_bg_median": 79.38948059082031,
  "summary_bg_n": 3321069.0,
  "summary_bg_p05": 60.463513946533205,
  "summary_bg_p95": 104.19891052246088,
  "summary_bg_stdv": 27.431806564331055,
  "summary_csf_k": 0.6460442789782963,
  "summary_csf_mad": 109.13784541849863,
  "summary_csf_mean": 349.79150390625,
  "summary_csf_median": 318.0826721191406,
  "summary_csf_n": 10914.0,
  "summary_csf_p05": 202.83110275268555,
  "summary_csf_p95": 589.0256439208985,
  "summary_csf_stdv": 121.03546142578125,
  "summary_gm_k": -0.060158892419648335,
  "summary_gm_mad": 68.6945965540047,
  "summary_gm_mean": 746.7957763671875,
  "summary_gm_median": 748.8684692382812,
  "summary_gm_n": 9601.0,
  "summary_gm_p05": 630.3525390625,
  "summary_gm_p95": 858.08154296875,
  "summary_gm_stdv": 69.22066497802734,
  "summary_wm_k": 0.6743008551307841,
  "summary_wm_mad": 48.93587245050084,
  "summary_wm_mean": 1002.3295288085938,
  "summary_wm_median": 1000.010986328125,
  "summary_wm_n": 175514.0,
  "summary_wm_p05": 920.8518829345703,
  "summary_wm_p95": 1091.987158203125,
  "summary_wm_stdv": 52.21721267700195,
  "tpm_overlap_csf": 0.1775977462530136,
  "tpm_overlap_gm": 0.42934346199035645,
  "tpm_overlap_wm": 0.509942352771759,
  "wm2max": 0.3521517527094121
}