{
  "bids_meta": {
    "AcquisitionNumber": 1,
    "DeviceSerialNumber": "35442  ",
    "EchoNumber": 1,
    "EchoTime": 0.00298,
    "FlipAngle": 9,
    "ImageOrientationPatientDICOM": [
      "-0.062386307718",
      "0.99805201620079",
      "-0.0003486643885",
      "-0.0458225529093",
      "-0.0032132556039",
      "-0.9989444271997 "
    ],
    "ImageType": [
      "ORIGINAL",
      "PRIMARY",
      "M",
      "ND",
      "NORM "
    ],
    "ImagingFrequency": 123.24718,
    "InPlanePhaseEncodingDirectionDICOM": "ROW  ",
    "IntendedFor": [
      "ses-NAPBL00/asl/sub-7945015_ses-NAPBL00_run-001_asl.nii.gz",
      "ses-NAPBL00/func/sub-7945015_ses-NAPBL00_task-rest_run-002_bold.nii.gz",
      "ses-NAPBL00/func/sub-7945015_ses-NAPBL00_task-encoding_run-001_bold.nii.gz",
      "ses-NAPBL00/fmap/sub-7945015_ses-NAPBL00_run-003_phasediff.nii.gz",
      "ses-NAPBL00/fmap/sub-7945015_ses-NAPBL00_run-002_phasediff.nii.gz",
      "ses-NAPBL00/func/sub-7945015_ses-NAPBL00_task-retrieval_run-001_bold.nii.gz",
      "ses-NAPBL00/anat/sub-7945015_ses-NAPBL00_run-001_T2star.nii.gz",
      "ses-NAPBL00/func/sub-7945015_ses-NAPBL00_task-rest_run-001_bold.nii.gz",
      "ses-NAPBL00/fmap/sub-7945015_ses-NAPBL00_run-001_phasediff.nii.gz"
    ],
    "InversionTime": 0.9,
    "MRAcquisitionType": "3D ",
    "MagneticFieldStrength": 3,
    "Manufacturer": "SIEMENS  ",
    "ManufacturerModelName": "TrioTim  ",
    "Modality": "MRI__ ",
    "PatientPosition": "HFS  ",
    "PercentPhaseFOV": 93.75,
    "PhaseEncodingSteps": 239,
    "PixelBandwidth": 238,
    "ProtocolName": "MPRAGE ADNI_iPAT2  ",
    "PulseSequenceType": "*tfl3d1_ns ",
    "ReceiveCoilName": "HeadMatrixix\\\\ ",
    "RepetitionTime": 2.3,
    "SAR": 0.08584896840273,
    "ScanningSequence": "GR\\\\IR  ",
    "SequenceName": "*tfl3d1_ns ",
    "SequenceVariant": "SP\\\\MP  ",
    "SeriesDescription": "MPRAGE ADNI_iPAT2  ",
    "SeriesNumber": 12,
    "SliceOrder": "interleaved ",
    "SliceThickness": 1,
    "SliceTiming": null,
    "SoftwareVersions": "syngo MR B17 ",
    "dataset": "<unset>",
    "modality": "T1w",
    "run_id": 1,
    "session_id": "NAPBL00",
    "subject_id": "7945015"
  },
  "cjv": 0.4336168969880587,
  "cnr": 3.1401961144851227,
  "efc": 0.6129866188824675,
  "fber": 107.14396667480469,
  "fwhm_avg": 3.296886666666667,
  "fwhm_x": 3.32342,
  "fwhm_y": 3.50286,
  "fwhm_z": 3.06438,
  "icvs_csf": 0.19562090699338402,
  "icvs_gm": 0.4120228315768669,
  "icvs_wm": 0.39235626142974905,
  "inu_med": 1.2276886701583862,
  "inu_range": 0.41887223720550537,
  "provenance": {
    "md5sum": "5d49eaa64b591b902234a4965249f104",
    "settings": {
      "testing": false
    },
    "software": "mriqc",
    "version": "0.16.1",
    "warnings": {
      "large_rot_frame": true,
      "small_air_mask": false
    },
    "webapi_port": null,
    "webapi_url": "https://mriqc.nimh.nih.gov/api/v1"
  },
  "qi_1": 0.0001673681712375729,
  "qi_2": 0.003954368398490433,
  "rpve_csf": 26.731683022852177,
  "rpve_gm": 13.2555350507618,
  "rpve_wm": 16.640363644818525,
  "size_x": 176,
  "size_y": 240,
  "size_z": 256,
  "snr_csf": 2.6279168402572166,
  "snr_gm": 9.675482484019165,
  "snr_total": 9.89830593900149,
  "snr_wm": 17.391518492728093,
  "snrd_csf": 10.71421424356758,
  "snrd_gm": 24.04646908785552,
  "snrd_total": 23.001176766849557,
  "snrd_wm": 34.242846969125566,
  "spacing_x": 1.0,
  "spacing_y": 1.0,
  "spacing_z": 1.0,
  "summary_bg_k": 623.1701925090354,
  "summary_bg_mad": 19.132179541471636,
  "summary_bg_mean": 64.13732147216797,
  "summary_bg_median": 62.60287857055664,
  "summary_bg_n": 2446644.0,
  "summary_bg_p05": 34.74003372192383,
  "summary_bg_p95": 98.41201019287112,
  "summary_bg_stdv": 20.451847076416016,
  "summary_csf_k": 0.9355412898280258,
  "summary_csf_mad": 116.52087010293599,
  "summary_csf_mean": 341.0502014160156,
  "summary_csf_median": 312.8909912109375,
  "summary_csf_n": 13349.0,
  "summary_csf_p05": 185.73502502441409,
  "summary_csf_p95": 557.9862304687499,
  "summary_csf_stdv": 119.05980682373047,
  "summary_gm_k": -0.13807076815565855,
  "summary_gm_mad": 73.39532515780783,
  "summary_gm_mean": 701.7916259765625,
  "summary_gm_median": 702.237548828125,
  "summary_gm_n": 11680.0,
  "summary_gm_p05": 580.6659942626953,
  "summary_gm_p95": 819.496646118164,
  "summary_gm_stdv": 72.57596588134766,
  "summary_wm_k": 0.23202275781814086,
  "summary_wm_mad": 55.72209861465488,
  "summary_wm_mean": 998.8917236328125,
  "summary_wm_median": 1000.0059814453125,
  "summary_wm_n": 200661.0,
  "summary_wm_p05": 901.8663940429688,
  "summary_wm_p95": 1091.5057373046875,
  "summary_wm_stdv": 57.49949264526367,
  "tpm_overlap_csf": 0.18186800181865692,
  "tpm_overlap_gm": 0.4381087124347687,
  "tpm_overlap_wm": 0.504608690738678,
  "wm2max": 0.4660589873359287
}