{
  "bids_meta": {
    "AcquisitionNumber": 1,
    "DeviceSerialNumber": "35442  ",
    "EchoNumber": 1,
    "EchoTime": 0.00298,
    "FlipAngle": 9,
    "ImageOrientationPatientDICOM": [
      "0.05593754156666",
      "0.99843420928328",
      "-0.000348103935",
      "0.07587412377055",
      "-0.0045985090558",
      "-0.9971068002258 "
    ],
    "ImageType": [
      "ORIGINAL",
      "PRIMARY",
      "M",
      "ND",
      "NORM "
    ],
    "ImagingFrequency": 123.246927,
    "InPlanePhaseEncodingDirectionDICOM": "ROW  ",
    "IntendedFor": [
      "ses-PREEN00/anat/sub-3084846_ses-PREEN00_run-001_FLAIR.nii.gz",
      "ses-PREEN00/dwi/sub-3084846_ses-PREEN00_run-001_dwi.nii.gz",
      "ses-PREEN00/fmap/sub-3084846_ses-PREEN00_run-002_phasediff.nii.gz",
      "ses-PREEN00/fmap/sub-3084846_ses-PREEN00_run-001_phasediff.nii.gz"
    ],
    "InversionTime": 0.9,
    "MRAcquisitionType": "3D ",
    "MagneticFieldStrength": 3,
    "Manufacturer": "SIEMENS  ",
    "ManufacturerModelName": "TrioTim  ",
    "Modality": "MRI__ ",
    "PatientPosition": "HFS  ",
    "PercentPhaseFOV": 93.75,
    "PhaseEncodingSteps": 239,
    "PixelBandwidth": 238,
    "ProtocolName": "MPRAGE ADNI_iPAT2  ",
    "PulseSequenceType": "*tfl3d1_ns ",
    "ReceiveCoilName": "HeadMatrixix\\\\ ",
    "RepetitionTime": 2.3,
    "SAR": 0.0786135406196,
    "ScanningSequence": "GR\\\\IR  ",
    "SequenceName": "*tfl3d1_ns ",
    "SequenceVariant": "SP\\\\MP  ",
    "SeriesDescription": "MPRAGE ADNI_iPAT2  ",
    "SeriesNumber": 4,
    "SliceOrder": "interleaved ",
    "SliceThickness": 1,
    "SliceTiming": null,
    "SoftwareVersions": "syngo MR B17 ",
    "dataset": "<unset>",
    "modality": "T1w",
    "run_id": 1,
    "session_id": "PREEN00",
    "subject_id": "3084846"
  },
  "cjv": 0.4320720315040238,
  "cnr": 3.163312660560096,
  "efc": 0.6112312958602795,
  "fber": 133.72398376464844,
  "fwhm_avg": 3.30686,
  "fwhm_x": 3.40545,
  "fwhm_y": 3.34779,
  "fwhm_z": 3.16734,
  "icvs_csf": 0.18973340299316135,
  "icvs_gm": 0.40961986355202673,
  "icvs_wm": 0.40064673345481194,
  "inu_med": 1.2388813495635986,
  "inu_range": 0.3711184799671172,
  "provenance": {
    "md5sum": "c3e390dbc0c89ee1cb4063dfef7e28e0",
    "settings": {
      "testing": false
    },
    "software": "mriqc",
    "version": "0.16.1",
    "warnings": {
      "large_rot_frame": true,
      "small_air_mask": false
    },
    "webapi_port": null,
    "webapi_url": "https://mriqc.nimh.nih.gov/api/v1"
  },
  "qi_1": 0.00016189412056776743,
  "qi_2": 0.004921644576082122,
  "rpve_csf": 30.596527202253302,
  "rpve_gm": 14.893360379917075,
  "rpve_wm": 18.35406797468246,
  "size_x": 176,
  "size_y": 240,
  "size_z": 256,
  "snr_csf": 2.7159540224605783,
  "snr_gm": 9.093714111172643,
  "snr_total": 9.53669511143305,
  "snr_wm": 16.800417200665926,
  "snrd_csf": 12.744112681466504,
  "snrd_gm": 25.715516759754163,
  "snrd_total": 25.247180657783403,
  "snrd_wm": 37.28191253212954,
  "spacing_x": 1.0,
  "spacing_y": 1.0,
  "spacing_z": 1.0,
  "summary_bg_k": 0.5414700269274886,
  "summary_bg_mad": 17.57231792505536,
  "summary_bg_mean": 57.94892120361328,
  "summary_bg_median": 56.51585388183594,
  "summary_bg_n": 2733990.0,
  "summary_bg_p05": 31.14098072052002,
  "summary_bg_p95": 89.62324028015135,
  "summary_bg_stdv": 17.972352981567383,
  "summary_csf_k": 0.22821037095572816,
  "summary_csf_mad": 137.3999388974044,
  "summary_csf_mean": 354.27587890625,
  "summary_csf_median": 341.82745361328125,
  "summary_csf_n": 11499.0,
  "summary_csf_p05": 171.7837158203125,
  "summary_csf_p95": 568.4520690917968,
  "summary_csf_stdv": 125.85359954833984,
  "summary_gm_k": -0.04844323059790412,
  "summary_gm_mad": 76.17203713747364,
  "summary_gm_mean": 688.1258544921875,
  "summary_gm_median": 689.7514038085938,
  "summary_gm_n": 12811.0,
  "summary_gm_p05": 560.7667541503906,
  "summary_gm_p95": 808.8606262207031,
  "summary_gm_stdv": 75.8462905883789,
  "summary_wm_k": 0.238231181681547,
  "summary_wm_mad": 57.873247292530564,
  "summary_wm_mean": 1000.4323120117188,
  "summary_wm_median": 999.9896850585938,
  "summary_wm_n": 194604.0,
  "summary_wm_p05": 903.255044555664,
  "summary_wm_p95": 1099.3612548828125,
  "summary_wm_stdv": 59.52156448364258,
  "tpm_overlap_csf": 0.17997008562088013,
  "tpm_overlap_gm": 0.4347198009490967,
  "tpm_overlap_wm": 0.5203447341918945,
  "wm2max": 0.552136121580248
}