{
  "bids_meta": {
    "AcquisitionNumber": 1,
    "DeviceSerialNumber": "35442  ",
    "EchoNumber": 1,
    "EchoTime": 0.00298,
    "FlipAngle": 9,
    "ImageOrientationPatientDICOM": [
      "-0.041798974637",
      "0.99591232464699",
      "0.0800717636594",
      "-0.0143898621629",
      "0.07953342071419",
      "-0.9967283315209  "
    ],
    "ImageType": [
      "ORIGINAL",
      "PRIMARY",
      "M",
      "ND",
      "NORM "
    ],
    "ImagingFrequency": 123.247133,
    "InPlanePhaseEncodingDirectionDICOM": "ROW  ",
    "IntendedFor": [
      "ses-PREFU24/dwi/sub-3705605_ses-PREFU24_run-001_dwi.nii.gz",
      "ses-PREFU24/anat/sub-3705605_ses-PREFU24_run-001_FLAIR.nii.gz",
      "ses-PREFU24/fmap/sub-3705605_ses-PREFU24_run-005_phasediff.nii.gz",
      "ses-PREFU24/fmap/sub-3705605_ses-PREFU24_run-004_phasediff.nii.gz"
    ],
    "InversionTime": 0.9,
    "MRAcquisitionType": "3D ",
    "MagneticFieldStrength": 3,
    "Manufacturer": "SIEMENS  ",
    "ManufacturerModelName": "TrioTim  ",
    "Modality": "MRI__ ",
    "PatientPosition": "HFS  ",
    "PercentPhaseFOV": 93.75,
    "PhaseEncodingSteps": 239,
    "PixelBandwidth": 238,
    "ProtocolName": "MPRAGE ADNI_iPAT2  ",
    "PulseSequenceType": "*tfl3d1_ns ",
    "ReceiveCoilName": "HeadMatrixix\\\\ ",
    "RepetitionTime": 2.3,
    "SAR": 0.08548159810941,
    "ScanningSequence": "GR\\\\IR  ",
    "SequenceName": "*tfl3d1_ns ",
    "SequenceVariant": "SP\\\\MP  ",
    "SeriesDescription": "MPRAGE ADNI_iPAT2  ",
    "SeriesNumber": 20,
    "SliceOrder": "interleaved ",
    "SliceThickness": 1,
    "SliceTiming": null,
    "SoftwareVersions": "syngo MR B17 ",
    "dataset": "<unset>",
    "modality": "T1w",
    "run_id": 2,
    "session_id": "PREFU24",
    "subject_id": "3705605"
  },
  "cjv": 0.495225125076155,
  "cnr": 2.722945530005859,
  "efc": 0.6612249876567119,
  "fber": 82.61790466308594,
  "fwhm_avg": 3.1877,
  "fwhm_x": 3.26415,
  "fwhm_y": 3.29207,
  "fwhm_z": 3.00688,
  "icvs_csf": 0.21118791288312924,
  "icvs_gm": 0.38759006771170323,
  "icvs_wm": 0.40122201940516755,
  "inu_med": 1.3927068710327148,
  "inu_range": 0.5670232236385344,
  "provenance": {
    "md5sum": "8230f286038ffca44600e8a5f4106b3e",
    "settings": {
      "testing": false
    },
    "software": "mriqc",
    "version": "0.16.1",
    "warnings": {
      "large_rot_frame": true,
      "small_air_mask": false
    },
    "webapi_port": null,
    "webapi_url": "https://mriqc.nimh.nih.gov/api/v1"
  },
  "qi_1": 0.0,
  "qi_2": 0.00469043705575858,
  "rpve_csf": 22.72434377403831,
  "rpve_gm": 12.22806858261898,
  "rpve_wm": 14.632988090415179,
  "size_x": 176,
  "size_y": 240,
  "size_z": 256,
  "snr_csf": 2.693097574505282,
  "snr_gm": 8.694996224066621,
  "snr_total": 8.762915640763193,
  "snr_wm": 14.900653123717678,
  "snrd_csf": 9.6785713965448,
  "snrd_gm": 20.39041830404691,
  "snrd_total": 19.65034512277886,
  "snrd_wm": 28.882045667744865,
  "spacing_x": 1.0,
  "spacing_y": 1.0,
  "spacing_z": 1.0,
  "summary_bg_k": 35.5682068208202,
  "summary_bg_mad": 22.683436709371158,
  "summary_bg_mean": 76.98751831054688,
  "summary_bg_median": 75.1742935180664,
  "summary_bg_n": 2814702.0,
  "summary_bg_p05": 42.193624114990236,
  "summary_bg_p95": 117.66079483032226,
  "summary_bg_stdv": 23.729293823242188,
  "summary_csf_k": -0.0988569724482069,
  "summary_csf_mad": 131.17941633243174,
  "summary_csf_mean": 352.631591796875,
  "summary_csf_median": 335.11077880859375,
  "summary_csf_n": 11908.0,
  "summary_csf_p05": 178.35494155883788,
  "summary_csf_p95": 574.8337890625,
  "summary_csf_stdv": 124.42798614501953,
  "summary_gm_k": -0.0502375893082605,
  "summary_gm_mad": 79.89745527307282,
  "summary_gm_mean": 705.03466796875,
  "summary_gm_median": 705.9976806640625,
  "summary_gm_n": 7157.0,
  "summary_gm_p05": 567.1583374023438,
  "summary_gm_p95": 836.5556274414062,
  "summary_gm_stdv": 81.190185546875,
  "summary_wm_k": 0.140774750759741,
  "summary_wm_mad": 65.70568351218097,
  "summary_wm_mean": 999.9735717773438,
  "summary_wm_median": 1000.01171875,
  "summary_wm_n": 219618.0,
  "summary_wm_p05": 889.6959136962892,
  "summary_wm_p95": 1110.3692321777344,
  "summary_wm_stdv": 67.11178588867188,
  "tpm_overlap_csf": 0.1671019196510315,
  "tpm_overlap_gm": 0.41253453493118286,
  "tpm_overlap_wm": 0.49850571155548096,
  "wm2max": 0.48456122694927944
}