{
  "bids_meta": {
    "AcquisitionNumber": 1,
    "DeviceSerialNumber": "35442  ",
    "EchoNumber": 1,
    "EchoTime": 0.00298,
    "FlipAngle": 9,
    "ImageOrientationPatientDICOM": [
      "-0.0006095520402",
      "0.99999975329565",
      "-0.0003490772858",
      "-0.0087045916459",
      "-0.0003543700279",
      "-0.999962051533 "
    ],
    "ImageType": [
      "ORIGINAL",
      "PRIMARY",
      "M",
      "ND",
      "NORM "
    ],
    "ImagingFrequency": 123.247437,
    "InPlanePhaseEncodingDirectionDICOM": "ROW  ",
    "IntendedFor": [
      "ses-NAPBL00/asl/sub-5967806_ses-NAPBL00_run-001_asl.nii.gz",
      "ses-NAPBL00/func/sub-5967806_ses-NAPBL00_task-retrieval_run-001_bold.nii.gz",
      "ses-NAPBL00/fmap/sub-5967806_ses-NAPBL00_run-003_phasediff.nii.gz",
      "ses-NAPBL00/fmap/sub-5967806_ses-NAPBL00_run-002_phasediff.nii.gz",
      "ses-NAPBL00/func/sub-5967806_ses-NAPBL00_task-rest_run-001_bold.nii.gz",
      "ses-NAPBL00/fmap/sub-5967806_ses-NAPBL00_run-001_phasediff.nii.gz",
      "ses-NAPBL00/func/sub-5967806_ses-NAPBL00_task-rest_run-002_bold.nii.gz",
      "ses-NAPBL00/func/sub-5967806_ses-NAPBL00_task-encoding_run-001_bold.nii.gz",
      "ses-NAPBL00/anat/sub-5967806_ses-NAPBL00_run-001_T2star.nii.gz"
    ],
    "InversionTime": 0.9,
    "MRAcquisitionType": "3D ",
    "MagneticFieldStrength": 3,
    "Manufacturer": "SIEMENS  ",
    "ManufacturerModelName": "TrioTim  ",
    "Modality": "MRI__ ",
    "PatientPosition": "HFS  ",
    "PercentPhaseFOV": 93.75,
    "PhaseEncodingSteps": 239,
    "PixelBandwidth": 238,
    "ProtocolName": "MPRAGE ADNI_iPAT2  ",
    "PulseSequenceType": "*tfl3d1_ns ",
    "ReceiveCoilName": "HeadMatrixix\\\\ ",
    "RepetitionTime": 2.3,
    "SAR": 0.08762113806037,
    "ScanningSequence": "GR\\\\IR  ",
    "SequenceName": "*tfl3d1_ns ",
    "SequenceVariant": "SP\\\\MP  ",
    "SeriesDescription": "MPRAGE ADNI_iPAT2  ",
    "SeriesNumber": 12,
    "SliceOrder": "interleaved ",
    "SliceThickness": 1,
    "SliceTiming": null,
    "SoftwareVersions": "syngo MR B17 ",
    "dataset": "<unset>",
    "modality": "T1w",
    "run_id": 1,
    "session_id": "NAPBL00",
    "subject_id": "5967806"
  },
  "cjv": 0.41688287737898744,
  "cnr": 3.151877704344909,
  "efc": 0.6281874224185192,
  "fber": 81.0394058227539,
  "fwhm_avg": 2.9721333333333333,
  "fwhm_x": 3.09654,
  "fwhm_y": 3.00813,
  "fwhm_z": 2.81173,
  "icvs_csf": 0.19107499732073663,
  "icvs_gm": 0.4465199674020328,
  "icvs_wm": 0.36240503527723056,
  "inu_med": 1.3825325965881348,
  "inu_range": 0.4528121709823607,
  "provenance": {
    "md5sum": "3738e3ecb5a671846b7414b9517080c7",
    "settings": {
      "testing": false
    },
    "software": "mriqc",
    "version": "0.16.1",
    "warnings": {
      "large_rot_frame": false,
      "small_air_mask": false
    },
    "webapi_port": null,
    "webapi_url": "https://mriqc.nimh.nih.gov/api/v1"
  },
  "qi_1": 8.958784383241518e-05,
  "qi_2": 0.004661665748452751,
  "rpve_csf": 33.52870108531289,
  "rpve_gm": 15.55690518663807,
  "rpve_wm": 21.766767851248538,
  "size_x": 176,
  "size_y": 240,
  "size_z": 256,
  "snr_csf": 2.0307414746451165,
  "snr_gm": 10.07755746332124,
  "snr_total": 9.370969334582623,
  "snr_wm": 16.004609065781516,
  "snrd_csf": 9.770304252335148,
  "snrd_gm": 20.572504327085767,
  "snrd_total": 19.96236987369265,
  "snrd_wm": 29.54430104165704,
  "spacing_x": 1.0,
  "spacing_y": 1.0,
  "spacing_z": 1.0,
  "summary_bg_k": 1108.7882152335587,
  "summary_bg_mad": 22.174863947860043,
  "summary_bg_mean": 73.14814758300781,
  "summary_bg_median": 71.4416732788086,
  "summary_bg_n": 2659761.0,
  "summary_bg_p05": 39.342071533203125,
  "summary_bg_p95": 112.3720474243164,
  "summary_bg_stdv": 24.590744018554688,
  "summary_csf_k": 29.084898661714398,
  "summary_csf_mad": 125.36813867304939,
  "summary_csf_mean": 366.2088623046875,
  "summary_csf_median": 330.702392578125,
  "summary_csf_n": 10585.0,
  "summary_csf_p05": 195.90999145507814,
  "summary_csf_p95": 583.227734375,
  "summary_csf_stdv": 162.8404083251953,
  "summary_gm_k": 0.06506659795775205,
  "summary_gm_mad": 67.06177951111438,
  "summary_gm_mean": 696.0219116210938,
  "summary_gm_median": 696.3320922851562,
  "summary_gm_n": 12672.0,
  "summary_gm_p05": 581.321710205078,
  "summary_gm_p95": 810.3348968505857,
  "summary_gm_stdv": 69.0945816040039,
  "summary_wm_k": 0.3906746289810754,
  "summary_wm_mad": 59.53502141000107,
  "summary_wm_mean": 999.4099731445312,
  "summary_wm_median": 1000.0068359375,
  "summary_wm_n": 142075.0,
  "summary_wm_p05": 895.3627746582031,
  "summary_wm_p95": 1100.6801513671874,
  "summary_wm_stdv": 62.482208251953125,
  "tpm_overlap_csf": 0.16941259801387787,
  "tpm_overlap_gm": 0.4372228682041168,
  "tpm_overlap_wm": 0.4856972098350525,
  "wm2max": 0.45978972157212794
}