{
  "bids_meta": {
    "AcquisitionNumber": 1,
    "DeviceSerialNumber": "35442  ",
    "EchoNumber": 1,
    "EchoTime": 0.00298,
    "FlipAngle": 9,
    "ImageOrientationPatientDICOM": [
      "-0.0223092033408",
      "0.98716992467357",
      "0.15810705002077",
      "-0.0292765818584",
      "0.15743350784393",
      "-0.9870955234235  "
    ],
    "ImageType": [
      "ORIGINAL",
      "PRIMARY",
      "M",
      "ND",
      "NORM "
    ],
    "ImagingFrequency": 123.247187,
    "InPlanePhaseEncodingDirectionDICOM": "ROW  ",
    "IntendedFor": [
      "ses-PREEN00/fmap/sub-5448142_ses-PREEN00_run-002_phasediff.nii.gz",
      "ses-PREEN00/fmap/sub-5448142_ses-PREEN00_run-001_phasediff.nii.gz",
      "ses-PREEN00/anat/sub-5448142_ses-PREEN00_run-001_FLAIR.nii.gz",
      "ses-PREEN00/dwi/sub-5448142_ses-PREEN00_run-001_dwi.nii.gz"
    ],
    "InversionTime": 0.9,
    "MRAcquisitionType": "3D ",
    "MagneticFieldStrength": 3,
    "Manufacturer": "SIEMENS  ",
    "ManufacturerModelName": "TrioTim  ",
    "Modality": "MRI__ ",
    "PatientPosition": "HFS  ",
    "PercentPhaseFOV": 93.75,
    "PhaseEncodingSteps": 239,
    "PixelBandwidth": 238,
    "ProtocolName": "MPRAGE ADNI_iPAT2  ",
    "PulseSequenceType": "*tfl3d1_ns ",
    "ReceiveCoilName": "HeadMatrixix\\\\ ",
    "RepetitionTime": 2.3,
    "SAR": 0.08822159663388,
    "ScanningSequence": "GR\\\\IR  ",
    "SequenceName": "*tfl3d1_ns ",
    "SequenceVariant": "SP\\\\MP  ",
    "SeriesDescription": "MPRAGE ADNI_iPAT2  ",
    "SeriesNumber": 4,
    "SliceOrder": "interleaved ",
    "SliceThickness": 1,
    "SliceTiming": null,
    "SoftwareVersions": "syngo MR B17 ",
    "dataset": "<unset>",
    "modality": "T1w",
    "run_id": 1,
    "session_id": "PREEN00",
    "subject_id": "5448142"
  },
  "cjv": 0.43979792703648285,
  "cnr": 3.017791534913826,
  "efc": 0.6275107183702542,
  "fber": 76.45213317871094,
  "fwhm_avg": 3.3665533333333335,
  "fwhm_x": 3.34559,
  "fwhm_y": 3.58297,
  "fwhm_z": 3.1711,
  "icvs_csf": 0.19711236334596766,
  "icvs_gm": 0.41907177426611314,
  "icvs_wm": 0.38381586238791926,
  "inu_med": 1.327547311782837,
  "inu_range": 0.4509606778621673,
  "provenance": {
    "md5sum": "66f941bc11944d7d85ed588720681068",
    "settings": {
      "testing": false
    },
    "software": "mriqc",
    "version": "0.16.1",
    "warnings": {
      "large_rot_frame": true,
      "small_air_mask": false
    },
    "webapi_port": null,
    "webapi_url": "https://mriqc.nimh.nih.gov/api/v1"
  },
  "qi_1": 0.0,
  "qi_2": 0.004348618788370006,
  "rpve_csf": 26.155632478465915,
  "rpve_gm": 12.967417805778798,
  "rpve_wm": 16.672174956793413,
  "size_x": 176,
  "size_y": 240,
  "size_z": 256,
  "snr_csf": 2.632114979622087,
  "snr_gm": 9.022879660132492,
  "snr_total": 9.660736234254463,
  "snr_wm": 17.327214063008807,
  "snrd_csf": 8.661291198574615,
  "snrd_gm": 20.116445225147785,
  "snrd_total": 19.172248637554212,
  "snrd_wm": 28.739009488940237,
  "spacing_x": 1.0,
  "spacing_y": 1.0,
  "spacing_z": 1.0,
  "summary_bg_k": 0.3724694009123164,
  "summary_bg_mad": 22.796502208681673,
  "summary_bg_mean": 76.8228530883789,
  "summary_bg_median": 75.12513732910156,
  "summary_bg_n": 3189744.0,
  "summary_bg_p05": 41.8618824005127,
  "summary_bg_p95": 117.52124862670897,
  "summary_bg_stdv": 23.14800453186035,
  "summary_csf_k": 0.4492202687504028,
  "summary_csf_mad": 105.29853322666979,
  "summary_csf_mean": 324.9977722167969,
  "summary_csf_median": 301.3832702636719,
  "summary_csf_n": 18949.0,
  "summary_csf_p05": 174.05770568847657,
  "summary_csf_p95": 540.996826171875,
  "summary_csf_stdv": 114.49929809570312,
  "summary_gm_k": 0.06352089121848259,
  "summary_gm_mad": 75.73591644703859,
  "summary_gm_mean": 700.4290161132812,
  "summary_gm_median": 699.9833984375,
  "summary_gm_n": 16552.0,
  "summary_gm_p05": 572.8915069580078,
  "summary_gm_p95": 830.3193878173827,
  "summary_gm_stdv": 77.57637023925781,
  "summary_wm_k": 0.1807687161848408,
  "summary_wm_mad": 56.21916489799541,
  "summary_wm_mean": 1000.232421875,
  "summary_wm_median": 1000.0191040039062,
  "summary_wm_n": 219849.0,
  "summary_wm_p05": 905.6369018554688,
  "summary_wm_p95": 1095.4684570312497,
  "summary_wm_stdv": 57.713653564453125,
  "tpm_overlap_csf": 0.15330719947814941,
  "tpm_overlap_gm": 0.43351367115974426,
  "tpm_overlap_wm": 0.48330867290496826,
  "wm2max": 0.5313211900914863
}