{
  "bids_meta": {
    "AcquisitionNumber": 1,
    "DeviceSerialNumber": "35442  ",
    "EchoNumber": 1,
    "EchoTime": 0.00298,
    "FlipAngle": 9,
    "ImageOrientationPatientDICOM": [
      "0.01598297735181",
      "0.9915713807067",
      "0.12857193083401",
      "0.02314513977795",
      "0.12818699655333",
      "-0.9914799021762 "
    ],
    "ImageType": [
      "ORIGINAL",
      "PRIMARY",
      "M",
      "ND",
      "NORM "
    ],
    "ImagingFrequency": 123.247125,
    "InPlanePhaseEncodingDirectionDICOM": "ROW  ",
    "IntendedFor": [
      "ses-NAPFU03/anat/sub-1966913_ses-NAPFU03_run-001_T2star.nii.gz",
      "ses-NAPFU03/func/sub-1966913_ses-NAPFU03_task-rest_run-001_bold.nii.gz",
      "ses-NAPFU03/asl/sub-1966913_ses-NAPFU03_run-001_asl.nii.gz",
      "ses-NAPFU03/func/sub-1966913_ses-NAPFU03_task-retrieval_run-001_bold.nii.gz",
      "ses-NAPFU03/func/sub-1966913_ses-NAPFU03_task-encoding_run-001_bold.nii.gz",
      "ses-NAPFU03/fmap/sub-1966913_ses-NAPFU03_run-002_phasediff.nii.gz",
      "ses-NAPFU03/fmap/sub-1966913_ses-NAPFU03_run-001_phasediff.nii.gz",
      "ses-NAPFU03/func/sub-1966913_ses-NAPFU03_task-rest_run-002_bold.nii.gz",
      "ses-NAPFU03/fmap/sub-1966913_ses-NAPFU03_run-003_phasediff.nii.gz"
    ],
    "InversionTime": 0.9,
    "MRAcquisitionType": "3D ",
    "MagneticFieldStrength": 3,
    "Manufacturer": "SIEMENS  ",
    "ManufacturerModelName": "TrioTim  ",
    "Modality": "MRI__ ",
    "PatientPosition": "HFS  ",
    "PercentPhaseFOV": 93.75,
    "PhaseEncodingSteps": 239,
    "PixelBandwidth": 238,
    "ProtocolName": "MPRAGE ADNI_iPAT2  ",
    "PulseSequenceType": "*tfl3d1_ns ",
    "ReceiveCoilName": "HeadMatrixix\\\\ ",
    "RepetitionTime": 2.3,
    "SAR": 0.09373662672436,
    "ScanningSequence": "GR\\\\IR  ",
    "SequenceName": "*tfl3d1_ns ",
    "SequenceVariant": "SP\\\\MP  ",
    "SeriesDescription": "MPRAGE ADNI_iPAT2  ",
    "SeriesNumber": 12,
    "SliceOrder": "interleaved ",
    "SliceThickness": 1,
    "SliceTiming": null,
    "SoftwareVersions": "syngo MR B17 ",
    "dataset": "<unset>",
    "modality": "T1w",
    "run_id": 1,
    "session_id": "NAPFU03",
    "subject_id": "1966913"
  },
  "cjv": 0.4458573992912017,
  "cnr": 3.094998139500058,
  "efc": 0.6119998686041657,
  "fber": 131.29542541503906,
  "fwhm_avg": 2.9889966666666665,
  "fwhm_x": 3.05554,
  "fwhm_y": 3.05511,
  "fwhm_z": 2.85634,
  "icvs_csf": 0.1923540811371352,
  "icvs_gm": 0.4177586486832651,
  "icvs_wm": 0.3898872701795997,
  "inu_med": 1.304069995880127,
  "inu_range": 0.33661961555480957,
  "provenance": {
    "md5sum": "f40999fa1a14181d9c7ae1a395692a2a",
    "settings": {
      "testing": false
    },
    "software": "mriqc",
    "version": "0.16.1",
    "warnings": {
      "large_rot_frame": true,
      "small_air_mask": false
    },
    "webapi_port": null,
    "webapi_url": "https://mriqc.nimh.nih.gov/api/v1"
  },
  "qi_1": 0.0,
  "qi_2": 0.005102944443571409,
  "rpve_csf": 31.219024299564897,
  "rpve_gm": 15.097049979085883,
  "rpve_wm": 19.102749990666847,
  "size_x": 176,
  "size_y": 240,
  "size_z": 256,
  "snr_csf": 1.326202204428245,
  "snr_gm": 8.20224106429413,
  "snr_total": 8.04976473277579,
  "snr_wm": 14.620850929604996,
  "snrd_csf": 11.815154262709807,
  "snrd_gm": 25.625129019634876,
  "snrd_total": 25.332488854780895,
  "snrd_wm": 38.557183281998014,
  "spacing_x": 1.0,
  "spacing_y": 1.0,
  "spacing_z": 1.0,
  "summary_bg_k": 1407.8294519613526,
  "summary_bg_mad": 16.990637033747213,
  "summary_bg_mean": 54.49540710449219,
  "summary_bg_median": 52.85192108154297,
  "summary_bg_n": 2936786.0,
  "summary_bg_p05": 29.114608764648438,
  "summary_bg_p95": 85.12854385375977,
  "summary_bg_stdv": 22.38033676147461,
  "summary_csf_k": 21.14356542053376,
  "summary_csf_mad": 102.27403465491274,
  "summary_csf_mean": 354.672119140625,
  "summary_csf_median": 306.420166015625,
  "summary_csf_n": 19145.0,
  "summary_csf_p05": 176.03717651367185,
  "summary_csf_p95": 588.1335449218749,
  "summary_csf_stdv": 231.04483032226562,
  "summary_gm_k": -0.1444875829208585,
  "summary_gm_mad": 82.46305208087745,
  "summary_gm_mean": 662.776123046875,
  "summary_gm_median": 664.5750122070312,
  "summary_gm_n": 13245.0,
  "summary_gm_p05": 526.0261474609375,
  "summary_gm_p95": 792.8891357421874,
  "summary_gm_stdv": 81.0205307006836,
  "summary_wm_k": 0.13028731487333145,
  "summary_wm_mad": 67.07146203292713,
  "summary_wm_mean": 1002.1968994140625,
  "summary_wm_median": 999.96142578125,
  "summary_wm_n": 175806.0,
  "summary_wm_p05": 893.7931365966797,
  "summary_wm_p95": 1118.5882873535156,
  "summary_wm_stdv": 68.39263916015625,
  "tpm_overlap_csf": 0.1628040224313736,
  "tpm_overlap_gm": 0.4015701115131378,
  "tpm_overlap_wm": 0.48412320017814636,
  "wm2max": 0.5913751899645524
}