{
  "bids_meta": {
    "AcquisitionNumber": 1,
    "DeviceSerialNumber": "35442  ",
    "EchoNumber": 1,
    "EchoTime": 0.00298,
    "FlipAngle": 9,
    "ImageOrientationPatientDICOM": [
      "-0.0002617749819",
      "0.99960376143801",
      "0.02814696418509",
      "0.03624075975229",
      "0.02813795823202",
      "-0.9989468767853  "
    ],
    "ImageType": [
      "ORIGINAL",
      "PRIMARY",
      "M",
      "ND",
      "NORM "
    ],
    "ImagingFrequency": 123.251513,
    "InPlanePhaseEncodingDirectionDICOM": "ROW  ",
    "IntendedFor": [
      "ses-PREFU24/asl/sub-4773593_ses-PREFU24_run-001_asl.nii.gz",
      "ses-PREFU24/anat/sub-4773593_ses-PREFU24_run-001_T2star.nii.gz",
      "ses-PREFU24/fmap/sub-4773593_ses-PREFU24_run-001_phasediff.nii.gz",
      "ses-PREFU24/dwi/sub-4773593_ses-PREFU24_run-001_dwi.nii.gz",
      "ses-PREFU24/fmap/sub-4773593_ses-PREFU24_run-002_phasediff.nii.gz",
      "ses-PREFU24/func/sub-4773593_ses-PREFU24_task-encoding_run-001_bold.nii.gz",
      "ses-PREFU24/fmap/sub-4773593_ses-PREFU24_run-005_phasediff.nii.gz",
      "ses-PREFU24/fmap/sub-4773593_ses-PREFU24_run-004_phasediff.nii.gz",
      "ses-PREFU24/anat/sub-4773593_ses-PREFU24_run-001_FLAIR.nii.gz",
      "ses-PREFU24/func/sub-4773593_ses-PREFU24_task-rest_run-001_bold.nii.gz",
      "ses-PREFU24/fmap/sub-4773593_ses-PREFU24_run-003_phasediff.nii.gz",
      "ses-PREFU24/func/sub-4773593_ses-PREFU24_task-rest_run-002_bold.nii.gz",
      "ses-PREFU24/anat/sub-4773593_ses-PREFU24_run-001_T1w.nii.gz",
      "ses-PREFU24/func/sub-4773593_ses-PREFU24_task-retrieval_run-001_bold.nii.gz"
    ],
    "InversionTime": 0.9,
    "MRAcquisitionType": "3D ",
    "MagneticFieldStrength": 3,
    "Manufacturer": "SIEMENS  ",
    "ManufacturerModelName": "TrioTim  ",
    "Modality": "MRI__ ",
    "PatientPosition": "HFS  ",
    "PercentPhaseFOV": 93.75,
    "PhaseEncodingSteps": 239,
    "PixelBandwidth": 238,
    "ProtocolName": "MPRAGE ADNI_iPAT2  ",
    "PulseSequenceType": "*tfl3d1_ns ",
    "ReceiveCoilName": "HeadMatrixix\\\\ ",
    "RepetitionTime": 2.3,
    "SAR": 0.08492502170445,
    "ScanningSequence": "GR\\\\IR  ",
    "SequenceName": "*tfl3d1_ns ",
    "SequenceVariant": "SP\\\\MP  ",
    "SeriesDescription": "MPRAGE ADNI_iPAT2  ",
    "SeriesNumber": 18,
    "SliceOrder": "interleaved ",
    "SliceThickness": 1,
    "SliceTiming": null,
    "SoftwareVersions": "syngo MR B17 ",
    "dataset": "<unset>",
    "modality": "T1w",
    "run_id": 2,
    "session_id": "PREFU24",
    "subject_id": "4773593"
  },
  "cjv": 0.4479609436394769,
  "cnr": 3.0036466696236404,
  "efc": 0.6218558231476629,
  "fber": 86.81206512451172,
  "fwhm_avg": 3.187533333333333,
  "fwhm_x": 3.19723,
  "fwhm_y": 3.35331,
  "fwhm_z": 3.01206,
  "icvs_csf": 0.19631897426284656,
  "icvs_gm": 0.42513824045206483,
  "icvs_wm": 0.3785427852850886,
  "inu_med": 1.3397170305252075,
  "inu_range": 0.41092438697814937,
  "provenance": {
    "md5sum": "0d4a1515c234fff475ebf9287e3af32d",
    "settings": {
      "testing": false
    },
    "software": "mriqc",
    "version": "0.16.1",
    "warnings": {
      "large_rot_frame": true,
      "small_air_mask": false
    },
    "webapi_port": null,
    "webapi_url": "https://mriqc.nimh.nih.gov/api/v1"
  },
  "qi_1": 0.00013879957512287695,
  "qi_2": 0.005054254199864582,
  "rpve_csf": 30.586576180092575,
  "rpve_gm": 14.924850555081127,
  "rpve_wm": 19.753752141717346,
  "size_x": 176,
  "size_y": 240,
  "size_z": 256,
  "snr_csf": 2.7160286950097117,
  "snr_gm": 9.829326453727951,
  "snr_total": 9.449753047580456,
  "snr_wm": 15.803903994003702,
  "snrd_csf": 9.62414090099013,
  "snrd_gm": 21.794082757617357,
  "snrd_total": 20.78491603679682,
  "snrd_wm": 30.93652445178298,
  "spacing_x": 1.0,
  "spacing_y": 1.0,
  "spacing_z": 1.0,
  "summary_bg_k": 992.6412554717989,
  "summary_bg_mad": 21.176862896996784,
  "summary_bg_mean": 70.533447265625,
  "summary_bg_median": 68.90325164794922,
  "summary_bg_n": 2709273.0,
  "summary_bg_p05": 38.103938293457034,
  "summary_bg_p95": 108.29911956787109,
  "summary_bg_stdv": 23.240646362304688,
  "summary_csf_k": -0.06401800377500866,
  "summary_csf_mad": 113.44830957419018,
  "summary_csf_mean": 334.20989990234375,
  "summary_csf_median": 311.09417724609375,
  "summary_csf_n": 10514.0,
  "summary_csf_p05": 180.97296295166015,
  "summary_csf_p95": 542.7022796630861,
  "summary_csf_stdv": 114.5346450805664,
  "summary_gm_k": -0.02969909720139796,
  "summary_gm_mad": 70.98157200983309,
  "summary_gm_mean": 703.85595703125,
  "summary_gm_median": 704.479736328125,
  "summary_gm_n": 11860.0,
  "summary_gm_p05": 584.264779663086,
  "summary_gm_p95": 821.5183074951171,
  "summary_gm_stdv": 71.6681900024414,
  "summary_wm_k": 0.2123809512969892,
  "summary_wm_mad": 61.40144060298125,
  "summary_wm_mean": 999.21728515625,
  "summary_wm_median": 1000.0032958984375,
  "summary_wm_n": 167380.0,
  "summary_wm_p05": 893.5313598632812,
  "summary_wm_p95": 1102.1284606933593,
  "summary_wm_stdv": 63.2755241394043,
  "tpm_overlap_csf": 0.1794552356004715,
  "tpm_overlap_gm": 0.4329087436199188,
  "tpm_overlap_wm": 0.5066038370132446,
  "wm2max": 0.47258658906168555
}