{
  "bids_meta": {
    "AcquisitionNumber": 1,
    "DeviceSerialNumber": "35442  ",
    "EchoNumber": 1,
    "EchoTime": 0.00298,
    "FlipAngle": 9,
    "ImageOrientationPatientDICOM": [
      "0.00645273105617",
      "0.98805250902819",
      "0.15398247194083",
      "0.01641483825253",
      "0.15386027062767",
      "-0.9879562592582  "
    ],
    "ImageType": [
      "ORIGINAL",
      "PRIMARY",
      "M",
      "ND",
      "NORM "
    ],
    "ImagingFrequency": 123.247416,
    "InPlanePhaseEncodingDirectionDICOM": "ROW  ",
    "IntendedFor": [
      "ses-NAPFU03/fmap/sub-5352582_ses-NAPFU03_run-003_phasediff.nii.gz",
      "ses-NAPFU03/anat/sub-5352582_ses-NAPFU03_run-002_T1w.nii.gz",
      "ses-NAPFU03/func/sub-5352582_ses-NAPFU03_task-encoding_run-001_bold.nii.gz",
      "ses-NAPFU03/fmap/sub-5352582_ses-NAPFU03_run-002_phasediff.nii.gz",
      "ses-NAPFU03/asl/sub-5352582_ses-NAPFU03_run-001_asl.nii.gz",
      "ses-NAPFU03/fmap/sub-5352582_ses-NAPFU03_run-001_phasediff.nii.gz",
      "ses-NAPFU03/anat/sub-5352582_ses-NAPFU03_run-001_T2star.nii.gz",
      "ses-NAPFU03/func/sub-5352582_ses-NAPFU03_task-rest_run-002_bold.nii.gz",
      "ses-NAPFU03/func/sub-5352582_ses-NAPFU03_task-retrieval_run-001_bold.nii.gz",
      "ses-NAPFU03/func/sub-5352582_ses-NAPFU03_task-rest_run-001_bold.nii.gz"
    ],
    "InversionTime": 0.9,
    "MRAcquisitionType": "3D ",
    "MagneticFieldStrength": 3,
    "Manufacturer": "SIEMENS  ",
    "ManufacturerModelName": "TrioTim  ",
    "Modality": "MRI__ ",
    "PatientPosition": "HFS  ",
    "PercentPhaseFOV": 93.75,
    "PhaseEncodingSteps": 239,
    "PixelBandwidth": 238,
    "ProtocolName": "MPRAGE ADNI_iPAT2  ",
    "PulseSequenceType": "*tfl3d1_ns ",
    "ReceiveCoilName": "HeadMatrixix\\\\ ",
    "RepetitionTime": 2.3,
    "SAR": 0.0960423206702,
    "ScanningSequence": "GR\\\\IR  ",
    "SequenceName": "*tfl3d1_ns ",
    "SequenceVariant": "SP\\\\MP  ",
    "SeriesDescription": "MPRAGE ADNI_iPAT2  ",
    "SeriesNumber": 12,
    "SliceOrder": "interleaved ",
    "SliceThickness": 1,
    "SliceTiming": null,
    "SoftwareVersions": "syngo MR B17 ",
    "dataset": "<unset>",
    "modality": "T1w",
    "run_id": 1,
    "session_id": "NAPFU03",
    "subject_id": "5352582"
  },
  "cjv": 0.47066707139379227,
  "cnr": 2.8969916530010233,
  "efc": 0.6731902659709312,
  "fber": 71.49476623535156,
  "fwhm_avg": 2.9360033333333333,
  "fwhm_x": 2.97761,
  "fwhm_y": 3.00815,
  "fwhm_z": 2.82225,
  "icvs_csf": 0.19680719509440303,
  "icvs_gm": 0.41949624218342013,
  "icvs_wm": 0.3836965627221769,
  "inu_med": 1.1931689977645874,
  "inu_range": 0.3117018997669221,
  "provenance": {
    "md5sum": "dad8afa1cf016775e99e9474fb5430d2",
    "settings": {
      "testing": false
    },
    "software": "mriqc",
    "version": "0.16.1",
    "warnings": {
      "large_rot_frame": true,
      "small_air_mask": false
    },
    "webapi_port": null,
    "webapi_url": "https://mriqc.nimh.nih.gov/api/v1"
  },
  "qi_1": 0.0,
  "qi_2": 0.004256210732948501,
  "rpve_csf": 26.8658356285695,
  "rpve_gm": 12.969368525423832,
  "rpve_wm": 16.379348453255748,
  "size_x": 176,
  "size_y": 240,
  "size_z": 256,
  "snr_csf": 2.645769223696492,
  "snr_gm": 8.590653103938973,
  "snr_total": 8.290319213701206,
  "snr_wm": 13.634535313468156,
  "snrd_csf": 8.769646006142302,
  "snrd_gm": 18.90494442236888,
  "snrd_total": 18.509201696151212,
  "snrd_wm": 27.85301465994246,
  "spacing_x": 1.0,
  "spacing_y": 1.0,
  "spacing_z": 1.0,
  "summary_bg_k": 15.548046044964899,
  "summary_bg_mad": 23.521062509192802,
  "summary_bg_mean": 76.11244201660156,
  "summary_bg_median": 73.3062744140625,
  "summary_bg_n": 2567438.0,
  "summary_bg_p05": 39.82599449157715,
  "summary_bg_p95": 121.19313621520995,
  "summary_bg_stdv": 26.01142120361328,
  "summary_csf_k": 19.475972561651766,
  "summary_csf_mad": 105.17365584254273,
  "summary_csf_mean": 329.7549743652344,
  "summary_csf_median": 314.85260009765625,
  "summary_csf_n": 20614.0,
  "summary_csf_p05": 171.33284759521484,
  "summary_csf_p95": 528.0775848388672,
  "summary_csf_stdv": 118.99940490722656,
  "summary_gm_k": -0.11311163187519391,
  "summary_gm_mad": 80.4885415579409,
  "summary_gm_mean": 679.4082641601562,
  "summary_gm_median": 678.735595703125,
  "summary_gm_n": 9732.0,
  "summary_gm_p05": 550.8125,
  "summary_gm_p95": 811.6128448486326,
  "summary_gm_stdv": 79.00455474853516,
  "summary_wm_k": 0.3590177028902506,
  "summary_wm_mad": 70.7172482134308,
  "summary_wm_mean": 1002.65673828125,
  "summary_wm_median": 999.9940795898438,
  "summary_wm_n": 180250.0,
  "summary_wm_p05": 886.8702972412109,
  "summary_wm_p95": 1127.33095703125,
  "summary_wm_stdv": 73.342529296875,
  "tpm_overlap_csf": 0.17362552881240845,
  "tpm_overlap_gm": 0.42863282561302185,
  "tpm_overlap_wm": 0.48825347423553467,
  "wm2max": 0.4878788198312348
}