{
  "bids_meta": {
    "AcquisitionNumber": 1,
    "DeviceSerialNumber": "35442  ",
    "EchoNumber": 1,
    "EchoTime": 0.00298,
    "FlipAngle": 9,
    "ImageOrientationPatientDICOM": [
      "0.01901024293011",
      "0.9997647437641",
      "0.0104435525583",
      "0.07359423399061",
      "0.00901788387576",
      "-0.9972474951053  "
    ],
    "ImageType": [
      "ORIGINAL",
      "PRIMARY",
      "M",
      "ND",
      "NORM "
    ],
    "ImagingFrequency": 123.247346,
    "InPlanePhaseEncodingDirectionDICOM": "ROW  ",
    "IntendedFor": [
      "ses-NAPFU12/asl/sub-8916796_ses-NAPFU12_run-001_asl.nii.gz",
      "ses-NAPFU12/fmap/sub-8916796_ses-NAPFU12_run-002_phasediff.nii.gz",
      "ses-NAPFU12/func/sub-8916796_ses-NAPFU12_task-retrieval_run-001_bold.nii.gz",
      "ses-NAPFU12/anat/sub-8916796_ses-NAPFU12_run-001_T2star.nii.gz",
      "ses-NAPFU12/func/sub-8916796_ses-NAPFU12_task-encoding_run-001_bold.nii.gz",
      "ses-NAPFU12/func/sub-8916796_ses-NAPFU12_task-rest_run-002_bold.nii.gz",
      "ses-NAPFU12/fmap/sub-8916796_ses-NAPFU12_run-003_phasediff.nii.gz",
      "ses-NAPFU12/func/sub-8916796_ses-NAPFU12_task-rest_run-001_bold.nii.gz",
      "ses-NAPFU12/fmap/sub-8916796_ses-NAPFU12_run-001_phasediff.nii.gz"
    ],
    "InversionTime": 0.9,
    "MRAcquisitionType": "3D ",
    "MagneticFieldStrength": 3,
    "Manufacturer": "SIEMENS  ",
    "ManufacturerModelName": "TrioTim  ",
    "Modality": "MRI__ ",
    "PatientPosition": "HFS  ",
    "PercentPhaseFOV": 93.75,
    "PhaseEncodingSteps": 239,
    "PixelBandwidth": 238,
    "ProtocolName": "MPRAGE ADNI_iPAT2  ",
    "PulseSequenceType": "*tfl3d1_ns ",
    "ReceiveCoilName": "HeadMatrixix\\\\ ",
    "RepetitionTime": 2.3,
    "SAR": 0.07243567838801,
    "ScanningSequence": "GR\\\\IR  ",
    "SequenceName": "*tfl3d1_ns ",
    "SequenceVariant": "SP\\\\MP  ",
    "SeriesDescription": "MPRAGE ADNI_iPAT2  ",
    "SeriesNumber": 12,
    "SliceOrder": "interleaved ",
    "SliceThickness": 1,
    "SliceTiming": null,
    "SoftwareVersions": "syngo MR B17 ",
    "dataset": "<unset>",
    "modality": "T1w",
    "run_id": 1,
    "session_id": "NAPFU12",
    "subject_id": "8916796"
  },
  "cjv": 0.4123339330878396,
  "cnr": 3.2337908860700466,
  "efc": 0.6240272995851294,
  "fber": 94.08626556396484,
  "fwhm_avg": 3.17144,
  "fwhm_x": 3.28571,
  "fwhm_y": 3.24423,
  "fwhm_z": 2.98438,
  "icvs_csf": 0.20341876549137386,
  "icvs_gm": 0.4163374127244159,
  "icvs_wm": 0.38024382178421023,
  "inu_med": 1.2584940195083618,
  "inu_range": 0.3826893091201782,
  "provenance": {
    "md5sum": "759dc9141447e5540b256b7e8e8d86c3",
    "settings": {
      "testing": false
    },
    "software": "mriqc",
    "version": "0.16.1",
    "warnings": {
      "large_rot_frame": false,
      "small_air_mask": false
    },
    "webapi_port": null,
    "webapi_url": "https://mriqc.nimh.nih.gov/api/v1"
  },
  "qi_1": 0.00018389606453180895,
  "qi_2": 0.003822247226334676,
  "rpve_csf": 28.529852609878432,
  "rpve_gm": 14.519920397306132,
  "rpve_wm": 19.268887629853015,
  "size_x": 176,
  "size_y": 240,
  "size_z": 256,
  "snr_csf": 2.9827516045205216,
  "snr_gm": 9.560199134367732,
  "snr_total": 9.729997415576792,
  "snr_wm": 16.64704150784212,
  "snrd_csf": 11.316180231297393,
  "snrd_gm": 23.052808171026133,
  "snrd_total": 22.612735306823215,
  "snrd_wm": 33.46921751814612,
  "spacing_x": 1.0,
  "spacing_y": 1.0,
  "spacing_z": 1.0,
  "summary_bg_k": 504.6674617925808,
  "summary_bg_mad": 19.573970049732196,
  "summary_bg_mean": 64.9144058227539,
  "summary_bg_median": 63.22333526611328,
  "summary_bg_n": 1958756.0,
  "summary_bg_p05": 34.90476417541504,
  "summary_bg_p95": 100.13441848754883,
  "summary_bg_stdv": 21.537324905395508,
  "summary_csf_k": 3.5941708817679947,
  "summary_csf_mad": 114.09924425030974,
  "summary_csf_mean": 355.06591796875,
  "summary_csf_median": 338.1014709472656,
  "summary_csf_n": 8537.0,
  "summary_csf_p05": 198.81280212402345,
  "summary_csf_p95": 553.0156860351562,
  "summary_csf_stdv": 113.34556579589844,
  "summary_gm_k": 0.036917311483527726,
  "summary_gm_mad": 70.79443691535862,
  "summary_gm_mean": 687.8543701171875,
  "summary_gm_median": 688.7649536132812,
  "summary_gm_n": 7885.0,
  "summary_gm_p05": 565.6409301757812,
  "summary_gm_p95": 805.0594848632812,
  "summary_gm_stdv": 72.04047393798828,
  "summary_wm_k": 0.34682319631921477,
  "summary_wm_mad": 57.53146332162628,
  "summary_wm_mean": 1001.3927001953125,
  "summary_wm_median": 999.9833374023438,
  "summary_wm_n": 182813.0,
  "summary_wm_p05": 905.5027954101563,
  "summary_wm_p95": 1102.855126953125,
  "summary_wm_stdv": 60.0695686340332,
  "tpm_overlap_csf": 0.17189551889896393,
  "tpm_overlap_gm": 0.43073537945747375,
  "tpm_overlap_wm": 0.502231776714325,
  "wm2max": 0.5003848961290367
}