{
  "bids_meta": {
    "AcquisitionNumber": 1,
    "DeviceSerialNumber": "35442  ",
    "EchoNumber": 1,
    "EchoTime": 0.00298,
    "FlipAngle": 9,
    "ImageOrientationPatientDICOM": [
      "-0.022497451579",
      "0.99727960774225",
      "0.07019436340557",
      "0.08464207818514",
      "0.07186005688183",
      "-0.9938168094903 "
    ],
    "ImageType": [
      "ORIGINAL",
      "PRIMARY",
      "M",
      "ND",
      "NORM "
    ],
    "ImagingFrequency": 123.24712,
    "InPlanePhaseEncodingDirectionDICOM": "ROW  ",
    "IntendedFor": [
      "ses-PREFU24/func/sub-5692079_ses-PREFU24_task-rest_run-002_bold.nii.gz",
      "ses-PREFU24/func/sub-5692079_ses-PREFU24_task-rest_run-001_bold.nii.gz",
      "ses-PREFU24/fmap/sub-5692079_ses-PREFU24_run-002_phasediff.nii.gz",
      "ses-PREFU24/fmap/sub-5692079_ses-PREFU24_run-001_phasediff.nii.gz",
      "ses-PREFU24/asl/sub-5692079_ses-PREFU24_run-001_asl.nii.gz",
      "ses-PREFU24/anat/sub-5692079_ses-PREFU24_run-001_T2star.nii.gz",
      "ses-PREFU24/fmap/sub-5692079_ses-PREFU24_run-003_phasediff.nii.gz",
      "ses-PREFU24/func/sub-5692079_ses-PREFU24_task-encoding_run-001_bold.nii.gz",
      "ses-PREFU24/func/sub-5692079_ses-PREFU24_task-retrieval_run-001_bold.nii.gz"
    ],
    "InversionTime": 0.9,
    "MRAcquisitionType": "3D ",
    "MagneticFieldStrength": 3,
    "Manufacturer": "SIEMENS  ",
    "ManufacturerModelName": "TrioTim  ",
    "Modality": "MRI__ ",
    "PatientPosition": "HFS  ",
    "PercentPhaseFOV": 93.75,
    "PhaseEncodingSteps": 239,
    "PixelBandwidth": 238,
    "ProtocolName": "MPRAGE ADNI_iPAT2  ",
    "PulseSequenceType": "*tfl3d1_ns ",
    "ReceiveCoilName": "HeadMatrixix\\\\ ",
    "RepetitionTime": 2.3,
    "SAR": 0.08111350951326,
    "ScanningSequence": "GR\\\\IR  ",
    "SequenceName": "*tfl3d1_ns ",
    "SequenceVariant": "SP\\\\MP  ",
    "SeriesDescription": "MPRAGE ADNI_iPAT2  ",
    "SeriesNumber": 12,
    "SliceOrder": "interleaved ",
    "SliceThickness": 1,
    "SliceTiming": null,
    "SoftwareVersions": "syngo MR B17 ",
    "dataset": "<unset>",
    "modality": "T1w",
    "run_id": 1,
    "session_id": "PREFU24",
    "subject_id": "5692079"
  },
  "cjv": 0.3990210051461884,
  "cnr": 3.3966538336986787,
  "efc": 0.607442914223563,
  "fber": 145.9204559326172,
  "fwhm_avg": 3.2165933333333334,
  "fwhm_x": 3.25341,
  "fwhm_y": 3.3041,
  "fwhm_z": 3.09227,
  "icvs_csf": 0.20628229876775608,
  "icvs_gm": 0.4117179223856437,
  "icvs_wm": 0.3819997788466002,
  "inu_med": 1.3575648069381714,
  "inu_range": 0.35542082786560036,
  "provenance": {
    "md5sum": "9427cbc83ae92dbacc17db0d8fa21100",
    "settings": {
      "testing": false
    },
    "software": "mriqc",
    "version": "0.16.1",
    "warnings": {
      "large_rot_frame": true,
      "small_air_mask": false
    },
    "webapi_port": null,
    "webapi_url": "https://mriqc.nimh.nih.gov/api/v1"
  },
  "qi_1": 0.0,
  "qi_2": 0.006501993821588223,
  "rpve_csf": 28.63308594978754,
  "rpve_gm": 14.746256990954913,
  "rpve_wm": 19.286256138455936,
  "size_x": 176,
  "size_y": 240,
  "size_z": 256,
  "snr_csf": 2.8395071267689804,
  "snr_gm": 8.228055896178619,
  "snr_total": 9.63696504188698,
  "snr_wm": 17.84333210271334,
  "snrd_csf": 12.633837502807241,
  "snrd_gm": 26.231259288203603,
  "snrd_total": 26.159803824639454,
  "snrd_wm": 39.61431468290751,
  "spacing_x": 1.0,
  "spacing_y": 1.0,
  "spacing_z": 1.0,
  "summary_bg_k": 19.42957615855809,
  "summary_bg_mad": 16.53771332210558,
  "summary_bg_mean": 46.74649429321289,
  "summary_bg_median": 45.29469299316406,
  "summary_bg_n": 2381258.0,
  "summary_bg_p05": 23.095104980468747,
  "summary_bg_p95": 75.96278839111326,
  "summary_bg_stdv": 16.5991153717041,
  "summary_csf_k": 13.697655902131274,
  "summary_csf_mad": 114.42528281191103,
  "summary_csf_mean": 331.3211364746094,
  "summary_csf_median": 318.9179992675781,
  "summary_csf_n": 15719.0,
  "summary_csf_p05": 179.6591064453125,
  "summary_csf_p95": 513.5491333007802,
  "summary_csf_stdv": 112.31098937988281,
  "summary_gm_k": -0.05906852690881825,
  "summary_gm_mad": 80.88869213229587,
  "summary_gm_mean": 660.4522094726562,
  "summary_gm_median": 662.159912109375,
  "summary_gm_n": 15534.0,
  "summary_gm_p05": 524.0835388183593,
  "summary_gm_p95": 789.1913208007811,
  "summary_gm_stdv": 80.47327423095703,
  "summary_wm_k": 0.31292063406891213,
  "summary_wm_mad": 53.91282439854154,
  "summary_wm_mean": 999.7703247070312,
  "summary_wm_median": 999.9905395507812,
  "summary_wm_n": 186463.0,
  "summary_wm_p05": 907.8989135742188,
  "summary_wm_p95": 1091.4841918945312,
  "summary_wm_stdv": 56.04266357421875,
  "tpm_overlap_csf": 0.16221733391284943,
  "tpm_overlap_gm": 0.4153885245323181,
  "tpm_overlap_wm": 0.49006187915802,
  "wm2max": 0.5618630311020989
}