{
  "bids_meta": {
    "AcquisitionNumber": 1,
    "DeviceSerialNumber": "35442  ",
    "EchoNumber": 1,
    "EchoTime": 0.00298,
    "FlipAngle": 9,
    "ImageOrientationPatientDICOM": [
      "-0.0220052111472",
      "0.98077730306222",
      "0.19388566857911",
      "0.05669515019192",
      "0.19484474290388",
      "-0.9791941513854  "
    ],
    "ImageType": [
      "ORIGINAL",
      "PRIMARY",
      "M",
      "ND",
      "NORM "
    ],
    "ImagingFrequency": 123.247108,
    "InPlanePhaseEncodingDirectionDICOM": "ROW  ",
    "IntendedFor": [
      "ses-NAPBL00/anat/sub-3455156_ses-NAPBL00_run-001_T2star.nii.gz",
      "ses-NAPBL00/fmap/sub-3455156_ses-NAPBL00_run-003_phasediff.nii.gz",
      "ses-NAPBL00/func/sub-3455156_ses-NAPBL00_task-rest_run-002_bold.nii.gz",
      "ses-NAPBL00/func/sub-3455156_ses-NAPBL00_task-retrieval_run-001_bold.nii.gz",
      "ses-NAPBL00/fmap/sub-3455156_ses-NAPBL00_run-001_phasediff.nii.gz",
      "ses-NAPBL00/func/sub-3455156_ses-NAPBL00_task-encoding_run-001_bold.nii.gz",
      "ses-NAPBL00/fmap/sub-3455156_ses-NAPBL00_run-002_phasediff.nii.gz",
      "ses-NAPBL00/func/sub-3455156_ses-NAPBL00_task-rest_run-001_bold.nii.gz",
      "ses-NAPBL00/asl/sub-3455156_ses-NAPBL00_run-001_asl.nii.gz"
    ],
    "InversionTime": 0.9,
    "MRAcquisitionType": "3D ",
    "MagneticFieldStrength": 3,
    "Manufacturer": "SIEMENS  ",
    "ManufacturerModelName": "TrioTim  ",
    "Modality": "MRI__ ",
    "PatientPosition": "HFS  ",
    "PercentPhaseFOV": 93.75,
    "PhaseEncodingSteps": 239,
    "PixelBandwidth": 238,
    "ProtocolName": "MPRAGE ADNI_iPAT2  ",
    "PulseSequenceType": "*tfl3d1_ns ",
    "ReceiveCoilName": "HeadMatrixix\\\\ ",
    "RepetitionTime": 2.3,
    "SAR": 0.08801685420377,
    "ScanningSequence": "GR\\\\IR  ",
    "SequenceName": "*tfl3d1_ns ",
    "SequenceVariant": "SP\\\\MP  ",
    "SeriesDescription": "MPRAGE ADNI_iPAT2  ",
    "SeriesNumber": 12,
    "SliceOrder": "interleaved ",
    "SliceThickness": 1,
    "SliceTiming": null,
    "SoftwareVersions": "syngo MR B17 ",
    "dataset": "<unset>",
    "modality": "T1w",
    "run_id": 1,
    "session_id": "NAPBL00",
    "subject_id": "3455156"
  },
  "cjv": 0.39494178059936924,
  "cnr": 3.405561077863042,
  "efc": 0.6067588351796208,
  "fber": 134.99313354492188,
  "fwhm_avg": 3.2821266666666666,
  "fwhm_x": 3.37639,
  "fwhm_y": 3.37255,
  "fwhm_z": 3.09744,
  "icvs_csf": 0.20142193351994317,
  "icvs_gm": 0.4161304188351546,
  "icvs_wm": 0.3824476476449022,
  "inu_med": 1.2577319145202637,
  "inu_range": 0.402451503276825,
  "provenance": {
    "md5sum": "8065e2f6f4e80860a6e959866d306703",
    "settings": {
      "testing": false
    },
    "software": "mriqc",
    "version": "0.16.1",
    "warnings": {
      "large_rot_frame": true,
      "small_air_mask": false
    },
    "webapi_port": null,
    "webapi_url": "https://mriqc.nimh.nih.gov/api/v1"
  },
  "qi_1": 0.0,
  "qi_2": 0.004604857466307325,
  "rpve_csf": 27.501188743825704,
  "rpve_gm": 13.899322947342085,
  "rpve_wm": 18.22946589002211,
  "size_x": 176,
  "size_y": 240,
  "size_z": 256,
  "snr_csf": 3.1355713933427576,
  "snr_gm": 9.550313864059753,
  "snr_total": 10.039506602787357,
  "snr_wm": 17.432634550959563,
  "snrd_csf": 12.535039800974253,
  "snrd_gm": 25.294271150039066,
  "snrd_total": 25.029939780500325,
  "snrd_wm": 37.26050839048765,
  "spacing_x": 1.0,
  "spacing_y": 1.0,
  "spacing_z": 1.0,
  "summary_bg_k": 1742.496384339947,
  "summary_bg_mad": 17.582351098943104,
  "summary_bg_mean": 58.23290252685547,
  "summary_bg_median": 56.73617172241211,
  "summary_bg_n": 2610387.0,
  "summary_bg_p05": 31.34980640411377,
  "summary_bg_p95": 89.59447860717772,
  "summary_bg_stdv": 23.453245162963867,
  "summary_csf_k": -0.648687466836853,
  "summary_csf_mad": 125.43969431906278,
  "summary_csf_mean": 348.34796142578125,
  "summary_csf_median": 336.4115905761719,
  "summary_csf_n": 12095.0,
  "summary_csf_p05": 190.60334320068358,
  "summary_csf_p95": 524.4163024902343,
  "summary_csf_stdv": 107.28433227539062,
  "summary_gm_k": 0.03110434635512016,
  "summary_gm_mad": 71.10409663165049,
  "summary_gm_mean": 678.2294921875,
  "summary_gm_median": 678.8399658203125,
  "summary_gm_n": 13744.0,
  "summary_gm_p05": 559.2915679931641,
  "summary_gm_p95": 793.7015441894531,
  "summary_gm_stdv": 71.07779693603516,
  "summary_wm_k": 0.23868853236381726,
  "summary_wm_mad": 55.729971319306365,
  "summary_wm_mean": 1000.3934326171875,
  "summary_wm_median": 999.9862060546875,
  "summary_wm_n": 192534.0,
  "summary_wm_p05": 906.8338287353515,
  "summary_wm_p95": 1095.2817810058593,
  "summary_wm_stdv": 57.362735748291016,
  "tpm_overlap_csf": 0.17766614258289337,
  "tpm_overlap_gm": 0.4398503005504608,
  "tpm_overlap_wm": 0.5116987228393555,
  "wm2max": 0.5158056132251406
}