{
  "bids_meta": {
    "AcquisitionNumber": 1,
    "DeviceSerialNumber": "35442  ",
    "EchoNumber": 1,
    "EchoTime": 0.00298,
    "FlipAngle": 9,
    "ImageOrientationPatientDICOM": [
      "-0.0165767047258",
      "0.99982483673276",
      "-0.008689574946",
      "0.09208600749117",
      "-0.0071271976572",
      "-0.9957255496762 "
    ],
    "ImageType": [
      "ORIGINAL",
      "PRIMARY",
      "M",
      "ND",
      "NORM "
    ],
    "ImagingFrequency": 123.247157,
    "InPlanePhaseEncodingDirectionDICOM": "ROW  ",
    "IntendedFor": [
      "ses-NAPFU24/fmap/sub-3408795_ses-NAPFU24_run-002_phasediff.nii.gz",
      "ses-NAPFU24/fmap/sub-3408795_ses-NAPFU24_run-003_phasediff.nii.gz",
      "ses-NAPFU24/func/sub-3408795_ses-NAPFU24_task-rest_run-001_bold.nii.gz",
      "ses-NAPFU24/anat/sub-3408795_ses-NAPFU24_run-001_T2star.nii.gz",
      "ses-NAPFU24/func/sub-3408795_ses-NAPFU24_task-retrieval_run-001_bold.nii.gz",
      "ses-NAPFU24/asl/sub-3408795_ses-NAPFU24_run-001_asl.nii.gz",
      "ses-NAPFU24/fmap/sub-3408795_ses-NAPFU24_run-001_phasediff.nii.gz",
      "ses-NAPFU24/func/sub-3408795_ses-NAPFU24_task-encoding_run-001_bold.nii.gz",
      "ses-NAPFU24/func/sub-3408795_ses-NAPFU24_task-rest_run-002_bold.nii.gz"
    ],
    "InversionTime": 0.9,
    "MRAcquisitionType": "3D ",
    "MagneticFieldStrength": 3,
    "Manufacturer": "SIEMENS  ",
    "ManufacturerModelName": "TrioTim  ",
    "Modality": "MRI__ ",
    "PatientPosition": "HFS  ",
    "PercentPhaseFOV": 93.75,
    "PhaseEncodingSteps": 239,
    "PixelBandwidth": 238,
    "ProtocolName": "MPRAGE ADNI_iPAT2  ",
    "PulseSequenceType": "*tfl3d1_ns ",
    "ReceiveCoilName": "HeadMatrixix\\\\ ",
    "RepetitionTime": 2.3,
    "SAR": 0.08599134125198,
    "ScanningSequence": "GR\\\\IR  ",
    "SequenceName": "*tfl3d1_ns ",
    "SequenceVariant": "SP\\\\MP  ",
    "SeriesDescription": "MPRAGE ADNI_iPAT2  ",
    "SeriesNumber": 12,
    "SliceOrder": "interleaved ",
    "SliceThickness": 1,
    "SliceTiming": null,
    "SoftwareVersions": "syngo MR B17 ",
    "dataset": "<unset>",
    "modality": "T1w",
    "run_id": 1,
    "session_id": "NAPFU24",
    "subject_id": "3408795"
  },
  "cjv": 0.42166652438697205,
  "cnr": 3.2184451609346074,
  "efc": 0.5898923334458297,
  "fber": 133.488525390625,
  "fwhm_avg": 3.010156666666667,
  "fwhm_x": 3.17476,
  "fwhm_y": 2.992,
  "fwhm_z": 2.86371,
  "icvs_csf": 0.19000556663095272,
  "icvs_gm": 0.42739531516418106,
  "icvs_wm": 0.38259911820486625,
  "inu_med": 1.281162977218628,
  "inu_range": 0.31635427474975586,
  "provenance": {
    "md5sum": "a5421e488b05e149c768c69b470f098e",
    "settings": {
      "testing": false
    },
    "software": "mriqc",
    "version": "0.16.1",
    "warnings": {
      "large_rot_frame": true,
      "small_air_mask": false
    },
    "webapi_port": null,
    "webapi_url": "https://mriqc.nimh.nih.gov/api/v1"
  },
  "qi_1": 0.0,
  "qi_2": 0.004783100487956369,
  "rpve_csf": 31.832485445748027,
  "rpve_gm": 15.152154436739114,
  "rpve_wm": 20.001101485516955,
  "size_x": 176,
  "size_y": 240,
  "size_z": 256,
  "snr_csf": 1.0103723062751673,
  "snr_gm": 9.044597049143766,
  "snr_total": 9.138829813529817,
  "snr_wm": 17.361520085170515,
  "snrd_csf": 12.495748905860086,
  "snrd_gm": 24.84603324367976,
  "snrd_total": 24.507528692535047,
  "snrd_wm": 36.180803928065295,
  "spacing_x": 1.0,
  "spacing_y": 1.0,
  "spacing_z": 1.0,
  "summary_bg_k": 698.4015363181132,
  "summary_bg_mad": 18.10709627349368,
  "summary_bg_mean": 59.73762893676758,
  "summary_bg_median": 58.25843811035156,
  "summary_bg_n": 3438823.0,
  "summary_bg_p05": 32.094194412231445,
  "summary_bg_p95": 92.13868179321287,
  "summary_bg_stdv": 19.825429916381836,
  "summary_csf_k": 10.890663128541513,
  "summary_csf_mad": 135.03690587537403,
  "summary_csf_mean": 433.461669921875,
  "summary_csf_median": 345.3658447265625,
  "summary_csf_n": 12524.0,
  "summary_csf_p05": 190.6811637878418,
  "summary_csf_p95": 1318.6487548828122,
  "summary_csf_stdv": 341.8067321777344,
  "summary_gm_k": -0.038230120604676454,
  "summary_gm_mad": 76.2351092655436,
  "summary_gm_mean": 686.4837646484375,
  "summary_gm_median": 686.7112426757812,
  "summary_gm_n": 13497.0,
  "summary_gm_p05": 560.6745971679687,
  "summary_gm_p95": 809.8680908203123,
  "summary_gm_stdv": 75.92221069335938,
  "summary_wm_k": 0.32373116801011026,
  "summary_wm_mad": 55.86371680752361,
  "summary_wm_mean": 1001.267822265625,
  "summary_wm_median": 999.9891967773438,
  "summary_wm_n": 177253.0,
  "summary_wm_p05": 909.2474609375,
  "summary_wm_p95": 1098.06083984375,
  "summary_wm_stdv": 57.59785842895508,
  "tpm_overlap_csf": 0.1555330455303192,
  "tpm_overlap_gm": 0.41629570722579956,
  "tpm_overlap_wm": 0.4920676648616791,
  "wm2max": 0.5174770062731598
}