{
  "bids_meta": {
    "AcquisitionNumber": 1,
    "DeviceSerialNumber": "35442  ",
    "EchoNumber": 1,
    "EchoTime": 0.00298,
    "FlipAngle": 9,
    "ImageOrientationPatientDICOM": [
      "-0.0181505850942",
      "0.99983520376482",
      "-0.0003486736344",
      "0.0465330189932",
      "0.00049638743222",
      "-0.9989166290251 "
    ],
    "ImageType": [
      "ORIGINAL",
      "PRIMARY",
      "M",
      "ND",
      "NORM "
    ],
    "ImagingFrequency": 123.247205,
    "InPlanePhaseEncodingDirectionDICOM": "ROW  ",
    "IntendedFor": [
      "ses-PREEN00/fmap/sub-3730353_ses-PREEN00_run-001_phasediff.nii.gz",
      "ses-PREEN00/anat/sub-3730353_ses-PREEN00_run-001_FLAIR.nii.gz",
      "ses-PREEN00/dwi/sub-3730353_ses-PREEN00_run-001_dwi.nii.gz",
      "ses-PREEN00/fmap/sub-3730353_ses-PREEN00_run-002_phasediff.nii.gz"
    ],
    "InversionTime": 0.9,
    "MRAcquisitionType": "3D ",
    "MagneticFieldStrength": 3,
    "Manufacturer": "SIEMENS  ",
    "ManufacturerModelName": "TrioTim  ",
    "Modality": "MRI__ ",
    "PatientPosition": "HFS  ",
    "PercentPhaseFOV": 93.75,
    "PhaseEncodingSteps": 239,
    "PixelBandwidth": 238,
    "ProtocolName": "MPRAGE ADNI_iPAT2  ",
    "PulseSequenceType": "*tfl3d1_ns ",
    "ReceiveCoilName": "HeadMatrixix\\\\ ",
    "RepetitionTime": 2.3,
    "SAR": 0.09828473276938,
    "ScanningSequence": "GR\\\\IR  ",
    "SequenceName": "*tfl3d1_ns ",
    "SequenceVariant": "SP\\\\MP  ",
    "SeriesDescription": "MPRAGE ADNI_iPAT2  ",
    "SeriesNumber": 4,
    "SliceOrder": "interleaved ",
    "SliceThickness": 1,
    "SliceTiming": null,
    "SoftwareVersions": "syngo MR B17 ",
    "dataset": "<unset>",
    "modality": "T1w",
    "run_id": 1,
    "session_id": "PREEN00",
    "subject_id": "3730353"
  },
  "cjv": 0.40489002089431797,
  "cnr": 3.2831087676931383,
  "efc": 0.6418484763327663,
  "fber": 104.5439453125,
  "fwhm_avg": 3.258846666666667,
  "fwhm_x": 3.23673,
  "fwhm_y": 3.48275,
  "fwhm_z": 3.05706,
  "icvs_csf": 0.21763688264697545,
  "icvs_gm": 0.408114108819919,
  "icvs_wm": 0.37424900853310555,
  "inu_med": 1.3530535697937012,
  "inu_range": 0.4821609854698181,
  "provenance": {
    "md5sum": "b78ca140b30265590354c334a97a0e0d",
    "settings": {
      "testing": false
    },
    "software": "mriqc",
    "version": "0.16.1",
    "warnings": {
      "large_rot_frame": false,
      "small_air_mask": false
    },
    "webapi_port": null,
    "webapi_url": "https://mriqc.nimh.nih.gov/api/v1"
  },
  "qi_1": 0.0,
  "qi_2": 0.00506157305022703,
  "rpve_csf": 24.806859076442322,
  "rpve_gm": 13.302459731304957,
  "rpve_wm": 17.371491709847074,
  "size_x": 176,
  "size_y": 240,
  "size_z": 256,
  "snr_csf": 3.0679381627352855,
  "snr_gm": 9.208759181688537,
  "snr_total": 9.704846002471058,
  "snr_wm": 16.837840662989354,
  "snrd_csf": 10.701666686022948,
  "snrd_gm": 22.76047286077043,
  "snrd_total": 22.368864026286044,
  "snrd_wm": 33.644452532064754,
  "spacing_x": 1.0,
  "spacing_y": 1.0,
  "spacing_z": 1.0,
  "summary_bg_k": 739.815449598775,
  "summary_bg_mad": 19.472382750199124,
  "summary_bg_mean": 64.72825622558594,
  "summary_bg_median": 62.62955093383789,
  "summary_bg_n": 2620713.0,
  "summary_bg_p05": 34.528055572509764,
  "summary_bg_p95": 99.61253967285155,
  "summary_bg_stdv": 28.029088973999023,
  "summary_csf_k": -0.1995722535467923,
  "summary_csf_mad": 107.86417527990344,
  "summary_csf_mean": 331.5518493652344,
  "summary_csf_median": 318.081787109375,
  "summary_csf_n": 16227.0,
  "summary_csf_p05": 181.28287200927736,
  "summary_csf_p95": 511.6988708496094,
  "summary_csf_stdv": 103.67613983154297,
  "summary_gm_k": -0.08273780686140819,
  "summary_gm_mad": 73.81330243120124,
  "summary_gm_mean": 675.5307006835938,
  "summary_gm_median": 676.5013427734375,
  "summary_gm_n": 11445.0,
  "summary_gm_p05": 552.5162963867188,
  "summary_gm_p95": 793.3718017578125,
  "summary_gm_stdv": 73.45960235595703,
  "summary_wm_k": 0.30143862827129153,
  "summary_wm_mad": 57.1688664533675,
  "summary_wm_mean": 999.2822265625,
  "summary_wm_median": 1000.001953125,
  "summary_wm_n": 196681.0,
  "summary_wm_p05": 900.1741943359375,
  "summary_wm_p95": 1095.712646484375,
  "summary_wm_stdv": 59.3900032043457,
  "tpm_overlap_csf": 0.16565094888210297,
  "tpm_overlap_gm": 0.42998015880584717,
  "tpm_overlap_wm": 0.49042826890945435,
  "wm2max": 0.4953518175218255
}