{
  "bids_meta": {
    "AcquisitionNumber": 1,
    "DeviceSerialNumber": "35442  ",
    "EchoNumber": 1,
    "EchoTime": 0.00298,
    "FlipAngle": 9,
    "ImageOrientationPatientDICOM": [
      "-0.073464519191",
      "0.99340612011292",
      "0.08801843524082",
      "0.0450023729979",
      "0.09146911939546",
      "-0.9947905239906  "
    ],
    "ImageType": [
      "ORIGINAL",
      "PRIMARY",
      "M",
      "ND",
      "NORM "
    ],
    "ImagingFrequency": 123.251402,
    "InPlanePhaseEncodingDirectionDICOM": "ROW  ",
    "IntendedFor": [
      "ses-NAPFU48/func/sub-2017146_ses-NAPFU48_task-rest_run-001_bold.nii.gz",
      "ses-NAPFU48/fmap/sub-2017146_ses-NAPFU48_run-005_phasediff.nii.gz",
      "ses-NAPFU48/func/sub-2017146_ses-NAPFU48_task-encoding_run-001_bold.nii.gz",
      "ses-NAPFU48/fmap/sub-2017146_ses-NAPFU48_run-001_phasediff.nii.gz",
      "ses-NAPFU48/anat/sub-2017146_ses-NAPFU48_run-001_FLAIR.nii.gz",
      "ses-NAPFU48/anat/sub-2017146_ses-NAPFU48_run-001_T2star.nii.gz",
      "ses-NAPFU48/fmap/sub-2017146_ses-NAPFU48_run-003_phasediff.nii.gz",
      "ses-NAPFU48/func/sub-2017146_ses-NAPFU48_task-retrieval_run-001_bold.nii.gz",
      "ses-NAPFU48/fmap/sub-2017146_ses-NAPFU48_run-004_phasediff.nii.gz",
      "ses-NAPFU48/asl/sub-2017146_ses-NAPFU48_run-001_asl.nii.gz",
      "ses-NAPFU48/func/sub-2017146_ses-NAPFU48_task-rest_run-002_bold.nii.gz",
      "ses-NAPFU48/fmap/sub-2017146_ses-NAPFU48_run-002_phasediff.nii.gz",
      "ses-NAPFU48/dwi/sub-2017146_ses-NAPFU48_run-001_dwi.nii.gz",
      "ses-NAPFU48/anat/sub-2017146_ses-NAPFU48_run-001_T1w.nii.gz"
    ],
    "InversionTime": 0.9,
    "MRAcquisitionType": "3D ",
    "MagneticFieldStrength": 3,
    "Manufacturer": "SIEMENS  ",
    "ManufacturerModelName": "TrioTim  ",
    "Modality": "MRI__ ",
    "PatientPosition": "HFS  ",
    "PercentPhaseFOV": 93.75,
    "PhaseEncodingSteps": 239,
    "PixelBandwidth": 238,
    "ProtocolName": "MPRAGE ADNI_iPAT2  ",
    "PulseSequenceType": "*tfl3d1_ns ",
    "ReceiveCoilName": "HeadMatrixix\\\\ ",
    "RepetitionTime": 2.3,
    "SAR": 0.09491123805013,
    "ScanningSequence": "GR\\\\IR  ",
    "SequenceName": "*tfl3d1_ns ",
    "SequenceVariant": "SP\\\\MP  ",
    "SeriesDescription": "MPRAGE ADNI_iPAT2  ",
    "SeriesNumber": 17,
    "SliceOrder": "interleaved ",
    "SliceThickness": 1,
    "SliceTiming": null,
    "SoftwareVersions": "syngo MR B17 ",
    "dataset": "<unset>",
    "modality": "T1w",
    "run_id": 2,
    "session_id": "NAPFU48",
    "subject_id": "2017146"
  },
  "cjv": 0.47442257191189113,
  "cnr": 2.8194638847040614,
  "efc": 0.6342490192684455,
  "fber": 102.11588287353516,
  "fwhm_avg": 3.04151,
  "fwhm_x": 3.02387,
  "fwhm_y": 3.14247,
  "fwhm_z": 2.95819,
  "icvs_csf": 0.23314276556342411,
  "icvs_gm": 0.39103378061084165,
  "icvs_wm": 0.37582345382573423,
  "inu_med": 1.2846640348434448,
  "inu_range": 0.3878090620040895,
  "provenance": {
    "md5sum": "dffb643d62c7f3d3a689fcdfc6c8a03e",
    "settings": {
      "testing": false
    },
    "software": "mriqc",
    "version": "0.16.1",
    "warnings": {
      "large_rot_frame": true,
      "small_air_mask": false
    },
    "webapi_port": null,
    "webapi_url": "https://mriqc.nimh.nih.gov/api/v1"
  },
  "qi_1": 0.00016632460764940603,
  "qi_2": 0.005046238950541567,
  "rpve_csf": 23.291577512835982,
  "rpve_gm": 13.608377003453183,
  "rpve_wm": 17.11508652570904,
  "size_x": 176,
  "size_y": 240,
  "size_z": 256,
  "snr_csf": 0.9755713179238936,
  "snr_gm": 7.979540707752826,
  "snr_total": 8.347895667324869,
  "snr_wm": 16.08857497629789,
  "snrd_csf": 11.2052349730819,
  "snrd_gm": 23.05460858342299,
  "snrd_total": 22.504324420233257,
  "snrd_wm": 33.25312970419488,
  "spacing_x": 1.0,
  "spacing_y": 1.0,
  "spacing_z": 1.0,
  "summary_bg_k": 34.153919673307364,
  "summary_bg_mad": 19.701516914172114,
  "summary_bg_mean": 64.30009460449219,
  "summary_bg_median": 62.571693420410156,
  "summary_bg_n": 3045999.0,
  "summary_bg_p05": 34.562444305419916,
  "summary_bg_p95": 99.70491790771486,
  "summary_bg_stdv": 20.511337280273438,
  "summary_csf_k": 9.0928966449107,
  "summary_csf_mad": 136.162928867682,
  "summary_csf_mean": 422.82080078125,
  "summary_csf_median": 336.96820068359375,
  "summary_csf_n": 20558.0,
  "summary_csf_p05": 165.53436126708985,
  "summary_csf_p95": 1423.230828857419,
  "summary_csf_stdv": 345.3976135253906,
  "summary_gm_k": 0.04498599214421306,
  "summary_gm_mad": 85.07063664682333,
  "summary_gm_mean": 691.759765625,
  "summary_gm_median": 693.3071899414062,
  "summary_gm_n": 11633.0,
  "summary_gm_p05": 545.47490234375,
  "summary_gm_p95": 833.4445922851562,
  "summary_gm_stdv": 86.88186645507812,
  "summary_wm_k": 0.25541276698408266,
  "summary_wm_mad": 60.43187630426432,
  "summary_wm_mean": 1000.5424194335938,
  "summary_wm_median": 1000.0010986328125,
  "summary_wm_n": 196432.0,
  "summary_wm_p05": 899.3184234619141,
  "summary_wm_p95": 1103.5531005859375,
  "summary_wm_stdv": 62.155818939208984,
  "tpm_overlap_csf": 0.15152117609977722,
  "tpm_overlap_gm": 0.39913323521614075,
  "tpm_overlap_wm": 0.49994465708732605,
  "wm2max": 0.5215846085012097
}