{
  "bids_meta": {
    "AcquisitionNumber": 1,
    "DeviceSerialNumber": "35442  ",
    "EchoNumber": 1,
    "EchoTime": 0.00298,
    "FlipAngle": 9,
    "ImageOrientationPatientDICOM": [
      "0.00601726232788",
      "0.99274560053408",
      "0.12008315941171",
      "0.03082542914421",
      "0.11984411904868",
      "-0.9923140531342  "
    ],
    "ImageType": [
      "ORIGINAL",
      "PRIMARY",
      "M",
      "ND",
      "NORM "
    ],
    "ImagingFrequency": 123.24711,
    "InPlanePhaseEncodingDirectionDICOM": "ROW  ",
    "IntendedFor": [
      "ses-NAPFU03/fmap/sub-3619481_ses-NAPFU03_run-001_phasediff.nii.gz",
      "ses-NAPFU03/func/sub-3619481_ses-NAPFU03_task-retrieval_run-001_bold.nii.gz",
      "ses-NAPFU03/fmap/sub-3619481_ses-NAPFU03_run-003_phasediff.nii.gz",
      "ses-NAPFU03/anat/sub-3619481_ses-NAPFU03_run-001_T2star.nii.gz",
      "ses-NAPFU03/asl/sub-3619481_ses-NAPFU03_run-001_asl.nii.gz",
      "ses-NAPFU03/func/sub-3619481_ses-NAPFU03_task-encoding_run-001_bold.nii.gz",
      "ses-NAPFU03/func/sub-3619481_ses-NAPFU03_task-rest_run-002_bold.nii.gz",
      "ses-NAPFU03/func/sub-3619481_ses-NAPFU03_task-rest_run-001_bold.nii.gz",
      "ses-NAPFU03/fmap/sub-3619481_ses-NAPFU03_run-002_phasediff.nii.gz"
    ],
    "InversionTime": 0.9,
    "MRAcquisitionType": "3D ",
    "MagneticFieldStrength": 3,
    "Manufacturer": "SIEMENS  ",
    "ManufacturerModelName": "TrioTim  ",
    "Modality": "MRI__ ",
    "PatientPosition": "HFS  ",
    "PercentPhaseFOV": 93.75,
    "PhaseEncodingSteps": 239,
    "PixelBandwidth": 238,
    "ProtocolName": "MPRAGE ADNI_iPAT2  ",
    "PulseSequenceType": "*tfl3d1_ns ",
    "ReceiveCoilName": "HeadMatrixix\\\\ ",
    "RepetitionTime": 2.3,
    "SAR": 0.08193708858498,
    "ScanningSequence": "GR\\\\IR  ",
    "SequenceName": "*tfl3d1_ns ",
    "SequenceVariant": "SP\\\\MP  ",
    "SeriesDescription": "MPRAGE ADNI_iPAT2  ",
    "SeriesNumber": 12,
    "SliceOrder": "interleaved ",
    "SliceThickness": 1,
    "SliceTiming": null,
    "SoftwareVersions": "syngo MR B17 ",
    "dataset": "<unset>",
    "modality": "T1w",
    "run_id": 1,
    "session_id": "NAPFU03",
    "subject_id": "3619481"
  },
  "cjv": 0.4082383714129374,
  "cnr": 3.21146117965159,
  "efc": 0.6072872550880263,
  "fber": 120.9509048461914,
  "fwhm_avg": 3.2370066666666664,
  "fwhm_x": 3.27401,
  "fwhm_y": 3.38322,
  "fwhm_z": 3.05379,
  "icvs_csf": 0.19739124953839488,
  "icvs_gm": 0.417313386157485,
  "icvs_wm": 0.38529536430412015,
  "inu_med": 1.4630464315414429,
  "inu_range": 0.5301263928413391,
  "provenance": {
    "md5sum": "e7e3782534321c7339243ab5db882ca1",
    "settings": {
      "testing": false
    },
    "software": "mriqc",
    "version": "0.16.1",
    "warnings": {
      "large_rot_frame": true,
      "small_air_mask": false
    },
    "webapi_port": null,
    "webapi_url": "https://mriqc.nimh.nih.gov/api/v1"
  },
  "qi_1": 0.0,
  "qi_2": 0.005377336785123552,
  "rpve_csf": 28.61815623775937,
  "rpve_gm": 14.165265875886972,
  "rpve_wm": 18.293397163084332,
  "size_x": 176,
  "size_y": 240,
  "size_z": 256,
  "snr_csf": 2.690738541724466,
  "snr_gm": 10.078007204061853,
  "snr_total": 10.122265585750606,
  "snr_wm": 17.5980510114655,
  "snrd_csf": 10.958459756586263,
  "snrd_gm": 23.546145804940068,
  "snrd_total": 22.72185733625419,
  "snrd_wm": 33.660966447236234,
  "spacing_x": 1.0,
  "spacing_y": 1.0,
  "spacing_z": 1.0,
  "summary_bg_k": 1717.726226856347,
  "summary_bg_mad": 19.46281899763758,
  "summary_bg_mean": 61.3780632019043,
  "summary_bg_median": 59.658233642578125,
  "summary_bg_n": 2863973.0,
  "summary_bg_p05": 31.292802810668945,
  "summary_bg_p95": 95.71266632080078,
  "summary_bg_stdv": 26.623611450195312,
  "summary_csf_k": -0.2108691204755866,
  "summary_csf_mad": 125.37860167851292,
  "summary_csf_mean": 349.0948181152344,
  "summary_csf_median": 325.55438232421875,
  "summary_csf_n": 11922.0,
  "summary_csf_p05": 185.2588203430176,
  "summary_csf_p95": 567.4985626220702,
  "summary_csf_stdv": 120.98564147949219,
  "summary_gm_k": 0.10134843900547619,
  "summary_gm_mad": 67.77000621174513,
  "summary_gm_mean": 697.9381713867188,
  "summary_gm_median": 699.5098876953125,
  "summary_gm_n": 10584.0,
  "summary_gm_p05": 580.5001800537109,
  "summary_gm_p95": 809.8650848388672,
  "summary_gm_stdv": 69.40626525878906,
  "summary_wm_k": 0.267119829318085,
  "summary_wm_mad": 54.90216094974525,
  "summary_wm_mean": 999.2076416015625,
  "summary_wm_median": 1000.0014038085938,
  "summary_wm_n": 186480.0,
  "summary_wm_p05": 904.0727416992187,
  "summary_wm_p95": 1091.0994934082032,
  "summary_wm_stdv": 56.82440185546875,
  "tpm_overlap_csf": 0.1778220385313034,
  "tpm_overlap_gm": 0.4418826401233673,
  "tpm_overlap_wm": 0.5123864412307739,
  "wm2max": 0.4734512565006337
}