{
  "bids_meta": {
    "AcquisitionNumber": 1,
    "DeviceSerialNumber": "35442  ",
    "EchoNumber": 1,
    "EchoTime": 0.00298,
    "FlipAngle": 9,
    "ImageOrientationPatientDICOM": [
      "0.00086903251225",
      "0.99999956149021",
      "-0.0003490012495",
      "0.01218602670783",
      "-0.0003595655239",
      "-0.9999256829713  "
    ],
    "ImageType": [
      "ORIGINAL",
      "PRIMARY",
      "M",
      "ND",
      "NORM "
    ],
    "ImagingFrequency": 123.247368,
    "InPlanePhaseEncodingDirectionDICOM": "ROW  ",
    "IntendedFor": [
      "ses-PREEN00/anat/sub-4052945_ses-PREEN00_run-001_FLAIR.nii.gz",
      "ses-PREEN00/dwi/sub-4052945_ses-PREEN00_run-001_dwi.nii.gz",
      "ses-PREEN00/fmap/sub-4052945_ses-PREEN00_run-002_phasediff.nii.gz",
      "ses-PREEN00/fmap/sub-4052945_ses-PREEN00_run-001_phasediff.nii.gz"
    ],
    "InversionTime": 0.9,
    "MRAcquisitionType": "3D ",
    "MagneticFieldStrength": 3,
    "Manufacturer": "SIEMENS  ",
    "ManufacturerModelName": "TrioTim  ",
    "Modality": "MRI__ ",
    "PatientPosition": "HFS  ",
    "PercentPhaseFOV": 93.75,
    "PhaseEncodingSteps": 239,
    "PixelBandwidth": 238,
    "ProtocolName": "MPRAGE ADNI_iPAT2  ",
    "PulseSequenceType": "*tfl3d1_ns ",
    "ReceiveCoilName": "HeadMatrixix\\\\ ",
    "RepetitionTime": 2.3,
    "SAR": 0.08716971254361,
    "ScanningSequence": "GR\\\\IR  ",
    "SequenceName": "*tfl3d1_ns ",
    "SequenceVariant": "SP\\\\MP  ",
    "SeriesDescription": "MPRAGE ADNI_iPAT2  ",
    "SeriesNumber": 4,
    "SliceOrder": "interleaved ",
    "SliceThickness": 1,
    "SliceTiming": null,
    "SoftwareVersions": "syngo MR B17 ",
    "dataset": "<unset>",
    "modality": "T1w",
    "run_id": 1,
    "session_id": "PREEN00",
    "subject_id": "4052945"
  },
  "cjv": 0.38977160007424594,
  "cnr": 3.444391603751612,
  "efc": 0.5833843788435003,
  "fber": 127.83663177490234,
  "fwhm_avg": 3.2981600000000006,
  "fwhm_x": 3.36743,
  "fwhm_y": 3.44078,
  "fwhm_z": 3.08627,
  "icvs_csf": 0.19499487616705038,
  "icvs_gm": 0.4325028665190034,
  "icvs_wm": 0.3725022573139462,
  "inu_med": 1.3434200286865234,
  "inu_range": 0.3308274447917938,
  "provenance": {
    "md5sum": "ce22172375893052b70dc8a3e21074ab",
    "settings": {
      "testing": false
    },
    "software": "mriqc",
    "version": "0.16.1",
    "warnings": {
      "large_rot_frame": false,
      "small_air_mask": false
    },
    "webapi_port": null,
    "webapi_url": "https://mriqc.nimh.nih.gov/api/v1"
  },
  "qi_1": 0.0,
  "qi_2": 0.004753271955409492,
  "rpve_csf": 35.794719269805235,
  "rpve_gm": 17.39388647992157,
  "rpve_wm": 23.637554853836637,
  "size_x": 176,
  "size_y": 240,
  "size_z": 256,
  "snr_csf": 2.8064073432582926,
  "snr_gm": 9.677770972463309,
  "snr_total": 10.046796730267195,
  "snr_wm": 17.65621187507998,
  "snrd_csf": 12.365397470199877,
  "snrd_gm": 27.16258384722374,
  "snrd_total": 26.51887854003074,
  "snrd_wm": 40.0286543026686,
  "spacing_x": 1.0,
  "spacing_y": 1.0,
  "spacing_z": 1.0,
  "summary_bg_k": 1893.0043322925528,
  "summary_bg_mad": 16.36637736588107,
  "summary_bg_mean": 53.99553680419922,
  "summary_bg_median": 52.24216079711914,
  "summary_bg_n": 3006214.0,
  "summary_bg_p05": 28.338126468658448,
  "summary_bg_p95": 83.60124740600585,
  "summary_bg_stdv": 24.171493530273438,
  "summary_csf_k": 0.5251590823921579,
  "summary_csf_mad": 110.93244880424848,
  "summary_csf_mean": 328.4479675292969,
  "summary_csf_median": 308.9078369140625,
  "summary_csf_n": 9364.0,
  "summary_csf_p05": 178.76670150756834,
  "summary_csf_p95": 524.1768524169922,
  "summary_csf_stdv": 110.06646728515625,
  "summary_gm_k": -0.07254308878529647,
  "summary_gm_mad": 70.10905915638881,
  "summary_gm_mean": 677.1663208007812,
  "summary_gm_median": 678.5657348632812,
  "summary_gm_n": 14370.0,
  "summary_gm_p05": 560.0940368652343,
  "summary_gm_p95": 790.1509429931641,
  "summary_gm_stdv": 70.11347198486328,
  "summary_wm_k": 0.1902690042772628,
  "summary_wm_mad": 55.169561435321675,
  "summary_wm_mean": 1000.6051635742188,
  "summary_wm_median": 999.981201171875,
  "summary_wm_n": 152257.0,
  "summary_wm_p05": 908.4730834960938,
  "summary_wm_p95": 1094.530908203125,
  "summary_wm_stdv": 56.63603973388672,
  "tpm_overlap_csf": 0.1785399168729782,
  "tpm_overlap_gm": 0.44524306058883667,
  "tpm_overlap_wm": 0.5066911578178406,
  "wm2max": 0.5653509478751488
}