{
  "bids_meta": {
    "AcquisitionNumber": 1,
    "DeviceSerialNumber": "35442  ",
    "EchoNumber": 1,
    "EchoTime": 0.00298,
    "FlipAngle": 9,
    "ImageOrientationPatientDICOM": [
      "0.07072221883806",
      "0.99749598792604",
      "-0.0003490473835",
      "0.00931729715098",
      "-0.0010105022923",
      "-0.9999560824651  "
    ],
    "ImageType": [
      "ORIGINAL",
      "PRIMARY",
      "M",
      "ND",
      "NORM "
    ],
    "ImagingFrequency": 123.25124,
    "InPlanePhaseEncodingDirectionDICOM": "ROW  ",
    "InversionTime": 0.9,
    "MRAcquisitionType": "3D ",
    "MagneticFieldStrength": 3,
    "Manufacturer": "SIEMENS  ",
    "ManufacturerModelName": "TrioTim  ",
    "Modality": "MRI__ ",
    "PatientPosition": "HFS  ",
    "PercentPhaseFOV": 93.75,
    "PhaseEncodingSteps": 239,
    "PixelBandwidth": 238,
    "ProtocolName": "MPRAGE ADNI_iPAT2  ",
    "PulseSequenceType": "*tfl3d1_ns ",
    "ReceiveCoilName": "32Ch_Headad\\\\  ",
    "RepetitionTime": 2.3,
    "SAR": 0.09910794962317,
    "ScanningSequence": "GR\\\\IR  ",
    "SequenceName": "*tfl3d1_ns ",
    "SequenceVariant": "SP\\\\MP  ",
    "SeriesDescription": "MPRAGE ADNI_iPAT2  ",
    "SeriesNumber": 4,
    "SliceOrder": "interleaved ",
    "SliceThickness": 1,
    "SliceTiming": null,
    "SoftwareVersions": "syngo MR B17 ",
    "dataset": "<unset>",
    "modality": "T1w",
    "run_id": 1,
    "session_id": "PREEN00",
    "subject_id": "4335638"
  },
  "cjv": 0.46108864556530343,
  "cnr": 2.8397388325921247,
  "efc": 0.6193616035863785,
  "fber": 141.89218139648438,
  "fwhm_avg": 3.123086666666667,
  "fwhm_x": 3.17702,
  "fwhm_y": 3.22759,
  "fwhm_z": 2.96465,
  "icvs_csf": 0.22239480211789645,
  "icvs_gm": 0.40567852668334986,
  "icvs_wm": 0.37192667119875367,
  "inu_med": 1.5903539657592773,
  "inu_range": 0.45069279074668867,
  "provenance": {
    "md5sum": "35f0754a7d67b15bbc88ff3ae6825dd8",
    "settings": {
      "testing": false
    },
    "software": "mriqc",
    "version": "0.16.1",
    "warnings": {
      "large_rot_frame": true,
      "small_air_mask": false
    },
    "webapi_port": null,
    "webapi_url": "https://mriqc.nimh.nih.gov/api/v1"
  },
  "qi_1": 0.0001959978004309892,
  "qi_2": 0.0053954826008584394,
  "rpve_csf": 26.646242083406722,
  "rpve_gm": 14.56108408389563,
  "rpve_wm": 18.853979481688857,
  "size_x": 176,
  "size_y": 240,
  "size_z": 256,
  "snr_csf": 2.1358800628682117,
  "snr_gm": 9.083950138220052,
  "snr_total": 9.577057911745513,
  "snr_wm": 17.511343534148278,
  "snrd_csf": 19.579620840099963,
  "snrd_gm": 43.14887062096533,
  "snrd_total": 40.88219890016591,
  "snrd_wm": 59.918105239432435,
  "spacing_x": 1.0,
  "spacing_y": 1.0,
  "spacing_z": 1.0,
  "summary_bg_k": 6.142614256882869,
  "summary_bg_mad": 10.934066936548978,
  "summary_bg_mean": 50.39967727661133,
  "summary_bg_median": 50.127037048339844,
  "summary_bg_n": 2697075.0,
  "summary_bg_p05": 28.654033279418947,
  "summary_bg_p95": 71.35509490966797,
  "summary_bg_stdv": 12.957510948181152,
  "summary_csf_k": 56.613848978710024,
  "summary_csf_mad": 96.34896474151606,
  "summary_csf_mean": 351.7740173339844,
  "summary_csf_median": 326.77911376953125,
  "summary_csf_n": 15439.0,
  "summary_csf_p05": 205.9948745727539,
  "summary_csf_p95": 543.8363525390624,
  "summary_csf_stdv": 152.9901123046875,
  "summary_gm_k": 0.4967020409622198,
  "summary_gm_mad": 75.48946459510377,
  "summary_gm_mean": 721.1239013671875,
  "summary_gm_median": 720.1441650390625,
  "summary_gm_n": 13085.0,
  "summary_gm_p05": 593.9672973632812,
  "summary_gm_p95": 854.3819213867187,
  "summary_gm_stdv": 79.27351379394531,
  "summary_wm_k": 0.6443105603054531,
  "summary_wm_mad": 53.5574667989278,
  "summary_wm_mean": 1002.2275390625,
  "summary_wm_median": 1000.0186157226562,
  "summary_wm_n": 158361.0,
  "summary_wm_p05": 912.4169921875,
  "summary_wm_p95": 1099.731689453125,
  "summary_wm_stdv": 57.10672378540039,
  "tpm_overlap_csf": 0.13467572629451752,
  "tpm_overlap_gm": 0.391516774892807,
  "tpm_overlap_wm": 0.44705429673194885,
  "wm2max": 0.419838447394491
}