{
  "bids_meta": {
    "AcquisitionNumber": 1,
    "DeviceSerialNumber": "35442  ",
    "EchoNumber": 1,
    "EchoTime": 0.00298,
    "FlipAngle": 9,
    "ImageOrientationPatientDICOM": [
      "-0.0029877946403",
      "0.99998184479581",
      "0.0052328923119",
      "0.03401805381984",
      "0.00533152494801",
      "-0.9994069976021 "
    ],
    "ImageType": [
      "ORIGINAL",
      "PRIMARY",
      "M",
      "ND",
      "NORM "
    ],
    "ImagingFrequency": 123.247125,
    "InPlanePhaseEncodingDirectionDICOM": "ROW  ",
    "IntendedFor": [
      "ses-NAPFU03/func/sub-5985051_ses-NAPFU03_task-encoding_run-001_bold.nii.gz",
      "ses-NAPFU03/func/sub-5985051_ses-NAPFU03_task-rest_run-001_bold.nii.gz",
      "ses-NAPFU03/anat/sub-5985051_ses-NAPFU03_run-001_T2star.nii.gz",
      "ses-NAPFU03/asl/sub-5985051_ses-NAPFU03_run-001_asl.nii.gz",
      "ses-NAPFU03/fmap/sub-5985051_ses-NAPFU03_run-003_phasediff.nii.gz",
      "ses-NAPFU03/fmap/sub-5985051_ses-NAPFU03_run-001_phasediff.nii.gz",
      "ses-NAPFU03/fmap/sub-5985051_ses-NAPFU03_run-002_phasediff.nii.gz",
      "ses-NAPFU03/func/sub-5985051_ses-NAPFU03_task-rest_run-002_bold.nii.gz",
      "ses-NAPFU03/func/sub-5985051_ses-NAPFU03_task-retrieval_run-001_bold.nii.gz"
    ],
    "InversionTime": 0.9,
    "MRAcquisitionType": "3D ",
    "MagneticFieldStrength": 3,
    "Manufacturer": "SIEMENS  ",
    "ManufacturerModelName": "TrioTim  ",
    "Modality": "MRI__ ",
    "PatientPosition": "HFS  ",
    "PercentPhaseFOV": 93.75,
    "PhaseEncodingSteps": 239,
    "PixelBandwidth": 238,
    "ProtocolName": "MPRAGE ADNI_iPAT2  ",
    "PulseSequenceType": "*tfl3d1_ns ",
    "ReceiveCoilName": "HeadMatrixix\\\\ ",
    "RepetitionTime": 2.3,
    "SAR": 0.094466637451,
    "ScanningSequence": "GR\\\\IR  ",
    "SequenceName": "*tfl3d1_ns ",
    "SequenceVariant": "SP\\\\MP  ",
    "SeriesDescription": "MPRAGE ADNI_iPAT2  ",
    "SeriesNumber": 12,
    "SliceOrder": "interleaved ",
    "SliceThickness": 1,
    "SliceTiming": null,
    "SoftwareVersions": "syngo MR B17 ",
    "dataset": "<unset>",
    "modality": "T1w",
    "run_id": 1,
    "session_id": "NAPFU03",
    "subject_id": "5985051"
  },
  "cjv": 0.45565619168745286,
  "cnr": 2.894953734975154,
  "efc": 0.644491266587796,
  "fber": 103.92607116699219,
  "fwhm_avg": 3.3323866666666664,
  "fwhm_x": 3.36216,
  "fwhm_y": 3.47091,
  "fwhm_z": 3.16409,
  "icvs_csf": 0.20395203983342353,
  "icvs_gm": 0.40233167746245724,
  "icvs_wm": 0.39371628270411924,
  "inu_med": 1.3808718919754028,
  "inu_range": 0.6269236564636229,
  "provenance": {
    "md5sum": "611e8e4293f0cb844e8da090b789581e",
    "settings": {
      "testing": false
    },
    "software": "mriqc",
    "version": "0.16.1",
    "warnings": {
      "large_rot_frame": false,
      "small_air_mask": false
    },
    "webapi_port": null,
    "webapi_url": "https://mriqc.nimh.nih.gov/api/v1"
  },
  "qi_1": 0.0,
  "qi_2": 0.004572948691637392,
  "rpve_csf": 25.85978820042649,
  "rpve_gm": 13.235519628706198,
  "rpve_wm": 16.46269886067329,
  "size_x": 176,
  "size_y": 240,
  "size_z": 256,
  "snr_csf": 2.7258787729520364,
  "snr_gm": 9.561583238181083,
  "snr_total": 9.295175431819915,
  "snr_wm": 15.598064284326627,
  "snrd_csf": 10.225757461054128,
  "snrd_gm": 21.270988518701127,
  "snrd_total": 20.54692551961549,
  "snrd_wm": 30.14403057909122,
  "spacing_x": 1.0,
  "spacing_y": 1.0,
  "spacing_z": 1.0,
  "summary_bg_k": 1443.187006460495,
  "summary_bg_mad": 21.73356265580089,
  "summary_bg_mean": 72.49586486816406,
  "summary_bg_median": 70.5567398071289,
  "summary_bg_n": 2877757.0,
  "summary_bg_p05": 39.241510009765626,
  "summary_bg_p95": 111.24996185302733,
  "summary_bg_stdv": 27.972475051879883,
  "summary_csf_k": 0.06309893107610831,
  "summary_csf_mad": 135.15786952988984,
  "summary_csf_mean": 354.9045715332031,
  "summary_csf_median": 339.2303466796875,
  "summary_csf_n": 13194.0,
  "summary_csf_p05": 177.63252410888674,
  "summary_csf_p95": 568.3102081298823,
  "summary_csf_stdv": 124.44335174560547,
  "summary_gm_k": 0.04133999920415343,
  "summary_gm_mad": 72.35169409176626,
  "summary_gm_mean": 705.3409423828125,
  "summary_gm_median": 705.64599609375,
  "summary_gm_n": 10859.0,
  "summary_gm_p05": 583.1884887695312,
  "summary_gm_p95": 827.141522216797,
  "summary_gm_stdv": 73.79672241210938,
  "summary_wm_k": 0.3128570412547367,
  "summary_wm_mad": 61.773086557046355,
  "summary_wm_mean": 1000.04052734375,
  "summary_wm_median": 1000.001220703125,
  "summary_wm_n": 207668.0,
  "summary_wm_p05": 894.5558380126954,
  "summary_wm_p95": 1105.084552001953,
  "summary_wm_stdv": 64.11044311523438,
  "tpm_overlap_csf": 0.17763635516166687,
  "tpm_overlap_gm": 0.4350214898586273,
  "tpm_overlap_wm": 0.5140151977539062,
  "wm2max": 0.47356471779635806
}