{
  "bids_meta": {
    "AcquisitionNumber": 1,
    "DeviceSerialNumber": "35442  ",
    "EchoNumber": 1,
    "EchoTime": 0.00298,
    "FlipAngle": 9,
    "ImageOrientationPatientDICOM": [
      "-0.0008520310542",
      "0.99983731408115",
      "0.01801719773093",
      "0.01173938776013",
      "0.01802596342555",
      "-0.9997685989356  "
    ],
    "ImageType": [
      "ORIGINAL",
      "PRIMARY",
      "M",
      "ND",
      "NORM "
    ],
    "ImagingFrequency": 123.251512,
    "InPlanePhaseEncodingDirectionDICOM": "ROW  ",
    "IntendedFor": [
      "ses-PREFU12/fmap/sub-8019820_ses-PREFU12_run-001_phasediff.nii.gz",
      "ses-PREFU12/func/sub-8019820_ses-PREFU12_task-rest_run-002_bold.nii.gz",
      "ses-PREFU12/fmap/sub-8019820_ses-PREFU12_run-002_phasediff.nii.gz",
      "ses-PREFU12/asl/sub-8019820_ses-PREFU12_run-001_asl.nii.gz",
      "ses-PREFU12/func/sub-8019820_ses-PREFU12_task-encoding_run-001_bold.nii.gz",
      "ses-PREFU12/anat/sub-8019820_ses-PREFU12_run-001_T2star.nii.gz",
      "ses-PREFU12/func/sub-8019820_ses-PREFU12_task-retrieval_run-001_bold.nii.gz",
      "ses-PREFU12/func/sub-8019820_ses-PREFU12_task-rest_run-001_bold.nii.gz",
      "ses-PREFU12/fmap/sub-8019820_ses-PREFU12_run-003_phasediff.nii.gz"
    ],
    "InversionTime": 0.9,
    "MRAcquisitionType": "3D ",
    "MagneticFieldStrength": 3,
    "Manufacturer": "SIEMENS  ",
    "ManufacturerModelName": "TrioTim  ",
    "Modality": "MRI__ ",
    "PatientPosition": "HFS  ",
    "PercentPhaseFOV": 93.75,
    "PhaseEncodingSteps": 239,
    "PixelBandwidth": 238,
    "ProtocolName": "MPRAGE ADNI_iPAT2  ",
    "PulseSequenceType": "*tfl3d1_ns ",
    "ReceiveCoilName": "HeadMatrixix\\\\ ",
    "RepetitionTime": 2.3,
    "SAR": 0.08170641929092,
    "ScanningSequence": "GR\\\\IR  ",
    "SequenceName": "*tfl3d1_ns ",
    "SequenceVariant": "SP\\\\MP  ",
    "SeriesDescription": "MPRAGE ADNI_iPAT2  ",
    "SeriesNumber": 12,
    "SliceOrder": "interleaved ",
    "SliceThickness": 1,
    "SliceTiming": null,
    "SoftwareVersions": "syngo MR B17 ",
    "dataset": "<unset>",
    "modality": "T1w",
    "run_id": 1,
    "session_id": "PREFU12",
    "subject_id": "8019820"
  },
  "cjv": 0.4673052399729862,
  "cnr": 2.9072904383748877,
  "efc": 0.6215621189910541,
  "fber": 98.21160888671875,
  "fwhm_avg": 3.2204033333333335,
  "fwhm_x": 3.29793,
  "fwhm_y": 3.28898,
  "fwhm_z": 3.0743,
  "icvs_csf": 0.21502422934039525,
  "icvs_gm": 0.4100990044978601,
  "icvs_wm": 0.37487676616174465,
  "inu_med": 1.285683274269104,
  "inu_range": 0.41256537437438956,
  "provenance": {
    "md5sum": "76d4802a183de4173fb1ec91f02282af",
    "settings": {
      "testing": false
    },
    "software": "mriqc",
    "version": "0.16.1",
    "warnings": {
      "large_rot_frame": true,
      "small_air_mask": false
    },
    "webapi_port": null,
    "webapi_url": "https://mriqc.nimh.nih.gov/api/v1"
  },
  "qi_1": 0.00011031095200432919,
  "qi_2": 0.0036913197450146244,
  "rpve_csf": 28.155481643982103,
  "rpve_gm": 15.00099051215801,
  "rpve_wm": 19.579383689807905,
  "size_x": 176,
  "size_y": 240,
  "size_z": 256,
  "snr_csf": 2.724435642585738,
  "snr_gm": 9.488915184992255,
  "snr_total": 9.415821168452087,
  "snr_wm": 16.034112677778268,
  "snrd_csf": 10.70442976858316,
  "snrd_gm": 22.173776819811916,
  "snrd_total": 21.375002880347676,
  "snrd_wm": 31.246802052647947,
  "spacing_x": 1.0,
  "spacing_y": 1.0,
  "spacing_z": 1.0,
  "summary_bg_k": 198.5278291709476,
  "summary_bg_mad": 20.966562142858173,
  "summary_bg_mean": 68.930908203125,
  "summary_bg_median": 66.9620132446289,
  "summary_bg_n": 3144156.0,
  "summary_bg_p05": 37.04837608337402,
  "summary_bg_p95": 107.19241714477539,
  "summary_bg_stdv": 22.20659828186035,
  "summary_csf_k": -0.35737052770483313,
  "summary_csf_mad": 137.2295219889571,
  "summary_csf_mean": 359.1964416503906,
  "summary_csf_median": 342.5776672363281,
  "summary_csf_n": 14177.0,
  "summary_csf_p05": 180.76853942871094,
  "summary_csf_p95": 577.0960083007812,
  "summary_csf_stdv": 125.7381820678711,
  "summary_gm_k": -0.05390875136801787,
  "summary_gm_mad": 74.46832050729088,
  "summary_gm_mean": 708.4696655273438,
  "summary_gm_median": 709.63525390625,
  "summary_gm_n": 10116.0,
  "summary_gm_p05": 582.5260009765625,
  "summary_gm_p95": 829.8921203613281,
  "summary_gm_stdv": 74.78201293945312,
  "summary_wm_k": 0.11846906913566979,
  "summary_wm_mad": 61.22181624972603,
  "summary_wm_mean": 999.859130859375,
  "summary_wm_median": 1000.0025024414062,
  "summary_wm_n": 178300.0,
  "summary_wm_p05": 897.0821594238282,
  "summary_wm_p95": 1102.3430541992186,
  "summary_wm_stdv": 62.36701202392578,
  "tpm_overlap_csf": 0.1783461570739746,
  "tpm_overlap_gm": 0.4378557503223419,
  "tpm_overlap_wm": 0.5232123732566833,
  "wm2max": 0.45187052333441835
}