{
  "bids_meta": {
    "AcquisitionNumber": 1,
    "DeviceSerialNumber": "35442  ",
    "EchoNumber": 1,
    "EchoTime": 0.00298,
    "FlipAngle": 9,
    "ImageOrientationPatientDICOM": [
      "-0.0299005915663",
      "0.99955281677233",
      "-0.0003480035688",
      "0.07663440802099",
      "0.00194530452144",
      "-0.9970573620899  "
    ],
    "ImageType": [
      "ORIGINAL",
      "PRIMARY",
      "M",
      "ND",
      "NORM "
    ],
    "ImagingFrequency": 123.247131,
    "InPlanePhaseEncodingDirectionDICOM": "ROW  ",
    "IntendedFor": [
      "ses-PREEN00/fmap/sub-8389790_ses-PREEN00_run-001_phasediff.nii.gz",
      "ses-PREEN00/fmap/sub-8389790_ses-PREEN00_run-002_phasediff.nii.gz",
      "ses-PREEN00/dwi/sub-8389790_ses-PREEN00_run-001_dwi.nii.gz",
      "ses-PREEN00/anat/sub-8389790_ses-PREEN00_run-001_FLAIR.nii.gz"
    ],
    "InversionTime": 0.9,
    "MRAcquisitionType": "3D ",
    "MagneticFieldStrength": 3,
    "Manufacturer": "SIEMENS  ",
    "ManufacturerModelName": "TrioTim  ",
    "Modality": "MRI__ ",
    "PatientPosition": "HFS  ",
    "PercentPhaseFOV": 93.75,
    "PhaseEncodingSteps": 239,
    "PixelBandwidth": 238,
    "ProtocolName": "MPRAGE ADNI_iPAT2  ",
    "PulseSequenceType": "*tfl3d1_ns ",
    "ReceiveCoilName": "HeadMatrixix\\\\ ",
    "RepetitionTime": 2.3,
    "SAR": 0.09296741128582,
    "ScanningSequence": "GR\\\\IR  ",
    "SequenceName": "*tfl3d1_ns ",
    "SequenceVariant": "SP\\\\MP  ",
    "SeriesDescription": "MPRAGE ADNI_iPAT2  ",
    "SeriesNumber": 4,
    "SliceOrder": "interleaved ",
    "SliceThickness": 1,
    "SliceTiming": null,
    "SoftwareVersions": "syngo MR B17 ",
    "dataset": "<unset>",
    "modality": "T1w",
    "run_id": 1,
    "session_id": "PREEN00",
    "subject_id": "8389790"
  },
  "cjv": 0.4031500768791373,
  "cnr": 3.284857246340504,
  "efc": 0.5923164939494727,
  "fber": 120.71136474609375,
  "fwhm_avg": 3.2252566666666667,
  "fwhm_x": 3.32969,
  "fwhm_y": 3.31374,
  "fwhm_z": 3.03234,
  "icvs_csf": 0.2117901281020602,
  "icvs_gm": 0.41663069181123413,
  "icvs_wm": 0.3715791800867057,
  "inu_med": 1.5447883605957031,
  "inu_range": 0.3828606843948368,
  "provenance": {
    "md5sum": "254bfa22c2acf6463aee64a1c9abc221",
    "settings": {
      "testing": false
    },
    "software": "mriqc",
    "version": "0.16.1",
    "warnings": {
      "large_rot_frame": true,
      "small_air_mask": false
    },
    "webapi_port": null,
    "webapi_url": "https://mriqc.nimh.nih.gov/api/v1"
  },
  "qi_1": 2.4268405214303964e-05,
  "qi_2": 0.006064973295822296,
  "rpve_csf": 31.81826766805112,
  "rpve_gm": 16.694740687658953,
  "rpve_wm": 22.445172651948113,
  "size_x": 176,
  "size_y": 240,
  "size_z": 256,
  "snr_csf": 3.148789498609611,
  "snr_gm": 9.179744862915038,
  "snr_total": 9.72562405333651,
  "snr_wm": 16.84833779848488,
  "snrd_csf": 11.358868698504612,
  "snrd_gm": 26.201754611227976,
  "snrd_total": 25.442977874628316,
  "snrd_wm": 38.76831031415235,
  "spacing_x": 1.0,
  "spacing_y": 1.0,
  "spacing_z": 1.0,
  "summary_bg_k": 1180.691866616812,
  "summary_bg_mad": 16.898545618632138,
  "summary_bg_mean": 54.39018630981445,
  "summary_bg_median": 52.612770080566406,
  "summary_bg_n": 3362380.0,
  "summary_bg_p05": 27.204360485076904,
  "summary_bg_p95": 85.71425704956052,
  "summary_bg_stdv": 28.188018798828125,
  "summary_csf_k": 1.5583803834813166,
  "summary_csf_mad": 81.30576449710864,
  "summary_csf_mean": 306.6939697265625,
  "summary_csf_median": 292.98992919921875,
  "summary_csf_n": 15954.0,
  "summary_csf_p05": 180.16788635253906,
  "summary_csf_p95": 483.19786071777327,
  "summary_csf_stdv": 93.04551696777344,
  "summary_gm_k": 0.04960982566633154,
  "summary_gm_mad": 72.66940749442576,
  "summary_gm_mean": 675.7605590820312,
  "summary_gm_median": 675.8463745117188,
  "summary_gm_n": 11689.0,
  "summary_gm_p05": 553.5911010742187,
  "summary_gm_p95": 796.2125854492188,
  "summary_gm_stdv": 73.6205062866211,
  "summary_wm_k": 0.17777374320941552,
  "summary_wm_mad": 58.00803342561552,
  "summary_wm_mean": 1000.639892578125,
  "summary_wm_median": 999.9873046875,
  "summary_wm_n": 159598.0,
  "summary_wm_p05": 903.8948944091798,
  "summary_wm_p95": 1098.8232543945312,
  "summary_wm_stdv": 59.35209655761719,
  "tpm_overlap_csf": 0.16391552984714508,
  "tpm_overlap_gm": 0.4145357012748718,
  "tpm_overlap_wm": 0.48174023628234863,
  "wm2max": 0.5345269487291612
}