{
  "bids_meta": {
    "AcquisitionNumber": 1,
    "DeviceSerialNumber": "35442  ",
    "EchoNumber": 1,
    "EchoTime": 0.00298,
    "FlipAngle": 9,
    "ImageOrientationPatientDICOM": [
      "0.0741170911688",
      "0.99722511024759",
      "0.00698113804219",
      "-0.0052876355064",
      "0.00739326931725",
      "-0.9999586893865 "
    ],
    "ImageType": [
      "ORIGINAL",
      "PRIMARY",
      "M",
      "ND",
      "NORM "
    ],
    "ImagingFrequency": 123.247168,
    "InPlanePhaseEncodingDirectionDICOM": "ROW  ",
    "IntendedFor": [
      "ses-PREBL00/func/sub-6949554_ses-PREBL00_task-rest_run-002_bold.nii.gz",
      "ses-PREBL00/func/sub-6949554_ses-PREBL00_task-rest_run-001_bold.nii.gz",
      "ses-PREBL00/func/sub-6949554_ses-PREBL00_task-retrieval_run-001_bold.nii.gz",
      "ses-PREBL00/anat/sub-6949554_ses-PREBL00_run-001_T2star.nii.gz",
      "ses-PREBL00/fmap/sub-6949554_ses-PREBL00_run-002_phasediff.nii.gz",
      "ses-PREBL00/fmap/sub-6949554_ses-PREBL00_run-003_phasediff.nii.gz",
      "ses-PREBL00/fmap/sub-6949554_ses-PREBL00_run-001_phasediff.nii.gz",
      "ses-PREBL00/func/sub-6949554_ses-PREBL00_task-encoding_run-001_bold.nii.gz",
      "ses-PREBL00/asl/sub-6949554_ses-PREBL00_run-001_asl.nii.gz"
    ],
    "InversionTime": 0.9,
    "MRAcquisitionType": "3D ",
    "MagneticFieldStrength": 3,
    "Manufacturer": "SIEMENS  ",
    "ManufacturerModelName": "TrioTim  ",
    "Modality": "MRI__ ",
    "PatientPosition": "HFS  ",
    "PercentPhaseFOV": 93.75,
    "PhaseEncodingSteps": 239,
    "PixelBandwidth": 238,
    "ProtocolName": "MPRAGE ADNI_iPAT2  ",
    "PulseSequenceType": "*tfl3d1_ns ",
    "ReceiveCoilName": "HeadMatrixix\\\\ ",
    "RepetitionTime": 2.3,
    "SAR": 0.08804038676791,
    "ScanningSequence": "GR\\\\IR  ",
    "SequenceName": "*tfl3d1_ns ",
    "SequenceVariant": "SP\\\\MP  ",
    "SeriesDescription": "MPRAGE ADNI_iPAT2  ",
    "SeriesNumber": 12,
    "SliceOrder": "interleaved ",
    "SliceThickness": 1,
    "SliceTiming": null,
    "SoftwareVersions": "syngo MR B17 ",
    "dataset": "<unset>",
    "modality": "T1w",
    "run_id": 1,
    "session_id": "PREBL00",
    "subject_id": "6949554"
  },
  "cjv": 0.4149134727565287,
  "cnr": 3.1654361573109853,
  "efc": 0.6363772611644025,
  "fber": 105.47676086425781,
  "fwhm_avg": 3.2993,
  "fwhm_x": 3.33445,
  "fwhm_y": 3.44462,
  "fwhm_z": 3.11883,
  "icvs_csf": 0.2070065096243145,
  "icvs_gm": 0.4045220602540475,
  "icvs_wm": 0.388471430121638,
  "inu_med": 1.3098598718643188,
  "inu_range": 0.52104434967041,
  "provenance": {
    "md5sum": "e2d33e401e7845014543332e3e966bb6",
    "settings": {
      "testing": false
    },
    "software": "mriqc",
    "version": "0.16.1",
    "warnings": {
      "large_rot_frame": true,
      "small_air_mask": false
    },
    "webapi_port": null,
    "webapi_url": "https://mriqc.nimh.nih.gov/api/v1"
  },
  "qi_1": 0.0,
  "qi_2": 0.004533208950409694,
  "rpve_csf": 25.484196579309167,
  "rpve_gm": 13.11316873694408,
  "rpve_wm": 16.426378316155883,
  "size_x": 176,
  "size_y": 240,
  "size_z": 256,
  "snr_csf": 2.708764691326886,
  "snr_gm": 9.400407955896494,
  "snr_total": 9.47074978890985,
  "snr_wm": 16.30307671950617,
  "snrd_csf": 10.734004516186525,
  "snrd_gm": 22.129649036166445,
  "snrd_total": 21.71121319255541,
  "snrd_wm": 32.269986025313266,
  "spacing_x": 1.0,
  "spacing_y": 1.0,
  "spacing_z": 1.0,
  "summary_bg_k": 1686.3612500708055,
  "summary_bg_mad": 20.30187851199166,
  "summary_bg_mean": 68.18224334716797,
  "summary_bg_median": 66.41350555419922,
  "summary_bg_n": 2611599.0,
  "summary_bg_p05": 36.776384353637695,
  "summary_bg_p95": 104.39214324951172,
  "summary_bg_stdv": 27.76649284362793,
  "summary_csf_k": -0.14425045300010675,
  "summary_csf_mad": 128.9702177691086,
  "summary_csf_mean": 351.8046569824219,
  "summary_csf_median": 332.63372802734375,
  "summary_csf_n": 17125.0,
  "summary_csf_p05": 180.26876220703124,
  "summary_csf_p95": 566.8397705078125,
  "summary_csf_stdv": 122.79546356201172,
  "summary_gm_k": 0.08414382204465021,
  "summary_gm_mad": 71.25042034913851,
  "summary_gm_mean": 686.651123046875,
  "summary_gm_median": 685.7708740234375,
  "summary_gm_n": 11058.0,
  "summary_gm_p05": 567.1412170410156,
  "summary_gm_p95": 807.9259246826172,
  "summary_gm_stdv": 72.94788360595703,
  "summary_wm_k": 0.3105953570239377,
  "summary_wm_mad": 59.13061776531714,
  "summary_wm_mean": 999.5884399414062,
  "summary_wm_median": 1000.007568359375,
  "summary_wm_n": 198029.0,
  "summary_wm_p05": 898.0490112304688,
  "summary_wm_p95": 1099.845947265625,
  "summary_wm_stdv": 61.33842468261719,
  "tpm_overlap_csf": 0.16424882411956787,
  "tpm_overlap_gm": 0.4315047264099121,
  "tpm_overlap_wm": 0.49547621607780457,
  "wm2max": 0.4772526192788456
}