{
  "bids_meta": {
    "AcquisitionNumber": 1,
    "DeviceSerialNumber": "35442  ",
    "EchoNumber": 1,
    "EchoTime": 0.00298,
    "FlipAngle": 9,
    "ImageOrientationPatientDICOM": [
      "0.02520563174942",
      "0.99699896525374",
      "-0.073196580597",
      "0.03195028388601",
      "-0.0739858586805",
      "-0.996747346159  "
    ],
    "ImageType": [
      "ORIGINAL",
      "PRIMARY",
      "M",
      "ND",
      "NORM "
    ],
    "ImagingFrequency": 123.251467,
    "InPlanePhaseEncodingDirectionDICOM": "ROW  ",
    "IntendedFor": [
      "ses-NAPFU48/anat/sub-5817042_ses-NAPFU48_run-001_FLAIR.nii.gz",
      "ses-NAPFU48/anat/sub-5817042_ses-NAPFU48_run-001_T1w.nii.gz",
      "ses-NAPFU48/dwi/sub-5817042_ses-NAPFU48_run-001_dwi.nii.gz",
      "ses-NAPFU48/func/sub-5817042_ses-NAPFU48_task-rest_run-002_bold.nii.gz",
      "ses-NAPFU48/fmap/sub-5817042_ses-NAPFU48_run-001_phasediff.nii.gz",
      "ses-NAPFU48/fmap/sub-5817042_ses-NAPFU48_run-002_phasediff.nii.gz",
      "ses-NAPFU48/fmap/sub-5817042_ses-NAPFU48_run-004_phasediff.nii.gz",
      "ses-NAPFU48/func/sub-5817042_ses-NAPFU48_task-rest_run-001_bold.nii.gz",
      "ses-NAPFU48/fmap/sub-5817042_ses-NAPFU48_run-005_phasediff.nii.gz",
      "ses-NAPFU48/func/sub-5817042_ses-NAPFU48_task-encoding_run-001_bold.nii.gz",
      "ses-NAPFU48/anat/sub-5817042_ses-NAPFU48_run-001_T2star.nii.gz",
      "ses-NAPFU48/func/sub-5817042_ses-NAPFU48_task-retrieval_run-001_bold.nii.gz",
      "ses-NAPFU48/fmap/sub-5817042_ses-NAPFU48_run-003_phasediff.nii.gz",
      "ses-NAPFU48/asl/sub-5817042_ses-NAPFU48_run-001_asl.nii.gz"
    ],
    "InversionTime": 0.9,
    "MRAcquisitionType": "3D ",
    "MagneticFieldStrength": 3,
    "Manufacturer": "SIEMENS  ",
    "ManufacturerModelName": "TrioTim  ",
    "Modality": "MRI__ ",
    "PatientPosition": "HFS  ",
    "PercentPhaseFOV": 93.75,
    "PhaseEncodingSteps": 239,
    "PixelBandwidth": 238,
    "ProtocolName": "MPRAGE ADNI_iPAT2  ",
    "PulseSequenceType": "*tfl3d1_ns ",
    "ReceiveCoilName": "HeadMatrixix\\\\ ",
    "RepetitionTime": 2.3,
    "SAR": 0.07472309158413,
    "ScanningSequence": "GR\\\\IR  ",
    "SequenceName": "*tfl3d1_ns ",
    "SequenceVariant": "SP\\\\MP  ",
    "SeriesDescription": "MPRAGE ADNI_iPAT2  ",
    "SeriesNumber": 17,
    "SliceOrder": "interleaved ",
    "SliceThickness": 1,
    "SliceTiming": null,
    "SoftwareVersions": "syngo MR B17 ",
    "dataset": "<unset>",
    "modality": "T1w",
    "run_id": 2,
    "session_id": "NAPFU48",
    "subject_id": "5817042"
  },
  "cjv": 0.38216174664011376,
  "cnr": 3.4447938354989787,
  "efc": 0.603087683539561,
  "fber": 107.71829986572266,
  "fwhm_avg": 3.1485533333333335,
  "fwhm_x": 3.23262,
  "fwhm_y": 3.26534,
  "fwhm_z": 2.9477,
  "icvs_csf": 0.2127913643320568,
  "icvs_gm": 0.418921411539025,
  "icvs_wm": 0.3682872241289182,
  "inu_med": 1.331984043121338,
  "inu_range": 0.3238118469715119,
  "provenance": {
    "md5sum": "413e1160efcfdbdbd75e8abdbf2fbee2",
    "settings": {
      "testing": false
    },
    "software": "mriqc",
    "version": "0.16.1",
    "warnings": {
      "large_rot_frame": true,
      "small_air_mask": false
    },
    "webapi_port": null,
    "webapi_url": "https://mriqc.nimh.nih.gov/api/v1"
  },
  "qi_1": 1.5316691747749404e-05,
  "qi_2": 0.0039898276469432035,
  "rpve_csf": 29.00986357903152,
  "rpve_gm": 15.325305785716848,
  "rpve_wm": 21.11319143087164,
  "size_x": 176,
  "size_y": 240,
  "size_z": 256,
  "snr_csf": 3.142474277852107,
  "snr_gm": 9.474641307818686,
  "snr_total": 10.196122361074785,
  "snr_wm": 17.971251497553563,
  "snrd_csf": 11.610450542191083,
  "snrd_gm": 24.67977419332618,
  "snrd_total": 24.251452101481775,
  "snrd_wm": 36.46413156892806,
  "spacing_x": 1.0,
  "spacing_y": 1.0,
  "spacing_z": 1.0,
  "summary_bg_k": 1799.0999886771776,
  "summary_bg_mad": 17.966479135742276,
  "summary_bg_mean": 59.743629455566406,
  "summary_bg_median": 58.12664794921875,
  "summary_bg_n": 2663637.0,
  "summary_bg_p05": 31.679882431030276,
  "summary_bg_p95": 91.95706939697264,
  "summary_bg_stdv": 24.54922866821289,
  "summary_csf_k": 0.2623462159130021,
  "summary_csf_mad": 103.12460347527671,
  "summary_csf_mean": 331.8349304199219,
  "summary_csf_median": 318.40533447265625,
  "summary_csf_n": 10913.0,
  "summary_csf_p05": 188.76516418457032,
  "summary_csf_p95": 512.4891235351563,
  "summary_csf_stdv": 101.31848907470703,
  "summary_gm_k": 0.12710178249529447,
  "summary_gm_mad": 69.45186929970563,
  "summary_gm_mean": 674.6338500976562,
  "summary_gm_median": 676.81884765625,
  "summary_gm_n": 9950.0,
  "summary_gm_p05": 552.1056671142578,
  "summary_gm_p95": 789.4484069824218,
  "summary_gm_stdv": 71.43118286132812,
  "summary_wm_k": 0.2559377066717117,
  "summary_wm_mad": 54.05308522853932,
  "summary_wm_mean": 999.201171875,
  "summary_wm_median": 999.993408203125,
  "summary_wm_n": 163405.0,
  "summary_wm_p05": 906.5928833007813,
  "summary_wm_p95": 1088.9832763671875,
  "summary_wm_stdv": 55.643890380859375,
  "tpm_overlap_csf": 0.17754298448562622,
  "tpm_overlap_gm": 0.43088290095329285,
  "tpm_overlap_wm": 0.512473464012146,
  "wm2max": 0.5255736299290629
}