{
  "bids_meta": {
    "AcquisitionNumber": 1,
    "DeviceSerialNumber": "35442  ",
    "EchoNumber": 1,
    "EchoTime": 0.00298,
    "FlipAngle": 9,
    "ImageOrientationPatientDICOM": [
      "-0.0223786569283",
      "0.99959726086841",
      "0.01745026585633",
      "0.01536407247674",
      "0.01779643684485",
      "-0.9997235778517  "
    ],
    "ImageType": [
      "ORIGINAL",
      "PRIMARY",
      "M",
      "ND",
      "NORM "
    ],
    "ImagingFrequency": 123.247242,
    "InPlanePhaseEncodingDirectionDICOM": "ROW  ",
    "IntendedFor": [
      "ses-NAPFU12/fmap/sub-8969699_ses-NAPFU12_run-002_phasediff.nii.gz",
      "ses-NAPFU12/fmap/sub-8969699_ses-NAPFU12_run-003_phasediff.nii.gz",
      "ses-NAPFU12/func/sub-8969699_ses-NAPFU12_task-retrieval_run-001_bold.nii.gz",
      "ses-NAPFU12/fmap/sub-8969699_ses-NAPFU12_run-001_phasediff.nii.gz",
      "ses-NAPFU12/anat/sub-8969699_ses-NAPFU12_run-001_T2star.nii.gz",
      "ses-NAPFU12/func/sub-8969699_ses-NAPFU12_task-rest_run-002_bold.nii.gz",
      "ses-NAPFU12/asl/sub-8969699_ses-NAPFU12_run-001_asl.nii.gz",
      "ses-NAPFU12/func/sub-8969699_ses-NAPFU12_task-rest_run-001_bold.nii.gz",
      "ses-NAPFU12/func/sub-8969699_ses-NAPFU12_task-encoding_run-001_bold.nii.gz"
    ],
    "InversionTime": 0.9,
    "MRAcquisitionType": "3D ",
    "MagneticFieldStrength": 3,
    "Manufacturer": "SIEMENS  ",
    "ManufacturerModelName": "TrioTim  ",
    "Modality": "MRI__ ",
    "PatientPosition": "HFS  ",
    "PercentPhaseFOV": 93.75,
    "PhaseEncodingSteps": 239,
    "PixelBandwidth": 238,
    "ProtocolName": "MPRAGE ADNI_iPAT2  ",
    "PulseSequenceType": "*tfl3d1_ns ",
    "ReceiveCoilName": "HeadMatrixix\\\\ ",
    "RepetitionTime": 2.3,
    "SAR": 0.07768799047372,
    "ScanningSequence": "GR\\\\IR  ",
    "SequenceName": "*tfl3d1_ns ",
    "SequenceVariant": "SP\\\\MP  ",
    "SeriesDescription": "MPRAGE ADNI_iPAT2  ",
    "SeriesNumber": 12,
    "SliceOrder": "interleaved ",
    "SliceThickness": 1,
    "SliceTiming": null,
    "SoftwareVersions": "syngo MR B17 ",
    "dataset": "<unset>",
    "modality": "T1w",
    "run_id": 1,
    "session_id": "NAPFU12",
    "subject_id": "8969699"
  },
  "cjv": 0.4189052258723379,
  "cnr": 3.290001531591517,
  "efc": 0.5892387947833346,
  "fber": 161.75758361816406,
  "fwhm_avg": 3.2207833333333333,
  "fwhm_x": 3.23389,
  "fwhm_y": 3.34589,
  "fwhm_z": 3.08257,
  "icvs_csf": 0.20151362608822618,
  "icvs_gm": 0.4156016812525811,
  "icvs_wm": 0.3828846926591927,
  "inu_med": 1.4332408905029297,
  "inu_range": 0.3467259109020233,
  "provenance": {
    "md5sum": "6da9cd84cef467939222fc2376275af5",
    "settings": {
      "testing": false
    },
    "software": "mriqc",
    "version": "0.16.1",
    "warnings": {
      "large_rot_frame": true,
      "small_air_mask": false
    },
    "webapi_port": null,
    "webapi_url": "https://mriqc.nimh.nih.gov/api/v1"
  },
  "qi_1": 0.00014400066124070453,
  "qi_2": 0.004406584435316782,
  "rpve_csf": 32.451449100350196,
  "rpve_gm": 16.594655120236517,
  "rpve_wm": 21.4872867557303,
  "size_x": 176,
  "size_y": 240,
  "size_z": 256,
  "snr_csf": 2.4621419244224665,
  "snr_gm": 9.014717338125482,
  "snr_total": 9.640411440793459,
  "snr_wm": 17.444375059832424,
  "snrd_csf": 13.066611139290359,
  "snrd_gm": 28.240027442024438,
  "snrd_total": 27.556667749504285,
  "snrd_wm": 41.36336466719806,
  "spacing_x": 1.0,
  "spacing_y": 1.0,
  "spacing_z": 1.0,
  "summary_bg_k": 12.404918336822158,
  "summary_bg_mad": 15.838450872101713,
  "summary_bg_mean": 48.33613586425781,
  "summary_bg_median": 47.133689880371094,
  "summary_bg_n": 2879697.0,
  "summary_bg_p05": 23.74661865234375,
  "summary_bg_p95": 77.73861541748046,
  "summary_bg_stdv": 16.675458908081055,
  "summary_csf_k": 16.1454952884737,
  "summary_csf_mad": 112.31506993595164,
  "summary_csf_mean": 338.87603759765625,
  "summary_csf_median": 315.8958740234375,
  "summary_csf_n": 12208.0,
  "summary_csf_p05": 179.88805084228517,
  "summary_csf_p95": 556.0759765624999,
  "summary_csf_stdv": 128.29598999023438,
  "summary_gm_k": -0.16958784709707775,
  "summary_gm_mad": 76.72014026476174,
  "summary_gm_mean": 681.446044921875,
  "summary_gm_median": 682.7254638671875,
  "summary_gm_n": 13844.0,
  "summary_gm_p05": 552.7864990234375,
  "summary_gm_p95": 803.7813842773437,
  "summary_gm_stdv": 75.73180389404297,
  "summary_wm_k": 0.2622525626403216,
  "summary_wm_mad": 56.184778371931436,
  "summary_wm_mean": 1000.2440795898438,
  "summary_wm_median": 999.9927368164062,
  "summary_wm_n": 168161.0,
  "summary_wm_p05": 906.5042724609375,
  "summary_wm_p95": 1094.2464599609375,
  "summary_wm_stdv": 57.32448196411133,
  "tpm_overlap_csf": 0.16918687522411346,
  "tpm_overlap_gm": 0.4261607527732849,
  "tpm_overlap_wm": 0.49616578221321106,
  "wm2max": 0.5400610162783638
}