{
  "bids_meta": {
    "AcquisitionNumber": 1,
    "DeviceSerialNumber": "35442  ",
    "EchoNumber": 1,
    "EchoTime": 0.00298,
    "FlipAngle": 9,
    "ImageOrientationPatientDICOM": [
      "0.03490742485574",
      "0.97861268775459",
      "0.20272809143203",
      "-0.0174269708784",
      "0.2034169229148",
      "-0.9789371053126 "
    ],
    "ImageType": [
      "ORIGINAL",
      "PRIMARY",
      "M",
      "ND",
      "NORM "
    ],
    "ImagingFrequency": 123.24733,
    "InPlanePhaseEncodingDirectionDICOM": "ROW  ",
    "IntendedFor": [
      "ses-NAPBL00/fmap/sub-6360867_ses-NAPBL00_run-002_phasediff.nii.gz",
      "ses-NAPBL00/asl/sub-6360867_ses-NAPBL00_run-001_asl.nii.gz",
      "ses-NAPBL00/fmap/sub-6360867_ses-NAPBL00_run-003_phasediff.nii.gz",
      "ses-NAPBL00/func/sub-6360867_ses-NAPBL00_task-encoding_run-001_bold.nii.gz",
      "ses-NAPBL00/func/sub-6360867_ses-NAPBL00_task-rest_run-002_bold.nii.gz",
      "ses-NAPBL00/fmap/sub-6360867_ses-NAPBL00_run-001_phasediff.nii.gz",
      "ses-NAPBL00/anat/sub-6360867_ses-NAPBL00_run-001_T2star.nii.gz",
      "ses-NAPBL00/func/sub-6360867_ses-NAPBL00_task-retrieval_run-001_bold.nii.gz",
      "ses-NAPBL00/func/sub-6360867_ses-NAPBL00_task-rest_run-001_bold.nii.gz"
    ],
    "InversionTime": 0.9,
    "MRAcquisitionType": "3D ",
    "MagneticFieldStrength": 3,
    "Manufacturer": "SIEMENS  ",
    "ManufacturerModelName": "TrioTim  ",
    "Modality": "MRI__ ",
    "PatientPosition": "HFS  ",
    "PercentPhaseFOV": 93.75,
    "PhaseEncodingSteps": 239,
    "PixelBandwidth": 238,
    "ProtocolName": "MPRAGE ADNI_iPAT2  ",
    "PulseSequenceType": "*tfl3d1_ns ",
    "ReceiveCoilName": "HeadMatrixix\\\\ ",
    "RepetitionTime": 2.3,
    "SAR": 0.08028417091556,
    "ScanningSequence": "GR\\\\IR  ",
    "SequenceName": "*tfl3d1_ns ",
    "SequenceVariant": "SP\\\\MP  ",
    "SeriesDescription": "MPRAGE ADNI_iPAT2  ",
    "SeriesNumber": 12,
    "SliceOrder": "interleaved ",
    "SliceThickness": 1,
    "SliceTiming": null,
    "SoftwareVersions": "syngo MR B17 ",
    "dataset": "<unset>",
    "modality": "T1w",
    "run_id": 1,
    "session_id": "NAPBL00",
    "subject_id": "6360867"
  },
  "cjv": 0.4153272620004345,
  "cnr": 3.2798822996331527,
  "efc": 0.6115324126902477,
  "fber": 144.01893615722656,
  "fwhm_avg": 3.1137433333333333,
  "fwhm_x": 3.18727,
  "fwhm_y": 3.24542,
  "fwhm_z": 2.90854,
  "icvs_csf": 0.20264757066782754,
  "icvs_gm": 0.4141769884829393,
  "icvs_wm": 0.38317544084923316,
  "inu_med": 1.3866146802902222,
  "inu_range": 0.3326333522796632,
  "provenance": {
    "md5sum": "ff82f95b125ea22aa27e7a0d366e2436",
    "settings": {
      "testing": false
    },
    "software": "mriqc",
    "version": "0.16.1",
    "warnings": {
      "large_rot_frame": true,
      "small_air_mask": false
    },
    "webapi_port": null,
    "webapi_url": "https://mriqc.nimh.nih.gov/api/v1"
  },
  "qi_1": 0.00017083027520429516,
  "qi_2": 0.004403386294538443,
  "rpve_csf": 30.4129679015701,
  "rpve_gm": 15.615400130076072,
  "rpve_wm": 20.543357614590914,
  "size_x": 176,
  "size_y": 240,
  "size_z": 256,
  "snr_csf": 3.1206408690787972,
  "snr_gm": 9.231762165184753,
  "snr_total": 9.861133867395429,
  "snr_wm": 17.230998567922736,
  "snrd_csf": 12.322965981479346,
  "snrd_gm": 25.70979760898211,
  "snrd_total": 25.18024530307241,
  "snrd_wm": 37.507972318755776,
  "spacing_x": 1.0,
  "spacing_y": 1.0,
  "spacing_z": 1.0,
  "summary_bg_k": 0.7296822417304436,
  "summary_bg_mad": 17.46643230976429,
  "summary_bg_mean": 51.8387336730957,
  "summary_bg_median": 50.519588470458984,
  "summary_bg_n": 2524737.0,
  "summary_bg_p05": 25.75947265625,
  "summary_bg_p95": 83.35867462158197,
  "summary_bg_stdv": 17.80309295654297,
  "summary_csf_k": 12.942421529525543,
  "summary_csf_mad": 102.86213474146474,
  "summary_csf_mean": 339.7992858886719,
  "summary_csf_median": 328.53961181640625,
  "summary_csf_n": 11579.0,
  "summary_csf_p05": 191.3757583618164,
  "summary_csf_p95": 514.8561157226562,
  "summary_csf_stdv": 105.27498626708984,
  "summary_gm_k": -0.031562811993061324,
  "summary_gm_mad": 74.26548524894247,
  "summary_gm_mean": 683.7646484375,
  "summary_gm_median": 685.4426879882812,
  "summary_gm_n": 11429.0,
  "summary_gm_p05": 558.6033813476563,
  "summary_gm_p95": 804.3456665039063,
  "summary_gm_stdv": 74.24505615234375,
  "summary_wm_k": 0.296273155789768,
  "summary_wm_mad": 56.37499015558005,
  "summary_wm_mean": 999.7786254882812,
  "summary_wm_median": 999.990966796875,
  "summary_wm_n": 171434.0,
  "summary_wm_p05": 904.4390197753905,
  "summary_wm_p95": 1094.4151550292968,
  "summary_wm_stdv": 58.03424835205078,
  "tpm_overlap_csf": 0.1763567179441452,
  "tpm_overlap_gm": 0.43312034010887146,
  "tpm_overlap_wm": 0.5084099769592285,
  "wm2max": 0.5379715575541191
}