{
  "bids_meta": {
    "AcquisitionNumber": 1,
    "DeviceSerialNumber": "35442  ",
    "EchoNumber": 1,
    "EchoTime": 0.00298,
    "FlipAngle": 9,
    "ImageOrientationPatientDICOM": [
      "0.02406713857966",
      "0.99971028390282",
      "-0.0003479935822",
      "0.07721008230084",
      "-0.0022058187303",
      "-0.9970124059182  "
    ],
    "ImageType": [
      "ORIGINAL",
      "PRIMARY",
      "M",
      "ND",
      "NORM "
    ],
    "ImagingFrequency": 123.251309,
    "InPlanePhaseEncodingDirectionDICOM": "ROW  ",
    "InversionTime": 0.9,
    "MRAcquisitionType": "3D ",
    "MagneticFieldStrength": 3,
    "Manufacturer": "SIEMENS  ",
    "ManufacturerModelName": "TrioTim  ",
    "Modality": "MRI__ ",
    "PatientPosition": "HFS  ",
    "PercentPhaseFOV": 93.75,
    "PhaseEncodingSteps": 239,
    "PixelBandwidth": 238,
    "ProtocolName": "MPRAGE ADNI_iPAT2  ",
    "PulseSequenceType": "*tfl3d1_ns ",
    "ReceiveCoilName": "32Ch_Headad\\\\  ",
    "RepetitionTime": 2.3,
    "SAR": 0.08503955510906,
    "ScanningSequence": "GR\\\\IR  ",
    "SequenceName": "*tfl3d1_ns ",
    "SequenceVariant": "SP\\\\MP  ",
    "SeriesDescription": "MPRAGE ADNI_iPAT2  ",
    "SeriesNumber": 4,
    "SliceOrder": "interleaved ",
    "SliceThickness": 1,
    "SliceTiming": null,
    "SoftwareVersions": "syngo MR B17 ",
    "dataset": "<unset>",
    "modality": "T1w",
    "run_id": 1,
    "session_id": "PREEN00",
    "subject_id": "5562282"
  },
  "cjv": 0.40231872747836395,
  "cnr": 3.142829312571834,
  "efc": 0.6311056255477938,
  "fber": 121.87670135498047,
  "fwhm_avg": 3.447266666666667,
  "fwhm_x": 3.49928,
  "fwhm_y": 3.6068,
  "fwhm_z": 3.23572,
  "icvs_csf": 0.2026756401159213,
  "icvs_gm": 0.4089881448957815,
  "icvs_wm": 0.38833621498829723,
  "inu_med": 1.4841794967651367,
  "inu_range": 0.5004332304000854,
  "provenance": {
    "md5sum": "c3d43d68944308a6758d0b7a092f6181",
    "settings": {
      "testing": false
    },
    "software": "mriqc",
    "version": "0.16.1",
    "warnings": {
      "large_rot_frame": true,
      "small_air_mask": false
    },
    "webapi_port": null,
    "webapi_url": "https://mriqc.nimh.nih.gov/api/v1"
  },
  "qi_1": 0.0,
  "qi_2": 0.005799156003005922,
  "rpve_csf": 24.47978102672816,
  "rpve_gm": 12.688781196418365,
  "rpve_wm": 16.35008197232882,
  "size_x": 176,
  "size_y": 240,
  "size_z": 256,
  "snr_csf": 2.8105536548403474,
  "snr_gm": 9.49548617846697,
  "snr_total": 10.963755341905893,
  "snr_wm": 20.58522619241036,
  "snrd_csf": 23.67290657354142,
  "snrd_gm": 53.839147477355176,
  "snrd_total": 51.009251632205725,
  "snrd_wm": 75.51570084572057,
  "spacing_x": 1.0,
  "spacing_y": 1.0,
  "spacing_z": 1.0,
  "summary_bg_k": 18515.442383240224,
  "summary_bg_mad": 8.675482987437897,
  "summary_bg_mean": 53.13406753540039,
  "summary_bg_median": 52.300392150878906,
  "summary_bg_n": 2872339.0,
  "summary_bg_p05": 39.37653007507324,
  "summary_bg_p95": 68.87136993408203,
  "summary_bg_stdv": 18.570205688476562,
  "summary_csf_k": 1.0050709092179764,
  "summary_csf_mad": 110.73339153922421,
  "summary_csf_mean": 336.5380859375,
  "summary_csf_median": 313.482666015625,
  "summary_csf_n": 17560.0,
  "summary_csf_p05": 188.1856887817383,
  "summary_csf_p95": 533.7606262207031,
  "summary_csf_stdv": 111.53451538085938,
  "summary_gm_k": 0.27051202919979955,
  "summary_gm_mad": 70.87560721504121,
  "summary_gm_mean": 714.4783325195312,
  "summary_gm_median": 712.9517211914062,
  "summary_gm_n": 16601.0,
  "summary_gm_p05": 590.7118530273438,
  "summary_gm_p95": 842.1919555664062,
  "summary_gm_stdv": 75.08096313476562,
  "summary_wm_k": 0.852627694793624,
  "summary_wm_mad": 44.60855437249503,
  "summary_wm_mean": 999.5657348632812,
  "summary_wm_median": 999.9981689453125,
  "summary_wm_n": 215897.0,
  "summary_wm_p05": 919.7897827148438,
  "summary_wm_p95": 1077.6959716796873,
  "summary_wm_stdv": 48.57832717895508,
  "tpm_overlap_csf": 0.1657785177230835,
  "tpm_overlap_gm": 0.4167919158935547,
  "tpm_overlap_wm": 0.4961387813091278,
  "wm2max": 0.4656005456044452
}