{
  "bids_meta": {
    "AcquisitionNumber": 1,
    "DeviceSerialNumber": "35442  ",
    "EchoNumber": 1,
    "EchoTime": 0.00298,
    "FlipAngle": 9,
    "ImageOrientationPatientDICOM": [
      "0.06878685093652",
      "0.94129423165171",
      "0.3305049751478",
      "0.01612368016551",
      "0.33019745392473",
      "-0.9437741617355 "
    ],
    "ImageType": [
      "ORIGINAL",
      "PRIMARY",
      "M",
      "ND",
      "NORM "
    ],
    "ImagingFrequency": 123.246993,
    "InPlanePhaseEncodingDirectionDICOM": "ROW  ",
    "IntendedFor": [
      "ses-NAPFU12/anat/sub-4351499_ses-NAPFU12_run-001_T2star.nii.gz",
      "ses-NAPFU12/func/sub-4351499_ses-NAPFU12_task-rest_run-001_bold.nii.gz",
      "ses-NAPFU12/func/sub-4351499_ses-NAPFU12_task-rest_run-002_bold.nii.gz",
      "ses-NAPFU12/fmap/sub-4351499_ses-NAPFU12_run-002_phasediff.nii.gz",
      "ses-NAPFU12/func/sub-4351499_ses-NAPFU12_task-encoding_run-001_bold.nii.gz",
      "ses-NAPFU12/asl/sub-4351499_ses-NAPFU12_run-001_asl.nii.gz",
      "ses-NAPFU12/fmap/sub-4351499_ses-NAPFU12_run-001_phasediff.nii.gz",
      "ses-NAPFU12/fmap/sub-4351499_ses-NAPFU12_run-003_phasediff.nii.gz",
      "ses-NAPFU12/func/sub-4351499_ses-NAPFU12_task-retrieval_run-001_bold.nii.gz"
    ],
    "InversionTime": 0.9,
    "MRAcquisitionType": "3D ",
    "MagneticFieldStrength": 3,
    "Manufacturer": "SIEMENS  ",
    "ManufacturerModelName": "TrioTim  ",
    "Modality": "MRI__ ",
    "PatientPosition": "HFS  ",
    "PercentPhaseFOV": 93.75,
    "PhaseEncodingSteps": 239,
    "PixelBandwidth": 238,
    "ProtocolName": "MPRAGE ADNI_iPAT2  ",
    "PulseSequenceType": "*tfl3d1_ns ",
    "ReceiveCoilName": "HeadMatrixix\\\\ ",
    "RepetitionTime": 2.3,
    "SAR": 0.08899352660031,
    "ScanningSequence": "GR\\\\IR  ",
    "SequenceName": "*tfl3d1_ns ",
    "SequenceVariant": "SP\\\\MP  ",
    "SeriesDescription": "MPRAGE ADNI_iPAT2  ",
    "SeriesNumber": 12,
    "SliceOrder": "interleaved ",
    "SliceThickness": 1,
    "SliceTiming": null,
    "SoftwareVersions": "syngo MR B17 ",
    "dataset": "<unset>",
    "modality": "T1w",
    "run_id": 1,
    "session_id": "NAPFU12",
    "subject_id": "4351499"
  },
  "cjv": 0.3893704492808478,
  "cnr": 3.4188422892262227,
  "efc": 0.5866075776092262,
  "fber": 133.44332885742188,
  "fwhm_avg": 3.3145500000000006,
  "fwhm_x": 3.37157,
  "fwhm_y": 3.42167,
  "fwhm_z": 3.15041,
  "icvs_csf": 0.20307397133121768,
  "icvs_gm": 0.3950165516460505,
  "icvs_wm": 0.40190947702273183,
  "inu_med": 1.2613615989685059,
  "inu_range": 0.45871502161026,
  "provenance": {
    "md5sum": "930e74b83fb27090d5c21591dcf97a15",
    "settings": {
      "testing": false
    },
    "software": "mriqc",
    "version": "0.16.1",
    "warnings": {
      "large_rot_frame": true,
      "small_air_mask": false
    },
    "webapi_port": null,
    "webapi_url": "https://mriqc.nimh.nih.gov/api/v1"
  },
  "qi_1": 0.0,
  "qi_2": 0.005042158000054717,
  "rpve_csf": 28.05785581772099,
  "rpve_gm": 14.613661952153581,
  "rpve_wm": 17.736207277974238,
  "size_x": 176,
  "size_y": 240,
  "size_z": 256,
  "snr_csf": 3.0590519252328394,
  "snr_gm": 9.638672007211357,
  "snr_total": 10.561338218209022,
  "snr_wm": 18.98629072218287,
  "snrd_csf": 13.242295964740016,
  "snrd_gm": 26.199545039304414,
  "snrd_total": 25.799776631865768,
  "snrd_wm": 37.95748889155287,
  "spacing_x": 1.0,
  "spacing_y": 1.0,
  "spacing_z": 1.0,
  "summary_bg_k": 0.4044753025959755,
  "summary_bg_mad": 17.25933832540829,
  "summary_bg_mean": 57.585514068603516,
  "summary_bg_median": 56.29798889160156,
  "summary_bg_n": 2668989.0,
  "summary_bg_p05": 31.21378517150879,
  "summary_bg_p95": 88.41239013671877,
  "summary_bg_stdv": 17.541690826416016,
  "summary_csf_k": 4.544659630385952,
  "summary_csf_mad": 122.63506590968451,
  "summary_csf_mean": 355.8262939453125,
  "summary_csf_median": 348.8636474609375,
  "summary_csf_n": 12838.0,
  "summary_csf_p05": 192.17301406860352,
  "summary_csf_p95": 546.3813751220703,
  "summary_csf_stdv": 114.03861999511719,
  "summary_gm_k": 0.20931031736553152,
  "summary_gm_mad": 69.5622681465426,
  "summary_gm_mean": 688.5150146484375,
  "summary_gm_median": 690.2178344726562,
  "summary_gm_n": 9342.0,
  "summary_gm_p05": 568.3457641601562,
  "summary_gm_p95": 803.9172698974609,
  "summary_gm_stdv": 71.60539245605469,
  "summary_wm_k": 0.30133630470453765,
  "summary_wm_mad": 51.0486982499868,
  "summary_wm_mean": 999.0947875976562,
  "summary_wm_median": 999.9767456054688,
  "summary_wm_n": 203733.0,
  "summary_wm_p05": 910.7953002929688,
  "summary_wm_p95": 1083.2549560546875,
  "summary_wm_stdv": 52.66822814941406,
  "tpm_overlap_csf": 0.17383866012096405,
  "tpm_overlap_gm": 0.4200711250305176,
  "tpm_overlap_wm": 0.507451057434082,
  "wm2max": 0.49727462667375455
}