{
  "bids_meta": {
    "AcquisitionNumber": 1,
    "DeviceSerialNumber": "35442  ",
    "EchoNumber": 1,
    "EchoTime": 0.00298,
    "FlipAngle": 9,
    "ImageOrientationPatientDICOM": [
      "-0.0457744555561",
      "0.98458971127325",
      "-0.1687832920446",
      "0.13869037731059",
      "-0.1610603132983",
      "-0.977151244548 "
    ],
    "ImageType": [
      "ORIGINAL",
      "PRIMARY",
      "M",
      "ND",
      "NORM "
    ],
    "ImagingFrequency": 123.247125,
    "InPlanePhaseEncodingDirectionDICOM": "ROW  ",
    "IntendedFor": [
      "ses-NAPFU24/asl/sub-9488568_ses-NAPFU24_run-001_asl.nii.gz",
      "ses-NAPFU24/fmap/sub-9488568_ses-NAPFU24_run-002_phasediff.nii.gz",
      "ses-NAPFU24/func/sub-9488568_ses-NAPFU24_task-retrieval_run-001_bold.nii.gz",
      "ses-NAPFU24/func/sub-9488568_ses-NAPFU24_task-rest_run-002_bold.nii.gz",
      "ses-NAPFU24/fmap/sub-9488568_ses-NAPFU24_run-001_phasediff.nii.gz",
      "ses-NAPFU24/func/sub-9488568_ses-NAPFU24_task-encoding_run-001_bold.nii.gz",
      "ses-NAPFU24/anat/sub-9488568_ses-NAPFU24_run-002_T2star.nii.gz",
      "ses-NAPFU24/func/sub-9488568_ses-NAPFU24_task-rest_run-001_bold.nii.gz",
      "ses-NAPFU24/fmap/sub-9488568_ses-NAPFU24_run-003_phasediff.nii.gz",
      "ses-NAPFU24/anat/sub-9488568_ses-NAPFU24_run-001_T2star.nii.gz"
    ],
    "InversionTime": 0.9,
    "MRAcquisitionType": "3D ",
    "MagneticFieldStrength": 3,
    "Manufacturer": "SIEMENS  ",
    "ManufacturerModelName": "TrioTim  ",
    "Modality": "MRI__ ",
    "PatientPosition": "HFS  ",
    "PercentPhaseFOV": 93.75,
    "PhaseEncodingSteps": 239,
    "PixelBandwidth": 238,
    "ProtocolName": "MPRAGE ADNI_iPAT2  ",
    "PulseSequenceType": "*tfl3d1_ns ",
    "ReceiveCoilName": "HeadMatrixix\\\\ ",
    "RepetitionTime": 2.3,
    "SAR": 0.08349055048142,
    "ScanningSequence": "GR\\\\IR  ",
    "SequenceName": "*tfl3d1_ns ",
    "SequenceVariant": "SP\\\\MP  ",
    "SeriesDescription": "MPRAGE ADNI_iPAT2  ",
    "SeriesNumber": 12,
    "SliceOrder": "interleaved ",
    "SliceThickness": 1,
    "SliceTiming": null,
    "SoftwareVersions": "syngo MR B17 ",
    "dataset": "<unset>",
    "modality": "T1w",
    "run_id": 1,
    "session_id": "NAPFU24",
    "subject_id": "9488568"
  },
  "cjv": 0.3960871105028045,
  "cnr": 3.436975287868596,
  "efc": 0.6060333118797834,
  "fber": 98.6666030883789,
  "fwhm_avg": 3.5011233333333336,
  "fwhm_x": 3.58169,
  "fwhm_y": 3.64928,
  "fwhm_z": 3.2724,
  "icvs_csf": 0.2551071589135273,
  "icvs_gm": 0.3849300360500736,
  "icvs_wm": 0.3599628050363991,
  "inu_med": 1.299406886100769,
  "inu_range": 0.34598826169967656,
  "provenance": {
    "md5sum": "468be117d90a859935db746f072cccee",
    "settings": {
      "testing": false
    },
    "software": "mriqc",
    "version": "0.16.1",
    "warnings": {
      "large_rot_frame": true,
      "small_air_mask": false
    },
    "webapi_port": null,
    "webapi_url": "https://mriqc.nimh.nih.gov/api/v1"
  },
  "qi_1": 0.0,
  "qi_2": 0.003862818545741295,
  "rpve_csf": 26.855647730057054,
  "rpve_gm": 16.848504967670713,
  "rpve_wm": 22.13175392707868,
  "size_x": 176,
  "size_y": 240,
  "size_z": 256,
  "snr_csf": 3.161727702298108,
  "snr_gm": 9.210639320834657,
  "snr_total": 9.99101783363494,
  "snr_wm": 17.600686477772054,
  "snrd_csf": 12.133570675417916,
  "snrd_gm": 23.31542941576645,
  "snrd_total": 23.348798681268402,
  "snrd_wm": 34.597395952620836,
  "spacing_x": 1.0,
  "spacing_y": 1.0,
  "spacing_z": 1.0,
  "summary_bg_k": 4.418224865088271,
  "summary_bg_mad": 18.93611695828139,
  "summary_bg_mean": 62.854618072509766,
  "summary_bg_median": 60.9130973815918,
  "summary_bg_n": 2701475.0,
  "summary_bg_p05": 33.671928787231444,
  "summary_bg_p95": 97.86157226562497,
  "summary_bg_stdv": 20.51461410522461,
  "summary_csf_k": -0.6834214648167447,
  "summary_csf_mad": 131.15647689991275,
  "summary_csf_mean": 351.2423400878906,
  "summary_csf_median": 350.7097473144531,
  "summary_csf_n": 22538.0,
  "summary_csf_p05": 179.71746292114256,
  "summary_csf_p95": 527.4492401123047,
  "summary_csf_stdv": 110.92098999023438,
  "summary_gm_k": -0.09103185483163667,
  "summary_gm_mad": 73.50590498636093,
  "summary_gm_mean": 673.73583984375,
  "summary_gm_median": 673.9111328125,
  "summary_gm_n": 15263.0,
  "summary_gm_p05": 550.5988037109375,
  "summary_gm_p95": 793.0023681640625,
  "summary_gm_stdv": 73.16419982910156,
  "summary_wm_k": 0.19033729789860843,
  "summary_wm_mad": 55.65608553369786,
  "summary_wm_mean": 999.9474487304688,
  "summary_wm_median": 1000.0060424804688,
  "summary_wm_n": 153482.0,
  "summary_wm_p05": 906.4247009277344,
  "summary_wm_p95": 1093.4237060546875,
  "summary_wm_stdv": 56.816123962402344,
  "tpm_overlap_csf": 0.16326001286506653,
  "tpm_overlap_gm": 0.41630133986473083,
  "tpm_overlap_wm": 0.49960067868232727,
  "wm2max": 0.5349158858616593
}