{
  "bids_meta": {
    "AcquisitionNumber": 1,
    "DeviceSerialNumber": "35442  ",
    "EchoNumber": 1,
    "EchoTime": 0.00298,
    "FlipAngle": 9,
    "ImageOrientationPatientDICOM": [
      "-0.0231324826981",
      "0.98764856188837",
      "0.15496840466385",
      "0.01267656832883",
      "0.15528719578055",
      "-0.9877880296106  "
    ],
    "ImageType": [
      "ORIGINAL",
      "PRIMARY",
      "M",
      "ND",
      "NORM "
    ],
    "ImagingFrequency": 123.247147,
    "InPlanePhaseEncodingDirectionDICOM": "ROW  ",
    "IntendedFor": [
      "ses-PREBL00/anat/sub-2738676_ses-PREBL00_run-001_T2star.nii.gz",
      "ses-PREBL00/fmap/sub-2738676_ses-PREBL00_run-001_phasediff.nii.gz",
      "ses-PREBL00/func/sub-2738676_ses-PREBL00_task-retrieval_run-001_bold.nii.gz",
      "ses-PREBL00/func/sub-2738676_ses-PREBL00_task-encoding_run-001_bold.nii.gz",
      "ses-PREBL00/func/sub-2738676_ses-PREBL00_task-rest_run-002_bold.nii.gz",
      "ses-PREBL00/fmap/sub-2738676_ses-PREBL00_run-003_phasediff.nii.gz",
      "ses-PREBL00/asl/sub-2738676_ses-PREBL00_run-001_asl.nii.gz",
      "ses-PREBL00/func/sub-2738676_ses-PREBL00_task-rest_run-001_bold.nii.gz",
      "ses-PREBL00/fmap/sub-2738676_ses-PREBL00_run-002_phasediff.nii.gz"
    ],
    "InversionTime": 0.9,
    "MRAcquisitionType": "3D ",
    "MagneticFieldStrength": 3,
    "Manufacturer": "SIEMENS  ",
    "ManufacturerModelName": "TrioTim  ",
    "Modality": "MRI__ ",
    "PatientPosition": "HFS  ",
    "PercentPhaseFOV": 93.75,
    "PhaseEncodingSteps": 239,
    "PixelBandwidth": 238,
    "ProtocolName": "MPRAGE ADNI_iPAT2  ",
    "PulseSequenceType": "*tfl3d1_ns ",
    "ReceiveCoilName": "HeadMatrixix\\\\ ",
    "RepetitionTime": 2.3,
    "SAR": 0.08725104009085,
    "ScanningSequence": "GR\\\\IR  ",
    "SequenceName": "*tfl3d1_ns ",
    "SequenceVariant": "SP\\\\MP  ",
    "SeriesDescription": "MPRAGE ADNI_iPAT2  ",
    "SeriesNumber": 12,
    "SliceOrder": "interleaved ",
    "SliceThickness": 1,
    "SliceTiming": null,
    "SoftwareVersions": "syngo MR B17 ",
    "dataset": "<unset>",
    "modality": "T1w",
    "run_id": 1,
    "session_id": "PREBL00",
    "subject_id": "2738676"
  },
  "cjv": 0.43916134912034366,
  "cnr": 3.009620882778609,
  "efc": 0.6513377955264279,
  "fber": 100.89073181152344,
  "fwhm_avg": 2.900563333333333,
  "fwhm_x": 2.92954,
  "fwhm_y": 2.94716,
  "fwhm_z": 2.82499,
  "icvs_csf": 0.190185307962443,
  "icvs_gm": 0.426339172751557,
  "icvs_wm": 0.383475519286,
  "inu_med": 1.3815910816192627,
  "inu_range": 0.47499428987503056,
  "provenance": {
    "md5sum": "45900e2623920be676ed730a6182b480",
    "settings": {
      "testing": false
    },
    "software": "mriqc",
    "version": "0.16.1",
    "warnings": {
      "large_rot_frame": true,
      "small_air_mask": false
    },
    "webapi_port": null,
    "webapi_url": "https://mriqc.nimh.nih.gov/api/v1"
  },
  "qi_1": 0.0,
  "qi_2": 0.0044163069375409165,
  "rpve_csf": 23.63847897488088,
  "rpve_gm": 11.106320930615942,
  "rpve_wm": 14.408752778158501,
  "size_x": 176,
  "size_y": 240,
  "size_z": 256,
  "snr_csf": 0.8437061273647304,
  "snr_gm": 8.301175691636434,
  "snr_total": 8.191178034337778,
  "snr_wm": 15.42865228401217,
  "snrd_csf": 10.036133243598762,
  "snrd_gm": 21.3849999869463,
  "snrd_total": 20.988427266506974,
  "snrd_wm": 31.54414856897586,
  "spacing_x": 1.0,
  "spacing_y": 1.0,
  "spacing_z": 1.0,
  "summary_bg_k": 1046.1664565766225,
  "summary_bg_mad": 20.768856585026214,
  "summary_bg_mean": 68.60649871826172,
  "summary_bg_median": 66.84703063964844,
  "summary_bg_n": 2715957.0,
  "summary_bg_p05": 36.19627914428711,
  "summary_bg_p95": 106.05432586669922,
  "summary_bg_stdv": 24.106008529663086,
  "summary_csf_k": 7.428731105759525,
  "summary_csf_mad": 107.05256277393562,
  "summary_csf_mean": 431.77996826171875,
  "summary_csf_median": 318.1612548828125,
  "summary_csf_n": 19857.0,
  "summary_csf_p05": 181.48920288085938,
  "summary_csf_p95": 1547.34091796875,
  "summary_csf_stdv": 377.0901184082031,
  "summary_gm_k": 0.20626138779150027,
  "summary_gm_mad": 78.75274591857479,
  "summary_gm_mean": 679.3826904296875,
  "summary_gm_median": 677.938232421875,
  "summary_gm_n": 18354.0,
  "summary_gm_p05": 547.3685211181642,
  "summary_gm_p95": 819.2056457519529,
  "summary_gm_stdv": 81.66551208496094,
  "summary_wm_k": 0.3763722298409098,
  "summary_wm_mad": 62.6840127797384,
  "summary_wm_mean": 1000.5203247070312,
  "summary_wm_median": 999.999267578125,
  "summary_wm_n": 227585.0,
  "summary_wm_p05": 895.3224487304688,
  "summary_wm_p95": 1107.578125,
  "summary_wm_stdv": 64.81428527832031,
  "tpm_overlap_csf": 0.1518125683069229,
  "tpm_overlap_gm": 0.40041980147361755,
  "tpm_overlap_wm": 0.46154528856277466,
  "wm2max": 0.48891165560386163
}