{
  "bids_meta": {
    "AcquisitionNumber": 1,
    "DeviceSerialNumber": "35442  ",
    "EchoNumber": 1,
    "EchoTime": 0.00298,
    "FlipAngle": 9,
    "ImageOrientationPatientDICOM": [
      "0.03146857279463",
      "0.99950468088964",
      "-0.0003490071159",
      "0.01160744808586",
      "-0.0007146072983",
      "-0.9999323759562  "
    ],
    "ImageType": [
      "ORIGINAL",
      "PRIMARY",
      "M",
      "ND",
      "NORM "
    ],
    "ImagingFrequency": 123.247082,
    "InPlanePhaseEncodingDirectionDICOM": "ROW  ",
    "IntendedFor": [
      "ses-PREEN00/fmap/sub-6949554_ses-PREEN00_run-002_phasediff.nii.gz",
      "ses-PREEN00/dwi/sub-6949554_ses-PREEN00_run-001_dwi.nii.gz",
      "ses-PREEN00/anat/sub-6949554_ses-PREEN00_run-001_FLAIR.nii.gz",
      "ses-PREEN00/fmap/sub-6949554_ses-PREEN00_run-001_phasediff.nii.gz"
    ],
    "InversionTime": 0.9,
    "MRAcquisitionType": "3D ",
    "MagneticFieldStrength": 3,
    "Manufacturer": "SIEMENS  ",
    "ManufacturerModelName": "TrioTim  ",
    "Modality": "MRI__ ",
    "PatientPosition": "HFS  ",
    "PercentPhaseFOV": 93.75,
    "PhaseEncodingSteps": 239,
    "PixelBandwidth": 238,
    "ProtocolName": "MPRAGE ADNI_iPAT2  ",
    "PulseSequenceType": "*tfl3d1_ns ",
    "ReceiveCoilName": "HeadMatrixix\\\\ ",
    "RepetitionTime": 2.3,
    "SAR": 0.08137186733967,
    "ScanningSequence": "GR\\\\IR  ",
    "SequenceName": "*tfl3d1_ns ",
    "SequenceVariant": "SP\\\\MP  ",
    "SeriesDescription": "MPRAGE ADNI_iPAT2  ",
    "SeriesNumber": 4,
    "SliceOrder": "interleaved ",
    "SliceThickness": 1,
    "SliceTiming": null,
    "SoftwareVersions": "syngo MR B17 ",
    "dataset": "<unset>",
    "modality": "T1w",
    "run_id": 1,
    "session_id": "PREEN00",
    "subject_id": "6949554"
  },
  "cjv": 0.4357750183127962,
  "cnr": 3.0392596853567526,
  "efc": 0.6548472389147685,
  "fber": 74.25991821289062,
  "fwhm_avg": 3.293606666666667,
  "fwhm_x": 3.33661,
  "fwhm_y": 3.45418,
  "fwhm_z": 3.09003,
  "icvs_csf": 0.20738277714336162,
  "icvs_gm": 0.41099745355929385,
  "icvs_wm": 0.38161976929734454,
  "inu_med": 1.2595653533935547,
  "inu_range": 0.4617428958415979,
  "provenance": {
    "md5sum": "543f5422b3eac5ce57cd0902a82d2eed",
    "settings": {
      "testing": false
    },
    "software": "mriqc",
    "version": "0.16.1",
    "warnings": {
      "large_rot_frame": true,
      "small_air_mask": false
    },
    "webapi_port": null,
    "webapi_url": "https://mriqc.nimh.nih.gov/api/v1"
  },
  "qi_1": 0.0001187331777780119,
  "qi_2": 0.004056070772466556,
  "rpve_csf": 25.209729399605376,
  "rpve_gm": 12.97773747344624,
  "rpve_wm": 16.678961984282754,
  "size_x": 176,
  "size_y": 240,
  "size_z": 256,
  "snr_csf": 2.5334921502534646,
  "snr_gm": 9.298218642363686,
  "snr_total": 9.242653137958047,
  "snr_wm": 15.896248621256992,
  "snrd_csf": 9.183649772506081,
  "snrd_gm": 19.223236185936173,
  "snrd_total": 18.736162096979495,
  "snrd_wm": 27.801600332496225,
  "spacing_x": 1.0,
  "spacing_y": 1.0,
  "spacing_z": 1.0,
  "summary_bg_k": 2447.5781190944817,
  "summary_bg_mad": 23.565289916071134,
  "summary_bg_mean": 79.52761840820312,
  "summary_bg_median": 77.60167694091797,
  "summary_bg_n": 2260011.0,
  "summary_bg_p05": 43.28498649597168,
  "summary_bg_p95": 121.51370239257812,
  "summary_bg_stdv": 28.640377044677734,
  "summary_csf_k": -0.0696766914882887,
  "summary_csf_mad": 137.72770809666616,
  "summary_csf_mean": 354.669189453125,
  "summary_csf_median": 330.33636474609375,
  "summary_csf_n": 18322.0,
  "summary_csf_p05": 176.84131927490233,
  "summary_csf_p95": 581.8173980712891,
  "summary_csf_stdv": 130.3842010498047,
  "summary_gm_k": 0.00047465110197864036,
  "summary_gm_mad": 73.20524911044632,
  "summary_gm_mean": 692.4497680664062,
  "summary_gm_median": 691.4608154296875,
  "summary_gm_n": 12588.0,
  "summary_gm_p05": 570.61767578125,
  "summary_gm_p95": 816.6807220458984,
  "summary_gm_stdv": 74.3619155883789,
  "summary_wm_k": 0.2175288901285226,
  "summary_wm_mad": 61.25932471039318,
  "summary_wm_mean": 1000.240966796875,
  "summary_wm_median": 1000.0250244140625,
  "summary_wm_n": 198679.0,
  "summary_wm_p05": 897.1235168457031,
  "summary_wm_p95": 1104.0503173828126,
  "summary_wm_stdv": 62.909339904785156,
  "tpm_overlap_csf": 0.1672893613576889,
  "tpm_overlap_gm": 0.4395366311073303,
  "tpm_overlap_wm": 0.49926790595054626,
  "wm2max": 0.45536955521184924
}