{
  "bids_meta": {
    "AcquisitionNumber": 1,
    "DeviceSerialNumber": "35442  ",
    "EchoNumber": 1,
    "EchoTime": 0.00298,
    "FlipAngle": 9,
    "ImageOrientationPatientDICOM": [
      "-0.015631772345",
      "0.99987172326663",
      "-0.0034906597046",
      "-0.0007433042447",
      "-0.0035027058053",
      "-0.9999935892549 "
    ],
    "ImageType": [
      "ORIGINAL",
      "PRIMARY",
      "M",
      "ND",
      "NORM "
    ],
    "ImagingFrequency": 123.251434,
    "InPlanePhaseEncodingDirectionDICOM": "ROW  ",
    "IntendedFor": [
      "ses-NAPFU24/dwi/sub-4135058_ses-NAPFU24_run-001_dwi.nii.gz",
      "ses-NAPFU24/anat/sub-4135058_ses-NAPFU24_run-001_FLAIR.nii.gz",
      "ses-NAPFU24/fmap/sub-4135058_ses-NAPFU24_run-004_phasediff.nii.gz",
      "ses-NAPFU24/fmap/sub-4135058_ses-NAPFU24_run-005_phasediff.nii.gz"
    ],
    "InversionTime": 0.9,
    "MRAcquisitionType": "3D ",
    "MagneticFieldStrength": 3,
    "Manufacturer": "SIEMENS  ",
    "ManufacturerModelName": "TrioTim  ",
    "Modality": "MRI__ ",
    "PatientPosition": "HFS  ",
    "PercentPhaseFOV": 93.75,
    "PhaseEncodingSteps": 239,
    "PixelBandwidth": 238,
    "ProtocolName": "MPRAGE ADNI_iPAT2  ",
    "PulseSequenceType": "*tfl3d1_ns ",
    "ReceiveCoilName": "HeadMatrixix\\\\ ",
    "RepetitionTime": 2.3,
    "SAR": 0.0794803961003,
    "ScanningSequence": "GR\\\\IR  ",
    "SequenceName": "*tfl3d1_ns ",
    "SequenceVariant": "SP\\\\MP  ",
    "SeriesDescription": "MPRAGE ADNI_iPAT2  ",
    "SeriesNumber": 20,
    "SliceOrder": "interleaved ",
    "SliceThickness": 1,
    "SliceTiming": null,
    "SoftwareVersions": "syngo MR B17 ",
    "dataset": "<unset>",
    "modality": "T1w",
    "run_id": 2,
    "session_id": "NAPFU24",
    "subject_id": "4135058"
  },
  "cjv": 0.5009857359279166,
  "cnr": 2.7040689188884275,
  "efc": 0.6455240912865812,
  "fber": 88.58370971679688,
  "fwhm_avg": 3.185976666666667,
  "fwhm_x": 3.22935,
  "fwhm_y": 3.28355,
  "fwhm_z": 3.04503,
  "icvs_csf": 0.20017850091619135,
  "icvs_gm": 0.3977056499464253,
  "icvs_wm": 0.40211584913738335,
  "inu_med": 1.3953748941421509,
  "inu_range": 0.5501654148101807,
  "provenance": {
    "md5sum": "014e6384131a291f13b6622dcb2286cd",
    "settings": {
      "testing": false
    },
    "software": "mriqc",
    "version": "0.16.1",
    "warnings": {
      "large_rot_frame": false,
      "small_air_mask": false
    },
    "webapi_port": null,
    "webapi_url": "https://mriqc.nimh.nih.gov/api/v1"
  },
  "qi_1": 0.0,
  "qi_2": 0.00466922132213798,
  "rpve_csf": 25.46818766524424,
  "rpve_gm": 13.052034331020424,
  "rpve_wm": 15.84973909653871,
  "size_x": 176,
  "size_y": 240,
  "size_z": 256,
  "snr_csf": 2.6715685388937667,
  "snr_gm": 8.884211598450676,
  "snr_total": 9.239277469275061,
  "snr_wm": 16.16205227048074,
  "snrd_csf": 10.277150781695958,
  "snrd_gm": 20.932817889773702,
  "snrd_total": 20.122194879042336,
  "snrd_wm": 29.15661596565734,
  "spacing_x": 1.0,
  "spacing_y": 1.0,
  "spacing_z": 1.0,
  "summary_bg_k": 0.4197594143013932,
  "summary_bg_mad": 22.46988111218159,
  "summary_bg_mean": 75.86587524414062,
  "summary_bg_median": 74.17767333984375,
  "summary_bg_n": 2699110.0,
  "summary_bg_p05": 41.46569385528565,
  "summary_bg_p95": 115.99884185791015,
  "summary_bg_stdv": 22.84983253479004,
  "summary_csf_k": -0.7017429190065756,
  "summary_csf_mad": 158.56387291305543,
  "summary_csf_mean": 365.660400390625,
  "summary_csf_median": 352.4859313964844,
  "summary_csf_n": 11823.0,
  "summary_csf_p05": 177.0186996459961,
  "summary_csf_p95": 586.5234619140625,
  "summary_csf_stdv": 131.93411254882812,
  "summary_gm_k": -0.04672891647354005,
  "summary_gm_mad": 80.54279082734972,
  "summary_gm_mean": 719.4652099609375,
  "summary_gm_median": 717.9542236328125,
  "summary_gm_n": 9468.0,
  "summary_gm_p05": 589.2479919433594,
  "summary_gm_p95": 856.1701751708983,
  "summary_gm_stdv": 80.80810546875,
  "summary_wm_k": 0.1672541583721392,
  "summary_wm_mad": 60.76524462536873,
  "summary_wm_mean": 999.839111328125,
  "summary_wm_median": 1000.0142211914062,
  "summary_wm_n": 225359.0,
  "summary_wm_p05": 897.933154296875,
  "summary_wm_p95": 1101.3920288085935,
  "summary_wm_stdv": 61.87407302856445,
  "tpm_overlap_csf": 0.1695198118686676,
  "tpm_overlap_gm": 0.41480618715286255,
  "tpm_overlap_wm": 0.5007134079933167,
  "wm2max": 0.47252899493035977
}