{
  "bids_meta": {
    "AcquisitionNumber": 1,
    "DeviceSerialNumber": "35442  ",
    "EchoNumber": 1,
    "EchoTime": 0.00298,
    "FlipAngle": 9,
    "ImageOrientationPatientDICOM": [
      "0.03007268622227",
      "0.99939624505986",
      "0.01740054319916",
      "0.04311893932332",
      "0.0160951188553",
      "-0.9989402906183 "
    ],
    "ImageType": [
      "ORIGINAL",
      "PRIMARY",
      "M",
      "ND",
      "NORM "
    ],
    "ImagingFrequency": 123.251173,
    "InPlanePhaseEncodingDirectionDICOM": "ROW  ",
    "IntendedFor": [
      "ses-NAPFU24/func/sub-5181071_ses-NAPFU24_task-rest_run-002_bold.nii.gz",
      "ses-NAPFU24/fmap/sub-5181071_ses-NAPFU24_run-002_phasediff.nii.gz",
      "ses-NAPFU24/fmap/sub-5181071_ses-NAPFU24_run-001_phasediff.nii.gz",
      "ses-NAPFU24/func/sub-5181071_ses-NAPFU24_task-retrieval_run-001_bold.nii.gz",
      "ses-NAPFU24/fmap/sub-5181071_ses-NAPFU24_run-003_phasediff.nii.gz",
      "ses-NAPFU24/anat/sub-5181071_ses-NAPFU24_run-001_FLAIR.nii.gz",
      "ses-NAPFU24/func/sub-5181071_ses-NAPFU24_task-rest_run-001_bold.nii.gz",
      "ses-NAPFU24/fmap/sub-5181071_ses-NAPFU24_run-005_phasediff.nii.gz",
      "ses-NAPFU24/func/sub-5181071_ses-NAPFU24_task-encoding_run-001_bold.nii.gz",
      "ses-NAPFU24/anat/sub-5181071_ses-NAPFU24_run-001_T1w.nii.gz",
      "ses-NAPFU24/fmap/sub-5181071_ses-NAPFU24_run-004_phasediff.nii.gz",
      "ses-NAPFU24/asl/sub-5181071_ses-NAPFU24_run-001_asl.nii.gz",
      "ses-NAPFU24/dwi/sub-5181071_ses-NAPFU24_run-001_dwi.nii.gz",
      "ses-NAPFU24/anat/sub-5181071_ses-NAPFU24_run-001_T2star.nii.gz"
    ],
    "InversionTime": 0.9,
    "MRAcquisitionType": "3D ",
    "MagneticFieldStrength": 3,
    "Manufacturer": "SIEMENS  ",
    "ManufacturerModelName": "TrioTim  ",
    "Modality": "MRI__ ",
    "PatientPosition": "HFS  ",
    "PercentPhaseFOV": 93.75,
    "PhaseEncodingSteps": 239,
    "PixelBandwidth": 238,
    "ProtocolName": "MPRAGE ADNI_iPAT2  ",
    "PulseSequenceType": "*tfl3d1_ns ",
    "ReceiveCoilName": "HeadMatrixix\\\\ ",
    "RepetitionTime": 2.3,
    "SAR": 0.10616265492287,
    "ScanningSequence": "GR\\\\IR  ",
    "SequenceName": "*tfl3d1_ns ",
    "SequenceVariant": "SP\\\\MP  ",
    "SeriesDescription": "MPRAGE ADNI_iPAT2  ",
    "SeriesNumber": 17,
    "SliceOrder": "interleaved ",
    "SliceThickness": 1,
    "SliceTiming": null,
    "SoftwareVersions": "syngo MR B17 ",
    "dataset": "<unset>",
    "modality": "T1w",
    "run_id": 2,
    "session_id": "NAPFU24",
    "subject_id": "5181071"
  },
  "cjv": 0.47482727014763537,
  "cnr": 2.8443426388236297,
  "efc": 0.5928826428667863,
  "fber": 189.6122283935547,
  "fwhm_avg": 3.276096666666667,
  "fwhm_x": 3.40056,
  "fwhm_y": 3.34788,
  "fwhm_z": 3.07985,
  "icvs_csf": 0.19818911450593174,
  "icvs_gm": 0.41680215062088316,
  "icvs_wm": 0.3850087348731851,
  "inu_med": 1.538400411605835,
  "inu_range": 0.324985146522522,
  "provenance": {
    "md5sum": "515d4070a665cc2fed53df380e2c24bd",
    "settings": {
      "testing": false
    },
    "software": "mriqc",
    "version": "0.16.1",
    "warnings": {
      "large_rot_frame": true,
      "small_air_mask": false
    },
    "webapi_port": null,
    "webapi_url": "https://mriqc.nimh.nih.gov/api/v1"
  },
  "qi_1": 0.0,
  "qi_2": 0.004909812120143671,
  "rpve_csf": 30.658959471604444,
  "rpve_gm": 15.422736977035237,
  "rpve_wm": 19.922382273418837,
  "size_x": 176,
  "size_y": 240,
  "size_z": 256,
  "snr_csf": 3.3217902862883304,
  "snr_gm": 9.594727865959516,
  "snr_total": 9.914526179312704,
  "snr_wm": 16.827060385690267,
  "snrd_csf": 14.636832277180936,
  "snrd_gm": 29.43844810225581,
  "snrd_total": 28.317275625534815,
  "snrd_wm": 40.8765464971677,
  "spacing_x": 1.0,
  "spacing_y": 1.0,
  "spacing_z": 1.0,
  "summary_bg_k": 1709.7324133453847,
  "summary_bg_mad": 16.027197834985422,
  "summary_bg_mean": 45.65890884399414,
  "summary_bg_median": 43.35969924926758,
  "summary_bg_n": 2999223.0,
  "summary_bg_p05": 21.684795379638672,
  "summary_bg_p95": 75.93999404907225,
  "summary_bg_stdv": 22.6497802734375,
  "summary_csf_k": -0.30955687826728395,
  "summary_csf_mad": 121.7359487439697,
  "summary_csf_mean": 362.6844177246094,
  "summary_csf_median": 358.07415771484375,
  "summary_csf_n": 9113.0,
  "summary_csf_p05": 201.14017639160156,
  "summary_csf_p95": 541.76767578125,
  "summary_csf_stdv": 107.78961944580078,
  "summary_gm_k": -0.11876528530177444,
  "summary_gm_mad": 75.8107976320858,
  "summary_gm_mean": 719.9497680664062,
  "summary_gm_median": 720.1795654296875,
  "summary_gm_n": 12187.0,
  "summary_gm_p05": 593.2836853027343,
  "summary_gm_p95": 842.1105041503905,
  "summary_gm_stdv": 75.05684661865234,
  "summary_wm_k": 0.3161323802703446,
  "summary_wm_mad": 57.05566238993058,
  "summary_wm_mean": 1001.1903076171875,
  "summary_wm_median": 1000.0001831054688,
  "summary_wm_n": 184767.0,
  "summary_wm_p05": 905.7598327636719,
  "summary_wm_p95": 1100.9306518554686,
  "summary_wm_stdv": 59.42793655395508,
  "tpm_overlap_csf": 0.17021521925926208,
  "tpm_overlap_gm": 0.4307597279548645,
  "tpm_overlap_wm": 0.505441427230835,
  "wm2max": 0.44207130673908773
}