{
  "bids_meta": {
    "AcquisitionNumber": 1,
    "DeviceSerialNumber": "35442  ",
    "EchoNumber": 1,
    "EchoTime": 0.00298,
    "FlipAngle": 9,
    "ImageOrientationPatientDICOM": [
      "-0.0211125930561",
      "0.99030935114739",
      "-0.137264880594",
      "0.05450960627547",
      "-0.135951072491",
      "-0.9892148445673  "
    ],
    "ImageType": [
      "ORIGINAL",
      "PRIMARY",
      "M",
      "ND",
      "NORM "
    ],
    "ImagingFrequency": 123.247134,
    "InPlanePhaseEncodingDirectionDICOM": "ROW  ",
    "IntendedFor": [
      "ses-PREFU24/asl/sub-7395962_ses-PREFU24_run-001_asl.nii.gz",
      "ses-PREFU24/anat/sub-7395962_ses-PREFU24_run-001_T2star.nii.gz",
      "ses-PREFU24/func/sub-7395962_ses-PREFU24_task-retrieval_run-001_bold.nii.gz",
      "ses-PREFU24/fmap/sub-7395962_ses-PREFU24_run-001_phasediff.nii.gz",
      "ses-PREFU24/fmap/sub-7395962_ses-PREFU24_run-003_phasediff.nii.gz",
      "ses-PREFU24/func/sub-7395962_ses-PREFU24_task-rest_run-001_bold.nii.gz",
      "ses-PREFU24/func/sub-7395962_ses-PREFU24_task-encoding_run-001_bold.nii.gz",
      "ses-PREFU24/func/sub-7395962_ses-PREFU24_task-rest_run-002_bold.nii.gz",
      "ses-PREFU24/fmap/sub-7395962_ses-PREFU24_run-002_phasediff.nii.gz"
    ],
    "InversionTime": 0.9,
    "MRAcquisitionType": "3D ",
    "MagneticFieldStrength": 3,
    "Manufacturer": "SIEMENS  ",
    "ManufacturerModelName": "TrioTim  ",
    "Modality": "MRI__ ",
    "PatientPosition": "HFS  ",
    "PercentPhaseFOV": 93.75,
    "PhaseEncodingSteps": 239,
    "PixelBandwidth": 238,
    "ProtocolName": "MPRAGE ADNI_iPAT2  ",
    "PulseSequenceType": "*tfl3d1_ns ",
    "ReceiveCoilName": "HeadMatrixix\\\\ ",
    "RepetitionTime": 2.3,
    "SAR": 0.08962012888716,
    "ScanningSequence": "GR\\\\IR  ",
    "SequenceName": "*tfl3d1_ns ",
    "SequenceVariant": "SP\\\\MP  ",
    "SeriesDescription": "MPRAGE ADNI_iPAT2  ",
    "SeriesNumber": 12,
    "SliceOrder": "interleaved ",
    "SliceThickness": 1,
    "SliceTiming": null,
    "SoftwareVersions": "syngo MR B17 ",
    "dataset": "<unset>",
    "modality": "T1w",
    "run_id": 1,
    "session_id": "PREFU24",
    "subject_id": "7395962"
  },
  "cjv": 0.4904698154351297,
  "cnr": 2.864257993930033,
  "efc": 0.6363641797557933,
  "fber": 156.91261291503906,
  "fwhm_avg": 3.0230666666666663,
  "fwhm_x": 3.12776,
  "fwhm_y": 3.05915,
  "fwhm_z": 2.88229,
  "icvs_csf": 0.20349608794032964,
  "icvs_gm": 0.4121258532955895,
  "icvs_wm": 0.3843780587640809,
  "inu_med": 1.1920009851455688,
  "inu_range": 0.3048252940177918,
  "provenance": {
    "md5sum": "4133344ed437c938e83867e726984b7a",
    "settings": {
      "testing": false
    },
    "software": "mriqc",
    "version": "0.16.1",
    "warnings": {
      "large_rot_frame": true,
      "small_air_mask": false
    },
    "webapi_port": null,
    "webapi_url": "https://mriqc.nimh.nih.gov/api/v1"
  },
  "qi_1": 0.0,
  "qi_2": 0.004815988547116775,
  "rpve_csf": 26.936348975850283,
  "rpve_gm": 13.413477192037783,
  "rpve_wm": 17.036036350648835,
  "size_x": 176,
  "size_y": 240,
  "size_z": 256,
  "snr_csf": 2.7708436492873987,
  "snr_gm": 7.2799354312678,
  "snr_total": 7.838019158316999,
  "snr_wm": 13.463278394395793,
  "snrd_csf": 13.21702903127434,
  "snrd_gm": 28.39636736805541,
  "snrd_total": 28.2250225678513,
  "snrd_wm": 43.061671304224156,
  "spacing_x": 1.0,
  "spacing_y": 1.0,
  "spacing_z": 1.0,
  "summary_bg_k": 1538.068786687028,
  "summary_bg_mad": 15.213243878065223,
  "summary_bg_mean": 49.25865936279297,
  "summary_bg_median": 47.915367126464844,
  "summary_bg_n": 2747077.0,
  "summary_bg_p05": 25.630051803588866,
  "summary_bg_p95": 77.13258666992186,
  "summary_bg_stdv": 20.41576385498047,
  "summary_csf_k": 15.190295862308986,
  "summary_csf_mad": 97.29210570967857,
  "summary_csf_mean": 321.49713134765625,
  "summary_csf_median": 306.91912841796875,
  "summary_csf_n": 19165.0,
  "summary_csf_p05": 175.5717987060547,
  "summary_csf_p95": 512.2001831054687,
  "summary_csf_stdv": 110.7645034790039,
  "summary_gm_k": -0.25488283250104526,
  "summary_gm_mad": 94.52444281581909,
  "summary_gm_mean": 660.3623046875,
  "summary_gm_median": 659.406005859375,
  "summary_gm_n": 6178.0,
  "summary_gm_p05": 513.3929565429688,
  "summary_gm_p95": 810.2710388183593,
  "summary_gm_stdv": 90.57122039794922,
  "summary_wm_k": 0.1443404944680169,
  "summary_wm_mad": 72.50516658704126,
  "summary_wm_mean": 1000.6398315429688,
  "summary_wm_median": 999.9562377929688,
  "summary_wm_n": 175355.0,
  "summary_wm_p05": 879.1749267578125,
  "summary_wm_p95": 1124.278515625,
  "summary_wm_stdv": 74.27265167236328,
  "tpm_overlap_csf": 0.15479353070259094,
  "tpm_overlap_gm": 0.40033474564552307,
  "tpm_overlap_wm": 0.4920278489589691,
  "wm2max": 0.5533548652582584
}