{
  "bids_meta": {
    "AcquisitionNumber": 1,
    "DeviceSerialNumber": "35442  ",
    "EchoNumber": 1,
    "EchoTime": 0.00298,
    "FlipAngle": 9,
    "ImageOrientationPatientDICOM": [
      "-0.006641411285",
      "0.99996431856459",
      "-0.0052204649028",
      "0.07693844160457",
      "-0.0046941206071",
      "-0.9970247947946 "
    ],
    "ImageType": [
      "ORIGINAL",
      "PRIMARY",
      "M",
      "ND",
      "NORM "
    ],
    "ImagingFrequency": 123.247199,
    "InPlanePhaseEncodingDirectionDICOM": "ROW  ",
    "IntendedFor": [
      "ses-NAPFU24/dwi/sub-2757160_ses-NAPFU24_run-001_dwi.nii.gz",
      "ses-NAPFU24/fmap/sub-2757160_ses-NAPFU24_run-004_phasediff.nii.gz",
      "ses-NAPFU24/anat/sub-2757160_ses-NAPFU24_run-001_FLAIR.nii.gz",
      "ses-NAPFU24/fmap/sub-2757160_ses-NAPFU24_run-005_phasediff.nii.gz"
    ],
    "InversionTime": 0.9,
    "MRAcquisitionType": "3D ",
    "MagneticFieldStrength": 3,
    "Manufacturer": "SIEMENS  ",
    "ManufacturerModelName": "TrioTim  ",
    "Modality": "MRI__ ",
    "PatientPosition": "HFS  ",
    "PercentPhaseFOV": 93.75,
    "PhaseEncodingSteps": 239,
    "PixelBandwidth": 238,
    "ProtocolName": "MPRAGE ADNI_iPAT2  ",
    "PulseSequenceType": "*tfl3d1_ns ",
    "ReceiveCoilName": "HeadMatrixix\\\\ ",
    "RepetitionTime": 2.3,
    "SAR": 0.07924922242881,
    "ScanningSequence": "GR\\\\IR  ",
    "SequenceName": "*tfl3d1_ns ",
    "SequenceVariant": "SP\\\\MP  ",
    "SeriesDescription": "MPRAGE ADNI_iPAT2  ",
    "SeriesNumber": 20,
    "SliceOrder": "interleaved ",
    "SliceThickness": 1,
    "SliceTiming": null,
    "SoftwareVersions": "syngo MR B17 ",
    "dataset": "<unset>",
    "modality": "T1w",
    "run_id": 2,
    "session_id": "NAPFU24",
    "subject_id": "2757160"
  },
  "cjv": 0.42059351017052293,
  "cnr": 3.1925110105538494,
  "efc": 0.5818364986520848,
  "fber": 114.73839569091797,
  "fwhm_avg": 3.31273,
  "fwhm_x": 3.36476,
  "fwhm_y": 3.44084,
  "fwhm_z": 3.13259,
  "icvs_csf": 0.2021954658014537,
  "icvs_gm": 0.426166218963059,
  "icvs_wm": 0.3716383152354873,
  "inu_med": 1.3994261026382446,
  "inu_range": 0.43641445636749276,
  "provenance": {
    "md5sum": "a3e772a180895d8374ad721df3e414e5",
    "settings": {
      "testing": false
    },
    "software": "mriqc",
    "version": "0.16.1",
    "warnings": {
      "large_rot_frame": false,
      "small_air_mask": false
    },
    "webapi_port": null,
    "webapi_url": "https://mriqc.nimh.nih.gov/api/v1"
  },
  "qi_1": 0.0,
  "qi_2": 0.0039858177846149425,
  "rpve_csf": 33.00551276381416,
  "rpve_gm": 16.607605320026536,
  "rpve_wm": 22.720395876462884,
  "size_x": 176,
  "size_y": 240,
  "size_z": 256,
  "snr_csf": 2.739401768475027,
  "snr_gm": 9.980094434454232,
  "snr_total": 10.328706509126519,
  "snr_wm": 18.2666233244503,
  "snrd_csf": 11.561737059402041,
  "snrd_gm": 24.025384633585077,
  "snrd_total": 23.18444152015501,
  "snrd_wm": 33.96620286747792,
  "spacing_x": 1.0,
  "spacing_y": 1.0,
  "spacing_z": 1.0,
  "summary_bg_k": 2.597392620645297,
  "summary_bg_mad": 19.28788037412643,
  "summary_bg_mean": 64.139404296875,
  "summary_bg_median": 62.690608978271484,
  "summary_bg_n": 3295954.0,
  "summary_bg_p05": 34.72412948608399,
  "summary_bg_p95": 98.54242324829099,
  "summary_bg_stdv": 19.601816177368164,
  "summary_csf_k": 11.686771968247088,
  "summary_csf_mad": 128.7671675949723,
  "summary_csf_mean": 358.1078186035156,
  "summary_csf_median": 340.3892822265625,
  "summary_csf_n": 7614.0,
  "summary_csf_p05": 190.2834617614746,
  "summary_csf_p95": 563.5188568115234,
  "summary_csf_stdv": 124.2486343383789,
  "summary_gm_k": 0.030300342493336796,
  "summary_gm_mad": 69.97956673850052,
  "summary_gm_mean": 707.4826049804688,
  "summary_gm_median": 707.3317260742188,
  "summary_gm_n": 13745.0,
  "summary_gm_p05": 590.39150390625,
  "summary_gm_p95": 825.7609008789062,
  "summary_gm_stdv": 70.87167358398438,
  "summary_wm_k": 0.26172109714504055,
  "summary_wm_mad": 53.114604539567054,
  "summary_wm_mean": 999.9993896484375,
  "summary_wm_median": 999.99951171875,
  "summary_wm_n": 156162.0,
  "summary_wm_p05": 910.2527038574219,
  "summary_wm_p95": 1089.8338806152344,
  "summary_wm_stdv": 54.74445343017578,
  "tpm_overlap_csf": 0.1732790768146515,
  "tpm_overlap_gm": 0.440803587436676,
  "tpm_overlap_wm": 0.5031120181083679,
  "wm2max": 0.486667278876817
}