{
  "bids_meta": {
    "AcquisitionNumber": 1,
    "DeviceSerialNumber": "35442  ",
    "EchoNumber": 1,
    "EchoTime": 0.00298,
    "FlipAngle": 9,
    "ImageOrientationPatientDICOM": [
      "8.63290865e-005",
      "0.9969189065964",
      "0.07843906053705",
      "0.02265276556012",
      "0.07841698326423",
      "-0.9966632475155  "
    ],
    "ImageType": [
      "ORIGINAL",
      "PRIMARY",
      "M",
      "ND",
      "NORM "
    ],
    "ImagingFrequency": 123.247104,
    "InPlanePhaseEncodingDirectionDICOM": "ROW  ",
    "IntendedFor": [
      "ses-NAPEN00/fmap/sub-9142946_ses-NAPEN00_run-002_phasediff.nii.gz",
      "ses-NAPEN00/anat/sub-9142946_ses-NAPEN00_run-001_FLAIR.nii.gz",
      "ses-NAPEN00/dwi/sub-9142946_ses-NAPEN00_run-001_dwi.nii.gz",
      "ses-NAPEN00/fmap/sub-9142946_ses-NAPEN00_run-001_phasediff.nii.gz"
    ],
    "InversionTime": 0.9,
    "MRAcquisitionType": "3D ",
    "MagneticFieldStrength": 3,
    "Manufacturer": "SIEMENS  ",
    "ManufacturerModelName": "TrioTim  ",
    "Modality": "MRI__ ",
    "PatientPosition": "HFS  ",
    "PercentPhaseFOV": 93.75,
    "PhaseEncodingSteps": 239,
    "PixelBandwidth": 238,
    "ProtocolName": "MPRAGE ADNI_iPAT2  ",
    "PulseSequenceType": "*tfl3d1_ns ",
    "ReceiveCoilName": "HeadMatrixix\\\\ ",
    "RepetitionTime": 2.3,
    "SAR": 0.11586077430656,
    "ScanningSequence": "GR\\\\IR  ",
    "SequenceName": "*tfl3d1_ns ",
    "SequenceVariant": "SP\\\\MP  ",
    "SeriesDescription": "MPRAGE ADNI_iPAT2  ",
    "SeriesNumber": 4,
    "SliceOrder": "interleaved ",
    "SliceThickness": 1,
    "SliceTiming": null,
    "SoftwareVersions": "syngo MR B17 ",
    "dataset": "<unset>",
    "modality": "T1w",
    "run_id": 1,
    "session_id": "NAPEN00",
    "subject_id": "9142946"
  },
  "cjv": 0.5112771863726855,
  "cnr": 2.5247895991378284,
  "efc": 0.6590563413859181,
  "fber": 155.5662841796875,
  "fwhm_avg": 3.041453333333333,
  "fwhm_x": 3.13048,
  "fwhm_y": 3.12999,
  "fwhm_z": 2.86389,
  "icvs_csf": 0.20916454949845517,
  "icvs_gm": 0.38701145221721334,
  "icvs_wm": 0.40382399828433146,
  "inu_med": 1.207853078842163,
  "inu_range": 0.23929080963134752,
  "provenance": {
    "md5sum": "768684f1677488c7d9f5fc7d123308b8",
    "settings": {
      "testing": false
    },
    "software": "mriqc",
    "version": "0.16.1",
    "warnings": {
      "large_rot_frame": true,
      "small_air_mask": false
    },
    "webapi_port": null,
    "webapi_url": "https://mriqc.nimh.nih.gov/api/v1"
  },
  "qi_1": 1.982112305787768e-05,
  "qi_2": 0.0035481024712196514,
  "rpve_csf": 25.798802277211305,
  "rpve_gm": 13.896652396970273,
  "rpve_wm": 16.545560814234474,
  "size_x": 176,
  "size_y": 240,
  "size_z": 256,
  "snr_csf": 3.362564544359754,
  "snr_gm": 8.347208940630287,
  "snr_total": 8.886264105013515,
  "snr_wm": 14.949018830050504,
  "snrd_csf": 13.275011821665128,
  "snrd_gm": 26.263563239159804,
  "snrd_total": 25.58659194185522,
  "snrd_wm": 37.22120076474073,
  "spacing_x": 1.0,
  "spacing_y": 1.0,
  "spacing_z": 1.0,
  "summary_bg_k": 434.95511166001285,
  "summary_bg_mad": 17.600893241328095,
  "summary_bg_mean": 52.36309814453125,
  "summary_bg_median": 48.0533447265625,
  "summary_bg_n": 2655152.0,
  "summary_bg_p05": 22.31357126235962,
  "summary_bg_p95": 86.29331817626952,
  "summary_bg_stdv": 44.45850372314453,
  "summary_csf_k": 0.38510044817188716,
  "summary_csf_mad": 108.39922510091594,
  "summary_csf_mean": 359.3629150390625,
  "summary_csf_median": 356.6464538574219,
  "summary_csf_n": 18659.0,
  "summary_csf_p05": 196.0462387084961,
  "summary_csf_p95": 537.2378906249999,
  "summary_csf_stdv": 106.06098175048828,
  "summary_gm_k": -0.005290464071852963,
  "summary_gm_mad": 84.79708278289863,
  "summary_gm_mean": 702.8607788085938,
  "summary_gm_median": 705.5968627929688,
  "summary_gm_n": 5258.0,
  "summary_gm_p05": 559.5806213378906,
  "summary_gm_p95": 838.8062774658204,
  "summary_gm_stdv": 84.52283477783203,
  "summary_wm_k": 0.15885414147635135,
  "summary_wm_mad": 65.71672339686467,
  "summary_wm_mean": 1002.0786743164062,
  "summary_wm_median": 999.9847412109375,
  "summary_wm_n": 213726.0,
  "summary_wm_p05": 895.1752166748047,
  "summary_wm_p95": 1114.9423217773438,
  "summary_wm_stdv": 66.8928451538086,
  "tpm_overlap_csf": 0.16629400849342346,
  "tpm_overlap_gm": 0.40229523181915283,
  "tpm_overlap_wm": 0.4903665781021118,
  "wm2max": 0.5287569728698411
}