{
  "bids_meta": {
    "AcquisitionNumber": 1,
    "DeviceSerialNumber": "35442  ",
    "EchoNumber": 1,
    "EchoTime": 0.00298,
    "FlipAngle": 9,
    "ImageOrientationPatientDICOM": [
      "-0.0499896576441",
      "0.9987496744973",
      "-0.000349027451",
      "-0.0060328797723",
      "-0.0006514171032",
      "-0.9999815898392  "
    ],
    "ImageType": [
      "ORIGINAL",
      "PRIMARY",
      "M",
      "ND",
      "NORM "
    ],
    "ImagingFrequency": 123.247379,
    "InPlanePhaseEncodingDirectionDICOM": "ROW  ",
    "IntendedFor": [
      "ses-NAPEN00/anat/sub-6360867_ses-NAPEN00_run-001_FLAIR.nii.gz",
      "ses-NAPEN00/fmap/sub-6360867_ses-NAPEN00_run-002_phasediff.nii.gz",
      "ses-NAPEN00/dwi/sub-6360867_ses-NAPEN00_run-001_dwi.nii.gz",
      "ses-NAPEN00/fmap/sub-6360867_ses-NAPEN00_run-001_phasediff.nii.gz"
    ],
    "InversionTime": 0.9,
    "MRAcquisitionType": "3D ",
    "MagneticFieldStrength": 3,
    "Manufacturer": "SIEMENS  ",
    "ManufacturerModelName": "TrioTim  ",
    "Modality": "MRI__ ",
    "PatientPosition": "HFS  ",
    "PercentPhaseFOV": 93.75,
    "PhaseEncodingSteps": 239,
    "PixelBandwidth": 238,
    "ProtocolName": "MPRAGE ADNI_iPAT2  ",
    "PulseSequenceType": "*tfl3d1_ns ",
    "ReceiveCoilName": "HeadMatrixix\\\\ ",
    "RepetitionTime": 2.3,
    "SAR": 0.07981207337688,
    "ScanningSequence": "GR\\\\IR  ",
    "SequenceName": "*tfl3d1_ns ",
    "SequenceVariant": "SP\\\\MP  ",
    "SeriesDescription": "MPRAGE ADNI_iPAT2  ",
    "SeriesNumber": 4,
    "SliceOrder": "interleaved ",
    "SliceThickness": 1,
    "SliceTiming": null,
    "SoftwareVersions": "syngo MR B17 ",
    "dataset": "<unset>",
    "modality": "T1w",
    "run_id": 1,
    "session_id": "NAPEN00",
    "subject_id": "6360867"
  },
  "cjv": 0.4161134483277077,
  "cnr": 3.2493675757885034,
  "efc": 0.5954862122886273,
  "fber": 163.31924438476562,
  "fwhm_avg": 3.16459,
  "fwhm_x": 3.20727,
  "fwhm_y": 3.33979,
  "fwhm_z": 2.94671,
  "icvs_csf": 0.20773537241306933,
  "icvs_gm": 0.4117920001073008,
  "icvs_wm": 0.3804726274796298,
  "inu_med": 1.4943418502807617,
  "inu_range": 0.3131399929523466,
  "provenance": {
    "md5sum": "00628ce22acfbf12535286f6fdaa439d",
    "settings": {
      "testing": false
    },
    "software": "mriqc",
    "version": "0.16.1",
    "warnings": {
      "large_rot_frame": true,
      "small_air_mask": false
    },
    "webapi_port": null,
    "webapi_url": "https://mriqc.nimh.nih.gov/api/v1"
  },
  "qi_1": 5.668582364076606e-05,
  "qi_2": 0.005032268885636177,
  "rpve_csf": 29.827846385834928,
  "rpve_gm": 15.690756416075109,
  "rpve_wm": 20.773424822662154,
  "size_x": 176,
  "size_y": 240,
  "size_z": 256,
  "snr_csf": 3.2937685438830426,
  "snr_gm": 9.056623821398746,
  "snr_total": 9.881703125605265,
  "snr_wm": 17.294717011534004,
  "snrd_csf": 13.013099239444335,
  "snrd_gm": 27.06353591871296,
  "snrd_total": 26.534205218751875,
  "snrd_wm": 39.52598049809833,
  "spacing_x": 1.0,
  "spacing_y": 1.0,
  "spacing_z": 1.0,
  "summary_bg_k": 1357.417975486057,
  "summary_bg_mad": 16.574752361446528,
  "summary_bg_mean": 48.45027542114258,
  "summary_bg_median": 46.57789993286133,
  "summary_bg_n": 3306077.0,
  "summary_bg_p05": 23.421844482421875,
  "summary_bg_p95": 77.76039428710936,
  "summary_bg_stdv": 18.89520263671875,
  "summary_csf_k": 4.892502073011246,
  "summary_csf_mad": 100.98096553862027,
  "summary_csf_mean": 336.9595947265625,
  "summary_csf_median": 329.22747802734375,
  "summary_csf_n": 11184.0,
  "summary_csf_p05": 188.2058952331543,
  "summary_csf_p95": 506.07127532958987,
  "summary_csf_stdv": 99.95018005371094,
  "summary_gm_k": -0.07542304039101255,
  "summary_gm_mad": 75.26690232969761,
  "summary_gm_mean": 682.9728393554688,
  "summary_gm_median": 684.6992797851562,
  "summary_gm_n": 11104.0,
  "summary_gm_p05": 554.7008422851562,
  "summary_gm_p95": 804.769155883789,
  "summary_gm_stdv": 75.59864044189453,
  "summary_wm_k": 0.38769587527710225,
  "summary_wm_mad": 55.932037405361235,
  "summary_wm_mean": 1000.8009643554688,
  "summary_wm_median": 999.995361328125,
  "summary_wm_n": 169281.0,
  "summary_wm_p05": 907.4244995117188,
  "summary_wm_p95": 1096.9720458984375,
  "summary_wm_stdv": 57.82068634033203,
  "tpm_overlap_csf": 0.17342962324619293,
  "tpm_overlap_gm": 0.428311824798584,
  "tpm_overlap_wm": 0.5028133988380432,
  "wm2max": 0.544265020919894
}