{
  "bids_meta": {
    "AcquisitionNumber": 1,
    "DeviceSerialNumber": "35442  ",
    "EchoNumber": 1,
    "EchoTime": 0.00298,
    "FlipAngle": 9,
    "ImageOrientationPatientDICOM": [
      "-0.0272095239019",
      "0.99962969182985",
      "-0.0003478810179",
      "0.08140279862304",
      "0.00186889757235",
      "-0.9966795330487  "
    ],
    "ImageType": [
      "ORIGINAL",
      "PRIMARY",
      "M",
      "ND",
      "NORM "
    ],
    "ImagingFrequency": 123.247191,
    "InPlanePhaseEncodingDirectionDICOM": "ROW  ",
    "IntendedFor": [
      "ses-PREEN00/fmap/sub-4101394_ses-PREEN00_run-001_phasediff.nii.gz",
      "ses-PREEN00/anat/sub-4101394_ses-PREEN00_run-001_FLAIR.nii.gz",
      "ses-PREEN00/fmap/sub-4101394_ses-PREEN00_run-002_phasediff.nii.gz",
      "ses-PREEN00/dwi/sub-4101394_ses-PREEN00_run-001_dwi.nii.gz"
    ],
    "InversionTime": 0.9,
    "MRAcquisitionType": "3D ",
    "MagneticFieldStrength": 3,
    "Manufacturer": "SIEMENS  ",
    "ManufacturerModelName": "TrioTim  ",
    "Modality": "MRI__ ",
    "PatientPosition": "HFS  ",
    "PercentPhaseFOV": 93.75,
    "PhaseEncodingSteps": 239,
    "PixelBandwidth": 238,
    "ProtocolName": "MPRAGE ADNI_iPAT2  ",
    "PulseSequenceType": "*tfl3d1_ns ",
    "ReceiveCoilName": "HeadMatrixix\\\\ ",
    "RepetitionTime": 2.3,
    "SAR": 0.0829405856975,
    "ScanningSequence": "GR\\\\IR  ",
    "SequenceName": "*tfl3d1_ns ",
    "SequenceVariant": "SP\\\\MP  ",
    "SeriesDescription": "MPRAGE ADNI_iPAT2  ",
    "SeriesNumber": 4,
    "SliceOrder": "interleaved ",
    "SliceThickness": 1,
    "SliceTiming": null,
    "SoftwareVersions": "syngo MR B17 ",
    "dataset": "<unset>",
    "modality": "T1w",
    "run_id": 1,
    "session_id": "PREEN00",
    "subject_id": "4101394"
  },
  "cjv": 0.4615017891503673,
  "cnr": 2.884932520555249,
  "efc": 0.6060351752241128,
  "fber": 93.97189331054688,
  "fwhm_avg": 3.2527866666666667,
  "fwhm_x": 3.30694,
  "fwhm_y": 3.3588,
  "fwhm_z": 3.09262,
  "icvs_csf": 0.20135771207914252,
  "icvs_gm": 0.39666318272916906,
  "icvs_wm": 0.40197910519168845,
  "inu_med": 1.366034984588623,
  "inu_range": 0.45569723248481764,
  "provenance": {
    "md5sum": "58e2671f6aa7fc75079be87b661cc5ce",
    "settings": {
      "testing": false
    },
    "software": "mriqc",
    "version": "0.16.1",
    "warnings": {
      "large_rot_frame": true,
      "small_air_mask": false
    },
    "webapi_port": null,
    "webapi_url": "https://mriqc.nimh.nih.gov/api/v1"
  },
  "qi_1": 9.444015571049158e-05,
  "qi_2": 0.004565389447193927,
  "rpve_csf": 28.601242371693957,
  "rpve_gm": 14.80390652636836,
  "rpve_wm": 18.11532282399985,
  "size_x": 176,
  "size_y": 240,
  "size_z": 256,
  "snr_csf": 3.1340870242467496,
  "snr_gm": 9.22226702314033,
  "snr_total": 10.111995914108787,
  "snr_wm": 17.979633694939285,
  "snrd_csf": 11.568195303319545,
  "snrd_gm": 22.81289702130374,
  "snrd_total": 22.06367155177591,
  "snrd_wm": 31.80992233070445,
  "spacing_x": 1.0,
  "spacing_y": 1.0,
  "spacing_z": 1.0,
  "summary_bg_k": 496.0951236949759,
  "summary_bg_mad": 20.595295119261216,
  "summary_bg_mean": 68.91934967041016,
  "summary_bg_median": 67.39143371582031,
  "summary_bg_n": 3064524.0,
  "summary_bg_p05": 37.38922061920166,
  "summary_bg_p95": 105.46164207458497,
  "summary_bg_stdv": 21.71609878540039,
  "summary_csf_k": -0.602764297618303,
  "summary_csf_mad": 133.78933103797277,
  "summary_csf_mean": 363.0246887207031,
  "summary_csf_median": 363.66534423828125,
  "summary_csf_n": 10172.0,
  "summary_csf_p05": 182.76436462402344,
  "summary_csf_p95": 552.5980468749999,
  "summary_csf_stdv": 116.02979278564453,
  "summary_gm_k": -0.04402971008770917,
  "summary_gm_mad": 76.75036421135482,
  "summary_gm_mean": 715.622314453125,
  "summary_gm_median": 717.1611328125,
  "summary_gm_n": 11012.0,
  "summary_gm_p05": 584.4152008056641,
  "summary_gm_p95": 843.7091278076172,
  "summary_gm_stdv": 77.76055145263672,
  "summary_wm_k": 0.292107379481215,
  "summary_wm_mad": 53.77912415575332,
  "summary_wm_mean": 999.9805297851562,
  "summary_wm_median": 999.9974975585938,
  "summary_wm_n": 197904.0,
  "summary_wm_p05": 908.6657653808594,
  "summary_wm_p95": 1091.33974609375,
  "summary_wm_stdv": 55.61820602416992,
  "tpm_overlap_csf": 0.170823335647583,
  "tpm_overlap_gm": 0.417142391204834,
  "tpm_overlap_wm": 0.5090365409851074,
  "wm2max": 0.47423782339258785
}