{
  "bids_meta": {
    "AcquisitionNumber": 1,
    "DeviceSerialNumber": "35442  ",
    "EchoNumber": 1,
    "EchoTime": 0.00298,
    "FlipAngle": 9,
    "ImageOrientationPatientDICOM": [
      "-0.0609665105235",
      "0.99813975114107",
      "-0.0003489794005",
      "0.02784859170372",
      "0.00135150185805",
      "-0.9996112391239  "
    ],
    "ImageType": [
      "ORIGINAL",
      "PRIMARY",
      "M",
      "ND",
      "NORM "
    ],
    "ImagingFrequency": 123.251341,
    "InPlanePhaseEncodingDirectionDICOM": "ROW  ",
    "InversionTime": 0.9,
    "MRAcquisitionType": "3D ",
    "MagneticFieldStrength": 3,
    "Manufacturer": "SIEMENS  ",
    "ManufacturerModelName": "TrioTim  ",
    "Modality": "MRI__ ",
    "PatientPosition": "HFS  ",
    "PercentPhaseFOV": 93.75,
    "PhaseEncodingSteps": 239,
    "PixelBandwidth": 238,
    "ProtocolName": "MPRAGE ADNI_iPAT2  ",
    "PulseSequenceType": "*tfl3d1_ns ",
    "ReceiveCoilName": "32Ch_Headad\\\\  ",
    "RepetitionTime": 2.3,
    "SAR": 0.08289993589233,
    "ScanningSequence": "GR\\\\IR  ",
    "SequenceName": "*tfl3d1_ns ",
    "SequenceVariant": "SP\\\\MP  ",
    "SeriesDescription": "MPRAGE ADNI_iPAT2  ",
    "SeriesNumber": 12,
    "SliceOrder": "interleaved ",
    "SliceThickness": 1,
    "SliceTiming": null,
    "SoftwareVersions": "syngo MR B17 ",
    "dataset": "<unset>",
    "modality": "T1w",
    "run_id": 1,
    "session_id": "PREBL00",
    "subject_id": "2843957"
  },
  "cjv": 0.41595625598152547,
  "cnr": 3.1432114501720463,
  "efc": 0.6133072561900125,
  "fber": 80.89662170410156,
  "fwhm_avg": 3.1951199999999997,
  "fwhm_x": 3.19476,
  "fwhm_y": 3.36353,
  "fwhm_z": 3.02707,
  "icvs_csf": 0.1907532458071316,
  "icvs_gm": 0.41194389969585354,
  "icvs_wm": 0.3973028544970149,
  "inu_med": 1.4200348854064941,
  "inu_range": 0.38790832161903377,
  "provenance": {
    "md5sum": "f93586bb79911c0dfa63dc29abba0eb0",
    "settings": {
      "testing": false
    },
    "software": "mriqc",
    "version": "0.16.1",
    "warnings": {
      "large_rot_frame": true,
      "small_air_mask": false
    },
    "webapi_port": null,
    "webapi_url": "https://mriqc.nimh.nih.gov/api/v1"
  },
  "qi_1": 0.0,
  "qi_2": 0.0073026007498649785,
  "rpve_csf": 27.19943540478284,
  "rpve_gm": 13.300878175869753,
  "rpve_wm": 16.925310300804615,
  "size_x": 176,
  "size_y": 240,
  "size_z": 256,
  "snr_csf": 2.539917418836239,
  "snr_gm": 9.44152671580022,
  "snr_total": 10.790194646609615,
  "snr_wm": 20.38913980519239,
  "snrd_csf": 18.367409884454215,
  "snrd_gm": 41.378921526390016,
  "snrd_total": 39.35680617985593,
  "snrd_wm": 58.324087128723555,
  "spacing_x": 1.0,
  "spacing_y": 1.0,
  "spacing_z": 1.0,
  "summary_bg_k": 13597.464893007935,
  "summary_bg_mad": 11.232491647244462,
  "summary_bg_mean": 69.2969741821289,
  "summary_bg_median": 68.29191589355469,
  "summary_bg_n": 3015054.0,
  "summary_bg_p05": 51.658779335021975,
  "summary_bg_p95": 89.53304672241211,
  "summary_bg_stdv": 22.18428611755371,
  "summary_csf_k": 21.14509147524812,
  "summary_csf_mad": 110.47677077711457,
  "summary_csf_mean": 344.4313659667969,
  "summary_csf_median": 314.91424560546875,
  "summary_csf_n": 13650.0,
  "summary_csf_p05": 195.34177474975587,
  "summary_csf_p95": 546.0309112548828,
  "summary_csf_stdv": 123.98147583007812,
  "summary_gm_k": -0.07279525215248794,
  "summary_gm_mad": 75.74609666857069,
  "summary_gm_mean": 708.9766845703125,
  "summary_gm_median": 709.452880859375,
  "summary_gm_n": 15583.0,
  "summary_gm_p05": 585.7356872558594,
  "summary_gm_p95": 833.356201171875,
  "summary_gm_stdv": 75.13934326171875,
  "summary_wm_k": 0.7125219688910058,
  "summary_wm_mad": 45.10145807636466,
  "summary_wm_mean": 1000.1507568359375,
  "summary_wm_median": 999.9823608398438,
  "summary_wm_n": 195409.0,
  "summary_wm_p05": 920.0593017578126,
  "summary_wm_p95": 1080.5398193359374,
  "summary_wm_stdv": 49.04472732543945,
  "tpm_overlap_csf": 0.18162649869918823,
  "tpm_overlap_gm": 0.42953720688819885,
  "tpm_overlap_wm": 0.5136010050773621,
  "wm2max": 0.5251066966680493
}