{
  "bids_meta": {
    "AcquisitionNumber": 1,
    "DeviceSerialNumber": "35442  ",
    "EchoNumber": 1,
    "EchoTime": 0.00298,
    "FlipAngle": 9,
    "ImageOrientationPatientDICOM": [
      "-0.0442521622844",
      "0.99648869397277",
      "0.07107762599854",
      "0.01454313850913",
      "0.07178234717566",
      "-0.9973142893573  "
    ],
    "ImageType": [
      "ORIGINAL",
      "PRIMARY",
      "M",
      "ND",
      "NORM "
    ],
    "ImagingFrequency": 123.251315,
    "InPlanePhaseEncodingDirectionDICOM": "ROW  ",
    "IntendedFor": [
      "ses-NAPFU36/func/sub-2111048_ses-NAPFU36_task-rest_run-002_bold.nii.gz",
      "ses-NAPFU36/anat/sub-2111048_ses-NAPFU36_run-001_FLAIR.nii.gz",
      "ses-NAPFU36/asl/sub-2111048_ses-NAPFU36_run-001_asl.nii.gz",
      "ses-NAPFU36/anat/sub-2111048_ses-NAPFU36_run-001_T1w.nii.gz",
      "ses-NAPFU36/func/sub-2111048_ses-NAPFU36_task-rest_run-001_bold.nii.gz",
      "ses-NAPFU36/fmap/sub-2111048_ses-NAPFU36_run-003_phasediff.nii.gz",
      "ses-NAPFU36/fmap/sub-2111048_ses-NAPFU36_run-004_phasediff.nii.gz",
      "ses-NAPFU36/fmap/sub-2111048_ses-NAPFU36_run-002_phasediff.nii.gz",
      "ses-NAPFU36/dwi/sub-2111048_ses-NAPFU36_run-001_dwi.nii.gz",
      "ses-NAPFU36/fmap/sub-2111048_ses-NAPFU36_run-001_phasediff.nii.gz",
      "ses-NAPFU36/anat/sub-2111048_ses-NAPFU36_run-001_T2star.nii.gz"
    ],
    "InversionTime": 0.9,
    "MRAcquisitionType": "3D ",
    "MagneticFieldStrength": 3,
    "Manufacturer": "SIEMENS  ",
    "ManufacturerModelName": "TrioTim  ",
    "Modality": "MRI__ ",
    "PatientPosition": "HFS  ",
    "PercentPhaseFOV": 93.75,
    "PhaseEncodingSteps": 239,
    "PixelBandwidth": 238,
    "ProtocolName": "MPRAGE ADNI_iPAT2  ",
    "PulseSequenceType": "*tfl3d1_ns ",
    "ReceiveCoilName": "HeadMatrixix\\\\ ",
    "RepetitionTime": 2.3,
    "SAR": 0.08785561593039,
    "ScanningSequence": "GR\\\\IR  ",
    "SequenceName": "*tfl3d1_ns ",
    "SequenceVariant": "SP\\\\MP  ",
    "SeriesDescription": "MPRAGE ADNI_iPAT2  ",
    "SeriesNumber": 12,
    "SliceOrder": "interleaved ",
    "SliceThickness": 1,
    "SliceTiming": null,
    "SoftwareVersions": "syngo MR B17 ",
    "dataset": "<unset>",
    "modality": "T1w",
    "run_id": 2,
    "session_id": "NAPFU36",
    "subject_id": "2111048"
  },
  "cjv": 0.4315416178930194,
  "cnr": 3.127795203408005,
  "efc": 0.6031916781941102,
  "fber": 137.55502319335938,
  "fwhm_avg": 3.0355233333333334,
  "fwhm_x": 3.08015,
  "fwhm_y": 3.12495,
  "fwhm_z": 2.90147,
  "icvs_csf": 0.1849702284698009,
  "icvs_gm": 0.43288402004487225,
  "icvs_wm": 0.3821457514853268,
  "inu_med": 1.2984446287155151,
  "inu_range": 0.31778628826141375,
  "provenance": {
    "md5sum": "cdd726fe224e1dde4032fec693832b5b",
    "settings": {
      "testing": false
    },
    "software": "mriqc",
    "version": "0.16.1",
    "warnings": {
      "large_rot_frame": true,
      "small_air_mask": false
    },
    "webapi_port": null,
    "webapi_url": "https://mriqc.nimh.nih.gov/api/v1"
  },
  "qi_1": 0.0,
  "qi_2": 0.0030656837565605963,
  "rpve_csf": 34.51313792007805,
  "rpve_gm": 15.76206511194525,
  "rpve_wm": 20.64560788878261,
  "size_x": 176,
  "size_y": 240,
  "size_z": 256,
  "snr_csf": 1.6800932157645776,
  "snr_gm": 7.849953966195132,
  "snr_total": 7.868104792716086,
  "snr_wm": 14.07426719618855,
  "snrd_csf": 12.370694525045748,
  "snrd_gm": 24.60561317434289,
  "snrd_total": 25.046781500604812,
  "snrd_wm": 38.1640368024258,
  "spacing_x": 1.0,
  "spacing_y": 1.0,
  "spacing_z": 1.0,
  "summary_bg_k": 663.4311778430224,
  "summary_bg_mad": 17.165968726923072,
  "summary_bg_mean": 53.23092269897461,
  "summary_bg_median": 50.27180862426758,
  "summary_bg_n": 3142429.0,
  "summary_bg_p05": 25.816967391967772,
  "summary_bg_p95": 84.89558868408204,
  "summary_bg_stdv": 33.284420013427734,
  "summary_csf_k": 38.83433979208568,
  "summary_csf_mad": 112.36016831733883,
  "summary_csf_mean": 351.0343933105469,
  "summary_csf_median": 324.1385498046875,
  "summary_csf_n": 10538.0,
  "summary_csf_p05": 169.965087890625,
  "summary_csf_p95": 557.9486602783203,
  "summary_csf_stdv": 192.9197540283203,
  "summary_gm_k": -0.15325786408885955,
  "summary_gm_mad": 83.76743255442778,
  "summary_gm_mean": 645.429931640625,
  "summary_gm_median": 644.719482421875,
  "summary_gm_n": 11416.0,
  "summary_gm_p05": 510.56231689453125,
  "summary_gm_p95": 780.20361328125,
  "summary_gm_stdv": 82.12675476074219,
  "summary_wm_k": 0.16322883472642813,
  "summary_wm_mad": 69.54186245804938,
  "summary_wm_mean": 1000.835205078125,
  "summary_wm_median": 999.9790649414062,
  "summary_wm_n": 156407.0,
  "summary_wm_p05": 885.4730346679687,
  "summary_wm_p95": 1119.3928100585936,
  "summary_wm_stdv": 71.04994201660156,
  "tpm_overlap_csf": 0.15882758796215057,
  "tpm_overlap_gm": 0.42135104537010193,
  "tpm_overlap_wm": 0.4846397042274475,
  "wm2max": 0.5660527674750689
}