{
  "bids_meta": {
    "AcquisitionNumber": 1,
    "DeviceSerialNumber": "35442  ",
    "EchoNumber": 1,
    "EchoTime": 0.00298,
    "FlipAngle": 9,
    "ImageOrientationPatientDICOM": [
      "-0.0444242756107",
      "0.99901269370018",
      "-0.0003486579725",
      "0.05024964397368",
      "0.00188594915459",
      "-0.9987349080093  "
    ],
    "ImageType": [
      "ORIGINAL",
      "PRIMARY",
      "M",
      "ND",
      "NORM "
    ],
    "ImagingFrequency": 123.251273,
    "InPlanePhaseEncodingDirectionDICOM": "ROW  ",
    "InversionTime": 0.9,
    "MRAcquisitionType": "3D ",
    "MagneticFieldStrength": 3,
    "Manufacturer": "SIEMENS  ",
    "ManufacturerModelName": "TrioTim  ",
    "Modality": "MRI__ ",
    "PatientPosition": "HFS  ",
    "PercentPhaseFOV": 93.75,
    "PhaseEncodingSteps": 239,
    "PixelBandwidth": 238,
    "ProtocolName": "MPRAGE ADNI_iPAT2  ",
    "PulseSequenceType": "*tfl3d1_ns ",
    "ReceiveCoilName": "32Ch_Headad\\\\  ",
    "RepetitionTime": 2.3,
    "SAR": 0.09081143193963,
    "ScanningSequence": "GR\\\\IR  ",
    "SequenceName": "*tfl3d1_ns ",
    "SequenceVariant": "SP\\\\MP  ",
    "SeriesDescription": "MPRAGE ADNI_iPAT2  ",
    "SeriesNumber": 12,
    "SliceOrder": "interleaved ",
    "SliceThickness": 1,
    "SliceTiming": null,
    "SoftwareVersions": "syngo MR B17 ",
    "dataset": "<unset>",
    "modality": "T1w",
    "run_id": 1,
    "session_id": "PREBL00",
    "subject_id": "4280226"
  },
  "cjv": 0.4778319101039416,
  "cnr": 2.610142470166905,
  "efc": 0.6039260592348149,
  "fber": 131.60470581054688,
  "fwhm_avg": 3.34871,
  "fwhm_x": 3.40877,
  "fwhm_y": 3.46656,
  "fwhm_z": 3.1708,
  "icvs_csf": 0.18651932123984827,
  "icvs_gm": 0.4286243842698355,
  "icvs_wm": 0.3848562944903162,
  "inu_med": 1.536840558052063,
  "inu_range": 0.5033589363098139,
  "provenance": {
    "md5sum": "17e46ce83f2658e5b941748b642fbca2",
    "settings": {
      "testing": false
    },
    "software": "mriqc",
    "version": "0.16.1",
    "warnings": {
      "large_rot_frame": true,
      "small_air_mask": false
    },
    "webapi_port": null,
    "webapi_url": "https://mriqc.nimh.nih.gov/api/v1"
  },
  "qi_1": 0.0,
  "qi_2": 0.006325868658086808,
  "rpve_csf": 28.09329835015787,
  "rpve_gm": 13.130560549713076,
  "rpve_wm": 17.2143463041446,
  "size_x": 176,
  "size_y": 240,
  "size_z": 256,
  "snr_csf": 2.193217533513893,
  "snr_gm": 9.47893722721523,
  "snr_total": 10.86507200603854,
  "snr_wm": 20.923061257386504,
  "snrd_csf": 19.958839031243496,
  "snrd_gm": 47.84179170755695,
  "snrd_total": 44.07054423672304,
  "snrd_wm": 64.41100197136865,
  "spacing_x": 1.0,
  "spacing_y": 1.0,
  "spacing_z": 1.0,
  "summary_bg_k": 6222.208142392672,
  "summary_bg_mad": 10.17108195543281,
  "summary_bg_mean": 57.897727966308594,
  "summary_bg_median": 56.84744644165039,
  "summary_bg_n": 3021893.0,
  "summary_bg_p05": 39.08312225341797,
  "summary_bg_p95": 75.62140197753907,
  "summary_bg_stdv": 35.90171813964844,
  "summary_csf_k": 50.531822058758856,
  "summary_csf_mad": 98.68003186793567,
  "summary_csf_mean": 339.1922302246094,
  "summary_csf_median": 309.86370849609375,
  "summary_csf_n": 13062.0,
  "summary_csf_p05": 197.43318252563478,
  "summary_csf_p95": 554.5568420410156,
  "summary_csf_stdv": 141.2772979736328,
  "summary_gm_k": -0.03342747998549589,
  "summary_gm_mad": 77.9889578310933,
  "summary_gm_mean": 745.8330688476562,
  "summary_gm_median": 742.7503662109375,
  "summary_gm_n": 21042.0,
  "summary_gm_p05": 621.1814147949219,
  "summary_gm_p95": 878.419760131836,
  "summary_gm_stdv": 78.35611724853516,
  "summary_wm_k": 0.6009005417960744,
  "summary_wm_mad": 44.92816808317385,
  "summary_wm_mean": 1000.158447265625,
  "summary_wm_median": 999.9896240234375,
  "summary_wm_n": 192413.0,
  "summary_wm_p05": 922.394482421875,
  "summary_wm_p95": 1078.667431640625,
  "summary_wm_stdv": 47.79353332519531,
  "tpm_overlap_csf": 0.1735859364271164,
  "tpm_overlap_gm": 0.4292236566543579,
  "tpm_overlap_wm": 0.4978697597980499,
  "wm2max": 0.42686320130932004
}