{
  "bids_meta": {
    "AcquisitionNumber": 1,
    "DeviceSerialNumber": "35442  ",
    "EchoNumber": 1,
    "EchoTime": 0.00298,
    "FlipAngle": 9,
    "ImageOrientationPatientDICOM": [
      "-0.0210566863639",
      "0.98746890209051",
      "-0.1564026322142",
      "0.02373947967028",
      "-0.1558993803048",
      "-0.9874876304671  "
    ],
    "ImageType": [
      "ORIGINAL",
      "PRIMARY",
      "M",
      "ND",
      "NORM "
    ],
    "ImagingFrequency": 123.251557,
    "InPlanePhaseEncodingDirectionDICOM": "ROW  ",
    "IntendedFor": [
      "ses-PREFU48/anat/sub-8120729_ses-PREFU48_run-001_T1w.nii.gz",
      "ses-PREFU48/func/sub-8120729_ses-PREFU48_task-rest_run-001_bold.nii.gz",
      "ses-PREFU48/func/sub-8120729_ses-PREFU48_task-encoding_run-001_bold.nii.gz",
      "ses-PREFU48/anat/sub-8120729_ses-PREFU48_run-001_T2star.nii.gz",
      "ses-PREFU48/fmap/sub-8120729_ses-PREFU48_run-005_phasediff.nii.gz",
      "ses-PREFU48/dwi/sub-8120729_ses-PREFU48_run-001_dwi.nii.gz",
      "ses-PREFU48/fmap/sub-8120729_ses-PREFU48_run-003_phasediff.nii.gz",
      "ses-PREFU48/fmap/sub-8120729_ses-PREFU48_run-001_phasediff.nii.gz",
      "ses-PREFU48/fmap/sub-8120729_ses-PREFU48_run-004_phasediff.nii.gz",
      "ses-PREFU48/func/sub-8120729_ses-PREFU48_task-rest_run-002_bold.nii.gz",
      "ses-PREFU48/anat/sub-8120729_ses-PREFU48_run-001_FLAIR.nii.gz",
      "ses-PREFU48/fmap/sub-8120729_ses-PREFU48_run-002_phasediff.nii.gz",
      "ses-PREFU48/func/sub-8120729_ses-PREFU48_task-retrieval_run-001_bold.nii.gz",
      "ses-PREFU48/asl/sub-8120729_ses-PREFU48_run-001_asl.nii.gz"
    ],
    "InversionTime": 0.9,
    "MRAcquisitionType": "3D ",
    "MagneticFieldStrength": 3,
    "Manufacturer": "SIEMENS  ",
    "ManufacturerModelName": "TrioTim  ",
    "Modality": "MRI__ ",
    "PatientPosition": "HFS  ",
    "PercentPhaseFOV": 93.75,
    "PhaseEncodingSteps": 239,
    "PixelBandwidth": 238,
    "ProtocolName": "MPRAGE ADNI_iPAT2  ",
    "PulseSequenceType": "*tfl3d1_ns ",
    "ReceiveCoilName": "HeadMatrixix\\\\ ",
    "RepetitionTime": 2.3,
    "SAR": 0.08734878788465,
    "ScanningSequence": "GR\\\\IR  ",
    "SequenceName": "*tfl3d1_ns ",
    "SequenceVariant": "SP\\\\MP  ",
    "SeriesDescription": "MPRAGE ADNI_iPAT2  ",
    "SeriesNumber": 17,
    "SliceOrder": "interleaved ",
    "SliceThickness": 1,
    "SliceTiming": null,
    "SoftwareVersions": "syngo MR B17 ",
    "dataset": "<unset>",
    "modality": "T1w",
    "run_id": 2,
    "session_id": "PREFU48",
    "subject_id": "8120729"
  },
  "cjv": 0.4368280220741103,
  "cnr": 3.0583069864511057,
  "efc": 0.649680250746309,
  "fber": 119.9364242553711,
  "fwhm_avg": 2.9613099999999997,
  "fwhm_x": 3.06342,
  "fwhm_y": 3.04021,
  "fwhm_z": 2.7803,
  "icvs_csf": 0.21098109025172201,
  "icvs_gm": 0.40709235526946397,
  "icvs_wm": 0.381926554478814,
  "inu_med": 1.2899932861328125,
  "inu_range": 0.3828849792480469,
  "provenance": {
    "md5sum": "e62fead5392fe642ee6c5bf95d22cb49",
    "settings": {
      "testing": false
    },
    "software": "mriqc",
    "version": "0.16.1",
    "warnings": {
      "large_rot_frame": true,
      "small_air_mask": false
    },
    "webapi_port": null,
    "webapi_url": "https://mriqc.nimh.nih.gov/api/v1"
  },
  "qi_1": 0.0,
  "qi_2": 0.003960923884671373,
  "rpve_csf": 27.564491007669588,
  "rpve_gm": 14.396743295019157,
  "rpve_wm": 18.338103329035782,
  "size_x": 176,
  "size_y": 240,
  "size_z": 256,
  "snr_csf": 1.750723926913707,
  "snr_gm": 8.473400595579722,
  "snr_total": 8.532327191275092,
  "snr_wm": 15.37285705133185,
  "snrd_csf": 10.966744904470982,
  "snrd_gm": 25.343073398970986,
  "snrd_total": 24.59559715591507,
  "snrd_wm": 37.47697316430323,
  "spacing_x": 1.0,
  "spacing_y": 1.0,
  "spacing_z": 1.0,
  "summary_bg_k": 1708.8158283121006,
  "summary_bg_mad": 17.48100133791245,
  "summary_bg_mean": 57.94999694824219,
  "summary_bg_median": 56.373008728027344,
  "summary_bg_n": 2796429.0,
  "summary_bg_p05": 30.812850952148438,
  "summary_bg_p95": 89.32166290283205,
  "summary_bg_stdv": 24.659780502319336,
  "summary_csf_k": 39.592910570689654,
  "summary_csf_mad": 98.81046312847636,
  "summary_csf_mean": 324.66229248046875,
  "summary_csf_median": 292.6256103515625,
  "summary_csf_n": 16114.0,
  "summary_csf_p05": 170.78932418823243,
  "summary_csf_p95": 526.0824920654297,
  "summary_csf_stdv": 167.1403045654297,
  "summary_gm_k": 0.07090242005363656,
  "summary_gm_mad": 78.47733699205978,
  "summary_gm_mean": 675.2969970703125,
  "summary_gm_median": 676.2291259765625,
  "summary_gm_n": 5976.0,
  "summary_gm_p05": 542.1822052001953,
  "summary_gm_p95": 805.2265777587891,
  "summary_gm_stdv": 79.79943084716797,
  "summary_wm_k": 0.26096817967093644,
  "summary_wm_mad": 62.95394700934059,
  "summary_wm_mean": 1000.5781860351562,
  "summary_wm_median": 999.9979248046875,
  "summary_wm_n": 165189.0,
  "summary_wm_p05": 894.9138305664062,
  "summary_wm_p95": 1108.9007568359375,
  "summary_wm_stdv": 65.04938507080078,
  "tpm_overlap_csf": 0.14757981896400452,
  "tpm_overlap_gm": 0.3901974856853485,
  "tpm_overlap_wm": 0.46802178025245667,
  "wm2max": 0.5332383846609152
}