{
  "bids_meta": {
    "AcquisitionNumber": 1,
    "DeviceSerialNumber": "35442  ",
    "EchoNumber": 1,
    "EchoTime": 0.00298,
    "FlipAngle": 9,
    "ImageOrientationPatientDICOM": [
      "0.02793309111882",
      "0.99954096339995",
      "-0.0117305117556",
      "0.03255434090882",
      "-0.012638501701",
      "-0.9993900555653 "
    ],
    "ImageType": [
      "ORIGINAL",
      "PRIMARY",
      "M",
      "ND",
      "NORM "
    ],
    "ImagingFrequency": 123.247158,
    "InPlanePhaseEncodingDirectionDICOM": "ROW  ",
    "IntendedFor": [
      "ses-PREFU24/dwi/sub-2599481_ses-PREFU24_run-001_dwi.nii.gz",
      "ses-PREFU24/fmap/sub-2599481_ses-PREFU24_run-004_phasediff.nii.gz",
      "ses-PREFU24/anat/sub-2599481_ses-PREFU24_run-001_FLAIR.nii.gz",
      "ses-PREFU24/fmap/sub-2599481_ses-PREFU24_run-005_phasediff.nii.gz"
    ],
    "InversionTime": 0.9,
    "MRAcquisitionType": "3D ",
    "MagneticFieldStrength": 3,
    "Manufacturer": "SIEMENS  ",
    "ManufacturerModelName": "TrioTim  ",
    "Modality": "MRI__ ",
    "PatientPosition": "HFS  ",
    "PercentPhaseFOV": 93.75,
    "PhaseEncodingSteps": 239,
    "PixelBandwidth": 238,
    "ProtocolName": "MPRAGE ADNI_iPAT2  ",
    "PulseSequenceType": "*tfl3d1_ns ",
    "ReceiveCoilName": "HeadMatrixix\\\\ ",
    "RepetitionTime": 2.3,
    "SAR": 0.09048849628005,
    "ScanningSequence": "GR\\\\IR  ",
    "SequenceName": "*tfl3d1_ns ",
    "SequenceVariant": "SP\\\\MP  ",
    "SeriesDescription": "MPRAGE ADNI_iPAT2  ",
    "SeriesNumber": 20,
    "SliceOrder": "interleaved ",
    "SliceThickness": 1,
    "SliceTiming": null,
    "SoftwareVersions": "syngo MR B17 ",
    "dataset": "<unset>",
    "modality": "T1w",
    "run_id": 2,
    "session_id": "PREFU24",
    "subject_id": "2599481"
  },
  "cjv": 0.47058257175323376,
  "cnr": 2.8857783368250804,
  "efc": 0.6215508784051611,
  "fber": 85.56835174560547,
  "fwhm_avg": 3.099523333333334,
  "fwhm_x": 3.15346,
  "fwhm_y": 3.21688,
  "fwhm_z": 2.92823,
  "icvs_csf": 0.2168025633289968,
  "icvs_gm": 0.41084294814516453,
  "icvs_wm": 0.37235448852583863,
  "inu_med": 1.4054746627807617,
  "inu_range": 0.4224557876586914,
  "provenance": {
    "md5sum": "61e300fc1094e586e712b8ad2c069f44",
    "settings": {
      "testing": false
    },
    "software": "mriqc",
    "version": "0.16.1",
    "warnings": {
      "large_rot_frame": true,
      "small_air_mask": false
    },
    "webapi_port": null,
    "webapi_url": "https://mriqc.nimh.nih.gov/api/v1"
  },
  "qi_1": 0.0,
  "qi_2": 0.00493299478923604,
  "rpve_csf": 29.475123197964113,
  "rpve_gm": 15.53452434434059,
  "rpve_wm": 20.199974062539354,
  "size_x": 176,
  "size_y": 240,
  "size_z": 256,
  "snr_csf": 2.861872559459861,
  "snr_gm": 8.769991152427552,
  "snr_total": 8.752858784691176,
  "snr_wm": 14.626712642186114,
  "snrd_csf": 8.94877992808313,
  "snrd_gm": 20.781353171994507,
  "snrd_total": 19.92341580642635,
  "snrd_wm": 30.040114319201404,
  "spacing_x": 1.0,
  "spacing_y": 1.0,
  "spacing_z": 1.0,
  "summary_bg_k": 1.3384856935251985,
  "summary_bg_mad": 21.809167767712594,
  "summary_bg_mean": 72.22480773925781,
  "summary_bg_median": 70.36727905273438,
  "summary_bg_n": 3353098.0,
  "summary_bg_p05": 38.812078666687015,
  "summary_bg_p95": 111.85018272399903,
  "summary_bg_stdv": 22.615346908569336,
  "summary_csf_k": 0.9467108802342334,
  "summary_csf_mad": 91.69968019052179,
  "summary_csf_mean": 316.0342712402344,
  "summary_csf_median": 297.9004821777344,
  "summary_csf_n": 14591.0,
  "summary_csf_p05": 177.39359283447266,
  "summary_csf_p95": 516.3455810546875,
  "summary_csf_stdv": 104.08928680419922,
  "summary_gm_k": -0.032935682290887947,
  "summary_gm_mad": 78.16849169349047,
  "summary_gm_mean": 691.301025390625,
  "summary_gm_median": 691.801025390625,
  "summary_gm_n": 9024.0,
  "summary_gm_p05": 557.4075531005859,
  "summary_gm_p95": 819.7126861572266,
  "summary_gm_stdv": 78.87837982177734,
  "summary_wm_k": 0.1548496541209765,
  "summary_wm_mad": 66.87428245320767,
  "summary_wm_mean": 1000.9280395507812,
  "summary_wm_median": 1000.0206298828125,
  "summary_wm_n": 157114.0,
  "summary_wm_p05": 889.9565795898438,
  "summary_wm_p95": 1114.9572021484375,
  "summary_wm_stdv": 68.36925506591797,
  "tpm_overlap_csf": 0.16429588198661804,
  "tpm_overlap_gm": 0.41244208812713623,
  "tpm_overlap_wm": 0.4909598231315613,
  "wm2max": 0.48082924339457467
}