{
  "bids_meta": {
    "AcquisitionNumber": 1,
    "DeviceSerialNumber": "35442  ",
    "EchoNumber": 1,
    "EchoTime": 0.00298,
    "FlipAngle": 9,
    "ImageOrientationPatientDICOM": [
      "0",
      "0.99415095666742",
      "0.10799942294868",
      "0",
      "0.10799942294868",
      "-0.9941509566674  "
    ],
    "ImageType": [
      "ORIGINAL",
      "PRIMARY",
      "M",
      "ND",
      "NORM "
    ],
    "ImagingFrequency": 123.247116,
    "InPlanePhaseEncodingDirectionDICOM": "ROW  ",
    "IntendedFor": [
      "ses-NAPFU03/anat/sub-6360867_ses-NAPFU03_run-001_T2star.nii.gz",
      "ses-NAPFU03/asl/sub-6360867_ses-NAPFU03_run-001_asl.nii.gz",
      "ses-NAPFU03/func/sub-6360867_ses-NAPFU03_task-rest_run-001_bold.nii.gz",
      "ses-NAPFU03/fmap/sub-6360867_ses-NAPFU03_run-002_phasediff.nii.gz",
      "ses-NAPFU03/func/sub-6360867_ses-NAPFU03_task-retrieval_run-001_bold.nii.gz",
      "ses-NAPFU03/fmap/sub-6360867_ses-NAPFU03_run-001_phasediff.nii.gz",
      "ses-NAPFU03/func/sub-6360867_ses-NAPFU03_task-rest_run-002_bold.nii.gz",
      "ses-NAPFU03/fmap/sub-6360867_ses-NAPFU03_run-003_phasediff.nii.gz",
      "ses-NAPFU03/func/sub-6360867_ses-NAPFU03_task-encoding_run-001_bold.nii.gz",
      "ses-NAPFU03/anat/sub-6360867_ses-NAPFU03_run-001_T1w.nii.gz"
    ],
    "InversionTime": 0.9,
    "MRAcquisitionType": "3D ",
    "MagneticFieldStrength": 3,
    "Manufacturer": "SIEMENS  ",
    "ManufacturerModelName": "TrioTim  ",
    "Modality": "MRI__ ",
    "PatientPosition": "HFS  ",
    "PercentPhaseFOV": 93.75,
    "PhaseEncodingSteps": 239,
    "PixelBandwidth": 238,
    "ProtocolName": "MPRAGE ADNI_iPAT2  ",
    "PulseSequenceType": "*tfl3d1_ns ",
    "ReceiveCoilName": "HeadMatrixix\\\\ ",
    "RepetitionTime": 2.3,
    "SAR": 0.08502260881259,
    "ScanningSequence": "GR\\\\IR  ",
    "SequenceName": "*tfl3d1_ns ",
    "SequenceVariant": "SP\\\\MP  ",
    "SeriesDescription": "MPRAGE ADNI_iPAT2  ",
    "SeriesNumber": 17,
    "SliceOrder": "interleaved ",
    "SliceThickness": 1,
    "SliceTiming": null,
    "SoftwareVersions": "syngo MR B17 ",
    "dataset": "<unset>",
    "modality": "T1w",
    "run_id": 2,
    "session_id": "NAPFU03",
    "subject_id": "6360867"
  },
  "cjv": 0.42715322158779173,
  "cnr": 3.1958313389673063,
  "efc": 0.5977090291426401,
  "fber": 140.80563354492188,
  "fwhm_avg": 3.024376666666667,
  "fwhm_x": 3.09994,
  "fwhm_y": 3.08584,
  "fwhm_z": 2.88735,
  "icvs_csf": 0.1983943144350706,
  "icvs_gm": 0.4183881931292186,
  "icvs_wm": 0.3832174924357108,
  "inu_med": 1.356568455696106,
  "inu_range": 0.37381174564361586,
  "provenance": {
    "md5sum": "cd996242fd3316099695d97676a3c1f3",
    "settings": {
      "testing": false
    },
    "software": "mriqc",
    "version": "0.16.1",
    "warnings": {
      "large_rot_frame": true,
      "small_air_mask": false
    },
    "webapi_port": null,
    "webapi_url": "https://mriqc.nimh.nih.gov/api/v1"
  },
  "qi_1": 0.00013467084669189204,
  "qi_2": 0.004743586675256766,
  "rpve_csf": 30.43898970555741,
  "rpve_gm": 15.17936174142855,
  "rpve_wm": 19.798032151592846,
  "size_x": 176,
  "size_y": 240,
  "size_z": 256,
  "snr_csf": 1.492269271328553,
  "snr_gm": 8.182067799637577,
  "snr_total": 8.724635149746574,
  "snr_wm": 16.499568378273587,
  "snrd_csf": 13.430652717404099,
  "snrd_gm": 26.800471866368653,
  "snrd_total": 26.743772890703216,
  "snrd_wm": 40.0001940883369,
  "spacing_x": 1.0,
  "spacing_y": 1.0,
  "spacing_z": 1.0,
  "summary_bg_k": 0.5643313025227874,
  "summary_bg_mad": 16.378127038232698,
  "summary_bg_mean": 53.7180290222168,
  "summary_bg_median": 52.38055419921875,
  "summary_bg_n": 3154474.0,
  "summary_bg_p05": 28.68687982559204,
  "summary_bg_p95": 83.36962852478023,
  "summary_bg_stdv": 16.842748641967773,
  "summary_csf_k": 23.841900493789776,
  "summary_csf_mad": 97.338618010723,
  "summary_csf_mean": 375.7113952636719,
  "summary_csf_median": 335.7605285644531,
  "summary_csf_n": 12299.0,
  "summary_csf_p05": 194.62402801513673,
  "summary_csf_p95": 602.2997009277343,
  "summary_csf_stdv": 224.99081420898438,
  "summary_gm_k": -0.0013073131884127065,
  "summary_gm_mad": 82.41699223412333,
  "summary_gm_mean": 667.5596923828125,
  "summary_gm_median": 670.000244140625,
  "summary_gm_n": 12720.0,
  "summary_gm_p05": 528.930712890625,
  "summary_gm_p95": 797.0593292236327,
  "summary_gm_stdv": 81.8832015991211,
  "summary_wm_k": 0.2881194000853564,
  "summary_wm_mad": 58.538174117578116,
  "summary_wm_mean": 1001.309814453125,
  "summary_wm_median": 999.9876098632812,
  "summary_wm_n": 173037.0,
  "summary_wm_p05": 904.033740234375,
  "summary_wm_p95": 1103.1063232421875,
  "summary_wm_stdv": 60.606719970703125,
  "tpm_overlap_csf": 0.16259059309959412,
  "tpm_overlap_gm": 0.4241376221179962,
  "tpm_overlap_wm": 0.498248428106308,
  "wm2max": 0.5507179785631723
}