{
  "bids_meta": {
    "AcquisitionNumber": 1,
    "DeviceSerialNumber": "35442  ",
    "EchoNumber": 1,
    "EchoTime": 0.00298,
    "FlipAngle": 9,
    "ImageOrientationPatientDICOM": [
      "-0.0546874853267",
      "0.99850345899668",
      "-0.0003483106502",
      "0.06511522149272",
      "0.0032182342985",
      "-0.9978725624537 "
    ],
    "ImageType": [
      "ORIGINAL",
      "PRIMARY",
      "M",
      "ND",
      "NORM "
    ],
    "ImagingFrequency": 123.247084,
    "InPlanePhaseEncodingDirectionDICOM": "ROW  ",
    "IntendedFor": [
      "ses-NAPEN00/fmap/sub-4715777_ses-NAPEN00_run-001_phasediff.nii.gz",
      "ses-NAPEN00/fmap/sub-4715777_ses-NAPEN00_run-002_phasediff.nii.gz",
      "ses-NAPEN00/dwi/sub-4715777_ses-NAPEN00_run-001_dwi.nii.gz",
      "ses-NAPEN00/anat/sub-4715777_ses-NAPEN00_run-001_FLAIR.nii.gz"
    ],
    "InversionTime": 0.9,
    "MRAcquisitionType": "3D ",
    "MagneticFieldStrength": 3,
    "Manufacturer": "SIEMENS  ",
    "ManufacturerModelName": "TrioTim  ",
    "Modality": "MRI__ ",
    "PatientPosition": "HFS  ",
    "PercentPhaseFOV": 93.75,
    "PhaseEncodingSteps": 239,
    "PixelBandwidth": 238,
    "ProtocolName": "MPRAGE ADNI_iPAT2  ",
    "PulseSequenceType": "*tfl3d1_ns ",
    "ReceiveCoilName": "HeadMatrixix\\\\ ",
    "RepetitionTime": 2.3,
    "SAR": 0.10831826107639,
    "ScanningSequence": "GR\\\\IR  ",
    "SequenceName": "*tfl3d1_ns ",
    "SequenceVariant": "SP\\\\MP  ",
    "SeriesDescription": "MPRAGE ADNI_iPAT2  ",
    "SeriesNumber": 4,
    "SliceOrder": "interleaved ",
    "SliceThickness": 1,
    "SliceTiming": null,
    "SoftwareVersions": "syngo MR B17 ",
    "dataset": "<unset>",
    "modality": "T1w",
    "run_id": 1,
    "session_id": "NAPEN00",
    "subject_id": "4715777"
  },
  "cjv": 0.5298236836918205,
  "cnr": 2.5452315496761124,
  "efc": 0.6642633330616492,
  "fber": 106.54663848876953,
  "fwhm_avg": 2.770353333333333,
  "fwhm_x": 2.82597,
  "fwhm_y": 2.79828,
  "fwhm_z": 2.68681,
  "icvs_csf": 0.19163041895855545,
  "icvs_gm": 0.4187177439628049,
  "icvs_wm": 0.38965183707863965,
  "inu_med": 1.2968437671661377,
  "inu_range": 0.4234838247299195,
  "provenance": {
    "md5sum": "8fec8794c7a6efac69f046274b9f2332",
    "settings": {
      "testing": false
    },
    "software": "mriqc",
    "version": "0.16.1",
    "warnings": {
      "large_rot_frame": true,
      "small_air_mask": false
    },
    "webapi_port": null,
    "webapi_url": "https://mriqc.nimh.nih.gov/api/v1"
  },
  "qi_1": 0.0,
  "qi_2": 0.003998261559775276,
  "rpve_csf": 26.210010076931148,
  "rpve_gm": 12.141867068990665,
  "rpve_wm": 15.128215727826046,
  "size_x": 176,
  "size_y": 240,
  "size_z": 256,
  "snr_csf": 0.7074801536059354,
  "snr_gm": 7.9565844149354845,
  "snr_total": 7.320742563294563,
  "snr_wm": 13.298163121342268,
  "snrd_csf": 13.458531633726011,
  "snrd_gm": 20.9682409020303,
  "snrd_total": 21.504694593837232,
  "snrd_wm": 30.087311245755394,
  "spacing_x": 1.0,
  "spacing_y": 1.0,
  "spacing_z": 1.0,
  "summary_bg_k": 1446.8405254211943,
  "summary_bg_mad": 21.774888699542572,
  "summary_bg_mean": 72.80438232421875,
  "summary_bg_median": 70.70878601074219,
  "summary_bg_n": 2863324.0,
  "summary_bg_p05": 39.342168235778814,
  "summary_bg_p95": 112.15695571899415,
  "summary_bg_stdv": 29.22393035888672,
  "summary_csf_k": -1.011493483203653,
  "summary_csf_mad": 269.956173635266,
  "summary_csf_mean": 810.4725952148438,
  "summary_csf_median": 447.3236999511719,
  "summary_csf_n": 15117.0,
  "summary_csf_p05": 218.92013549804688,
  "summary_csf_p95": 1951.6254882812495,
  "summary_csf_stdv": 632.2564697265625,
  "summary_gm_k": -0.011403538052912943,
  "summary_gm_mad": 87.0408940994309,
  "summary_gm_mean": 696.2728881835938,
  "summary_gm_median": 696.92529296875,
  "summary_gm_n": 13371.0,
  "summary_gm_p05": 550.0748901367188,
  "summary_gm_p95": 841.5801696777344,
  "summary_gm_stdv": 87.58773803710938,
  "summary_wm_k": 0.14529243673500103,
  "summary_wm_mad": 73.54454458275387,
  "summary_wm_mean": 1003.3118896484375,
  "summary_wm_median": 1000.0175170898438,
  "summary_wm_n": 200923.0,
  "summary_wm_p05": 884.9745849609375,
  "summary_wm_p95": 1132.677893066406,
  "summary_wm_stdv": 75.1994857788086,
  "tpm_overlap_csf": 0.12488257139921188,
  "tpm_overlap_gm": 0.352043092250824,
  "tpm_overlap_wm": 0.44976603984832764,
  "wm2max": 0.4667117205664229
}