{
  "bids_meta": {
    "AcquisitionNumber": 1,
    "DeviceSerialNumber": "35442  ",
    "EchoNumber": 1,
    "EchoTime": 0.00298,
    "FlipAngle": 9,
    "ImageOrientationPatientDICOM": [
      "-0.0804487421133",
      "0.9967586865611",
      "-0.0003473577039",
      "0.09882290289839",
      "0.00762925981085",
      "-0.9950757902077 "
    ],
    "ImageType": [
      "ORIGINAL",
      "PRIMARY",
      "M",
      "ND",
      "NORM "
    ],
    "ImagingFrequency": 123.247458,
    "InPlanePhaseEncodingDirectionDICOM": "ROW  ",
    "IntendedFor": [
      "ses-NAPBL00/asl/sub-3408795_ses-NAPBL00_run-001_asl.nii.gz",
      "ses-NAPBL00/func/sub-3408795_ses-NAPBL00_task-encoding_run-001_bold.nii.gz",
      "ses-NAPBL00/func/sub-3408795_ses-NAPBL00_task-rest_run-001_bold.nii.gz",
      "ses-NAPBL00/fmap/sub-3408795_ses-NAPBL00_run-003_phasediff.nii.gz",
      "ses-NAPBL00/anat/sub-3408795_ses-NAPBL00_run-001_T2star.nii.gz",
      "ses-NAPBL00/fmap/sub-3408795_ses-NAPBL00_run-002_phasediff.nii.gz",
      "ses-NAPBL00/fmap/sub-3408795_ses-NAPBL00_run-001_phasediff.nii.gz",
      "ses-NAPBL00/func/sub-3408795_ses-NAPBL00_task-rest_run-002_bold.nii.gz",
      "ses-NAPBL00/func/sub-3408795_ses-NAPBL00_task-retrieval_run-001_bold.nii.gz"
    ],
    "InversionTime": 0.9,
    "MRAcquisitionType": "3D ",
    "MagneticFieldStrength": 3,
    "Manufacturer": "SIEMENS  ",
    "ManufacturerModelName": "TrioTim  ",
    "Modality": "MRI__ ",
    "PatientPosition": "HFS  ",
    "PercentPhaseFOV": 93.75,
    "PhaseEncodingSteps": 239,
    "PixelBandwidth": 238,
    "ProtocolName": "MPRAGE ADNI_iPAT2  ",
    "PulseSequenceType": "*tfl3d1_ns ",
    "ReceiveCoilName": "HeadMatrixix\\\\ ",
    "RepetitionTime": 2.3,
    "SAR": 0.08657001835865,
    "ScanningSequence": "GR\\\\IR  ",
    "SequenceName": "*tfl3d1_ns ",
    "SequenceVariant": "SP\\\\MP  ",
    "SeriesDescription": "MPRAGE ADNI_iPAT2  ",
    "SeriesNumber": 12,
    "SliceOrder": "interleaved ",
    "SliceThickness": 1,
    "SliceTiming": null,
    "SoftwareVersions": "syngo MR B17 ",
    "dataset": "<unset>",
    "modality": "T1w",
    "run_id": 1,
    "session_id": "NAPBL00",
    "subject_id": "3408795"
  },
  "cjv": 0.40162847647472333,
  "cnr": 3.288196515255062,
  "efc": 0.5653851797730394,
  "fber": 173.67852783203125,
  "fwhm_avg": 3.0243933333333337,
  "fwhm_x": 3.17256,
  "fwhm_y": 3.01187,
  "fwhm_z": 2.88875,
  "icvs_csf": 0.18277898235514595,
  "icvs_gm": 0.4334172809694235,
  "icvs_wm": 0.38380373667543055,
  "inu_med": 1.5484670400619507,
  "inu_range": 0.4143479645252228,
  "provenance": {
    "md5sum": "7ab9997811b9506fedf6b127b57f2b33",
    "settings": {
      "testing": false
    },
    "software": "mriqc",
    "version": "0.16.1",
    "warnings": {
      "large_rot_frame": true,
      "small_air_mask": false
    },
    "webapi_port": null,
    "webapi_url": "https://mriqc.nimh.nih.gov/api/v1"
  },
  "qi_1": 0.0,
  "qi_2": 0.005913138861853927,
  "rpve_csf": 32.19018603300267,
  "rpve_gm": 14.839076119624684,
  "rpve_wm": 19.663344277888037,
  "size_x": 176,
  "size_y": 240,
  "size_z": 256,
  "snr_csf": 0.8815589962251663,
  "snr_gm": 9.147994220283849,
  "snr_total": 9.51354009169119,
  "snr_wm": 18.511067058564556,
  "snrd_csf": 13.432548883507645,
  "snrd_gm": 27.786596460477796,
  "snrd_total": 27.20922980207982,
  "snrd_wm": 40.408544062254016,
  "spacing_x": 1.0,
  "spacing_y": 1.0,
  "spacing_z": 1.0,
  "summary_bg_k": 2205.455061121057,
  "summary_bg_mad": 16.212698438336123,
  "summary_bg_mean": 52.102272033691406,
  "summary_bg_median": 50.982215881347656,
  "summary_bg_n": 4137882.0,
  "summary_bg_p05": 26.76347188949585,
  "summary_bg_p95": 80.57331695556638,
  "summary_bg_stdv": 21.342443466186523,
  "summary_csf_k": 7.745772188983519,
  "summary_csf_mad": 133.00739953344964,
  "summary_csf_mean": 446.0448913574219,
  "summary_csf_median": 332.41607666015625,
  "summary_csf_n": 11440.0,
  "summary_csf_p05": 190.8014778137207,
  "summary_csf_p95": 1535.9334106445303,
  "summary_csf_stdv": 377.06103515625,
  "summary_gm_k": 0.02765988912921724,
  "summary_gm_mad": 73.428535302717,
  "summary_gm_mean": 688.344482421875,
  "summary_gm_median": 687.6365356445312,
  "summary_gm_n": 17431.0,
  "summary_gm_p05": 563.5827026367188,
  "summary_gm_p95": 814.557373046875,
  "summary_gm_stdv": 75.16585540771484,
  "summary_wm_k": 0.3225953780535691,
  "summary_wm_mad": 52.02256086446173,
  "summary_wm_mean": 999.04248046875,
  "summary_wm_median": 999.9926147460938,
  "summary_wm_n": 183004.0,
  "summary_wm_p05": 908.6757141113281,
  "summary_wm_p95": 1086.0465393066406,
  "summary_wm_stdv": 54.02119064331055,
  "tpm_overlap_csf": 0.15937845408916473,
  "tpm_overlap_gm": 0.4229697287082672,
  "tpm_overlap_wm": 0.49950501322746277,
  "wm2max": 0.514260616028183
}