{
  "bids_meta": {
    "AcquisitionNumber": 1,
    "DeviceSerialNumber": "35442  ",
    "EchoNumber": 1,
    "EchoTime": 0.00298,
    "FlipAngle": 9,
    "ImageOrientationPatientDICOM": [
      "-0.055811618544",
      "0.99725713939006",
      "0.04861338469037",
      "0.09073230880252",
      "0.05355362627691",
      "-0.9944343403423 "
    ],
    "ImageType": [
      "ORIGINAL",
      "PRIMARY",
      "M",
      "ND",
      "NORM "
    ],
    "ImagingFrequency": 123.251409,
    "InPlanePhaseEncodingDirectionDICOM": "ROW  ",
    "IntendedFor": [
      "ses-NAPFU48/anat/sub-9488568_ses-NAPFU48_run-001_T2star.nii.gz",
      "ses-NAPFU48/asl/sub-9488568_ses-NAPFU48_run-001_asl.nii.gz",
      "ses-NAPFU48/func/sub-9488568_ses-NAPFU48_task-rest_run-001_bold.nii.gz",
      "ses-NAPFU48/func/sub-9488568_ses-NAPFU48_task-retrieval_run-001_bold.nii.gz",
      "ses-NAPFU48/anat/sub-9488568_ses-NAPFU48_run-001_T1w.nii.gz",
      "ses-NAPFU48/fmap/sub-9488568_ses-NAPFU48_run-003_phasediff.nii.gz",
      "ses-NAPFU48/fmap/sub-9488568_ses-NAPFU48_run-005_phasediff.nii.gz",
      "ses-NAPFU48/func/sub-9488568_ses-NAPFU48_task-encoding_run-001_bold.nii.gz",
      "ses-NAPFU48/fmap/sub-9488568_ses-NAPFU48_run-002_phasediff.nii.gz",
      "ses-NAPFU48/fmap/sub-9488568_ses-NAPFU48_run-004_phasediff.nii.gz",
      "ses-NAPFU48/dwi/sub-9488568_ses-NAPFU48_run-001_dwi.nii.gz",
      "ses-NAPFU48/func/sub-9488568_ses-NAPFU48_task-rest_run-002_bold.nii.gz",
      "ses-NAPFU48/anat/sub-9488568_ses-NAPFU48_run-001_FLAIR.nii.gz",
      "ses-NAPFU48/fmap/sub-9488568_ses-NAPFU48_run-001_phasediff.nii.gz"
    ],
    "InversionTime": 0.9,
    "MRAcquisitionType": "3D ",
    "MagneticFieldStrength": 3,
    "Manufacturer": "SIEMENS  ",
    "ManufacturerModelName": "TrioTim  ",
    "Modality": "MRI__ ",
    "PatientPosition": "HFS  ",
    "PercentPhaseFOV": 93.75,
    "PhaseEncodingSteps": 239,
    "PixelBandwidth": 238,
    "ProtocolName": "MPRAGE ADNI_iPAT2  ",
    "PulseSequenceType": "*tfl3d1_ns ",
    "ReceiveCoilName": "HeadMatrixix\\\\ ",
    "RepetitionTime": 2.3,
    "SAR": 0.07993224847779,
    "ScanningSequence": "GR\\\\IR  ",
    "SequenceName": "*tfl3d1_ns ",
    "SequenceVariant": "SP\\\\MP  ",
    "SeriesDescription": "MPRAGE ADNI_iPAT2  ",
    "SeriesNumber": 17,
    "SliceOrder": "interleaved ",
    "SliceThickness": 1,
    "SliceTiming": null,
    "SoftwareVersions": "syngo MR B17 ",
    "dataset": "<unset>",
    "modality": "T1w",
    "run_id": 2,
    "session_id": "NAPFU48",
    "subject_id": "9488568"
  },
  "cjv": 0.403098568163767,
  "cnr": 3.377564988385537,
  "efc": 0.5813063926787335,
  "fber": 116.53828430175781,
  "fwhm_avg": 3.124233333333333,
  "fwhm_x": 3.19074,
  "fwhm_y": 3.1903,
  "fwhm_z": 2.99166,
  "icvs_csf": 0.22454089086874204,
  "icvs_gm": 0.40777731839280906,
  "icvs_wm": 0.3676817907384489,
  "inu_med": 1.3714025020599365,
  "inu_range": 0.3681651949882505,
  "provenance": {
    "md5sum": "f40b0a07b89a5c984749e6155ff4b9f0",
    "settings": {
      "testing": false
    },
    "software": "mriqc",
    "version": "0.16.1",
    "warnings": {
      "large_rot_frame": true,
      "small_air_mask": false
    },
    "webapi_port": null,
    "webapi_url": "https://mriqc.nimh.nih.gov/api/v1"
  },
  "qi_1": 0.0,
  "qi_2": 0.004491732014811895,
  "rpve_csf": 27.976456771445015,
  "rpve_gm": 15.630648744040668,
  "rpve_wm": 20.61995660856204,
  "size_x": 176,
  "size_y": 240,
  "size_z": 256,
  "snr_csf": 1.4079079912945038,
  "snr_gm": 8.054924144450906,
  "snr_total": 8.786965177320871,
  "snr_wm": 16.8980633962172,
  "snrd_csf": 11.87298429624493,
  "snrd_gm": 24.294356526868086,
  "snrd_total": 24.459145059063342,
  "snrd_wm": 37.210094354077015,
  "spacing_x": 1.0,
  "spacing_y": 1.0,
  "spacing_z": 1.0,
  "summary_bg_k": 1568.8605975845358,
  "summary_bg_mad": 17.606704451119334,
  "summary_bg_mean": 58.46003341674805,
  "summary_bg_median": 56.67505645751953,
  "summary_bg_n": 3050601.0,
  "summary_bg_p05": 31.2364444732666,
  "summary_bg_p95": 90.79199981689453,
  "summary_bg_stdv": 22.1263484954834,
  "summary_csf_k": 21.534983916011342,
  "summary_csf_mad": 121.70037452539364,
  "summary_csf_mean": 360.7516784667969,
  "summary_csf_median": 319.08489990234375,
  "summary_csf_n": 21570.0,
  "summary_csf_p05": 171.48940200805663,
  "summary_csf_p95": 570.2162048339842,
  "summary_csf_stdv": 226.63235473632812,
  "summary_gm_k": -0.21303252740631162,
  "summary_gm_mad": 82.90799562997364,
  "summary_gm_mean": 652.9384765625,
  "summary_gm_median": 652.9076538085938,
  "summary_gm_n": 12538.0,
  "summary_gm_p05": 517.504315185547,
  "summary_gm_p95": 784.813265991211,
  "summary_gm_stdv": 81.05372619628906,
  "summary_wm_k": 0.33112701722398175,
  "summary_wm_mad": 57.011050396905475,
  "summary_wm_mean": 1000.3776245117188,
  "summary_wm_median": 1000.0164184570312,
  "summary_wm_n": 153030.0,
  "summary_wm_p05": 903.9715454101563,
  "summary_wm_p95": 1098.0708740234375,
  "summary_wm_stdv": 59.17915725708008,
  "tpm_overlap_csf": 0.1516357809305191,
  "tpm_overlap_gm": 0.40872570872306824,
  "tpm_overlap_wm": 0.4803342819213867,
  "wm2max": 0.54004672715494
}