{
  "bids_meta": {
    "AcquisitionNumber": 1,
    "DeviceSerialNumber": "35442  ",
    "EchoNumber": 1,
    "EchoTime": 0.00298,
    "FlipAngle": 9,
    "ImageOrientationPatientDICOM": [
      "-0.0011619028427",
      "0.97857262181814",
      "0.20589869793118",
      "-0.0102996788654",
      "0.20587620457197",
      "-0.9785238397741  "
    ],
    "ImageType": [
      "ORIGINAL",
      "PRIMARY",
      "M",
      "ND",
      "NORM "
    ],
    "ImagingFrequency": 123.247157,
    "InPlanePhaseEncodingDirectionDICOM": "ROW  ",
    "IntendedFor": [
      "ses-PREBL00/asl/sub-6755055_ses-PREBL00_run-001_asl.nii.gz",
      "ses-PREBL00/func/sub-6755055_ses-PREBL00_task-rest_run-002_bold.nii.gz",
      "ses-PREBL00/func/sub-6755055_ses-PREBL00_task-encoding_run-001_bold.nii.gz",
      "ses-PREBL00/fmap/sub-6755055_ses-PREBL00_run-003_phasediff.nii.gz",
      "ses-PREBL00/func/sub-6755055_ses-PREBL00_task-retrieval_run-001_bold.nii.gz",
      "ses-PREBL00/fmap/sub-6755055_ses-PREBL00_run-002_phasediff.nii.gz",
      "ses-PREBL00/func/sub-6755055_ses-PREBL00_task-rest_run-001_bold.nii.gz",
      "ses-PREBL00/anat/sub-6755055_ses-PREBL00_run-001_T2star.nii.gz",
      "ses-PREBL00/anat/sub-6755055_ses-PREBL00_run-002_T2star.nii.gz",
      "ses-PREBL00/fmap/sub-6755055_ses-PREBL00_run-001_phasediff.nii.gz"
    ],
    "InversionTime": 0.9,
    "MRAcquisitionType": "3D ",
    "MagneticFieldStrength": 3,
    "Manufacturer": "SIEMENS  ",
    "ManufacturerModelName": "TrioTim  ",
    "Modality": "MRI__ ",
    "PatientPosition": "HFS  ",
    "PercentPhaseFOV": 93.75,
    "PhaseEncodingSteps": 239,
    "PixelBandwidth": 238,
    "ProtocolName": "MPRAGE ADNI_iPAT2  ",
    "PulseSequenceType": "*tfl3d1_ns ",
    "ReceiveCoilName": "HeadMatrixix\\\\ ",
    "RepetitionTime": 2.3,
    "SAR": 0.08608459593383,
    "ScanningSequence": "GR\\\\IR  ",
    "SequenceName": "*tfl3d1_ns ",
    "SequenceVariant": "SP\\\\MP  ",
    "SeriesDescription": "MPRAGE ADNI_iPAT2  ",
    "SeriesNumber": 12,
    "SliceOrder": "interleaved ",
    "SliceThickness": 1,
    "SliceTiming": null,
    "SoftwareVersions": "syngo MR B17 ",
    "dataset": "<unset>",
    "modality": "T1w",
    "run_id": 1,
    "session_id": "PREBL00",
    "subject_id": "6755055"
  },
  "cjv": 0.40427641145518345,
  "cnr": 3.34886432053086,
  "efc": 0.6074066489460133,
  "fber": 125.63761138916016,
  "fwhm_avg": 3.1601266666666668,
  "fwhm_x": 3.19042,
  "fwhm_y": 3.27892,
  "fwhm_z": 3.01104,
  "icvs_csf": 0.21535364676520305,
  "icvs_gm": 0.411818912809741,
  "icvs_wm": 0.37282744042505594,
  "inu_med": 1.28840970993042,
  "inu_range": 0.3338702917098999,
  "provenance": {
    "md5sum": "d10aa324d5eaa0b493a645da83181ef4",
    "settings": {
      "testing": false
    },
    "software": "mriqc",
    "version": "0.16.1",
    "warnings": {
      "large_rot_frame": true,
      "small_air_mask": false
    },
    "webapi_port": null,
    "webapi_url": "https://mriqc.nimh.nih.gov/api/v1"
  },
  "qi_1": 2.177437326379143e-05,
  "qi_2": 0.004197388623100018,
  "rpve_csf": 26.654749846074402,
  "rpve_gm": 14.219220027860908,
  "rpve_wm": 18.7898989580928,
  "size_x": 176,
  "size_y": 240,
  "size_z": 256,
  "snr_csf": 1.481668374176007,
  "snr_gm": 8.504691264312992,
  "snr_total": 8.921657886680483,
  "snr_wm": 16.778614021552453,
  "snrd_csf": 11.754786552925104,
  "snrd_gm": 25.68363260210063,
  "snrd_total": 25.387339113278387,
  "snrd_wm": 38.723598184809426,
  "spacing_x": 1.0,
  "spacing_y": 1.0,
  "spacing_z": 1.0,
  "summary_bg_k": 1370.4967233918796,
  "summary_bg_mad": 16.918233035939487,
  "summary_bg_mean": 55.22822952270508,
  "summary_bg_median": 53.74211120605469,
  "summary_bg_n": 2718506.0,
  "summary_bg_p05": 29.616600036621094,
  "summary_bg_p95": 85.53269386291504,
  "summary_bg_stdv": 21.856733322143555,
  "summary_csf_k": 29.036915057335904,
  "summary_csf_mad": 104.64414858658658,
  "summary_csf_mean": 340.7631530761719,
  "summary_csf_median": 303.5554504394531,
  "summary_csf_n": 16179.0,
  "summary_csf_p05": 168.09740447998047,
  "summary_csf_p95": 550.7097900390618,
  "summary_csf_stdv": 204.8677520751953,
  "summary_gm_k": -0.12228516222709596,
  "summary_gm_mad": 78.6504912489635,
  "summary_gm_mean": 662.1581420898438,
  "summary_gm_median": 663.2537841796875,
  "summary_gm_n": 12003.0,
  "summary_gm_p05": 531.9707580566406,
  "summary_gm_p95": 788.6377868652344,
  "summary_gm_stdv": 77.98356628417969,
  "summary_wm_k": 0.3478984445206481,
  "summary_wm_mad": 57.487122801175374,
  "summary_wm_mean": 1000.826904296875,
  "summary_wm_median": 999.9976806640625,
  "summary_wm_n": 178097.0,
  "summary_wm_p05": 904.3709228515625,
  "summary_wm_p95": 1099.65810546875,
  "summary_wm_stdv": 59.59937286376953,
  "tpm_overlap_csf": 0.16362448036670685,
  "tpm_overlap_gm": 0.4146374762058258,
  "tpm_overlap_wm": 0.49560078978538513,
  "wm2max": 0.5548413535417499
}