{
  "bids_meta": {
    "AcquisitionNumber": 1,
    "DeviceSerialNumber": "35442  ",
    "EchoNumber": 1,
    "EchoTime": 0.00298,
    "FlipAngle": 9,
    "ImageOrientationPatientDICOM": [
      "-0.05010699857",
      "0.9987437943992",
      "-0.000349060723",
      "-0.0108084295375",
      "-0.0008917383647",
      "-0.9999411895975  "
    ],
    "ImageType": [
      "ORIGINAL",
      "PRIMARY",
      "M",
      "ND",
      "NORM "
    ],
    "ImagingFrequency": 123.247382,
    "InPlanePhaseEncodingDirectionDICOM": "ROW  ",
    "IntendedFor": [
      "ses-NAPFU03/func/sub-1000173_ses-NAPFU03_task-encoding_run-001_bold.nii.gz",
      "ses-NAPFU03/anat/sub-1000173_ses-NAPFU03_run-001_T1w.nii.gz",
      "ses-NAPFU03/fmap/sub-1000173_ses-NAPFU03_run-002_phasediff.nii.gz",
      "ses-NAPFU03/asl/sub-1000173_ses-NAPFU03_run-001_asl.nii.gz",
      "ses-NAPFU03/func/sub-1000173_ses-NAPFU03_task-rest_run-001_bold.nii.gz",
      "ses-NAPFU03/anat/sub-1000173_ses-NAPFU03_run-001_T2star.nii.gz",
      "ses-NAPFU03/fmap/sub-1000173_ses-NAPFU03_run-003_phasediff.nii.gz",
      "ses-NAPFU03/func/sub-1000173_ses-NAPFU03_task-rest_run-002_bold.nii.gz",
      "ses-NAPFU03/fmap/sub-1000173_ses-NAPFU03_run-001_phasediff.nii.gz",
      "ses-NAPFU03/func/sub-1000173_ses-NAPFU03_task-retrieval_run-001_bold.nii.gz"
    ],
    "InversionTime": 0.9,
    "MRAcquisitionType": "3D ",
    "MagneticFieldStrength": 3,
    "Manufacturer": "SIEMENS  ",
    "ManufacturerModelName": "TrioTim  ",
    "Modality": "MRI__ ",
    "PatientPosition": "HFS  ",
    "PercentPhaseFOV": 93.75,
    "PhaseEncodingSteps": 239,
    "PixelBandwidth": 238,
    "ProtocolName": "MPRAGE ADNI_iPAT2  ",
    "PulseSequenceType": "*tfl3d1_ns ",
    "ReceiveCoilName": "HeadMatrixix\\\\ ",
    "RepetitionTime": 2.3,
    "SAR": 0.09182381029144,
    "ScanningSequence": "GR\\\\IR  ",
    "SequenceName": "*tfl3d1_ns ",
    "SequenceVariant": "SP\\\\MP  ",
    "SeriesDescription": "MPRAGE ADNI_iPAT2  ",
    "SeriesNumber": 17,
    "SliceOrder": "interleaved ",
    "SliceThickness": 1,
    "SliceTiming": null,
    "SoftwareVersions": "syngo MR B17 ",
    "dataset": "<unset>",
    "modality": "T1w",
    "run_id": 2,
    "session_id": "NAPFU03",
    "subject_id": "1000173"
  },
  "cjv": 0.46604615669662647,
  "cnr": 2.8182160323406875,
  "efc": 0.6654398714053488,
  "fber": 65.28046417236328,
  "fwhm_avg": 3.0571333333333333,
  "fwhm_x": 3.16881,
  "fwhm_y": 3.12099,
  "fwhm_z": 2.8816,
  "icvs_csf": 0.22638679194977143,
  "icvs_gm": 0.3869852879919921,
  "icvs_wm": 0.3866279200582365,
  "inu_med": 1.3785505294799805,
  "inu_range": 0.47138177752494803,
  "provenance": {
    "md5sum": "d70645b2429b42fc8ffd83ac02036fb4",
    "settings": {
      "testing": false
    },
    "software": "mriqc",
    "version": "0.16.1",
    "warnings": {
      "large_rot_frame": true,
      "small_air_mask": false
    },
    "webapi_port": null,
    "webapi_url": "https://mriqc.nimh.nih.gov/api/v1"
  },
  "qi_1": 5.117389254213621e-06,
  "qi_2": 0.004062247104279401,
  "rpve_csf": 24.274735242093453,
  "rpve_gm": 13.773727834507998,
  "rpve_wm": 16.967770636416937,
  "size_x": 176,
  "size_y": 240,
  "size_z": 256,
  "snr_csf": 3.2717858391880386,
  "snr_gm": 9.01477194439951,
  "snr_total": 9.161094959629633,
  "snr_wm": 15.19672709530135,
  "snrd_csf": 9.63744138748406,
  "snrd_gm": 19.078435617687838,
  "snrd_total": 18.65128174878742,
  "snrd_wm": 27.237968241190355,
  "spacing_x": 1.0,
  "spacing_y": 1.0,
  "spacing_z": 1.0,
  "summary_bg_k": 1140.726455438439,
  "summary_bg_mad": 24.05281506956464,
  "summary_bg_mean": 80.7303466796875,
  "summary_bg_median": 78.60521697998047,
  "summary_bg_n": 2516261.0,
  "summary_bg_p05": 43.676544189453125,
  "summary_bg_p95": 123.8203353881836,
  "summary_bg_stdv": 30.541107177734375,
  "summary_csf_k": -0.015250152510389636,
  "summary_csf_mad": 109.21744343952237,
  "summary_csf_mean": 363.663818359375,
  "summary_csf_median": 353.8310546875,
  "summary_csf_n": 11702.0,
  "summary_csf_p05": 201.41859588623046,
  "summary_csf_p95": 552.9883483886717,
  "summary_csf_stdv": 108.14153289794922,
  "summary_gm_k": 0.030228820227620634,
  "summary_gm_mad": 75.25997977905578,
  "summary_gm_mean": 699.0765991210938,
  "summary_gm_median": 700.44970703125,
  "summary_gm_n": 5569.0,
  "summary_gm_p05": 569.2588623046875,
  "summary_gm_p95": 825.8186889648437,
  "summary_gm_stdv": 77.6932373046875,
  "summary_wm_k": 0.1685102819641715,
  "summary_wm_mad": 64.35384058357653,
  "summary_wm_mean": 1000.6167602539062,
  "summary_wm_median": 1000.0205078125,
  "summary_wm_n": 172945.0,
  "summary_wm_p05": 893.4511596679688,
  "summary_wm_p95": 1109.7642578125,
  "summary_wm_stdv": 65.80480194091797,
  "tpm_overlap_csf": 0.14009712636470795,
  "tpm_overlap_gm": 0.3751879632472992,
  "tpm_overlap_wm": 0.43494802713394165,
  "wm2max": 0.5303573317815622
}