{
  "bids_meta": {
    "AcquisitionNumber": 1,
    "DeviceSerialNumber": "35442  ",
    "EchoNumber": 1,
    "EchoTime": 0.00298,
    "FlipAngle": 9,
    "ImageOrientationPatientDICOM": [
      "-0.0261408551834",
      "0.99488410043842",
      "0.09758218272365",
      "0.00132389375729",
      "0.09764990954146",
      "-0.9952199467816  "
    ],
    "ImageType": [
      "ORIGINAL",
      "PRIMARY",
      "M",
      "ND",
      "NORM "
    ],
    "ImagingFrequency": 123.247332,
    "InPlanePhaseEncodingDirectionDICOM": "ROW  ",
    "IntendedFor": [
      "ses-NAPEN00/fmap/sub-4605660_ses-NAPEN00_run-001_phasediff.nii.gz",
      "ses-NAPEN00/anat/sub-4605660_ses-NAPEN00_run-001_FLAIR.nii.gz",
      "ses-NAPEN00/fmap/sub-4605660_ses-NAPEN00_run-002_phasediff.nii.gz",
      "ses-NAPEN00/dwi/sub-4605660_ses-NAPEN00_run-001_dwi.nii.gz"
    ],
    "InversionTime": 0.9,
    "MRAcquisitionType": "3D ",
    "MagneticFieldStrength": 3,
    "Manufacturer": "SIEMENS  ",
    "ManufacturerModelName": "TrioTim  ",
    "Modality": "MRI__ ",
    "PatientPosition": "HFS  ",
    "PercentPhaseFOV": 93.75,
    "PhaseEncodingSteps": 239,
    "PixelBandwidth": 238,
    "ProtocolName": "MPRAGE ADNI_iPAT2  ",
    "PulseSequenceType": "*tfl3d1_ns ",
    "ReceiveCoilName": "HeadMatrixix\\\\ ",
    "RepetitionTime": 2.3,
    "SAR": 0.07848753125656,
    "ScanningSequence": "GR\\\\IR  ",
    "SequenceName": "*tfl3d1_ns ",
    "SequenceVariant": "SP\\\\MP  ",
    "SeriesDescription": "MPRAGE ADNI_iPAT2  ",
    "SeriesNumber": 4,
    "SliceOrder": "interleaved ",
    "SliceThickness": 1,
    "SliceTiming": null,
    "SoftwareVersions": "syngo MR B17 ",
    "dataset": "<unset>",
    "modality": "T1w",
    "run_id": 1,
    "session_id": "NAPEN00",
    "subject_id": "4605660"
  },
  "cjv": 0.42493123036399283,
  "cnr": 3.1122009968832374,
  "efc": 0.5903684327895969,
  "fber": 125.09207153320312,
  "fwhm_avg": 3.28926,
  "fwhm_x": 3.35316,
  "fwhm_y": 3.4163,
  "fwhm_z": 3.09832,
  "icvs_csf": 0.19759060827964633,
  "icvs_gm": 0.40130418295932946,
  "icvs_wm": 0.40110520876102423,
  "inu_med": 1.3855993747711182,
  "inu_range": 0.4417160034179688,
  "provenance": {
    "md5sum": "4eab2994bdeb8d56b6cafac4d0d950d2",
    "settings": {
      "testing": false
    },
    "software": "mriqc",
    "version": "0.16.1",
    "warnings": {
      "large_rot_frame": true,
      "small_air_mask": false
    },
    "webapi_port": null,
    "webapi_url": "https://mriqc.nimh.nih.gov/api/v1"
  },
  "qi_1": 0.0,
  "qi_2": 0.005293149425548968,
  "rpve_csf": 27.92875207501808,
  "rpve_gm": 14.28481714222985,
  "rpve_wm": 17.8707110981052,
  "size_x": 176,
  "size_y": 240,
  "size_z": 256,
  "snr_csf": 2.930897275518462,
  "snr_gm": 8.51993827106066,
  "snr_total": 9.981157737325693,
  "snr_wm": 18.492637665397957,
  "snrd_csf": 13.317701596661061,
  "snrd_gm": 25.565955972838278,
  "snrd_total": 25.339805008744026,
  "snrd_wm": 37.13575745673275,
  "spacing_x": 1.0,
  "spacing_y": 1.0,
  "spacing_z": 1.0,
  "summary_bg_k": 1992.237939471294,
  "summary_bg_mad": 17.64159998825991,
  "summary_bg_mean": 58.54037857055664,
  "summary_bg_median": 56.99468994140625,
  "summary_bg_n": 3153039.0,
  "summary_bg_p05": 31.28068103790283,
  "summary_bg_p95": 90.13799209594724,
  "summary_bg_stdv": 23.84463119506836,
  "summary_csf_k": -0.3578198132578452,
  "summary_csf_mad": 148.70808372982893,
  "summary_csf_mean": 354.81292724609375,
  "summary_csf_median": 358.620849609375,
  "summary_csf_n": 9844.0,
  "summary_csf_p05": 167.80135650634764,
  "summary_csf_p95": 543.5483062744141,
  "summary_csf_stdv": 122.35250854492188,
  "summary_gm_k": -0.01961381442670751,
  "summary_gm_mad": 79.82614847691912,
  "summary_gm_mean": 689.55810546875,
  "summary_gm_median": 688.4434814453125,
  "summary_gm_n": 12060.0,
  "summary_gm_p05": 555.9861938476563,
  "summary_gm_p95": 824.2003509521485,
  "summary_gm_stdv": 80.80046081542969,
  "summary_wm_k": 0.2518459450442947,
  "summary_wm_mad": 52.562519814524165,
  "summary_wm_mean": 999.5316772460938,
  "summary_wm_median": 999.9966430664062,
  "summary_wm_n": 210112.0,
  "summary_wm_p05": 910.1120452880859,
  "summary_wm_p95": 1087.5047607421875,
  "summary_wm_stdv": 54.07526397705078,
  "tpm_overlap_csf": 0.17266319692134857,
  "tpm_overlap_gm": 0.43185052275657654,
  "tpm_overlap_wm": 0.5043348670005798,
  "wm2max": 0.5072824179951134
}