{
  "bids_meta": {
    "AcquisitionNumber": 1,
    "DeviceSerialNumber": "35442  ",
    "EchoNumber": 1,
    "EchoTime": 0.00298,
    "FlipAngle": 9,
    "ImageOrientationPatientDICOM": [
      "0.03887108544512",
      "0.99553572425062",
      "0.08600965327865",
      "-0.0201754233271",
      "0.0868390800711",
      "-0.9960180352112 "
    ],
    "ImageType": [
      "ORIGINAL",
      "PRIMARY",
      "M",
      "ND",
      "NORM "
    ],
    "ImagingFrequency": 123.247188,
    "InPlanePhaseEncodingDirectionDICOM": "ROW  ",
    "IntendedFor": [
      "ses-NAPFU12/asl/sub-1284264_ses-NAPFU12_run-001_asl.nii.gz",
      "ses-NAPFU12/func/sub-1284264_ses-NAPFU12_task-rest_run-002_bold.nii.gz",
      "ses-NAPFU12/fmap/sub-1284264_ses-NAPFU12_run-003_phasediff.nii.gz",
      "ses-NAPFU12/fmap/sub-1284264_ses-NAPFU12_run-001_phasediff.nii.gz",
      "ses-NAPFU12/func/sub-1284264_ses-NAPFU12_task-retrieval_run-001_bold.nii.gz",
      "ses-NAPFU12/anat/sub-1284264_ses-NAPFU12_run-001_T2star.nii.gz",
      "ses-NAPFU12/func/sub-1284264_ses-NAPFU12_task-encoding_run-001_bold.nii.gz",
      "ses-NAPFU12/fmap/sub-1284264_ses-NAPFU12_run-002_phasediff.nii.gz",
      "ses-NAPFU12/func/sub-1284264_ses-NAPFU12_task-rest_run-001_bold.nii.gz"
    ],
    "InversionTime": 0.9,
    "MRAcquisitionType": "3D ",
    "MagneticFieldStrength": 3,
    "Manufacturer": "SIEMENS  ",
    "ManufacturerModelName": "TrioTim  ",
    "Modality": "MRI__ ",
    "PatientPosition": "HFS  ",
    "PercentPhaseFOV": 93.75,
    "PhaseEncodingSteps": 239,
    "PixelBandwidth": 238,
    "ProtocolName": "MPRAGE ADNI_iPAT2  ",
    "PulseSequenceType": "*tfl3d1_ns ",
    "ReceiveCoilName": "HeadMatrixix\\\\ ",
    "RepetitionTime": 2.3,
    "SAR": 0.08880823656118,
    "ScanningSequence": "GR\\\\IR  ",
    "SequenceName": "*tfl3d1_ns ",
    "SequenceVariant": "SP\\\\MP  ",
    "SeriesDescription": "MPRAGE ADNI_iPAT2  ",
    "SeriesNumber": 12,
    "SliceOrder": "interleaved ",
    "SliceThickness": 1,
    "SliceTiming": null,
    "SoftwareVersions": "syngo MR B17 ",
    "dataset": "<unset>",
    "modality": "T1w",
    "run_id": 1,
    "session_id": "NAPFU12",
    "subject_id": "1284264"
  },
  "cjv": 0.4129367533328358,
  "cnr": 3.328245969329983,
  "efc": 0.5944937109987007,
  "fber": 154.56834411621094,
  "fwhm_avg": 3.2844800000000003,
  "fwhm_x": 3.37217,
  "fwhm_y": 3.36764,
  "fwhm_z": 3.11363,
  "icvs_csf": 0.21371977349061988,
  "icvs_gm": 0.4050633045670957,
  "icvs_wm": 0.3812169219422844,
  "inu_med": 1.2947232723236084,
  "inu_range": 0.33245313763618456,
  "provenance": {
    "md5sum": "5e21e8a593d324b955272268af1da7ee",
    "settings": {
      "testing": false
    },
    "software": "mriqc",
    "version": "0.16.1",
    "warnings": {
      "large_rot_frame": true,
      "small_air_mask": false
    },
    "webapi_port": null,
    "webapi_url": "https://mriqc.nimh.nih.gov/api/v1"
  },
  "qi_1": 0.0,
  "qi_2": 0.004736495256614615,
  "rpve_csf": 27.786593965680098,
  "rpve_gm": 14.865088353497573,
  "rpve_wm": 19.149672339462377,
  "size_x": 176,
  "size_y": 240,
  "size_z": 256,
  "snr_csf": 3.1820226583804225,
  "snr_gm": 8.509153607309113,
  "snr_total": 9.010378513460866,
  "snr_wm": 15.339959274693063,
  "snrd_csf": 13.694852789375037,
  "snrd_gm": 27.70455560210416,
  "snrd_total": 27.820629189626985,
  "snrd_wm": 42.062479177401755,
  "spacing_x": 1.0,
  "spacing_y": 1.0,
  "spacing_z": 1.0,
  "summary_bg_k": 129.28786412056184,
  "summary_bg_mad": 15.574800101456283,
  "summary_bg_mean": 50.30469512939453,
  "summary_bg_median": 48.72684097290039,
  "summary_bg_n": 3169611.0,
  "summary_bg_p05": 26.022855758666992,
  "summary_bg_p95": 79.25656509399414,
  "summary_bg_stdv": 16.67275047302246,
  "summary_csf_k": 0.0816723795982206,
  "summary_csf_mad": 107.42544166594182,
  "summary_csf_mean": 335.98370361328125,
  "summary_csf_median": 325.57281494140625,
  "summary_csf_n": 18406.0,
  "summary_csf_p05": 187.3727149963379,
  "summary_csf_p95": 510.7086410522461,
  "summary_csf_stdv": 102.31352996826172,
  "summary_gm_k": -0.10061821850092967,
  "summary_gm_mad": 77.98375460675469,
  "summary_gm_mean": 657.849609375,
  "summary_gm_median": 658.6306762695312,
  "summary_gm_n": 13191.0,
  "summary_gm_p05": 529.8462829589844,
  "summary_gm_p95": 783.6914978027344,
  "summary_gm_stdv": 77.39967346191406,
  "summary_wm_k": 0.29861657857570867,
  "summary_wm_mad": 62.96652523861136,
  "summary_wm_mean": 1001.0801391601562,
  "summary_wm_median": 999.9669189453125,
  "summary_wm_n": 178341.0,
  "summary_wm_p05": 896.39892578125,
  "summary_wm_p95": 1110.324462890625,
  "summary_wm_stdv": 65.18688201904297,
  "tpm_overlap_csf": 0.17438511550426483,
  "tpm_overlap_gm": 0.42103639245033264,
  "tpm_overlap_wm": 0.5005766749382019,
  "wm2max": 0.5955654186952605
}