{
  "bids_meta": {
    "AcquisitionNumber": 1,
    "DeviceSerialNumber": "35442  ",
    "EchoNumber": 1,
    "EchoTime": 0.00298,
    "FlipAngle": 9,
    "ImageOrientationPatientDICOM": [
      "0.03197018849259",
      "0.99909886844687",
      "-0.0279169861541",
      "0.01728192784189",
      "-0.0284796617428",
      "-0.9994449678882  "
    ],
    "ImageType": [
      "ORIGINAL",
      "PRIMARY",
      "M",
      "ND",
      "NORM "
    ],
    "ImagingFrequency": 123.247224,
    "InPlanePhaseEncodingDirectionDICOM": "ROW  ",
    "IntendedFor": [
      "ses-PREBL00/func/sub-2623146_ses-PREBL00_task-retrieval_run-001_bold.nii.gz",
      "ses-PREBL00/func/sub-2623146_ses-PREBL00_task-rest_run-001_bold.nii.gz",
      "ses-PREBL00/fmap/sub-2623146_ses-PREBL00_run-002_phasediff.nii.gz",
      "ses-PREBL00/func/sub-2623146_ses-PREBL00_task-rest_run-002_bold.nii.gz",
      "ses-PREBL00/fmap/sub-2623146_ses-PREBL00_run-001_phasediff.nii.gz",
      "ses-PREBL00/asl/sub-2623146_ses-PREBL00_run-001_asl.nii.gz",
      "ses-PREBL00/func/sub-2623146_ses-PREBL00_task-encoding_run-001_bold.nii.gz",
      "ses-PREBL00/anat/sub-2623146_ses-PREBL00_run-001_T2star.nii.gz",
      "ses-PREBL00/fmap/sub-2623146_ses-PREBL00_run-003_phasediff.nii.gz"
    ],
    "InversionTime": 0.9,
    "MRAcquisitionType": "3D ",
    "MagneticFieldStrength": 3,
    "Manufacturer": "SIEMENS  ",
    "ManufacturerModelName": "TrioTim  ",
    "Modality": "MRI__ ",
    "PatientPosition": "HFS  ",
    "PercentPhaseFOV": 93.75,
    "PhaseEncodingSteps": 239,
    "PixelBandwidth": 238,
    "ProtocolName": "MPRAGE ADNI_iPAT2  ",
    "PulseSequenceType": "*tfl3d1_ns ",
    "ReceiveCoilName": "HeadMatrixix\\\\ ",
    "RepetitionTime": 2.3,
    "SAR": 0.08630134969368,
    "ScanningSequence": "GR\\\\IR  ",
    "SequenceName": "*tfl3d1_ns ",
    "SequenceVariant": "SP\\\\MP  ",
    "SeriesDescription": "MPRAGE ADNI_iPAT2  ",
    "SeriesNumber": 12,
    "SliceOrder": "interleaved ",
    "SliceThickness": 1,
    "SliceTiming": null,
    "SoftwareVersions": "syngo MR B17 ",
    "dataset": "<unset>",
    "modality": "T1w",
    "run_id": 1,
    "session_id": "PREBL00",
    "subject_id": "2623146"
  },
  "cjv": 0.4614123544735041,
  "cnr": 2.8681037874190998,
  "efc": 0.657907235463078,
  "fber": 92.67192077636719,
  "fwhm_avg": 3.2822066666666667,
  "fwhm_x": 3.27846,
  "fwhm_y": 3.4421,
  "fwhm_z": 3.12606,
  "icvs_csf": 0.20721178778269428,
  "icvs_gm": 0.3908871722455855,
  "icvs_wm": 0.4019010399717202,
  "inu_med": 1.3427624702453613,
  "inu_range": 0.5133161842823029,
  "provenance": {
    "md5sum": "841d8d81e8e3e845043cfb1a3a5cba00",
    "settings": {
      "testing": false
    },
    "software": "mriqc",
    "version": "0.16.1",
    "warnings": {
      "large_rot_frame": true,
      "small_air_mask": false
    },
    "webapi_port": null,
    "webapi_url": "https://mriqc.nimh.nih.gov/api/v1"
  },
  "qi_1": 0.0003362285018436927,
  "qi_2": 0.004767746279606424,
  "rpve_csf": 24.815028139899464,
  "rpve_gm": 13.204979079342383,
  "rpve_wm": 15.763105735603732,
  "size_x": 176,
  "size_y": 240,
  "size_z": 256,
  "snr_csf": 2.7047685092286984,
  "snr_gm": 8.893834238756359,
  "snr_total": 9.391005783278752,
  "snr_wm": 16.574414601851196,
  "snrd_csf": 10.937648133881689,
  "snrd_gm": 21.509569763831138,
  "snrd_total": 21.043903136144504,
  "snrd_wm": 30.68449151072068,
  "spacing_x": 1.0,
  "spacing_y": 1.0,
  "spacing_z": 1.0,
  "summary_bg_k": 383.3680711073107,
  "summary_bg_mad": 21.35096730791016,
  "summary_bg_mean": 72.05330657958984,
  "summary_bg_median": 69.63290405273438,
  "summary_bg_n": 2303325.0,
  "summary_bg_p05": 38.34012908935547,
  "summary_bg_p95": 109.74176330566407,
  "summary_bg_stdv": 31.88814353942871,
  "summary_csf_k": -0.4522521432815183,
  "summary_csf_mad": 154.14552103183814,
  "summary_csf_mean": 366.94195556640625,
  "summary_csf_median": 356.45916748046875,
  "summary_csf_n": 15916.0,
  "summary_csf_p05": 175.08724975585938,
  "summary_csf_p95": 584.8939971923828,
  "summary_csf_stdv": 131.78501892089844,
  "summary_gm_k": -0.08665746204467029,
  "summary_gm_mad": 78.74813088481356,
  "summary_gm_mean": 700.3150024414062,
  "summary_gm_median": 700.999267578125,
  "summary_gm_n": 11449.0,
  "summary_gm_p05": 566.6786254882812,
  "summary_gm_p95": 828.8612182617187,
  "summary_gm_stdv": 78.81512451171875,
  "summary_wm_k": 0.18261015054136598,
  "summary_wm_mad": 59.21957027879316,
  "summary_wm_mean": 1000.2511596679688,
  "summary_wm_median": 1000.010986328125,
  "summary_wm_n": 224011.0,
  "summary_wm_p05": 901.1722717285156,
  "summary_wm_p95": 1099.5022583007812,
  "summary_wm_stdv": 60.3344841003418,
  "tpm_overlap_csf": 0.15388797223567963,
  "tpm_overlap_gm": 0.41690462827682495,
  "tpm_overlap_wm": 0.5012308359146118,
  "wm2max": 0.45425236684101017
}