{
  "bids_meta": {
    "AcquisitionNumber": 1,
    "DeviceSerialNumber": "35442  ",
    "EchoNumber": 1,
    "EchoTime": 0.00298,
    "FlipAngle": 9,
    "ImageOrientationPatientDICOM": [
      "-0.0147664325051",
      "0.99705200597804",
      "0.07529442108306",
      "0.00976839850098",
      "0.07544288822032",
      "-0.997102276102 "
    ],
    "ImageType": [
      "ORIGINAL",
      "PRIMARY",
      "M",
      "ND",
      "NORM "
    ],
    "ImagingFrequency": 123.247107,
    "InPlanePhaseEncodingDirectionDICOM": "ROW  ",
    "IntendedFor": [
      "ses-PREFU12/func/sub-7550757_ses-PREFU12_task-rest_run-002_bold.nii.gz",
      "ses-PREFU12/fmap/sub-7550757_ses-PREFU12_run-001_phasediff.nii.gz",
      "ses-PREFU12/asl/sub-7550757_ses-PREFU12_run-001_asl.nii.gz",
      "ses-PREFU12/func/sub-7550757_ses-PREFU12_task-encoding_run-001_bold.nii.gz",
      "ses-PREFU12/fmap/sub-7550757_ses-PREFU12_run-002_phasediff.nii.gz",
      "ses-PREFU12/func/sub-7550757_ses-PREFU12_task-retrieval_run-001_bold.nii.gz",
      "ses-PREFU12/fmap/sub-7550757_ses-PREFU12_run-003_phasediff.nii.gz",
      "ses-PREFU12/anat/sub-7550757_ses-PREFU12_run-001_T2star.nii.gz",
      "ses-PREFU12/func/sub-7550757_ses-PREFU12_task-rest_run-001_bold.nii.gz"
    ],
    "InversionTime": 0.9,
    "MRAcquisitionType": "3D ",
    "MagneticFieldStrength": 3,
    "Manufacturer": "SIEMENS  ",
    "ManufacturerModelName": "TrioTim  ",
    "Modality": "MRI__ ",
    "PatientPosition": "HFS  ",
    "PercentPhaseFOV": 93.75,
    "PhaseEncodingSteps": 239,
    "PixelBandwidth": 238,
    "ProtocolName": "MPRAGE ADNI_iPAT2  ",
    "PulseSequenceType": "*tfl3d1_ns ",
    "ReceiveCoilName": "HeadMatrixix\\\\ ",
    "RepetitionTime": 2.3,
    "SAR": 0.08433214350593,
    "ScanningSequence": "GR\\\\IR  ",
    "SequenceName": "*tfl3d1_ns ",
    "SequenceVariant": "SP\\\\MP  ",
    "SeriesDescription": "MPRAGE ADNI_iPAT2  ",
    "SeriesNumber": 12,
    "SliceOrder": "interleaved ",
    "SliceThickness": 1,
    "SliceTiming": null,
    "SoftwareVersions": "syngo MR B17 ",
    "dataset": "<unset>",
    "modality": "T1w",
    "run_id": 1,
    "session_id": "PREFU12",
    "subject_id": "7550757"
  },
  "cjv": 0.3984568741016561,
  "cnr": 3.4717865591443298,
  "efc": 0.5839504583455223,
  "fber": 207.9345245361328,
  "fwhm_avg": 3.0602433333333336,
  "fwhm_x": 3.13499,
  "fwhm_y": 3.15083,
  "fwhm_z": 2.89491,
  "icvs_csf": 0.1977755678597559,
  "icvs_gm": 0.42710373740597857,
  "icvs_wm": 0.37512069473426557,
  "inu_med": 1.3607916831970215,
  "inu_range": 0.40508251786231986,
  "provenance": {
    "md5sum": "e5bdb1fb4adfa03a7cc5cd9fc6a92cd8",
    "settings": {
      "testing": false
    },
    "software": "mriqc",
    "version": "0.16.1",
    "warnings": {
      "large_rot_frame": true,
      "small_air_mask": false
    },
    "webapi_port": null,
    "webapi_url": "https://mriqc.nimh.nih.gov/api/v1"
  },
  "qi_1": 4.700428036446762e-05,
  "qi_2": 0.005183698632860434,
  "rpve_csf": 29.26904665248084,
  "rpve_gm": 14.246797027641652,
  "rpve_wm": 19.160494597804878,
  "size_x": 176,
  "size_y": 240,
  "size_z": 256,
  "snr_csf": 1.368865122777449,
  "snr_gm": 7.496714458846825,
  "snr_total": 7.825822317272098,
  "snr_wm": 14.61188737019202,
  "snrd_csf": 15.382873165987604,
  "snrd_gm": 31.737493978239375,
  "snrd_total": 32.70236764180786,
  "snrd_wm": 50.98673578119661,
  "spacing_x": 1.0,
  "spacing_y": 1.0,
  "spacing_z": 1.0,
  "summary_bg_k": 1651.4680124825288,
  "summary_bg_mad": 12.848910049950168,
  "summary_bg_mean": 38.96378707885742,
  "summary_bg_median": 37.414981842041016,
  "summary_bg_n": 3137151.0,
  "summary_bg_p05": 20.476659774780273,
  "summary_bg_p95": 62.3820743560791,
  "summary_bg_stdv": 15.737585067749023,
  "summary_csf_k": 21.89882563881279,
  "summary_csf_mad": 82.51847773144108,
  "summary_csf_mean": 345.80352783203125,
  "summary_csf_median": 301.6977233886719,
  "summary_csf_n": 18227.0,
  "summary_csf_p05": 187.54613189697267,
  "summary_csf_p95": 551.8933349609379,
  "summary_csf_stdv": 220.3938446044922,
  "summary_gm_k": -0.17912679409047572,
  "summary_gm_mad": 84.10971422505142,
  "summary_gm_mean": 622.6346435546875,
  "summary_gm_median": 622.4539184570312,
  "summary_gm_n": 14942.0,
  "summary_gm_p05": 486.6836303710938,
  "summary_gm_p95": 760.5384521484374,
  "summary_gm_stdv": 83.02745056152344,
  "summary_wm_k": 0.1749299118538059,
  "summary_wm_mad": 66.31857809384226,
  "summary_wm_mean": 1000.1355590820312,
  "summary_wm_median": 999.9810791015625,
  "summary_wm_n": 172973.0,
  "summary_wm_p05": 887.33935546875,
  "summary_wm_p95": 1113.2601318359375,
  "summary_wm_stdv": 68.4359359741211,
  "tpm_overlap_csf": 0.15852904319763184,
  "tpm_overlap_gm": 0.4031480550765991,
  "tpm_overlap_wm": 0.47905033826828003,
  "wm2max": 0.6119794983381859
}