{
  "bids_meta": {
    "AcquisitionNumber": 1,
    "DeviceSerialNumber": "35442  ",
    "EchoNumber": 1,
    "EchoTime": 0.00298,
    "FlipAngle": 9,
    "ImageOrientationPatientDICOM": [
      "-0.0518789534929",
      "0.99865331952767",
      "-0.0003486844373",
      "-0.0455822438202",
      "-0.0027167384087",
      "-0.9989568951565  "
    ],
    "ImageType": [
      "ORIGINAL",
      "PRIMARY",
      "M",
      "ND",
      "NORM "
    ],
    "ImagingFrequency": 123.247442,
    "InPlanePhaseEncodingDirectionDICOM": "ROW  ",
    "IntendedFor": [
      "ses-PREBL00/func/sub-4234290_ses-PREBL00_task-rest_run-001_bold.nii.gz",
      "ses-PREBL00/func/sub-4234290_ses-PREBL00_task-retrieval_run-001_bold.nii.gz",
      "ses-PREBL00/func/sub-4234290_ses-PREBL00_task-encoding_run-001_bold.nii.gz",
      "ses-PREBL00/fmap/sub-4234290_ses-PREBL00_run-003_phasediff.nii.gz",
      "ses-PREBL00/asl/sub-4234290_ses-PREBL00_run-001_asl.nii.gz",
      "ses-PREBL00/fmap/sub-4234290_ses-PREBL00_run-002_phasediff.nii.gz",
      "ses-PREBL00/anat/sub-4234290_ses-PREBL00_run-001_T2star.nii.gz",
      "ses-PREBL00/func/sub-4234290_ses-PREBL00_task-rest_run-002_bold.nii.gz",
      "ses-PREBL00/fmap/sub-4234290_ses-PREBL00_run-001_phasediff.nii.gz"
    ],
    "InversionTime": 0.9,
    "MRAcquisitionType": "3D ",
    "MagneticFieldStrength": 3,
    "Manufacturer": "SIEMENS  ",
    "ManufacturerModelName": "TrioTim  ",
    "Modality": "MRI__ ",
    "PatientPosition": "HFS  ",
    "PercentPhaseFOV": 93.75,
    "PhaseEncodingSteps": 239,
    "PixelBandwidth": 238,
    "ProtocolName": "MPRAGE ADNI_iPAT2  ",
    "PulseSequenceType": "*tfl3d1_ns ",
    "ReceiveCoilName": "HeadMatrixix\\\\ ",
    "RepetitionTime": 2.3,
    "SAR": 0.11578540940724,
    "ScanningSequence": "GR\\\\IR  ",
    "SequenceName": "*tfl3d1_ns ",
    "SequenceVariant": "SP\\\\MP  ",
    "SeriesDescription": "MPRAGE ADNI_iPAT2  ",
    "SeriesNumber": 12,
    "SliceOrder": "interleaved ",
    "SliceThickness": 1,
    "SliceTiming": null,
    "SoftwareVersions": "syngo MR B17 ",
    "dataset": "<unset>",
    "modality": "T1w",
    "run_id": 1,
    "session_id": "PREBL00",
    "subject_id": "4234290"
  },
  "cjv": 0.4742331034256485,
  "cnr": 2.8467309847363196,
  "efc": 0.7180823626345232,
  "fber": 73.0638198852539,
  "fwhm_avg": 3.1491899999999995,
  "fwhm_x": 3.22167,
  "fwhm_y": 3.23615,
  "fwhm_z": 2.98975,
  "icvs_csf": 0.21711063139865006,
  "icvs_gm": 0.39041262361512913,
  "icvs_wm": 0.3924767449862208,
  "inu_med": 1.1849271059036255,
  "inu_range": 0.30836406350135803,
  "provenance": {
    "md5sum": "51d5eece94dbeb99b3abf62d0d0f15ed",
    "settings": {
      "testing": false
    },
    "software": "mriqc",
    "version": "0.16.1",
    "warnings": {
      "large_rot_frame": true,
      "small_air_mask": false
    },
    "webapi_port": null,
    "webapi_url": "https://mriqc.nimh.nih.gov/api/v1"
  },
  "qi_1": 0.0,
  "qi_2": 0.003607769136642733,
  "rpve_csf": 22.32360146446345,
  "rpve_gm": 12.144983432388965,
  "rpve_wm": 14.688102228966152,
  "size_x": 176,
  "size_y": 240,
  "size_z": 256,
  "snr_csf": 3.077272128866142,
  "snr_gm": 8.305027281681438,
  "snr_total": 8.38661210151425,
  "snr_wm": 13.777536893995169,
  "snrd_csf": 8.898009055148975,
  "snrd_gm": 19.240417791310644,
  "snrd_total": 18.833949398321053,
  "snrd_wm": 28.36342134850354,
  "spacing_x": 1.0,
  "spacing_y": 1.0,
  "spacing_z": 1.0,
  "summary_bg_k": 130.21703298523443,
  "summary_bg_mad": 23.098102582927307,
  "summary_bg_mean": 76.40123748779297,
  "summary_bg_median": 73.64480590820312,
  "summary_bg_n": 2139460.0,
  "summary_bg_p05": 40.631957626342775,
  "summary_bg_p95": 119.60662956237792,
  "summary_bg_stdv": 28.76722526550293,
  "summary_csf_k": 0.8556098153478446,
  "summary_csf_mad": 94.00572659468696,
  "summary_csf_mean": 327.04364013671875,
  "summary_csf_median": 313.716552734375,
  "summary_csf_n": 29913.0,
  "summary_csf_p05": 183.83719482421876,
  "summary_csf_p95": 515.869287109375,
  "summary_csf_stdv": 101.94461059570312,
  "summary_gm_k": -0.10228733282329028,
  "summary_gm_mad": 82.45622002109369,
  "summary_gm_mean": 677.3473510742188,
  "summary_gm_median": 678.3582153320312,
  "summary_gm_n": 7180.0,
  "summary_gm_p05": 541.8192321777344,
  "summary_gm_p95": 812.009048461914,
  "summary_gm_stdv": 81.67474365234375,
  "summary_wm_k": 0.31390038450137325,
  "summary_wm_mad": 70.08046404524087,
  "summary_wm_mean": 1002.3255004882812,
  "summary_wm_median": 1000.0073852539062,
  "summary_wm_n": 217101.0,
  "summary_wm_p05": 887.017578125,
  "summary_wm_p95": 1125.44482421875,
  "summary_wm_stdv": 72.58228302001953,
  "tpm_overlap_csf": 0.16425786912441254,
  "tpm_overlap_gm": 0.396176815032959,
  "tpm_overlap_wm": 0.474399596452713,
  "wm2max": 0.5056779934624032
}