{
  "bids_meta": {
    "AcquisitionNumber": 1,
    "DeviceSerialNumber": "35442  ",
    "EchoNumber": 1,
    "EchoTime": 0.00298,
    "FlipAngle": 9,
    "ImageOrientationPatientDICOM": [
      "0.08266673443619",
      "0.9961377051374",
      "-0.0295953276927",
      "0.06647637750078",
      "-0.0351426577467",
      "-0.9971689349558 "
    ],
    "ImageType": [
      "ORIGINAL",
      "PRIMARY",
      "M",
      "ND",
      "NORM "
    ],
    "ImagingFrequency": 123.247248,
    "InPlanePhaseEncodingDirectionDICOM": "ROW  ",
    "IntendedFor": [
      "ses-PREFU24/fmap/sub-5187625_ses-PREFU24_run-005_phasediff.nii.gz",
      "ses-PREFU24/dwi/sub-5187625_ses-PREFU24_run-001_dwi.nii.gz",
      "ses-PREFU24/anat/sub-5187625_ses-PREFU24_run-001_FLAIR.nii.gz",
      "ses-PREFU24/fmap/sub-5187625_ses-PREFU24_run-004_phasediff.nii.gz"
    ],
    "InversionTime": 0.9,
    "MRAcquisitionType": "3D ",
    "MagneticFieldStrength": 3,
    "Manufacturer": "SIEMENS  ",
    "ManufacturerModelName": "TrioTim  ",
    "Modality": "MRI__ ",
    "PatientPosition": "HFS  ",
    "PercentPhaseFOV": 93.75,
    "PhaseEncodingSteps": 239,
    "PixelBandwidth": 238,
    "ProtocolName": "MPRAGE ADNI_iPAT2  ",
    "PulseSequenceType": "*tfl3d1_ns ",
    "ReceiveCoilName": "HeadMatrixix\\\\ ",
    "RepetitionTime": 2.3,
    "SAR": 0.08302979744675,
    "ScanningSequence": "GR\\\\IR  ",
    "SequenceName": "*tfl3d1_ns ",
    "SequenceVariant": "SP\\\\MP  ",
    "SeriesDescription": "MPRAGE ADNI_iPAT2  ",
    "SeriesNumber": 20,
    "SliceOrder": "interleaved ",
    "SliceThickness": 1,
    "SliceTiming": null,
    "SoftwareVersions": "syngo MR B17 ",
    "dataset": "<unset>",
    "modality": "T1w",
    "run_id": 2,
    "session_id": "PREFU24",
    "subject_id": "5187625"
  },
  "cjv": 0.3857780405145267,
  "cnr": 3.4522711685688954,
  "efc": 0.6008975961790202,
  "fber": 126.86064147949219,
  "fwhm_avg": 3.3476533333333336,
  "fwhm_x": 3.32961,
  "fwhm_y": 3.55125,
  "fwhm_z": 3.1621,
  "icvs_csf": 0.19464917484099262,
  "icvs_gm": 0.4214971997410682,
  "icvs_wm": 0.3838536254179392,
  "inu_med": 1.3546818494796753,
  "inu_range": 0.44774173498153713,
  "provenance": {
    "md5sum": "f3697953264f3bd32eeefc48d95d6c02",
    "settings": {
      "testing": false
    },
    "software": "mriqc",
    "version": "0.16.1",
    "warnings": {
      "large_rot_frame": true,
      "small_air_mask": false
    },
    "webapi_port": null,
    "webapi_url": "https://mriqc.nimh.nih.gov/api/v1"
  },
  "qi_1": 0.0,
  "qi_2": 0.0043048635311905056,
  "rpve_csf": 30.257140281639355,
  "rpve_gm": 14.756298060508378,
  "rpve_wm": 19.36476039098655,
  "size_x": 176,
  "size_y": 240,
  "size_z": 256,
  "snr_csf": 2.5756866842278447,
  "snr_gm": 10.297613785404987,
  "snr_total": 10.346274185485647,
  "snr_wm": 18.16552208682411,
  "snrd_csf": 11.264698109266627,
  "snrd_gm": 24.738335904108045,
  "snrd_total": 23.96573233301363,
  "snrd_wm": 35.89416298566621,
  "spacing_x": 1.0,
  "spacing_y": 1.0,
  "spacing_z": 1.0,
  "summary_bg_k": 2017.2753506222318,
  "summary_bg_mad": 18.25188730207325,
  "summary_bg_mean": 61.305625915527344,
  "summary_bg_median": 59.77445602416992,
  "summary_bg_n": 2812859.0,
  "summary_bg_p05": 33.085544204711915,
  "summary_bg_p95": 93.80678329467776,
  "summary_bg_stdv": 24.40059471130371,
  "summary_csf_k": 0.11823183133616677,
  "summary_csf_mad": 120.01193953886629,
  "summary_csf_mean": 339.1578063964844,
  "summary_csf_median": 313.8308410644531,
  "summary_csf_n": 11209.0,
  "summary_csf_p05": 176.21419677734374,
  "summary_csf_p95": 562.395263671875,
  "summary_csf_stdv": 121.83812713623047,
  "summary_gm_k": 0.023769092442070594,
  "summary_gm_mad": 66.93699261784539,
  "summary_gm_mean": 688.7390747070312,
  "summary_gm_median": 689.2020263671875,
  "summary_gm_n": 13405.0,
  "summary_gm_p05": 577.861767578125,
  "summary_gm_p95": 797.316015625,
  "summary_gm_stdv": 66.92582702636719,
  "summary_wm_k": 0.2951347748900264,
  "summary_wm_mad": 52.96194646201463,
  "summary_wm_mean": 998.327880859375,
  "summary_wm_median": 999.999755859375,
  "summary_wm_n": 177553.0,
  "summary_wm_p05": 904.6774169921875,
  "summary_wm_p95": 1085.564892578125,
  "summary_wm_stdv": 55.049171447753906,
  "tpm_overlap_csf": 0.17680156230926514,
  "tpm_overlap_gm": 0.4421670138835907,
  "tpm_overlap_wm": 0.5110251903533936,
  "wm2max": 0.5032473819391399
}