{
  "bids_meta": {
    "AcquisitionNumber": 1,
    "DeviceSerialNumber": "35442  ",
    "EchoNumber": 1,
    "EchoTime": 0.00298,
    "FlipAngle": 9,
    "ImageOrientationPatientDICOM": [
      "0.0175604459345",
      "0.99979099292911",
      "0.01046905900266",
      "0.02289790166154",
      "0.01006579004764",
      "-0.9996871340426 "
    ],
    "ImageType": [
      "ORIGINAL",
      "PRIMARY",
      "M",
      "ND",
      "NORM "
    ],
    "ImagingFrequency": 123.247087,
    "InPlanePhaseEncodingDirectionDICOM": "ROW  ",
    "IntendedFor": [
      "ses-NAPFU12/asl/sub-4169074_ses-NAPFU12_run-001_asl.nii.gz",
      "ses-NAPFU12/fmap/sub-4169074_ses-NAPFU12_run-001_phasediff.nii.gz",
      "ses-NAPFU12/anat/sub-4169074_ses-NAPFU12_run-001_T2star.nii.gz",
      "ses-NAPFU12/func/sub-4169074_ses-NAPFU12_task-rest_run-002_bold.nii.gz",
      "ses-NAPFU12/func/sub-4169074_ses-NAPFU12_task-encoding_run-001_bold.nii.gz",
      "ses-NAPFU12/fmap/sub-4169074_ses-NAPFU12_run-003_phasediff.nii.gz",
      "ses-NAPFU12/func/sub-4169074_ses-NAPFU12_task-retrieval_run-001_bold.nii.gz",
      "ses-NAPFU12/fmap/sub-4169074_ses-NAPFU12_run-002_phasediff.nii.gz",
      "ses-NAPFU12/func/sub-4169074_ses-NAPFU12_task-rest_run-001_bold.nii.gz"
    ],
    "InversionTime": 0.9,
    "MRAcquisitionType": "3D ",
    "MagneticFieldStrength": 3,
    "Manufacturer": "SIEMENS  ",
    "ManufacturerModelName": "TrioTim  ",
    "Modality": "MRI__ ",
    "PatientPosition": "HFS  ",
    "PercentPhaseFOV": 93.75,
    "PhaseEncodingSteps": 239,
    "PixelBandwidth": 238,
    "ProtocolName": "MPRAGE ADNI_iPAT2  ",
    "PulseSequenceType": "*tfl3d1_ns ",
    "ReceiveCoilName": "HeadMatrixix\\\\ ",
    "RepetitionTime": 2.3,
    "SAR": 0.12693029588284,
    "ScanningSequence": "GR\\\\IR  ",
    "SequenceName": "*tfl3d1_ns ",
    "SequenceVariant": "SP\\\\MP  ",
    "SeriesDescription": "MPRAGE ADNI_iPAT2  ",
    "SeriesNumber": 12,
    "SliceOrder": "interleaved ",
    "SliceThickness": 1,
    "SliceTiming": null,
    "SoftwareVersions": "syngo MR B17 ",
    "dataset": "<unset>",
    "modality": "T1w",
    "run_id": 1,
    "session_id": "NAPFU12",
    "subject_id": "4169074"
  },
  "cjv": 0.47523170644546514,
  "cnr": 2.7602395636703294,
  "efc": 0.6639060286306077,
  "fber": 88.84422302246094,
  "fwhm_avg": 3.0738066666666666,
  "fwhm_x": 3.15352,
  "fwhm_y": 3.18317,
  "fwhm_z": 2.88473,
  "icvs_csf": 0.20258467541538,
  "icvs_gm": 0.3923421758191341,
  "icvs_wm": 0.4050731487654859,
  "inu_med": 1.2786225080490112,
  "inu_range": 0.3776022911071777,
  "provenance": {
    "md5sum": "b71953f7f644ecbd4f1d63ae44488f74",
    "settings": {
      "testing": false
    },
    "software": "mriqc",
    "version": "0.16.1",
    "warnings": {
      "large_rot_frame": true,
      "small_air_mask": false
    },
    "webapi_port": null,
    "webapi_url": "https://mriqc.nimh.nih.gov/api/v1"
  },
  "qi_1": 6.666985424892368e-05,
  "qi_2": 0.002482080513726865,
  "rpve_csf": 28.410425158776555,
  "rpve_gm": 14.712888185485316,
  "rpve_wm": 17.559532643981026,
  "size_x": 176,
  "size_y": 240,
  "size_z": 256,
  "snr_csf": 2.6771425951051264,
  "snr_gm": 8.733375810242867,
  "snr_total": 8.953568259355471,
  "snr_wm": 15.450186372718417,
  "snrd_csf": 9.177935370203404,
  "snrd_gm": 20.763928981037203,
  "snrd_total": 19.881339413262154,
  "snrd_wm": 29.702153888545855,
  "spacing_x": 1.0,
  "spacing_y": 1.0,
  "spacing_z": 1.0,
  "summary_bg_k": 349.29375974133177,
  "summary_bg_mad": 22.056422726012723,
  "summary_bg_mean": 74.28557586669922,
  "summary_bg_median": 71.22904968261719,
  "summary_bg_n": 2751209.0,
  "summary_bg_p05": 39.09217758178711,
  "summary_bg_p95": 113.63962554931642,
  "summary_bg_stdv": 35.91962814331055,
  "summary_csf_k": 2.2038536963257576,
  "summary_csf_mad": 110.53053365816129,
  "summary_csf_mean": 329.2335205078125,
  "summary_csf_median": 308.9927978515625,
  "summary_csf_n": 12621.0,
  "summary_csf_p05": 172.87655639648438,
  "summary_csf_p95": 539.0015258789062,
  "summary_csf_stdv": 115.414306640625,
  "summary_gm_k": 0.050172876075399664,
  "summary_gm_mad": 79.70466449996943,
  "summary_gm_mean": 697.6618041992188,
  "summary_gm_median": 699.0574951171875,
  "summary_gm_n": 7190.0,
  "summary_gm_p05": 561.653076171875,
  "summary_gm_p95": 825.4389282226563,
  "summary_gm_stdv": 80.0387954711914,
  "summary_wm_k": 0.18689915252345957,
  "summary_wm_mad": 63.303241721464104,
  "summary_wm_mean": 1001.3607788085938,
  "summary_wm_median": 999.97998046875,
  "summary_wm_n": 189167.0,
  "summary_wm_p05": 897.4271850585938,
  "summary_wm_p95": 1110.1239868164062,
  "summary_wm_stdv": 64.72267150878906,
  "tpm_overlap_csf": 0.1693764328956604,
  "tpm_overlap_gm": 0.40520286560058594,
  "tpm_overlap_wm": 0.49438539147377014,
  "wm2max": 0.4875179801258665
}