{
  "bids_meta": {
    "AcquisitionNumber": 1,
    "DeviceSerialNumber": "35442  ",
    "EchoNumber": 1,
    "EchoTime": 0.00298,
    "FlipAngle": 9,
    "ImageOrientationPatientDICOM": [
      "0.02351813452458",
      "0.99928633205968",
      "0.02955882114003",
      "0.08572761425016",
      "0.02744226145183",
      "-0.9959406098967  "
    ],
    "ImageType": [
      "ORIGINAL",
      "PRIMARY",
      "M",
      "ND",
      "NORM "
    ],
    "ImagingFrequency": 123.251558,
    "InPlanePhaseEncodingDirectionDICOM": "ROW  ",
    "IntendedFor": [
      "ses-NAPFU24/fmap/sub-3047136_ses-NAPFU24_run-002_phasediff.nii.gz",
      "ses-NAPFU24/func/sub-3047136_ses-NAPFU24_task-rest_run-002_bold.nii.gz",
      "ses-NAPFU24/func/sub-3047136_ses-NAPFU24_task-encoding_run-001_bold.nii.gz",
      "ses-NAPFU24/asl/sub-3047136_ses-NAPFU24_run-001_asl.nii.gz",
      "ses-NAPFU24/fmap/sub-3047136_ses-NAPFU24_run-003_phasediff.nii.gz",
      "ses-NAPFU24/fmap/sub-3047136_ses-NAPFU24_run-004_phasediff.nii.gz",
      "ses-NAPFU24/func/sub-3047136_ses-NAPFU24_task-retrieval_run-001_bold.nii.gz",
      "ses-NAPFU24/fmap/sub-3047136_ses-NAPFU24_run-001_phasediff.nii.gz",
      "ses-NAPFU24/func/sub-3047136_ses-NAPFU24_task-rest_run-001_bold.nii.gz",
      "ses-NAPFU24/anat/sub-3047136_ses-NAPFU24_run-001_T1w.nii.gz",
      "ses-NAPFU24/anat/sub-3047136_ses-NAPFU24_run-001_T2star.nii.gz",
      "ses-NAPFU24/anat/sub-3047136_ses-NAPFU24_run-001_FLAIR.nii.gz",
      "ses-NAPFU24/dwi/sub-3047136_ses-NAPFU24_run-001_dwi.nii.gz",
      "ses-NAPFU24/fmap/sub-3047136_ses-NAPFU24_run-005_phasediff.nii.gz"
    ],
    "InversionTime": 0.9,
    "MRAcquisitionType": "3D ",
    "MagneticFieldStrength": 3,
    "Manufacturer": "SIEMENS  ",
    "ManufacturerModelName": "TrioTim  ",
    "Modality": "MRI__ ",
    "PatientPosition": "HFS  ",
    "PercentPhaseFOV": 93.75,
    "PhaseEncodingSteps": 239,
    "PixelBandwidth": 238,
    "ProtocolName": "MPRAGE ADNI_iPAT2  ",
    "PulseSequenceType": "*tfl3d1_ns ",
    "ReceiveCoilName": "HeadMatrixix\\\\ ",
    "RepetitionTime": 2.3,
    "SAR": 0.10672217796703,
    "ScanningSequence": "GR\\\\IR  ",
    "SequenceName": "*tfl3d1_ns ",
    "SequenceVariant": "SP\\\\MP  ",
    "SeriesDescription": "MPRAGE ADNI_iPAT2  ",
    "SeriesNumber": 17,
    "SliceOrder": "interleaved ",
    "SliceThickness": 1,
    "SliceTiming": null,
    "SoftwareVersions": "syngo MR B17 ",
    "dataset": "<unset>",
    "modality": "T1w",
    "run_id": 2,
    "session_id": "NAPFU24",
    "subject_id": "3047136"
  },
  "cjv": 0.39184292088272626,
  "cnr": 3.4374751439389883,
  "efc": 0.6279424352309885,
  "fber": 88.86811065673828,
  "fwhm_avg": 2.9991133333333337,
  "fwhm_x": 3.09699,
  "fwhm_y": 3.04302,
  "fwhm_z": 2.85733,
  "icvs_csf": 0.19389084915812474,
  "icvs_gm": 0.43327500799484514,
  "icvs_wm": 0.37283414284703015,
  "inu_med": 1.192753791809082,
  "inu_range": 0.3127013087272643,
  "provenance": {
    "md5sum": "fe6d20e8a83db5f48afde9420913b9f7",
    "settings": {
      "testing": false
    },
    "software": "mriqc",
    "version": "0.16.1",
    "warnings": {
      "large_rot_frame": true,
      "small_air_mask": false
    },
    "webapi_port": null,
    "webapi_url": "https://mriqc.nimh.nih.gov/api/v1"
  },
  "qi_1": 0.0,
  "qi_2": 0.0041021937364509355,
  "rpve_csf": 29.136994586502055,
  "rpve_gm": 13.87513908820532,
  "rpve_wm": 18.857523800161154,
  "size_x": 176,
  "size_y": 240,
  "size_z": 256,
  "snr_csf": 1.1996673787197472,
  "snr_gm": 8.61054278769941,
  "snr_total": 8.67800203849373,
  "snr_wm": 16.22379594906203,
  "snrd_csf": 9.866406550037926,
  "snrd_gm": 20.670965892530603,
  "snrd_total": 20.693986222007698,
  "snrd_wm": 31.544586223454562,
  "spacing_x": 1.0,
  "spacing_y": 1.0,
  "spacing_z": 1.0,
  "summary_bg_k": 0.9328148955486975,
  "summary_bg_mad": 20.76846068752219,
  "summary_bg_mean": 68.26243591308594,
  "summary_bg_median": 66.3350830078125,
  "summary_bg_n": 2584031.0,
  "summary_bg_p05": 36.58944511413574,
  "summary_bg_p95": 106.34210586547852,
  "summary_bg_stdv": 21.571210861206055,
  "summary_csf_k": 17.193669503551607,
  "summary_csf_mad": 109.97433159907655,
  "summary_csf_mean": 374.4361572265625,
  "summary_csf_median": 312.7746887207031,
  "summary_csf_n": 14470.0,
  "summary_csf_p05": 181.4422981262207,
  "summary_csf_p95": 612.9547943115231,
  "summary_csf_stdv": 260.7088317871094,
  "summary_gm_k": 0.05491811970441418,
  "summary_gm_mad": 74.67142723821348,
  "summary_gm_mean": 653.913818359375,
  "summary_gm_median": 655.2897338867188,
  "summary_gm_n": 13713.0,
  "summary_gm_p05": 524.0040771484375,
  "summary_gm_p95": 775.3389526367187,
  "summary_gm_stdv": 76.10041046142578,
  "summary_wm_k": 0.1679050671406377,
  "summary_wm_mad": 60.39853042306807,
  "summary_wm_mean": 1000.7271118164062,
  "summary_wm_median": 999.9940795898438,
  "summary_wm_n": 173794.0,
  "summary_wm_p05": 901.1097808837891,
  "summary_wm_p95": 1103.3951171875,
  "summary_wm_stdv": 61.63731384277344,
  "tpm_overlap_csf": 0.16037528216838837,
  "tpm_overlap_gm": 0.40634655952453613,
  "tpm_overlap_wm": 0.4735800623893738,
  "wm2max": 0.5071016949919038
}