{
  "bids_meta": {
    "AcquisitionNumber": 1,
    "DeviceSerialNumber": "35442  ",
    "EchoNumber": 1,
    "EchoTime": 0.00298,
    "FlipAngle": 9,
    "ImageOrientationPatientDICOM": [
      "-0.0412250134233",
      "0.99914982759549",
      "-0.0003468200583",
      "0.11235884739338",
      "0.00429102242606",
      "-0.9936584305177  "
    ],
    "ImageType": [
      "ORIGINAL",
      "PRIMARY",
      "M",
      "ND",
      "NORM "
    ],
    "ImagingFrequency": 123.247325,
    "InPlanePhaseEncodingDirectionDICOM": "ROW  ",
    "IntendedFor": [
      "ses-NAPEN00/dwi/sub-4676902_ses-NAPEN00_run-001_dwi.nii.gz",
      "ses-NAPEN00/fmap/sub-4676902_ses-NAPEN00_run-001_phasediff.nii.gz",
      "ses-NAPEN00/fmap/sub-4676902_ses-NAPEN00_run-002_phasediff.nii.gz",
      "ses-NAPEN00/anat/sub-4676902_ses-NAPEN00_run-001_FLAIR.nii.gz"
    ],
    "InversionTime": 0.9,
    "MRAcquisitionType": "3D ",
    "MagneticFieldStrength": 3,
    "Manufacturer": "SIEMENS  ",
    "ManufacturerModelName": "TrioTim  ",
    "Modality": "MRI__ ",
    "PatientPosition": "HFS  ",
    "PercentPhaseFOV": 93.75,
    "PhaseEncodingSteps": 239,
    "PixelBandwidth": 238,
    "ProtocolName": "MPRAGE ADNI_iPAT2  ",
    "PulseSequenceType": "*tfl3d1_ns ",
    "ReceiveCoilName": "HeadMatrixix\\\\ ",
    "RepetitionTime": 2.3,
    "SAR": 0.10486887144169,
    "ScanningSequence": "GR\\\\IR  ",
    "SequenceName": "*tfl3d1_ns ",
    "SequenceVariant": "SP\\\\MP  ",
    "SeriesDescription": "MPRAGE ADNI_iPAT2  ",
    "SeriesNumber": 4,
    "SliceOrder": "interleaved ",
    "SliceThickness": 1,
    "SliceTiming": null,
    "SoftwareVersions": "syngo MR B17 ",
    "dataset": "<unset>",
    "modality": "T1w",
    "run_id": 1,
    "session_id": "NAPEN00",
    "subject_id": "4676902"
  },
  "cjv": 0.4470535450566212,
  "cnr": 3.016178671561962,
  "efc": 0.6187140510960154,
  "fber": 175.58255004882812,
  "fwhm_avg": 2.94169,
  "fwhm_x": 2.96194,
  "fwhm_y": 3.02727,
  "fwhm_z": 2.83586,
  "icvs_csf": 0.21600967515131816,
  "icvs_gm": 0.4061435262417371,
  "icvs_wm": 0.3778467986069447,
  "inu_med": 1.4687086343765259,
  "inu_range": 0.44504861831665044,
  "provenance": {
    "md5sum": "7153944f013103af1384a3d69d137be0",
    "settings": {
      "testing": false
    },
    "software": "mriqc",
    "version": "0.16.1",
    "warnings": {
      "large_rot_frame": true,
      "small_air_mask": false
    },
    "webapi_port": null,
    "webapi_url": "https://mriqc.nimh.nih.gov/api/v1"
  },
  "qi_1": 0.0,
  "qi_2": 0.005144847991406511,
  "rpve_csf": 26.90508067929386,
  "rpve_gm": 14.17826765125567,
  "rpve_wm": 17.95025286510796,
  "size_x": 176,
  "size_y": 240,
  "size_z": 256,
  "snr_csf": 3.2138264340680456,
  "snr_gm": 9.966117967995844,
  "snr_total": 9.402410662546634,
  "snr_wm": 15.02728758557601,
  "snrd_csf": 14.689450658322855,
  "snrd_gm": 27.913874595583383,
  "snrd_total": 27.486384782656284,
  "snrd_wm": 39.85582909406261,
  "spacing_x": 1.0,
  "spacing_y": 1.0,
  "spacing_z": 1.0,
  "summary_bg_k": 1790.204560823233,
  "summary_bg_mad": 16.43755690926563,
  "summary_bg_mean": 49.535301208496094,
  "summary_bg_median": 48.031089782714844,
  "summary_bg_n": 3501031.0,
  "summary_bg_p05": 24.640793800354004,
  "summary_bg_p95": 79.29852676391602,
  "summary_bg_stdv": 22.411714553833008,
  "summary_csf_k": 7.709446436716071,
  "summary_csf_mad": 110.7942013958426,
  "summary_csf_mean": 376.819580078125,
  "summary_csf_median": 368.5624694824219,
  "summary_csf_n": 11991.0,
  "summary_csf_p05": 205.99810028076172,
  "summary_csf_p95": 570.9125366210938,
  "summary_csf_stdv": 114.67548370361328,
  "summary_gm_k": -0.006241038382029274,
  "summary_gm_mad": 68.81558283123505,
  "summary_gm_mean": 698.6240234375,
  "summary_gm_median": 700.3670043945312,
  "summary_gm_n": 7621.0,
  "summary_gm_p05": 578.9032592773438,
  "summary_gm_p95": 812.7315063476562,
  "summary_gm_stdv": 70.27019500732422,
  "summary_wm_k": 0.182864480428933,
  "summary_wm_mad": 65.13373604379325,
  "summary_wm_mean": 1000.4002075195312,
  "summary_wm_median": 999.9940185546875,
  "summary_wm_n": 168668.0,
  "summary_wm_p05": 891.6751373291015,
  "summary_wm_p95": 1110.4452209472656,
  "summary_wm_stdv": 66.54501342773438,
  "tpm_overlap_csf": 0.14975911378860474,
  "tpm_overlap_gm": 0.40470457077026367,
  "tpm_overlap_wm": 0.4633815884590149,
  "wm2max": 0.5203171594431822
}