{
  "bids_meta": {
    "AcquisitionNumber": 1,
    "DeviceSerialNumber": "35442  ",
    "EchoNumber": 1,
    "EchoTime": 0.00298,
    "FlipAngle": 9,
    "ImageOrientationPatientDICOM": [
      "0.03297838519734",
      "0.99858025660922",
      "0.04183177285321",
      "0.04713291885392",
      "0.04025412161656",
      "-0.9980771982433  "
    ],
    "ImageType": [
      "ORIGINAL",
      "PRIMARY",
      "M",
      "ND",
      "NORM "
    ],
    "ImagingFrequency": 123.247213,
    "InPlanePhaseEncodingDirectionDICOM": "ROW  ",
    "IntendedFor": [
      "ses-PREBL00/func/sub-9742226_ses-PREBL00_task-encoding_run-001_bold.nii.gz",
      "ses-PREBL00/func/sub-9742226_ses-PREBL00_task-rest_run-002_bold.nii.gz",
      "ses-PREBL00/fmap/sub-9742226_ses-PREBL00_run-001_phasediff.nii.gz",
      "ses-PREBL00/asl/sub-9742226_ses-PREBL00_run-001_asl.nii.gz",
      "ses-PREBL00/fmap/sub-9742226_ses-PREBL00_run-003_phasediff.nii.gz",
      "ses-PREBL00/fmap/sub-9742226_ses-PREBL00_run-002_phasediff.nii.gz",
      "ses-PREBL00/anat/sub-9742226_ses-PREBL00_run-001_T2star.nii.gz",
      "ses-PREBL00/func/sub-9742226_ses-PREBL00_task-rest_run-001_bold.nii.gz",
      "ses-PREBL00/func/sub-9742226_ses-PREBL00_task-retrieval_run-001_bold.nii.gz"
    ],
    "InversionTime": 0.9,
    "MRAcquisitionType": "3D ",
    "MagneticFieldStrength": 3,
    "Manufacturer": "SIEMENS  ",
    "ManufacturerModelName": "TrioTim  ",
    "Modality": "MRI__ ",
    "PatientPosition": "HFS  ",
    "PercentPhaseFOV": 93.75,
    "PhaseEncodingSteps": 239,
    "PixelBandwidth": 238,
    "ProtocolName": "MPRAGE ADNI_iPAT2  ",
    "PulseSequenceType": "*tfl3d1_ns ",
    "ReceiveCoilName": "HeadMatrixix\\\\ ",
    "RepetitionTime": 2.3,
    "SAR": 0.12044235336582,
    "ScanningSequence": "GR\\\\IR  ",
    "SequenceName": "*tfl3d1_ns ",
    "SequenceVariant": "SP\\\\MP  ",
    "SeriesDescription": "MPRAGE ADNI_iPAT2  ",
    "SeriesNumber": 12,
    "SliceOrder": "interleaved ",
    "SliceThickness": 1,
    "SliceTiming": null,
    "SoftwareVersions": "syngo MR B17 ",
    "dataset": "<unset>",
    "modality": "T1w",
    "run_id": 1,
    "session_id": "PREBL00",
    "subject_id": "9742226"
  },
  "cjv": 0.46284072376673846,
  "cnr": 2.964615788416801,
  "efc": 0.6268843813540522,
  "fber": 128.45635986328125,
  "fwhm_avg": 3.208553333333333,
  "fwhm_x": 3.26668,
  "fwhm_y": 3.32279,
  "fwhm_z": 3.03619,
  "icvs_csf": 0.19958635303941988,
  "icvs_gm": 0.40812835341334436,
  "icvs_wm": 0.39228529354723574,
  "inu_med": 1.1829307079315186,
  "inu_range": 0.3249866247177122,
  "provenance": {
    "md5sum": "43df0d6966b2df95f557a122ef57c908",
    "settings": {
      "testing": false
    },
    "software": "mriqc",
    "version": "0.16.1",
    "warnings": {
      "large_rot_frame": true,
      "small_air_mask": false
    },
    "webapi_port": null,
    "webapi_url": "https://mriqc.nimh.nih.gov/api/v1"
  },
  "qi_1": 0.0,
  "qi_2": 0.0050194502577774105,
  "rpve_csf": 28.187092573582884,
  "rpve_gm": 14.21110057178789,
  "rpve_wm": 18.01243297261225,
  "size_x": 176,
  "size_y": 240,
  "size_z": 256,
  "snr_csf": 2.9502200846341085,
  "snr_gm": 7.710928917204537,
  "snr_total": 8.766174955534048,
  "snr_wm": 15.637375864763499,
  "snrd_csf": 11.763299723440214,
  "snrd_gm": 25.43386763427165,
  "snrd_total": 24.99838186409617,
  "snrd_wm": 37.79797823457665,
  "spacing_x": 1.0,
  "spacing_y": 1.0,
  "spacing_z": 1.0,
  "summary_bg_k": 935.301158676157,
  "summary_bg_mad": 17.332285268364394,
  "summary_bg_mean": 53.605674743652344,
  "summary_bg_median": 51.626583099365234,
  "summary_bg_n": 2781909.0,
  "summary_bg_p05": 26.056568908691407,
  "summary_bg_p95": 85.39767150878909,
  "summary_bg_stdv": 21.696481704711914,
  "summary_csf_k": 0.0660028332540783,
  "summary_csf_mad": 108.00529577305281,
  "summary_csf_mean": 325.4578857421875,
  "summary_csf_median": 311.2098083496094,
  "summary_csf_n": 11380.0,
  "summary_csf_p05": 172.77216796874998,
  "summary_csf_p95": 514.0513031005859,
  "summary_csf_stdv": 105.48234558105469,
  "summary_gm_k": -0.12345816616942118,
  "summary_gm_mad": 88.84410542805401,
  "summary_gm_mean": 669.9150390625,
  "summary_gm_median": 672.8782958984375,
  "summary_gm_n": 9398.0,
  "summary_gm_p05": 519.4889465332031,
  "summary_gm_p95": 807.7088500976563,
  "summary_gm_stdv": 87.25829315185547,
  "summary_wm_k": 0.19006265071952289,
  "summary_wm_mad": 62.55334398069531,
  "summary_wm_mean": 1000.0130004882812,
  "summary_wm_median": 999.983154296875,
  "summary_wm_n": 201327.0,
  "summary_wm_p05": 895.1029296875001,
  "summary_wm_p95": 1105.323596191406,
  "summary_wm_stdv": 63.94811248779297,
  "tpm_overlap_csf": 0.17396096885204315,
  "tpm_overlap_gm": 0.4171302318572998,
  "tpm_overlap_wm": 0.5106547474861145,
  "wm2max": 0.5628046005634797
}