{
  "bids_meta": {
    "AcquisitionNumber": 1,
    "DeviceSerialNumber": "35442  ",
    "EchoNumber": 1,
    "EchoTime": 0.00298,
    "FlipAngle": 9,
    "ImageOrientationPatientDICOM": [
      "-0.0443227786863",
      "0.99901720189733",
      "-0.0003487158637",
      "-0.0428349165375",
      "-0.0022491679205",
      "-0.9990796320459  "
    ],
    "ImageType": [
      "ORIGINAL",
      "PRIMARY",
      "M",
      "ND",
      "NORM "
    ],
    "ImagingFrequency": 123.247397,
    "InPlanePhaseEncodingDirectionDICOM": "ROW  ",
    "IntendedFor": [
      "ses-NAPEN00/dwi/sub-4541749_ses-NAPEN00_run-001_dwi.nii.gz",
      "ses-NAPEN00/fmap/sub-4541749_ses-NAPEN00_run-001_phasediff.nii.gz",
      "ses-NAPEN00/anat/sub-4541749_ses-NAPEN00_run-001_FLAIR.nii.gz",
      "ses-NAPEN00/fmap/sub-4541749_ses-NAPEN00_run-002_phasediff.nii.gz"
    ],
    "InversionTime": 0.9,
    "MRAcquisitionType": "3D ",
    "MagneticFieldStrength": 3,
    "Manufacturer": "SIEMENS  ",
    "ManufacturerModelName": "TrioTim  ",
    "Modality": "MRI__ ",
    "PatientPosition": "HFS  ",
    "PercentPhaseFOV": 93.75,
    "PhaseEncodingSteps": 239,
    "PixelBandwidth": 238,
    "ProtocolName": "MPRAGE ADNI_iPAT2  ",
    "PulseSequenceType": "*tfl3d1_ns ",
    "ReceiveCoilName": "HeadMatrixix\\\\ ",
    "RepetitionTime": 2.3,
    "SAR": 0.09503632715867,
    "ScanningSequence": "GR\\\\IR  ",
    "SequenceName": "*tfl3d1_ns ",
    "SequenceVariant": "SP\\\\MP  ",
    "SeriesDescription": "MPRAGE ADNI_iPAT2  ",
    "SeriesNumber": 4,
    "SliceOrder": "interleaved ",
    "SliceThickness": 1,
    "SliceTiming": null,
    "SoftwareVersions": "syngo MR B17 ",
    "dataset": "<unset>",
    "modality": "T1w",
    "run_id": 1,
    "session_id": "NAPEN00",
    "subject_id": "4541749"
  },
  "cjv": 0.4229000173793225,
  "cnr": 3.0830017988497036,
  "efc": 0.6010468102935408,
  "fber": 91.54859161376953,
  "fwhm_avg": 3.2081733333333333,
  "fwhm_x": 3.20216,
  "fwhm_y": 3.37049,
  "fwhm_z": 3.05187,
  "icvs_csf": 0.21689052109349832,
  "icvs_gm": 0.4125726737793415,
  "icvs_wm": 0.3705368051271602,
  "inu_med": 1.3199119567871094,
  "inu_range": 0.44722379446029636,
  "provenance": {
    "md5sum": "4efdbd5f0e670e903b01e9c281354b71",
    "settings": {
      "testing": false
    },
    "software": "mriqc",
    "version": "0.16.1",
    "warnings": {
      "large_rot_frame": true,
      "small_air_mask": false
    },
    "webapi_port": null,
    "webapi_url": "https://mriqc.nimh.nih.gov/api/v1"
  },
  "qi_1": 3.12199392169421e-05,
  "qi_2": 0.004197115415277738,
  "rpve_csf": 30.77464776637221,
  "rpve_gm": 16.21642998273052,
  "rpve_wm": 21.24201063074852,
  "size_x": 176,
  "size_y": 240,
  "size_z": 256,
  "snr_csf": 2.5139984319066024,
  "snr_gm": 10.157217762270735,
  "snr_total": 9.969570917228461,
  "snr_wm": 17.237496557508045,
  "snrd_csf": 9.696412142878792,
  "snrd_gm": 22.600539054569527,
  "snrd_total": 21.394508609763093,
  "snrd_wm": 31.88657463184096,
  "spacing_x": 1.0,
  "spacing_y": 1.0,
  "spacing_z": 1.0,
  "summary_bg_k": 1756.418256934637,
  "summary_bg_mad": 20.54552514732652,
  "summary_bg_mean": 68.89068603515625,
  "summary_bg_median": 67.20378112792969,
  "summary_bg_n": 3025213.0,
  "summary_bg_p05": 37.33123016357422,
  "summary_bg_p95": 105.28818206787108,
  "summary_bg_stdv": 26.238574981689453,
  "summary_csf_k": 0.5857053870940194,
  "summary_csf_mad": 113.94260457500253,
  "summary_csf_mean": 331.7760314941406,
  "summary_csf_median": 304.08612060546875,
  "summary_csf_n": 11549.0,
  "summary_csf_p05": 176.58287353515624,
  "summary_csf_p95": 559.109521484375,
  "summary_csf_stdv": 120.9519271850586,
  "summary_gm_k": 0.16977346229890244,
  "summary_gm_mad": 67.45514327111462,
  "summary_gm_mean": 707.7501831054688,
  "summary_gm_median": 708.7683715820312,
  "summary_gm_n": 7862.0,
  "summary_gm_p05": 591.4756744384765,
  "summary_gm_p95": 821.0297302246094,
  "summary_gm_stdv": 69.77533721923828,
  "summary_wm_k": 0.30472076936047454,
  "summary_wm_mad": 55.70029031786167,
  "summary_wm_mean": 999.2615356445312,
  "summary_wm_median": 999.9848022460938,
  "summary_wm_n": 150088.0,
  "summary_wm_p05": 902.3616729736328,
  "summary_wm_p95": 1093.3854187011718,
  "summary_wm_stdv": 58.01198959350586,
  "tpm_overlap_csf": 0.16158205270767212,
  "tpm_overlap_gm": 0.41482067108154297,
  "tpm_overlap_wm": 0.48104965686798096,
  "wm2max": 0.4740958698329114
}