{
  "bids_meta": {
    "AcquisitionNumber": 1,
    "DeviceSerialNumber": "35442  ",
    "EchoNumber": 1,
    "EchoTime": 0.00298,
    "FlipAngle": 9,
    "ImageOrientationPatientDICOM": [
      "0.01568795662874",
      "0.99987687556951",
      "-0.0003488813075",
      "0.02915519017259",
      "-0.0008062175076",
      "-0.9995745719551  "
    ],
    "ImageType": [
      "ORIGINAL",
      "PRIMARY",
      "M",
      "ND",
      "NORM "
    ],
    "ImagingFrequency": 123.251428,
    "InPlanePhaseEncodingDirectionDICOM": "ROW  ",
    "InversionTime": 0.9,
    "MRAcquisitionType": "3D ",
    "MagneticFieldStrength": 3,
    "Manufacturer": "SIEMENS  ",
    "ManufacturerModelName": "TrioTim  ",
    "Modality": "MRI__ ",
    "PatientPosition": "HFS  ",
    "PercentPhaseFOV": 93.75,
    "PhaseEncodingSteps": 239,
    "PixelBandwidth": 238,
    "ProtocolName": "MPRAGE ADNI_iPAT2  ",
    "PulseSequenceType": "*tfl3d1_ns ",
    "ReceiveCoilName": "32Ch_Headad\\\\  ",
    "RepetitionTime": 2.3,
    "SAR": 0.09329463605327,
    "ScanningSequence": "GR\\\\IR  ",
    "SequenceName": "*tfl3d1_ns ",
    "SequenceVariant": "SP\\\\MP  ",
    "SeriesDescription": "MPRAGE ADNI_iPAT2  ",
    "SeriesNumber": 12,
    "SliceOrder": "interleaved ",
    "SliceThickness": 1,
    "SliceTiming": null,
    "SoftwareVersions": "syngo MR B17 ",
    "dataset": "<unset>",
    "modality": "T1w",
    "run_id": 1,
    "session_id": "PREBL00",
    "subject_id": "7055352"
  },
  "cjv": 0.39561884939793845,
  "cnr": 3.3945288548035797,
  "efc": 0.5831118706650926,
  "fber": 98.25347900390625,
  "fwhm_avg": 3.5362033333333334,
  "fwhm_x": 3.53953,
  "fwhm_y": 3.76483,
  "fwhm_z": 3.30425,
  "icvs_csf": 0.22032966367546722,
  "icvs_gm": 0.3926315368244938,
  "icvs_wm": 0.387038799500039,
  "inu_med": 1.3606112003326416,
  "inu_range": 0.3616321027278897,
  "provenance": {
    "md5sum": "eaa816b257a38f85ef9020119a5539eb",
    "settings": {
      "testing": false
    },
    "software": "mriqc",
    "version": "0.16.1",
    "warnings": {
      "large_rot_frame": false,
      "small_air_mask": false
    },
    "webapi_port": null,
    "webapi_url": "https://mriqc.nimh.nih.gov/api/v1"
  },
  "qi_1": 0.0001841568197629626,
  "qi_2": 0.006327066183199434,
  "rpve_csf": 25.81056014162289,
  "rpve_gm": 14.43590056056544,
  "rpve_wm": 18.25842043542548,
  "size_x": 176,
  "size_y": 240,
  "size_z": 256,
  "snr_csf": 2.9499650388211327,
  "snr_gm": 9.46247586980753,
  "snr_total": 11.083497016430508,
  "snr_wm": 20.83805014066286,
  "snrd_csf": 21.132015537893327,
  "snrd_gm": 43.94644728703959,
  "snrd_total": 42.67017644116834,
  "snrd_wm": 62.932066498572084,
  "spacing_x": 1.0,
  "spacing_y": 1.0,
  "spacing_z": 1.0,
  "summary_bg_k": 1487.083672279302,
  "summary_bg_mad": 10.410254948972176,
  "summary_bg_mean": 63.11161804199219,
  "summary_bg_median": 61.94417953491211,
  "summary_bg_n": 3156267.0,
  "summary_bg_p05": 46.739540100097656,
  "summary_bg_p95": 82.68386764526366,
  "summary_bg_stdv": 12.236380577087402,
  "summary_csf_k": 1.275362852535178,
  "summary_csf_mad": 125.6937700257894,
  "summary_csf_mean": 348.986083984375,
  "summary_csf_median": 335.79217529296875,
  "summary_csf_n": 18126.0,
  "summary_csf_p05": 189.96539688110352,
  "summary_csf_p95": 544.5922698974609,
  "summary_csf_stdv": 113.82606506347656,
  "summary_gm_k": -0.13712640562242395,
  "summary_gm_mad": 74.36158654020547,
  "summary_gm_mean": 698.19189453125,
  "summary_gm_median": 698.3182983398438,
  "summary_gm_n": 15881.0,
  "summary_gm_p05": 575.2886352539062,
  "summary_gm_p95": 818.6578369140625,
  "summary_gm_stdv": 73.7963638305664,
  "summary_wm_k": 0.6161155529908666,
  "summary_wm_mad": 44.990878247811565,
  "summary_wm_mean": 1000.8012084960938,
  "summary_wm_median": 1000.0037841796875,
  "summary_wm_n": 188360.0,
  "summary_wm_p05": 923.8968017578126,
  "summary_wm_p95": 1080.5310302734374,
  "summary_wm_stdv": 47.98918914794922,
  "tpm_overlap_csf": 0.17382529377937317,
  "tpm_overlap_gm": 0.42472973465919495,
  "tpm_overlap_wm": 0.5121180415153503,
  "wm2max": 0.4541585477226242
}