{
  "bids_meta": {
    "AcquisitionNumber": 1,
    "DeviceSerialNumber": "35442  ",
    "EchoNumber": 1,
    "EchoTime": 0.00298,
    "FlipAngle": 9,
    "ImageOrientationPatientDICOM": [
      "-0.0125622249251",
      "0.99992103146959",
      "-0.0003483241511",
      "0.06662969854861",
      "0.00048950586164",
      "-0.9977776524133  "
    ],
    "ImageType": [
      "ORIGINAL",
      "PRIMARY",
      "M",
      "ND",
      "NORM "
    ],
    "ImagingFrequency": 123.251392,
    "InPlanePhaseEncodingDirectionDICOM": "ROW  ",
    "InversionTime": 0.9,
    "MRAcquisitionType": "3D ",
    "MagneticFieldStrength": 3,
    "Manufacturer": "SIEMENS  ",
    "ManufacturerModelName": "TrioTim  ",
    "Modality": "MRI__ ",
    "PatientPosition": "HFS  ",
    "PercentPhaseFOV": 93.75,
    "PhaseEncodingSteps": 239,
    "PixelBandwidth": 238,
    "ProtocolName": "MPRAGE ADNI_iPAT2  ",
    "PulseSequenceType": "*tfl3d1_ns ",
    "ReceiveCoilName": "32Ch_Headad\\\\  ",
    "RepetitionTime": 2.3,
    "SAR": 0.08704752054887,
    "ScanningSequence": "GR\\\\IR  ",
    "SequenceName": "*tfl3d1_ns ",
    "SequenceVariant": "SP\\\\MP  ",
    "SeriesDescription": "MPRAGE ADNI_iPAT2  ",
    "SeriesNumber": 4,
    "SliceOrder": "interleaved ",
    "SliceThickness": 1,
    "SliceTiming": null,
    "SoftwareVersions": "syngo MR B17 ",
    "dataset": "<unset>",
    "modality": "T1w",
    "run_id": 1,
    "session_id": "PREEN00",
    "subject_id": "5336241"
  },
  "cjv": 0.45340795153832336,
  "cnr": 2.6708774525572747,
  "efc": 0.5930827142473786,
  "fber": 87.6966552734375,
  "fwhm_avg": 3.1893499999999997,
  "fwhm_x": 3.3006,
  "fwhm_y": 3.26703,
  "fwhm_z": 3.00042,
  "icvs_csf": 0.1972692649330659,
  "icvs_gm": 0.4107848823349304,
  "icvs_wm": 0.3919458527320037,
  "inu_med": 1.460963487625122,
  "inu_range": 0.43056006431579563,
  "provenance": {
    "md5sum": "95e3f67366904889dbe95fdd040cb01f",
    "settings": {
      "testing": false
    },
    "software": "mriqc",
    "version": "0.16.1",
    "warnings": {
      "large_rot_frame": false,
      "small_air_mask": false
    },
    "webapi_port": null,
    "webapi_url": "https://mriqc.nimh.nih.gov/api/v1"
  },
  "qi_1": 0.0,
  "qi_2": 0.005684918460870965,
  "rpve_csf": 28.194154395359213,
  "rpve_gm": 13.937758013856511,
  "rpve_wm": 17.737245946789383,
  "size_x": 176,
  "size_y": 240,
  "size_z": 256,
  "snr_csf": 2.925313466300194,
  "snr_gm": 9.33370551664723,
  "snr_total": 10.817077906411173,
  "snr_wm": 20.192214736286097,
  "snrd_csf": 17.32875241429615,
  "snrd_gm": 40.461996050193015,
  "snrd_total": 37.76184052419786,
  "snrd_wm": 55.49477310810441,
  "spacing_x": 1.0,
  "spacing_y": 1.0,
  "spacing_z": 1.0,
  "summary_bg_k": 5580.014039067839,
  "summary_bg_mad": 11.80552217808964,
  "summary_bg_mean": 71.51139068603516,
  "summary_bg_median": 69.94019317626953,
  "summary_bg_n": 2907112.0,
  "summary_bg_p05": 52.71437377929688,
  "summary_bg_p95": 92.64427528381347,
  "summary_bg_stdv": 41.62049102783203,
  "summary_csf_k": 5.605409177023528,
  "summary_csf_mad": 89.19027820557434,
  "summary_csf_mean": 336.9090576171875,
  "summary_csf_median": 312.26318359375,
  "summary_csf_n": 13952.0,
  "summary_csf_p05": 204.70718002319336,
  "summary_csf_p95": 540.1026153564451,
  "summary_csf_stdv": 106.74137878417969,
  "summary_gm_k": 0.09478909887130849,
  "summary_gm_mad": 76.42310402316966,
  "summary_gm_mean": 730.290283203125,
  "summary_gm_median": 729.1229858398438,
  "summary_gm_n": 11982.0,
  "summary_gm_p05": 604.0562408447265,
  "summary_gm_p95": 861.9628814697262,
  "summary_gm_stdv": 78.11394500732422,
  "summary_wm_k": 0.5844645665919543,
  "summary_wm_mad": 46.40049958928929,
  "summary_wm_mean": 1001.2850341796875,
  "summary_wm_median": 1000.0128173828125,
  "summary_wm_n": 181882.0,
  "summary_wm_p05": 922.5205017089844,
  "summary_wm_p95": 1085.224694824219,
  "summary_wm_stdv": 49.5245361328125,
  "tpm_overlap_csf": 0.16467764973640442,
  "tpm_overlap_gm": 0.4198128879070282,
  "tpm_overlap_wm": 0.48615846037864685,
  "wm2max": 0.3705710584874676
}