{
  "bids_meta": {
    "AcquisitionNumber": 1,
    "DeviceSerialNumber": "35442  ",
    "EchoNumber": 1,
    "EchoTime": 0.00298,
    "FlipAngle": 9,
    "ImageOrientationPatientDICOM": [
      "0.0089523101889",
      "0.99915577439457",
      "-0.0400948205667",
      "0.04257590142448",
      "-0.0404409278166",
      "-0.9982744231799 "
    ],
    "ImageType": [
      "ORIGINAL",
      "PRIMARY",
      "M",
      "ND",
      "NORM "
    ],
    "ImagingFrequency": 123.247324,
    "InPlanePhaseEncodingDirectionDICOM": "ROW  ",
    "IntendedFor": [
      "ses-NAPFU12/func/sub-2757160_ses-NAPFU12_task-retrieval_run-001_bold.nii.gz",
      "ses-NAPFU12/fmap/sub-2757160_ses-NAPFU12_run-001_phasediff.nii.gz",
      "ses-NAPFU12/anat/sub-2757160_ses-NAPFU12_run-001_T2star.nii.gz",
      "ses-NAPFU12/func/sub-2757160_ses-NAPFU12_task-rest_run-002_bold.nii.gz",
      "ses-NAPFU12/func/sub-2757160_ses-NAPFU12_task-encoding_run-001_bold.nii.gz",
      "ses-NAPFU12/fmap/sub-2757160_ses-NAPFU12_run-002_phasediff.nii.gz",
      "ses-NAPFU12/fmap/sub-2757160_ses-NAPFU12_run-003_phasediff.nii.gz",
      "ses-NAPFU12/func/sub-2757160_ses-NAPFU12_task-rest_run-001_bold.nii.gz",
      "ses-NAPFU12/asl/sub-2757160_ses-NAPFU12_run-001_asl.nii.gz"
    ],
    "InversionTime": 0.9,
    "MRAcquisitionType": "3D ",
    "MagneticFieldStrength": 3,
    "Manufacturer": "SIEMENS  ",
    "ManufacturerModelName": "TrioTim  ",
    "Modality": "MRI__ ",
    "PatientPosition": "HFS  ",
    "PercentPhaseFOV": 93.75,
    "PhaseEncodingSteps": 239,
    "PixelBandwidth": 238,
    "ProtocolName": "MPRAGE ADNI_iPAT2  ",
    "PulseSequenceType": "*tfl3d1_ns ",
    "ReceiveCoilName": "HeadMatrixix\\\\ ",
    "RepetitionTime": 2.3,
    "SAR": 0.08291406337507,
    "ScanningSequence": "GR\\\\IR  ",
    "SequenceName": "*tfl3d1_ns ",
    "SequenceVariant": "SP\\\\MP  ",
    "SeriesDescription": "MPRAGE ADNI_iPAT2  ",
    "SeriesNumber": 12,
    "SliceOrder": "interleaved ",
    "SliceThickness": 1,
    "SliceTiming": null,
    "SoftwareVersions": "syngo MR B17 ",
    "dataset": "<unset>",
    "modality": "T1w",
    "run_id": 1,
    "session_id": "NAPFU12",
    "subject_id": "2757160"
  },
  "cjv": 0.43209747147460575,
  "cnr": 3.0826950806488496,
  "efc": 0.5926262814937241,
  "fber": 99.01718139648438,
  "fwhm_avg": 3.3562100000000004,
  "fwhm_x": 3.41432,
  "fwhm_y": 3.51058,
  "fwhm_z": 3.14373,
  "icvs_csf": 0.19993305454131416,
  "icvs_gm": 0.4300308896840689,
  "icvs_wm": 0.37003605577461696,
  "inu_med": 1.3328102827072144,
  "inu_range": 0.42890939116477966,
  "provenance": {
    "md5sum": "4d7e24784a29e390ffad021e1f203697",
    "settings": {
      "testing": false
    },
    "software": "mriqc",
    "version": "0.16.1",
    "warnings": {
      "large_rot_frame": true,
      "small_air_mask": false
    },
    "webapi_port": null,
    "webapi_url": "https://mriqc.nimh.nih.gov/api/v1"
  },
  "qi_1": 0.0,
  "qi_2": 0.003875933199040832,
  "rpve_csf": 32.787193077207085,
  "rpve_gm": 16.348166718417556,
  "rpve_wm": 22.585511367215883,
  "size_x": 176,
  "size_y": 240,
  "size_z": 256,
  "snr_csf": 2.864927460512549,
  "snr_gm": 10.005863919450572,
  "snr_total": 10.367415666673322,
  "snr_wm": 18.231455620056842,
  "snrd_csf": 11.208949475900363,
  "snrd_gm": 22.90673430225022,
  "snrd_total": 22.050928134554553,
  "snrd_wm": 32.03710062551308,
  "spacing_x": 1.0,
  "spacing_y": 1.0,
  "spacing_z": 1.0,
  "summary_bg_k": 0.401002573422776,
  "summary_bg_mad": 20.449723607030855,
  "summary_bg_mean": 68.23631286621094,
  "summary_bg_median": 66.64897155761719,
  "summary_bg_n": 3081394.0,
  "summary_bg_p05": 36.998233795166016,
  "summary_bg_p95": 104.82259941101076,
  "summary_bg_stdv": 20.793121337890625,
  "summary_csf_k": 2.112906892559347,
  "summary_csf_mad": 133.1175042849979,
  "summary_csf_mean": 365.9991149902344,
  "summary_csf_median": 349.8812255859375,
  "summary_csf_n": 7272.0,
  "summary_csf_p05": 194.92156982421875,
  "summary_csf_p95": 570.7059906005859,
  "summary_csf_stdv": 122.1172866821289,
  "summary_gm_k": 0.020366899499588254,
  "summary_gm_mad": 70.19434679011326,
  "summary_gm_mean": 716.5676879882812,
  "summary_gm_median": 715.0211791992188,
  "summary_gm_n": 16194.0,
  "summary_gm_p05": 601.3852020263672,
  "summary_gm_p95": 839.6630828857419,
  "summary_gm_stdv": 71.4580078125,
  "summary_wm_k": 0.34878856062265307,
  "summary_wm_mad": 52.95316884878251,
  "summary_wm_mean": 999.3604736328125,
  "summary_wm_median": 1000.0205688476562,
  "summary_wm_n": 159249.0,
  "summary_wm_p05": 908.2496459960937,
  "summary_wm_p95": 1087.766162109375,
  "summary_wm_stdv": 54.85121154785156,
  "tpm_overlap_csf": 0.17328183352947235,
  "tpm_overlap_gm": 0.4464794397354126,
  "tpm_overlap_wm": 0.5033871531486511,
  "wm2max": 0.4618867576198675
}