{
  "bids_meta": {
    "AcquisitionNumber": 1,
    "DeviceSerialNumber": "35442  ",
    "EchoNumber": 1,
    "EchoTime": 0.00298,
    "FlipAngle": 9,
    "ImageOrientationPatientDICOM": [
      "-0.0166588332012",
      "0.99986123200991",
      "-2.2073219e-008",
      "0.07329947975985",
      "0.00122123126103",
      "-0.9973092273017 "
    ],
    "ImageType": [
      "ORIGINAL",
      "PRIMARY",
      "M",
      "ND",
      "NORM "
    ],
    "ImagingFrequency": 123.247204,
    "InPlanePhaseEncodingDirectionDICOM": "ROW  ",
    "IntendedFor": [
      "ses-PREFU24/fmap/sub-6433158_ses-PREFU24_run-005_phasediff.nii.gz",
      "ses-PREFU24/fmap/sub-6433158_ses-PREFU24_run-004_phasediff.nii.gz",
      "ses-PREFU24/anat/sub-6433158_ses-PREFU24_run-001_FLAIR.nii.gz",
      "ses-PREFU24/dwi/sub-6433158_ses-PREFU24_run-001_dwi.nii.gz"
    ],
    "InversionTime": 0.9,
    "MRAcquisitionType": "3D ",
    "MagneticFieldStrength": 3,
    "Manufacturer": "SIEMENS  ",
    "ManufacturerModelName": "TrioTim  ",
    "Modality": "MRI__ ",
    "PatientPosition": "HFS  ",
    "PercentPhaseFOV": 93.75,
    "PhaseEncodingSteps": 239,
    "PixelBandwidth": 238,
    "ProtocolName": "MPRAGE ADNI_iPAT2  ",
    "PulseSequenceType": "*tfl3d1_ns ",
    "ReceiveCoilName": "HeadMatrixix\\\\ ",
    "RepetitionTime": 2.3,
    "SAR": 0.09150971489072,
    "ScanningSequence": "GR\\\\IR  ",
    "SequenceName": "*tfl3d1_ns ",
    "SequenceVariant": "SP\\\\MP  ",
    "SeriesDescription": "MPRAGE ADNI_iPAT2  ",
    "SeriesNumber": 20,
    "SliceOrder": "interleaved ",
    "SliceThickness": 1,
    "SliceTiming": null,
    "SoftwareVersions": "syngo MR B17 ",
    "dataset": "<unset>",
    "modality": "T1w",
    "run_id": 2,
    "session_id": "PREFU24",
    "subject_id": "6433158"
  },
  "cjv": 0.48980688755710156,
  "cnr": 2.6894542317579138,
  "efc": 0.6105260980662097,
  "fber": 124.19800567626953,
  "fwhm_avg": 3.0223866666666663,
  "fwhm_x": 3.13215,
  "fwhm_y": 3.02415,
  "fwhm_z": 2.91086,
  "icvs_csf": 0.23441991535862244,
  "icvs_gm": 0.42250670023601045,
  "icvs_wm": 0.3430733844053671,
  "inu_med": 1.3373911380767822,
  "inu_range": 0.3457740545272827,
  "provenance": {
    "md5sum": "17516ae89b4330dba9edd02c032a49e0",
    "settings": {
      "testing": false
    },
    "software": "mriqc",
    "version": "0.16.1",
    "warnings": {
      "large_rot_frame": false,
      "small_air_mask": false
    },
    "webapi_port": null,
    "webapi_url": "https://mriqc.nimh.nih.gov/api/v1"
  },
  "qi_1": 3.522548948201315e-05,
  "qi_2": 0.002179098635426392,
  "rpve_csf": 25.045560401800596,
  "rpve_gm": 13.484615880797264,
  "rpve_wm": 18.308724992575854,
  "size_x": 176,
  "size_y": 240,
  "size_z": 256,
  "snr_csf": 3.1046313312858755,
  "snr_gm": 7.433125225733058,
  "snr_total": 6.9967591334048445,
  "snr_wm": 10.4525208431956,
  "snrd_csf": 10.736511694905797,
  "snrd_gm": 23.714262025821363,
  "snrd_total": 23.927638021007585,
  "snrd_wm": 37.3321403422956,
  "spacing_x": 1.0,
  "spacing_y": 1.0,
  "spacing_z": 1.0,
  "summary_bg_k": 383.6263066775297,
  "summary_bg_mad": 17.54837460957973,
  "summary_bg_mean": 54.936790466308594,
  "summary_bg_median": 48.809974670410156,
  "summary_bg_n": 3542920.0,
  "summary_bg_p05": 26.21742992401123,
  "summary_bg_p95": 93.35666198730468,
  "summary_bg_stdv": 44.05415725708008,
  "summary_csf_k": 5.51928235860715,
  "summary_csf_mad": 82.72488737868298,
  "summary_csf_mean": 297.2677307128906,
  "summary_csf_median": 287.58642578125,
  "summary_csf_n": 42994.0,
  "summary_csf_p05": 165.90174407958983,
  "summary_csf_p95": 462.1020294189452,
  "summary_csf_stdv": 92.6303482055664,
  "summary_gm_k": -0.17919155694965827,
  "summary_gm_mad": 87.70573043362039,
  "summary_gm_mean": 633.1248779296875,
  "summary_gm_median": 635.206298828125,
  "summary_gm_n": 9427.0,
  "summary_gm_p05": 489.43796691894534,
  "summary_gm_p95": 771.2861755371091,
  "summary_gm_stdv": 85.45162200927734,
  "summary_wm_k": 1.093305581872035,
  "summary_wm_mad": 90.95928398984962,
  "summary_wm_mean": 1003.358642578125,
  "summary_wm_median": 999.9725341796875,
  "summary_wm_n": 114508.0,
  "summary_wm_p05": 853.404507446289,
  "summary_wm_p95": 1163.7038085937497,
  "summary_wm_stdv": 95.66765594482422,
  "tpm_overlap_csf": 0.14284063875675201,
  "tpm_overlap_gm": 0.37496402859687805,
  "tpm_overlap_wm": 0.4140162467956543,
  "wm2max": 0.5892350086054351
}