{
  "bids_meta": {
    "AcquisitionNumber": 1,
    "DeviceSerialNumber": "35442  ",
    "EchoNumber": 1,
    "EchoTime": 0.00298,
    "FlipAngle": 9,
    "ImageOrientationPatientDICOM": [
      "0.04844614379268",
      "0.9975436789806",
      "-0.0505922887155",
      "0.00260655091958",
      "-0.0507778552448",
      "-0.9987065711755 "
    ],
    "ImageType": [
      "ORIGINAL",
      "PRIMARY",
      "M",
      "ND",
      "NORM "
    ],
    "ImagingFrequency": 123.246977,
    "InPlanePhaseEncodingDirectionDICOM": "ROW  ",
    "IntendedFor": [
      "ses-NAPFU24/func/sub-5967806_ses-NAPFU24_task-rest_run-002_bold.nii.gz",
      "ses-NAPFU24/asl/sub-5967806_ses-NAPFU24_run-001_asl.nii.gz",
      "ses-NAPFU24/func/sub-5967806_ses-NAPFU24_task-retrieval_run-001_bold.nii.gz",
      "ses-NAPFU24/func/sub-5967806_ses-NAPFU24_task-encoding_run-001_bold.nii.gz",
      "ses-NAPFU24/fmap/sub-5967806_ses-NAPFU24_run-001_phasediff.nii.gz",
      "ses-NAPFU24/fmap/sub-5967806_ses-NAPFU24_run-003_phasediff.nii.gz",
      "ses-NAPFU24/func/sub-5967806_ses-NAPFU24_task-rest_run-001_bold.nii.gz",
      "ses-NAPFU24/anat/sub-5967806_ses-NAPFU24_run-001_T2star.nii.gz",
      "ses-NAPFU24/fmap/sub-5967806_ses-NAPFU24_run-002_phasediff.nii.gz"
    ],
    "InversionTime": 0.9,
    "MRAcquisitionType": "3D ",
    "MagneticFieldStrength": 3,
    "Manufacturer": "SIEMENS  ",
    "ManufacturerModelName": "TrioTim  ",
    "Modality": "MRI__ ",
    "PatientPosition": "HFS  ",
    "PercentPhaseFOV": 93.75,
    "PhaseEncodingSteps": 239,
    "PixelBandwidth": 238,
    "ProtocolName": "MPRAGE ADNI_iPAT2  ",
    "PulseSequenceType": "*tfl3d1_ns ",
    "ReceiveCoilName": "HeadMatrixix\\\\ ",
    "RepetitionTime": 2.3,
    "SAR": 0.09606411640654,
    "ScanningSequence": "GR\\\\IR  ",
    "SequenceName": "*tfl3d1_ns ",
    "SequenceVariant": "SP\\\\MP  ",
    "SeriesDescription": "MPRAGE ADNI_iPAT2  ",
    "SeriesNumber": 12,
    "SliceOrder": "interleaved ",
    "SliceThickness": 1,
    "SliceTiming": null,
    "SoftwareVersions": "syngo MR B17 ",
    "dataset": "<unset>",
    "modality": "T1w",
    "run_id": 1,
    "session_id": "NAPFU24",
    "subject_id": "5967806"
  },
  "cjv": 0.42433206743716984,
  "cnr": 3.1265128152275263,
  "efc": 0.60972894403451,
  "fber": 92.3056869506836,
  "fwhm_avg": 3.071516666666667,
  "fwhm_x": 3.20421,
  "fwhm_y": 3.12841,
  "fwhm_z": 2.88193,
  "icvs_csf": 0.20433955218730498,
  "icvs_gm": 0.4297297553380269,
  "icvs_wm": 0.3659306924746682,
  "inu_med": 1.4735839366912842,
  "inu_range": 0.5043149590492249,
  "provenance": {
    "md5sum": "ff7157b051d82721391762ca5afe1ee4",
    "settings": {
      "testing": false
    },
    "software": "mriqc",
    "version": "0.16.1",
    "warnings": {
      "large_rot_frame": true,
      "small_air_mask": false
    },
    "webapi_port": null,
    "webapi_url": "https://mriqc.nimh.nih.gov/api/v1"
  },
  "qi_1": 0.00010368066355624676,
  "qi_2": 0.004970885172337654,
  "rpve_csf": 33.41356156551784,
  "rpve_gm": 16.52296784841189,
  "rpve_wm": 22.4394667791112,
  "size_x": 176,
  "size_y": 240,
  "size_z": 256,
  "snr_csf": 2.5497344842057417,
  "snr_gm": 9.695783466199961,
  "snr_total": 9.416772001923077,
  "snr_wm": 16.004798055363526,
  "snrd_csf": 9.834244035976027,
  "snrd_gm": 21.69062188456284,
  "snrd_total": 20.919414426158593,
  "snrd_wm": 31.233377357936906,
  "spacing_x": 1.0,
  "spacing_y": 1.0,
  "spacing_z": 1.0,
  "summary_bg_k": 514.2695395377159,
  "summary_bg_mad": 20.975961880739472,
  "summary_bg_mean": 69.40925598144531,
  "summary_bg_median": 67.61781311035156,
  "summary_bg_n": 3245177.0,
  "summary_bg_p05": 36.74512939453125,
  "summary_bg_p95": 107.21786956787108,
  "summary_bg_stdv": 22.720075607299805,
  "summary_csf_k": 10.33152075704207,
  "summary_csf_mad": 111.40917726723934,
  "summary_csf_mean": 341.4230651855469,
  "summary_csf_median": 314.8699035644531,
  "summary_csf_n": 13347.0,
  "summary_csf_p05": 186.17220916748047,
  "summary_csf_p95": 561.8189880371093,
  "summary_csf_stdv": 123.48662567138672,
  "summary_gm_k": 0.06559892658465971,
  "summary_gm_mad": 69.34613073205892,
  "summary_gm_mean": 695.0234375,
  "summary_gm_median": 694.48388671875,
  "summary_gm_n": 8007.0,
  "summary_gm_p05": 576.0911560058594,
  "summary_gm_p95": 813.10302734375,
  "summary_gm_stdv": 71.62294006347656,
  "summary_wm_k": 0.2916240298593462,
  "summary_wm_mad": 60.303062567811516,
  "summary_wm_mean": 998.5471801757812,
  "summary_wm_median": 1000.02099609375,
  "summary_wm_n": 136130.0,
  "summary_wm_p05": 893.8874328613281,
  "summary_wm_p95": 1098.8861206054687,
  "summary_wm_stdv": 62.48234558105469,
  "tpm_overlap_csf": 0.17042884230613708,
  "tpm_overlap_gm": 0.43287429213523865,
  "tpm_overlap_wm": 0.48538416624069214,
  "wm2max": 0.4864837936283438
}