{
  "bids_meta": {
    "AcquisitionNumber": 1,
    "DeviceSerialNumber": "35442  ",
    "EchoNumber": 1,
    "EchoTime": 0.00298,
    "FlipAngle": 9,
    "ImageOrientationPatientDICOM": [
      "0.00599666988663",
      "0.99998195902586",
      "-0.0003486733083",
      "0.04652839883581",
      "-0.0006273223808",
      "-0.9989167705912  "
    ],
    "ImageType": [
      "ORIGINAL",
      "PRIMARY",
      "M",
      "ND",
      "NORM "
    ],
    "ImagingFrequency": 123.251249,
    "InPlanePhaseEncodingDirectionDICOM": "ROW  ",
    "InversionTime": 0.9,
    "MRAcquisitionType": "3D ",
    "MagneticFieldStrength": 3,
    "Manufacturer": "SIEMENS  ",
    "ManufacturerModelName": "TrioTim  ",
    "Modality": "MRI__ ",
    "PatientPosition": "HFS  ",
    "PercentPhaseFOV": 93.75,
    "PhaseEncodingSteps": 239,
    "PixelBandwidth": 238,
    "ProtocolName": "MPRAGE ADNI_iPAT2  ",
    "PulseSequenceType": "*tfl3d1_ns ",
    "ReceiveCoilName": "32Ch_Headad\\\\  ",
    "RepetitionTime": 2.3,
    "SAR": 0.07949758435252,
    "ScanningSequence": "GR\\\\IR  ",
    "SequenceName": "*tfl3d1_ns ",
    "SequenceVariant": "SP\\\\MP  ",
    "SeriesDescription": "MPRAGE ADNI_iPAT2  ",
    "SeriesNumber": 4,
    "SliceOrder": "interleaved ",
    "SliceThickness": 1,
    "SliceTiming": null,
    "SoftwareVersions": "syngo MR B17 ",
    "dataset": "<unset>",
    "modality": "T1w",
    "run_id": 1,
    "session_id": "PREEN00",
    "subject_id": "9101699"
  },
  "cjv": 0.43431736788548836,
  "cnr": 2.5928416400635106,
  "efc": 0.6157601612963897,
  "fber": 80.46754455566406,
  "fwhm_avg": 3.442513333333333,
  "fwhm_x": 3.44785,
  "fwhm_y": 3.62269,
  "fwhm_z": 3.257,
  "icvs_csf": 0.20278967003305362,
  "icvs_gm": 0.3772950595664444,
  "icvs_wm": 0.419915270400502,
  "inu_med": 1.3556960821151733,
  "inu_range": 0.429308146238327,
  "provenance": {
    "md5sum": "04526868f7b50beaba379fd9a88a3900",
    "settings": {
      "testing": false
    },
    "software": "mriqc",
    "version": "0.16.1",
    "warnings": {
      "large_rot_frame": true,
      "small_air_mask": false
    },
    "webapi_port": null,
    "webapi_url": "https://mriqc.nimh.nih.gov/api/v1"
  },
  "qi_1": 4.082342357325915e-05,
  "qi_2": 0.004531033272271342,
  "rpve_csf": 26.5574822487844,
  "rpve_gm": 14.510495172928115,
  "rpve_wm": 16.95149370250859,
  "size_x": 176,
  "size_y": 240,
  "size_z": 256,
  "snr_csf": 2.71531686768468,
  "snr_gm": 9.823731824834955,
  "snr_total": 11.40965520833482,
  "snr_wm": 21.68991693248483,
  "snrd_csf": 6.394804755333958,
  "snrd_gm": 14.016431399651353,
  "snrd_total": 13.146874039982606,
  "snrd_wm": 19.029385964962504,
  "spacing_x": 1.0,
  "spacing_y": 1.0,
  "spacing_z": 1.0,
  "summary_bg_k": 740.6898564564292,
  "summary_bg_mad": 34.42737985854887,
  "summary_bg_mean": 53.17280960083008,
  "summary_bg_median": 56.814613342285156,
  "summary_bg_n": 2427692.0,
  "summary_bg_p05": 14.136207675933838,
  "summary_bg_p95": 91.18313522338866,
  "summary_bg_stdv": 50.75054931640625,
  "summary_csf_k": 13.958702015485759,
  "summary_csf_mad": 105.7089318907004,
  "summary_csf_mean": 358.7660217285156,
  "summary_csf_median": 336.046630859375,
  "summary_csf_n": 9215.0,
  "summary_csf_p05": 200.29935455322266,
  "summary_csf_p95": 586.3172119140625,
  "summary_csf_stdv": 123.75292205810547,
  "summary_gm_k": 0.12996816524431143,
  "summary_gm_mad": 71.45778015039008,
  "summary_gm_mean": 741.052001953125,
  "summary_gm_median": 736.5626831054688,
  "summary_gm_n": 11428.0,
  "summary_gm_p05": 622.1379547119141,
  "summary_gm_p95": 872.1398010253906,
  "summary_gm_stdv": 74.974609375,
  "summary_wm_k": 0.7008703208888596,
  "summary_wm_mad": 42.954652959676004,
  "summary_wm_mean": 999.8955078125,
  "summary_wm_median": 999.9931640625,
  "summary_wm_n": 233429.0,
  "summary_wm_p05": 924.53486328125,
  "summary_wm_p95": 1074.8539306640623,
  "summary_wm_stdv": 46.10395812988281,
  "tpm_overlap_csf": 0.17263229191303253,
  "tpm_overlap_gm": 0.40728282928466797,
  "tpm_overlap_wm": 0.514873206615448,
  "wm2max": 0.41419738473673
}