{
  "bids_meta": {
    "AcquisitionNumber": 1,
    "DeviceSerialNumber": "35442  ",
    "EchoNumber": 1,
    "EchoTime": 0.00298,
    "FlipAngle": 9,
    "ImageOrientationPatientDICOM": [
      "0.0062540189976",
      "0.99998038291947",
      "-0.0003478830516",
      "0.07995451273021",
      "-0.0008468228373",
      "-0.996798153482  "
    ],
    "ImageType": [
      "ORIGINAL",
      "PRIMARY",
      "M",
      "ND",
      "NORM "
    ],
    "ImagingFrequency": 123.247401,
    "InPlanePhaseEncodingDirectionDICOM": "ROW  ",
    "IntendedFor": [
      "ses-PREEN00/fmap/sub-5692079_ses-PREEN00_run-001_phasediff.nii.gz",
      "ses-PREEN00/anat/sub-5692079_ses-PREEN00_run-001_FLAIR.nii.gz",
      "ses-PREEN00/dwi/sub-5692079_ses-PREEN00_run-001_dwi.nii.gz",
      "ses-PREEN00/fmap/sub-5692079_ses-PREEN00_run-002_phasediff.nii.gz"
    ],
    "InversionTime": 0.9,
    "MRAcquisitionType": "3D ",
    "MagneticFieldStrength": 3,
    "Manufacturer": "SIEMENS  ",
    "ManufacturerModelName": "TrioTim  ",
    "Modality": "MRI__ ",
    "PatientPosition": "HFS  ",
    "PercentPhaseFOV": 93.75,
    "PhaseEncodingSteps": 239,
    "PixelBandwidth": 238,
    "ProtocolName": "MPRAGE ADNI_iPAT2  ",
    "PulseSequenceType": "*tfl3d1_ns ",
    "ReceiveCoilName": "HeadMatrixix\\\\ ",
    "RepetitionTime": 2.3,
    "SAR": 0.08079399717893,
    "ScanningSequence": "GR\\\\IR  ",
    "SequenceName": "*tfl3d1_ns ",
    "SequenceVariant": "SP\\\\MP  ",
    "SeriesDescription": "MPRAGE ADNI_iPAT2  ",
    "SeriesNumber": 4,
    "SliceOrder": "interleaved ",
    "SliceThickness": 1,
    "SliceTiming": null,
    "SoftwareVersions": "syngo MR B17 ",
    "dataset": "<unset>",
    "modality": "T1w",
    "run_id": 1,
    "session_id": "PREEN00",
    "subject_id": "5692079"
  },
  "cjv": 0.38669760398717007,
  "cnr": 3.540593819231662,
  "efc": 0.5931642723403375,
  "fber": 161.27598571777344,
  "fwhm_avg": 3.3293966666666663,
  "fwhm_x": 3.33851,
  "fwhm_y": 3.45317,
  "fwhm_z": 3.19651,
  "icvs_csf": 0.21052338335435705,
  "icvs_gm": 0.40862599350431467,
  "icvs_wm": 0.3808506231413283,
  "inu_med": 1.457593560218811,
  "inu_range": 0.40310742855072035,
  "provenance": {
    "md5sum": "89036f75b76d72b31ba70775ac6f4d40",
    "settings": {
      "testing": false
    },
    "software": "mriqc",
    "version": "0.16.1",
    "warnings": {
      "large_rot_frame": false,
      "small_air_mask": false
    },
    "webapi_port": null,
    "webapi_url": "https://mriqc.nimh.nih.gov/api/v1"
  },
  "qi_1": 1.8109528237734643e-05,
  "qi_2": 0.006414886462335151,
  "rpve_csf": 27.782825120692955,
  "rpve_gm": 14.642680775530248,
  "rpve_wm": 19.069696716992045,
  "size_x": 176,
  "size_y": 240,
  "size_z": 256,
  "snr_csf": 2.8093934606514135,
  "snr_gm": 8.473478305510566,
  "snr_total": 9.805028996904106,
  "snr_wm": 18.13221522455034,
  "snrd_csf": 14.163322856420745,
  "snrd_gm": 28.63344111340311,
  "snrd_total": 28.793587620856595,
  "snrd_wm": 43.58399889274593,
  "spacing_x": 1.0,
  "spacing_y": 1.0,
  "spacing_z": 1.0,
  "summary_bg_k": 1448.3158980698433,
  "summary_bg_mad": 15.031600447539464,
  "summary_bg_mean": 45.76304244995117,
  "summary_bg_median": 44.44195556640625,
  "summary_bg_n": 3091486.0,
  "summary_bg_p05": 23.056533813476562,
  "summary_bg_p95": 73.4017276763916,
  "summary_bg_stdv": 18.278379440307617,
  "summary_csf_k": 5.776007501986745,
  "summary_csf_mad": 126.10708701999255,
  "summary_csf_mean": 335.3186950683594,
  "summary_csf_median": 324.966552734375,
  "summary_csf_n": 15748.0,
  "summary_csf_p05": 171.78169708251954,
  "summary_csf_p95": 529.4319702148438,
  "summary_csf_stdv": 115.66775512695312,
  "summary_gm_k": -0.18134541872202714,
  "summary_gm_mad": 79.54300258203972,
  "summary_gm_mean": 656.2156982421875,
  "summary_gm_median": 656.9722900390625,
  "summary_gm_n": 16342.0,
  "summary_gm_p05": 527.3289062499999,
  "summary_gm_p95": 782.6866882324218,
  "summary_gm_stdv": 77.53040313720703,
  "summary_wm_k": 0.3448012875823303,
  "summary_wm_mad": 53.105510208331715,
  "summary_wm_mean": 999.4498901367188,
  "summary_wm_median": 1000.0013427734375,
  "summary_wm_n": 188012.0,
  "summary_wm_p05": 907.998989868164,
  "summary_wm_p95": 1088.9273010253905,
  "summary_wm_stdv": 55.150386810302734,
  "tpm_overlap_csf": 0.15855790674686432,
  "tpm_overlap_gm": 0.414663165807724,
  "tpm_overlap_wm": 0.49131181836128235,
  "wm2max": 0.5684102775558489
}