{
  "bids_meta": {
    "AcquisitionNumber": 1,
    "DeviceSerialNumber": "35442  ",
    "EchoNumber": 1,
    "EchoTime": 0.00298,
    "FlipAngle": 9,
    "ImageOrientationPatientDICOM": [
      "-0.0031740561579",
      "0.99960508173182",
      "0.02792142445193",
      "-0.0039548037109",
      "0.02790879880758",
      "-0.999602650295 "
    ],
    "ImageType": [
      "ORIGINAL",
      "PRIMARY",
      "M",
      "ND",
      "NORM "
    ],
    "ImagingFrequency": 123.24702,
    "InPlanePhaseEncodingDirectionDICOM": "ROW  ",
    "IntendedFor": [
      "ses-NAPFU24/func/sub-9191774_ses-NAPFU24_task-rest_run-002_bold.nii.gz",
      "ses-NAPFU24/func/sub-9191774_ses-NAPFU24_task-rest_run-001_bold.nii.gz",
      "ses-NAPFU24/func/sub-9191774_ses-NAPFU24_task-encoding_run-001_bold.nii.gz",
      "ses-NAPFU24/anat/sub-9191774_ses-NAPFU24_run-001_T2star.nii.gz",
      "ses-NAPFU24/asl/sub-9191774_ses-NAPFU24_run-001_asl.nii.gz",
      "ses-NAPFU24/fmap/sub-9191774_ses-NAPFU24_run-003_phasediff.nii.gz",
      "ses-NAPFU24/fmap/sub-9191774_ses-NAPFU24_run-001_phasediff.nii.gz",
      "ses-NAPFU24/func/sub-9191774_ses-NAPFU24_task-retrieval_run-001_bold.nii.gz",
      "ses-NAPFU24/fmap/sub-9191774_ses-NAPFU24_run-002_phasediff.nii.gz"
    ],
    "InversionTime": 0.9,
    "MRAcquisitionType": "3D ",
    "MagneticFieldStrength": 3,
    "Manufacturer": "SIEMENS  ",
    "ManufacturerModelName": "TrioTim  ",
    "Modality": "MRI__ ",
    "PatientPosition": "HFS  ",
    "PercentPhaseFOV": 93.75,
    "PhaseEncodingSteps": 239,
    "PixelBandwidth": 238,
    "ProtocolName": "MPRAGE ADNI_iPAT2  ",
    "PulseSequenceType": "*tfl3d1_ns ",
    "ReceiveCoilName": "HeadMatrixix\\\\ ",
    "RepetitionTime": 2.3,
    "SAR": 0.08660393807935,
    "ScanningSequence": "GR\\\\IR  ",
    "SequenceName": "*tfl3d1_ns ",
    "SequenceVariant": "SP\\\\MP  ",
    "SeriesDescription": "MPRAGE ADNI_iPAT2  ",
    "SeriesNumber": 12,
    "SliceOrder": "interleaved ",
    "SliceThickness": 1,
    "SliceTiming": null,
    "SoftwareVersions": "syngo MR B17 ",
    "dataset": "<unset>",
    "modality": "T1w",
    "run_id": 1,
    "session_id": "NAPFU24",
    "subject_id": "9191774"
  },
  "cjv": 0.459760769848127,
  "cnr": 2.8323645790205783,
  "efc": 0.6305353848674382,
  "fber": 96.10617065429688,
  "fwhm_avg": 3.2015233333333337,
  "fwhm_x": 3.25032,
  "fwhm_y": 3.31086,
  "fwhm_z": 3.04339,
  "icvs_csf": 0.21103860324200238,
  "icvs_gm": 0.4091717748085713,
  "icvs_wm": 0.3797896219494263,
  "inu_med": 1.451087236404419,
  "inu_range": 0.5485226154327392,
  "provenance": {
    "md5sum": "cfc2521c27e2c43613ec6330d515152d",
    "settings": {
      "testing": false
    },
    "software": "mriqc",
    "version": "0.16.1",
    "warnings": {
      "large_rot_frame": true,
      "small_air_mask": false
    },
    "webapi_port": null,
    "webapi_url": "https://mriqc.nimh.nih.gov/api/v1"
  },
  "qi_1": 0.0,
  "qi_2": 0.004330414317818584,
  "rpve_csf": 27.676977388391418,
  "rpve_gm": 14.387573561629985,
  "rpve_wm": 18.675433258689512,
  "size_x": 176,
  "size_y": 240,
  "size_z": 256,
  "snr_csf": 2.8242491023794267,
  "snr_gm": 9.648902900469308,
  "snr_total": 9.372501462797109,
  "snr_wm": 15.644352385542593,
  "snrd_csf": 10.262693447916876,
  "snrd_gm": 21.916449625207544,
  "snrd_total": 20.997780345368483,
  "snrd_wm": 30.814197962981034,
  "spacing_x": 1.0,
  "spacing_y": 1.0,
  "spacing_z": 1.0,
  "summary_bg_k": 1896.67677935708,
  "summary_bg_mad": 21.261143819925287,
  "summary_bg_mean": 70.57283782958984,
  "summary_bg_median": 68.72528076171875,
  "summary_bg_n": 2842626.0,
  "summary_bg_p05": 37.85995292663574,
  "summary_bg_p95": 108.33894348144531,
  "summary_bg_stdv": 29.577714920043945,
  "summary_csf_k": 3.5719584379001157,
  "summary_csf_mad": 115.55846589336329,
  "summary_csf_mean": 351.279052734375,
  "summary_csf_median": 333.05523681640625,
  "summary_csf_n": 12960.0,
  "summary_csf_p05": 189.03084869384764,
  "summary_csf_p95": 567.105548095703,
  "summary_csf_stdv": 117.92245483398438,
  "summary_gm_k": 0.02417097870650231,
  "summary_gm_mad": 71.07251532218648,
  "summary_gm_mean": 708.796875,
  "summary_gm_median": 711.254638671875,
  "summary_gm_n": 7297.0,
  "summary_gm_p05": 581.041650390625,
  "summary_gm_p95": 827.742041015625,
  "summary_gm_stdv": 73.7084732055664,
  "summary_wm_k": 0.2326690673582017,
  "summary_wm_mad": 61.6873917144606,
  "summary_wm_mean": 1000.1019287109375,
  "summary_wm_median": 1000.0133056640625,
  "summary_wm_n": 170310.0,
  "summary_wm_p05": 895.1813873291017,
  "summary_wm_p95": 1105.644201660156,
  "summary_wm_stdv": 63.92149353027344,
  "tpm_overlap_csf": 0.14394544064998627,
  "tpm_overlap_gm": 0.401477187871933,
  "tpm_overlap_wm": 0.4626064598560333,
  "wm2max": 0.47723531165120237
}