{
  "bids_meta": {
    "AcquisitionNumber": 1,
    "DeviceSerialNumber": "35442  ",
    "EchoNumber": 1,
    "EchoTime": 0.00298,
    "FlipAngle": 9,
    "ImageOrientationPatientDICOM": [
      "-0.0146625447946",
      "0.99511954467885",
      "-0.0975812562857",
      "-0.0042435150562",
      "-0.0976527989831",
      "-0.9952114968341  "
    ],
    "ImageType": [
      "ORIGINAL",
      "PRIMARY",
      "M",
      "ND",
      "NORM "
    ],
    "ImagingFrequency": 123.247123,
    "InPlanePhaseEncodingDirectionDICOM": "ROW  ",
    "IntendedFor": [
      "ses-NAPFU24/fmap/sub-2773553_ses-NAPFU24_run-004_phasediff.nii.gz",
      "ses-NAPFU24/fmap/sub-2773553_ses-NAPFU24_run-005_phasediff.nii.gz",
      "ses-NAPFU24/anat/sub-2773553_ses-NAPFU24_run-001_FLAIR.nii.gz",
      "ses-NAPFU24/dwi/sub-2773553_ses-NAPFU24_run-001_dwi.nii.gz"
    ],
    "InversionTime": 0.9,
    "MRAcquisitionType": "3D ",
    "MagneticFieldStrength": 3,
    "Manufacturer": "SIEMENS  ",
    "ManufacturerModelName": "TrioTim  ",
    "Modality": "MRI__ ",
    "PatientPosition": "HFS  ",
    "PercentPhaseFOV": 93.75,
    "PhaseEncodingSteps": 239,
    "PixelBandwidth": 238,
    "ProtocolName": "MPRAGE ADNI_iPAT2  ",
    "PulseSequenceType": "*tfl3d1_ns ",
    "ReceiveCoilName": "HeadMatrixix\\\\ ",
    "RepetitionTime": 2.3,
    "SAR": 0.09031396853105,
    "ScanningSequence": "GR\\\\IR  ",
    "SequenceName": "*tfl3d1_ns ",
    "SequenceVariant": "SP\\\\MP  ",
    "SeriesDescription": "MPRAGE ADNI_iPAT2  ",
    "SeriesNumber": 20,
    "SliceOrder": "interleaved ",
    "SliceThickness": 1,
    "SliceTiming": null,
    "SoftwareVersions": "syngo MR B17 ",
    "dataset": "<unset>",
    "modality": "T1w",
    "run_id": 2,
    "session_id": "NAPFU24",
    "subject_id": "2773553"
  },
  "cjv": 0.45645189557155885,
  "cnr": 2.928996084295524,
  "efc": 0.5680970400440348,
  "fber": 136.53591918945312,
  "fwhm_avg": 3.1820533333333336,
  "fwhm_x": 3.27361,
  "fwhm_y": 3.27721,
  "fwhm_z": 2.99534,
  "icvs_csf": 0.1852738110146968,
  "icvs_gm": 0.430346683317045,
  "icvs_wm": 0.3843795056682582,
  "inu_med": 1.6022634506225586,
  "inu_range": 0.5174117207527162,
  "provenance": {
    "md5sum": "3fe2392b829c2ac7f3a5bc4680a316c1",
    "settings": {
      "testing": false
    },
    "software": "mriqc",
    "version": "0.16.1",
    "warnings": {
      "large_rot_frame": true,
      "small_air_mask": false
    },
    "webapi_port": null,
    "webapi_url": "https://mriqc.nimh.nih.gov/api/v1"
  },
  "qi_1": 0.0,
  "qi_2": 0.005614812951398736,
  "rpve_csf": 34.66628730603441,
  "rpve_gm": 16.157886702567414,
  "rpve_wm": 21.173242940345748,
  "size_x": 176,
  "size_y": 240,
  "size_z": 256,
  "snr_csf": 2.863453304503448,
  "snr_gm": 10.045536869629062,
  "snr_total": 9.860556252420233,
  "snr_wm": 16.67267858312819,
  "snrd_csf": 13.371897799103731,
  "snrd_gm": 24.514879330519207,
  "snrd_total": 24.027624862812612,
  "snrd_wm": 34.1960974588149,
  "spacing_x": 1.0,
  "spacing_y": 1.0,
  "spacing_z": 1.0,
  "summary_bg_k": 2072.3056793949327,
  "summary_bg_mad": 19.158272014826267,
  "summary_bg_mean": 60.20847702026367,
  "summary_bg_median": 58.357994079589844,
  "summary_bg_n": 3435104.0,
  "summary_bg_p05": 30.855942344665532,
  "summary_bg_p95": 94.03687362670891,
  "summary_bg_stdv": 25.550180435180664,
  "summary_csf_k": -0.7539460371250453,
  "summary_csf_mad": 171.92946313983128,
  "summary_csf_mean": 387.20233154296875,
  "summary_csf_median": 391.0368347167969,
  "summary_csf_n": 9027.0,
  "summary_csf_p05": 189.10022125244143,
  "summary_csf_p95": 596.7582214355466,
  "summary_csf_stdv": 136.5537109375,
  "summary_gm_k": -0.024830986752317763,
  "summary_gm_mad": 70.69869758752787,
  "summary_gm_mean": 717.882568359375,
  "summary_gm_median": 716.89306640625,
  "summary_gm_n": 12806.0,
  "summary_gm_p05": 601.8950805664062,
  "summary_gm_p95": 839.0715637207031,
  "summary_gm_stdv": 71.3615493774414,
  "summary_wm_k": 0.1882215581244875,
  "summary_wm_mad": 58.52722472375248,
  "summary_wm_mean": 999.066650390625,
  "summary_wm_median": 1000.002685546875,
  "summary_wm_n": 164762.0,
  "summary_wm_p05": 898.699072265625,
  "summary_wm_p95": 1095.7461364746093,
  "summary_wm_stdv": 59.97834396362305,
  "tpm_overlap_csf": 0.18010355532169342,
  "tpm_overlap_gm": 0.44038641452789307,
  "tpm_overlap_wm": 0.5151140093803406,
  "wm2max": 0.44852424378500516
}