{
  "bids_meta": {
    "AcquisitionNumber": 1,
    "DeviceSerialNumber": "35442  ",
    "EchoNumber": 1,
    "EchoTime": 0.00298,
    "FlipAngle": 9,
    "ImageOrientationPatientDICOM": [
      "-0.0116902393594",
      "0.99993166681715",
      "-3.30738739e-008",
      "0.06509592252044",
      "0.00076100591383",
      "-0.9978787209582  "
    ],
    "ImageType": [
      "ORIGINAL",
      "PRIMARY",
      "M",
      "ND",
      "NORM "
    ],
    "ImagingFrequency": 123.247439,
    "InPlanePhaseEncodingDirectionDICOM": "ROW  ",
    "IntendedFor": [
      "ses-NAPBL00/fmap/sub-3017785_ses-NAPBL00_run-002_phasediff.nii.gz",
      "ses-NAPBL00/func/sub-3017785_ses-NAPBL00_task-rest_run-001_bold.nii.gz",
      "ses-NAPBL00/fmap/sub-3017785_ses-NAPBL00_run-003_phasediff.nii.gz",
      "ses-NAPBL00/func/sub-3017785_ses-NAPBL00_task-rest_run-002_bold.nii.gz",
      "ses-NAPBL00/fmap/sub-3017785_ses-NAPBL00_run-001_phasediff.nii.gz",
      "ses-NAPBL00/func/sub-3017785_ses-NAPBL00_task-encoding_run-001_bold.nii.gz",
      "ses-NAPBL00/asl/sub-3017785_ses-NAPBL00_run-001_asl.nii.gz",
      "ses-NAPBL00/anat/sub-3017785_ses-NAPBL00_run-001_T2star.nii.gz",
      "ses-NAPBL00/func/sub-3017785_ses-NAPBL00_task-retrieval_run-001_bold.nii.gz"
    ],
    "InversionTime": 0.9,
    "MRAcquisitionType": "3D ",
    "MagneticFieldStrength": 3,
    "Manufacturer": "SIEMENS  ",
    "ManufacturerModelName": "TrioTim  ",
    "Modality": "MRI__ ",
    "PatientPosition": "HFS  ",
    "PercentPhaseFOV": 93.75,
    "PhaseEncodingSteps": 239,
    "PixelBandwidth": 238,
    "ProtocolName": "MPRAGE ADNI_iPAT2  ",
    "PulseSequenceType": "*tfl3d1_ns ",
    "ReceiveCoilName": "HeadMatrixix\\\\ ",
    "RepetitionTime": 2.3,
    "SAR": 0.08965433322762,
    "ScanningSequence": "GR\\\\IR  ",
    "SequenceName": "*tfl3d1_ns ",
    "SequenceVariant": "SP\\\\MP  ",
    "SeriesDescription": "MPRAGE ADNI_iPAT2  ",
    "SeriesNumber": 12,
    "SliceOrder": "interleaved ",
    "SliceThickness": 1,
    "SliceTiming": null,
    "SoftwareVersions": "syngo MR B17 ",
    "dataset": "<unset>",
    "modality": "T1w",
    "run_id": 1,
    "session_id": "NAPBL00",
    "subject_id": "3017785"
  },
  "cjv": 0.4952899609144582,
  "cnr": 2.691832250431208,
  "efc": 0.6489044982150721,
  "fber": 80.47259521484375,
  "fwhm_avg": 3.0086100000000005,
  "fwhm_x": 3.06415,
  "fwhm_y": 3.13207,
  "fwhm_z": 2.82961,
  "icvs_csf": 0.2102464490721184,
  "icvs_gm": 0.39202371309561956,
  "icvs_wm": 0.39772983783226207,
  "inu_med": 1.3501713275909424,
  "inu_range": 0.5159576237201691,
  "provenance": {
    "md5sum": "92835997239347c0a576e068db830e43",
    "settings": {
      "testing": false
    },
    "software": "mriqc",
    "version": "0.16.1",
    "warnings": {
      "large_rot_frame": false,
      "small_air_mask": false
    },
    "webapi_port": null,
    "webapi_url": "https://mriqc.nimh.nih.gov/api/v1"
  },
  "qi_1": 0.0,
  "qi_2": 0.0046923600506052635,
  "rpve_csf": 25.557648492870864,
  "rpve_gm": 13.497400605617731,
  "rpve_wm": 16.178630981277834,
  "size_x": 176,
  "size_y": 240,
  "size_z": 256,
  "snr_csf": 3.131342855518926,
  "snr_gm": 9.499938126002583,
  "snr_total": 9.160420704002503,
  "snr_wm": 14.849981130486,
  "snrd_csf": 10.514951892539191,
  "snrd_gm": 20.310795379427148,
  "snrd_total": 19.72560897037144,
  "snrd_wm": 28.351079639147983,
  "spacing_x": 1.0,
  "spacing_y": 1.0,
  "spacing_z": 1.0,
  "summary_bg_k": 1962.9834001477373,
  "summary_bg_mad": 23.108404401549926,
  "summary_bg_mean": 78.00054168701172,
  "summary_bg_median": 76.11517333984375,
  "summary_bg_n": 2970250.0,
  "summary_bg_p05": 42.47330780029297,
  "summary_bg_p95": 119.04823875427246,
  "summary_bg_stdv": 29.64891242980957,
  "summary_csf_k": -0.2719602975982478,
  "summary_csf_mad": 125.04605908648836,
  "summary_csf_mean": 387.25396728515625,
  "summary_csf_median": 370.8903503417969,
  "summary_csf_n": 9319.0,
  "summary_csf_p05": 217.6842514038086,
  "summary_csf_p95": 596.2768981933593,
  "summary_csf_stdv": 118.43814849853516,
  "summary_gm_k": -0.06815703300543552,
  "summary_gm_mad": 75.08189377038764,
  "summary_gm_mean": 715.575439453125,
  "summary_gm_median": 716.4158325195312,
  "summary_gm_n": 5931.0,
  "summary_gm_p05": 588.1302795410156,
  "summary_gm_p95": 838.9054870605469,
  "summary_gm_stdv": 75.40632629394531,
  "summary_wm_k": 0.22204800359486532,
  "summary_wm_mad": 65.38344556661832,
  "summary_wm_mean": 1002.1097412109375,
  "summary_wm_median": 1000.01806640625,
  "summary_wm_n": 192021.0,
  "summary_wm_p05": 895.026123046875,
  "summary_wm_p95": 1116.6475830078125,
  "summary_wm_stdv": 67.34119415283203,
  "tpm_overlap_csf": 0.13931240141391754,
  "tpm_overlap_gm": 0.38913020491600037,
  "tpm_overlap_wm": 0.46859923005104065,
  "wm2max": 0.4651504939826177
}