{
  "bids_meta": {
    "AcquisitionNumber": 1,
    "DeviceSerialNumber": "35442  ",
    "EchoNumber": 1,
    "EchoTime": 0.00298,
    "FlipAngle": 9,
    "ImageOrientationPatientDICOM": [
      "-0.0593257131281",
      "0.98908534674491",
      "0.13487266815908",
      "0.0352474895924",
      "0.13710195299054",
      "-0.9899296282886 "
    ],
    "ImageType": [
      "ORIGINAL",
      "PRIMARY",
      "M",
      "ND",
      "NORM "
    ],
    "ImagingFrequency": 123.247334,
    "InPlanePhaseEncodingDirectionDICOM": "ROW  ",
    "IntendedFor": [
      "ses-NAPFU24/fmap/sub-4487709_ses-NAPFU24_run-002_phasediff.nii.gz",
      "ses-NAPFU24/func/sub-4487709_ses-NAPFU24_task-retrieval_run-001_bold.nii.gz",
      "ses-NAPFU24/func/sub-4487709_ses-NAPFU24_task-encoding_run-001_bold.nii.gz",
      "ses-NAPFU24/func/sub-4487709_ses-NAPFU24_task-rest_run-002_bold.nii.gz",
      "ses-NAPFU24/anat/sub-4487709_ses-NAPFU24_run-001_T2star.nii.gz",
      "ses-NAPFU24/fmap/sub-4487709_ses-NAPFU24_run-001_phasediff.nii.gz",
      "ses-NAPFU24/func/sub-4487709_ses-NAPFU24_task-rest_run-001_bold.nii.gz",
      "ses-NAPFU24/fmap/sub-4487709_ses-NAPFU24_run-003_phasediff.nii.gz",
      "ses-NAPFU24/asl/sub-4487709_ses-NAPFU24_run-001_asl.nii.gz"
    ],
    "InversionTime": 0.9,
    "MRAcquisitionType": "3D ",
    "MagneticFieldStrength": 3,
    "Manufacturer": "SIEMENS  ",
    "ManufacturerModelName": "TrioTim  ",
    "Modality": "MRI__ ",
    "PatientPosition": "HFS  ",
    "PercentPhaseFOV": 93.75,
    "PhaseEncodingSteps": 239,
    "PixelBandwidth": 238,
    "ProtocolName": "MPRAGE ADNI_iPAT2  ",
    "PulseSequenceType": "*tfl3d1_ns ",
    "ReceiveCoilName": "HeadMatrixix\\\\ ",
    "RepetitionTime": 2.3,
    "SAR": 0.07940241115622,
    "ScanningSequence": "GR\\\\IR  ",
    "SequenceName": "*tfl3d1_ns ",
    "SequenceVariant": "SP\\\\MP  ",
    "SeriesDescription": "MPRAGE ADNI_iPAT2  ",
    "SeriesNumber": 12,
    "SliceOrder": "interleaved ",
    "SliceThickness": 1,
    "SliceTiming": null,
    "SoftwareVersions": "syngo MR B17 ",
    "dataset": "<unset>",
    "modality": "T1w",
    "run_id": 1,
    "session_id": "NAPFU24",
    "subject_id": "4487709"
  },
  "cjv": 0.4065498029956125,
  "cnr": 3.2705579519321115,
  "efc": 0.626210680113664,
  "fber": 103.96405792236328,
  "fwhm_avg": 3.19375,
  "fwhm_x": 3.22234,
  "fwhm_y": 3.31211,
  "fwhm_z": 3.0468,
  "icvs_csf": 0.21707420627607354,
  "icvs_gm": 0.40288364172859753,
  "icvs_wm": 0.3800421519953289,
  "inu_med": 1.3633474111557007,
  "inu_range": 0.3250526905059812,
  "provenance": {
    "md5sum": "9832c61d5c007950eee035841e244914",
    "settings": {
      "testing": false
    },
    "software": "mriqc",
    "version": "0.16.1",
    "warnings": {
      "large_rot_frame": true,
      "small_air_mask": false
    },
    "webapi_port": null,
    "webapi_url": "https://mriqc.nimh.nih.gov/api/v1"
  },
  "qi_1": 0.0,
  "qi_2": 0.0051699385278519755,
  "rpve_csf": 25.398912300373528,
  "rpve_gm": 13.6787382308661,
  "rpve_wm": 17.48818491198932,
  "size_x": 176,
  "size_y": 240,
  "size_z": 256,
  "snr_csf": 2.951858052841222,
  "snr_gm": 8.076343902938735,
  "snr_total": 9.16389845306396,
  "snr_wm": 16.463493403411924,
  "snrd_csf": 11.15639770941914,
  "snrd_gm": 24.354369967277364,
  "snrd_total": 24.134213717525707,
  "snrd_wm": 36.891873475880615,
  "spacing_x": 1.0,
  "spacing_y": 1.0,
  "spacing_z": 1.0,
  "summary_bg_k": 1026.3060588464014,
  "summary_bg_mad": 17.758109795855447,
  "summary_bg_mean": 57.564208984375,
  "summary_bg_median": 56.13387680053711,
  "summary_bg_n": 2696936.0,
  "summary_bg_p05": 29.906474590301514,
  "summary_bg_p95": 89.6324234008789,
  "summary_bg_stdv": 20.672826766967773,
  "summary_csf_k": 0.45946791418688093,
  "summary_csf_mad": 101.56243716981915,
  "summary_csf_mean": 318.6330261230469,
  "summary_csf_median": 302.405029296875,
  "summary_csf_n": 28596.0,
  "summary_csf_p05": 175.91796875,
  "summary_csf_p95": 505.92088317871094,
  "summary_csf_stdv": 102.44386291503906,
  "summary_gm_k": 0.09540290590954692,
  "summary_gm_mad": 79.9715672858265,
  "summary_gm_mean": 656.2116088867188,
  "summary_gm_median": 660.14892578125,
  "summary_gm_n": 9051.0,
  "summary_gm_p05": 511.86399841308594,
  "summary_gm_p95": 782.8341369628906,
  "summary_gm_stdv": 81.73406982421875,
  "summary_wm_k": 0.3630528815903298,
  "summary_wm_mad": 58.190824958902965,
  "summary_wm_mean": 999.9371948242188,
  "summary_wm_median": 999.9901733398438,
  "summary_wm_n": 184756.0,
  "summary_wm_p05": 900.4934844970703,
  "summary_wm_p95": 1099.5141296386719,
  "summary_wm_stdv": 60.739688873291016,
  "tpm_overlap_csf": 0.14879070222377777,
  "tpm_overlap_gm": 0.4082282781600952,
  "tpm_overlap_wm": 0.4704194962978363,
  "wm2max": 0.5726758731552204
}