{
  "bids_meta": {
    "AcquisitionNumber": 1,
    "DeviceSerialNumber": "35442  ",
    "EchoNumber": 1,
    "EchoTime": 0.00298,
    "FlipAngle": 9,
    "ImageOrientationPatientDICOM": [
      "0.0176507665446",
      "0.99876930914311",
      "0.04634994664705",
      "-0.0071211415044",
      "0.04648157074489",
      "-0.998893764584  "
    ],
    "ImageType": [
      "ORIGINAL",
      "PRIMARY",
      "M",
      "ND",
      "NORM "
    ],
    "ImagingFrequency": 123.251572,
    "InPlanePhaseEncodingDirectionDICOM": "ROW  ",
    "IntendedFor": [
      "ses-NAPFU24/func/sub-6424373_ses-NAPFU24_task-retrieval_run-001_bold.nii.gz",
      "ses-NAPFU24/fmap/sub-6424373_ses-NAPFU24_run-005_phasediff.nii.gz",
      "ses-NAPFU24/fmap/sub-6424373_ses-NAPFU24_run-001_phasediff.nii.gz",
      "ses-NAPFU24/func/sub-6424373_ses-NAPFU24_task-rest_run-002_bold.nii.gz",
      "ses-NAPFU24/anat/sub-6424373_ses-NAPFU24_run-001_T1w.nii.gz",
      "ses-NAPFU24/dwi/sub-6424373_ses-NAPFU24_run-001_dwi.nii.gz",
      "ses-NAPFU24/fmap/sub-6424373_ses-NAPFU24_run-003_phasediff.nii.gz",
      "ses-NAPFU24/anat/sub-6424373_ses-NAPFU24_run-001_FLAIR.nii.gz",
      "ses-NAPFU24/anat/sub-6424373_ses-NAPFU24_run-001_T2star.nii.gz",
      "ses-NAPFU24/fmap/sub-6424373_ses-NAPFU24_run-002_phasediff.nii.gz",
      "ses-NAPFU24/func/sub-6424373_ses-NAPFU24_task-rest_run-001_bold.nii.gz",
      "ses-NAPFU24/fmap/sub-6424373_ses-NAPFU24_run-004_phasediff.nii.gz",
      "ses-NAPFU24/func/sub-6424373_ses-NAPFU24_task-encoding_run-001_bold.nii.gz",
      "ses-NAPFU24/asl/sub-6424373_ses-NAPFU24_run-001_asl.nii.gz"
    ],
    "InversionTime": 0.9,
    "MRAcquisitionType": "3D ",
    "MagneticFieldStrength": 3,
    "Manufacturer": "SIEMENS  ",
    "ManufacturerModelName": "TrioTim  ",
    "Modality": "MRI__ ",
    "PatientPosition": "HFS  ",
    "PercentPhaseFOV": 93.75,
    "PhaseEncodingSteps": 239,
    "PixelBandwidth": 238,
    "ProtocolName": "MPRAGE ADNI_iPAT2  ",
    "PulseSequenceType": "*tfl3d1_ns ",
    "ReceiveCoilName": "HeadMatrixix\\\\ ",
    "RepetitionTime": 2.3,
    "SAR": 0.08329979747347,
    "ScanningSequence": "GR\\\\IR  ",
    "SequenceName": "*tfl3d1_ns ",
    "SequenceVariant": "SP\\\\MP  ",
    "SeriesDescription": "MPRAGE ADNI_iPAT2  ",
    "SeriesNumber": 17,
    "SliceOrder": "interleaved ",
    "SliceThickness": 1,
    "SliceTiming": null,
    "SoftwareVersions": "syngo MR B17 ",
    "dataset": "<unset>",
    "modality": "T1w",
    "run_id": 2,
    "session_id": "NAPFU24",
    "subject_id": "6424373"
  },
  "cjv": 0.5444334497591174,
  "cnr": 2.4473358539450416,
  "efc": 0.6642144765311885,
  "fber": 85.12094116210938,
  "fwhm_avg": 2.9644666666666666,
  "fwhm_x": 3.01736,
  "fwhm_y": 3.00619,
  "fwhm_z": 2.86985,
  "icvs_csf": 0.18974776438640778,
  "icvs_gm": 0.3958792124708614,
  "icvs_wm": 0.4143730231427308,
  "inu_med": 1.2917909622192383,
  "inu_range": 0.48713408112525936,
  "provenance": {
    "md5sum": "7891a7536a4ae54793949a5a8fa1eae1",
    "settings": {
      "testing": false
    },
    "software": "mriqc",
    "version": "0.16.1",
    "warnings": {
      "large_rot_frame": true,
      "small_air_mask": false
    },
    "webapi_port": null,
    "webapi_url": "https://mriqc.nimh.nih.gov/api/v1"
  },
  "qi_1": 0.0,
  "qi_2": 0.004603520557990005,
  "rpve_csf": 23.502456935173278,
  "rpve_gm": 11.57014686771031,
  "rpve_wm": 13.4308154473103,
  "size_x": 176,
  "size_y": 240,
  "size_z": 256,
  "snr_csf": 0.9864246443960498,
  "snr_gm": 8.670144221700955,
  "snr_total": 8.358346426272687,
  "snr_wm": 15.418470412721057,
  "snrd_csf": 13.625156419278433,
  "snrd_gm": 20.398101135593098,
  "snrd_total": 20.67541153435448,
  "snrd_wm": 28.002977048191912,
  "spacing_x": 1.0,
  "spacing_y": 1.0,
  "spacing_z": 1.0,
  "summary_bg_k": 1547.2899572060753,
  "summary_bg_mad": 23.39570439238228,
  "summary_bg_mean": 78.79885864257812,
  "summary_bg_median": 76.7204360961914,
  "summary_bg_n": 2219443.0,
  "summary_bg_p05": 42.695949935913085,
  "summary_bg_p95": 120.4158561706543,
  "summary_bg_stdv": 32.393184661865234,
  "summary_csf_k": 0.9562727808702638,
  "summary_csf_mad": 187.52221436525582,
  "summary_csf_mean": 675.67236328125,
  "summary_csf_median": 486.5706481933594,
  "summary_csf_n": 10368.0,
  "summary_csf_p05": 219.99212265014648,
  "summary_csf_p95": 1793.734552001953,
  "summary_csf_stdv": 493.2431335449219,
  "summary_gm_k": -0.036477687649990376,
  "summary_gm_mad": 83.76765878157295,
  "summary_gm_mean": 728.488037109375,
  "summary_gm_median": 728.4406127929688,
  "summary_gm_n": 11378.0,
  "summary_gm_p05": 589.5806274414062,
  "summary_gm_p95": 868.0868316650391,
  "summary_gm_stdv": 84.01343536376953,
  "summary_wm_k": 0.09908007947032837,
  "summary_wm_mad": 64.089154823742,
  "summary_wm_mean": 1000.9044189453125,
  "summary_wm_median": 1000.0198364257812,
  "summary_wm_n": 256293.0,
  "summary_wm_p05": 895.727587890625,
  "summary_wm_p95": 1109.060107421875,
  "summary_wm_stdv": 64.85843658447266,
  "tpm_overlap_csf": 0.14289560914039612,
  "tpm_overlap_gm": 0.41975823044776917,
  "tpm_overlap_wm": 0.506847083568573,
  "wm2max": 0.46244762972611575
}