{
  "bids_meta": {
    "AcquisitionNumber": 1,
    "DeviceSerialNumber": "35442  ",
    "EchoNumber": 1,
    "EchoTime": 0.00298,
    "FlipAngle": 9,
    "ImageOrientationPatientDICOM": [
      "-0.0086893939047",
      "0.99996178461545",
      "-0.000961115105",
      "0.01882175680151",
      "-0.0007974253578",
      "-0.9998225370453 "
    ],
    "ImageType": [
      "ORIGINAL",
      "PRIMARY",
      "M",
      "ND",
      "NORM "
    ],
    "ImagingFrequency": 123.251192,
    "InPlanePhaseEncodingDirectionDICOM": "ROW  ",
    "IntendedFor": [
      "ses-NAPFU24/func/sub-9566680_ses-NAPFU24_task-retrieval_run-001_bold.nii.gz",
      "ses-NAPFU24/fmap/sub-9566680_ses-NAPFU24_run-002_phasediff.nii.gz",
      "ses-NAPFU24/asl/sub-9566680_ses-NAPFU24_run-001_asl.nii.gz",
      "ses-NAPFU24/fmap/sub-9566680_ses-NAPFU24_run-003_phasediff.nii.gz",
      "ses-NAPFU24/func/sub-9566680_ses-NAPFU24_task-rest_run-001_bold.nii.gz",
      "ses-NAPFU24/anat/sub-9566680_ses-NAPFU24_run-001_T2star.nii.gz",
      "ses-NAPFU24/fmap/sub-9566680_ses-NAPFU24_run-001_phasediff.nii.gz",
      "ses-NAPFU24/func/sub-9566680_ses-NAPFU24_task-rest_run-002_bold.nii.gz",
      "ses-NAPFU24/func/sub-9566680_ses-NAPFU24_task-encoding_run-001_bold.nii.gz"
    ],
    "InversionTime": 0.9,
    "MRAcquisitionType": "3D ",
    "MagneticFieldStrength": 3,
    "Manufacturer": "SIEMENS  ",
    "ManufacturerModelName": "TrioTim  ",
    "Modality": "MRI__ ",
    "PatientPosition": "HFS  ",
    "PercentPhaseFOV": 93.75,
    "PhaseEncodingSteps": 239,
    "PixelBandwidth": 238,
    "ProtocolName": "MPRAGE ADNI_iPAT2  ",
    "PulseSequenceType": "*tfl3d1_ns ",
    "ReceiveCoilName": "HeadMatrixix\\\\ ",
    "RepetitionTime": 2.3,
    "SAR": 0.08676873947819,
    "ScanningSequence": "GR\\\\IR  ",
    "SequenceName": "*tfl3d1_ns ",
    "SequenceVariant": "SP\\\\MP  ",
    "SeriesDescription": "MPRAGE ADNI_iPAT2  ",
    "SeriesNumber": 12,
    "SliceOrder": "interleaved ",
    "SliceThickness": 1,
    "SliceTiming": null,
    "SoftwareVersions": "syngo MR B17 ",
    "dataset": "<unset>",
    "modality": "T1w",
    "run_id": 1,
    "session_id": "NAPFU24",
    "subject_id": "9566680"
  },
  "cjv": 0.43044653099316904,
  "cnr": 3.097027090117068,
  "efc": 0.6397639776277405,
  "fber": 92.3941650390625,
  "fwhm_avg": 2.956886666666666,
  "fwhm_x": 3.05143,
  "fwhm_y": 2.99185,
  "fwhm_z": 2.82738,
  "icvs_csf": 0.20778928076034378,
  "icvs_gm": 0.4123018266891953,
  "icvs_wm": 0.3799088925504609,
  "inu_med": 1.4002795219421387,
  "inu_range": 0.46182374954223615,
  "provenance": {
    "md5sum": "c5f93a9a2f73d9f864330f383ff50b63",
    "settings": {
      "testing": false
    },
    "software": "mriqc",
    "version": "0.16.1",
    "warnings": {
      "large_rot_frame": false,
      "small_air_mask": false
    },
    "webapi_port": null,
    "webapi_url": "https://mriqc.nimh.nih.gov/api/v1"
  },
  "qi_1": 3.530780230507641e-05,
  "qi_2": 0.004830096902858051,
  "rpve_csf": 28.129990783024006,
  "rpve_gm": 14.552549526986772,
  "rpve_wm": 18.743086514319018,
  "size_x": 176,
  "size_y": 240,
  "size_z": 256,
  "snr_csf": 1.0513550509076273,
  "snr_gm": 8.816363579425023,
  "snr_total": 8.752999119386777,
  "snr_wm": 16.391278727827682,
  "snrd_csf": 10.323591436704007,
  "snrd_gm": 21.217520881244127,
  "snrd_total": 20.849143323005652,
  "snrd_wm": 31.00631765106882,
  "spacing_x": 1.0,
  "spacing_y": 1.0,
  "spacing_z": 1.0,
  "summary_bg_k": 1194.7603030431974,
  "summary_bg_mad": 21.129236427262455,
  "summary_bg_mean": 69.9746322631836,
  "summary_bg_median": 68.24517059326172,
  "summary_bg_n": 2840430.0,
  "summary_bg_p05": 37.139425086975095,
  "summary_bg_p95": 107.87556686401366,
  "summary_bg_stdv": 25.40561294555664,
  "summary_csf_k": 12.690872663973865,
  "summary_csf_mad": 127.14056048721653,
  "summary_csf_mean": 412.95440673828125,
  "summary_csf_median": 332.9529724121094,
  "summary_csf_n": 13057.0,
  "summary_csf_p05": 179.5865692138672,
  "summary_csf_p95": 1074.1879394531247,
  "summary_csf_stdv": 316.67724609375,
  "summary_gm_k": -0.03499276279420771,
  "summary_gm_mad": 77.20227555652187,
  "summary_gm_mean": 684.6353149414062,
  "summary_gm_median": 684.30029296875,
  "summary_gm_n": 12396.0,
  "summary_gm_p05": 555.7637023925781,
  "summary_gm_p95": 812.2608642578125,
  "summary_gm_stdv": 77.61393737792969,
  "summary_wm_k": 0.3179397643303603,
  "summary_wm_mad": 58.69182759456924,
  "summary_wm_mean": 999.6024780273438,
  "summary_wm_median": 1000.0052490234375,
  "summary_wm_n": 181859.0,
  "summary_wm_p05": 898.6333374023438,
  "summary_wm_p95": 1099.2750610351563,
  "summary_wm_stdv": 61.00820541381836,
  "tpm_overlap_csf": 0.13831236958503723,
  "tpm_overlap_gm": 0.39010876417160034,
  "tpm_overlap_wm": 0.47034892439842224,
  "wm2max": 0.49362501311365814
}