{
  "bids_meta": {
    "AcquisitionNumber": 1,
    "DeviceSerialNumber": "35442  ",
    "EchoNumber": 1,
    "EchoTime": 0.00298,
    "FlipAngle": 9,
    "ImageOrientationPatientDICOM": [
      "-0.023971446891",
      "0.99971258266324",
      "-0.0003489967869",
      "-0.0214587721866",
      "-0.0008635623152",
      "-0.999769361081  "
    ],
    "ImageType": [
      "ORIGINAL",
      "PRIMARY",
      "M",
      "ND",
      "NORM "
    ],
    "ImagingFrequency": 123.247273,
    "InPlanePhaseEncodingDirectionDICOM": "ROW  ",
    "IntendedFor": [
      "ses-NAPEN00/fmap/sub-2631883_ses-NAPEN00_run-002_phasediff.nii.gz",
      "ses-NAPEN00/anat/sub-2631883_ses-NAPEN00_run-001_FLAIR.nii.gz",
      "ses-NAPEN00/dwi/sub-2631883_ses-NAPEN00_run-001_dwi.nii.gz",
      "ses-NAPEN00/fmap/sub-2631883_ses-NAPEN00_run-001_phasediff.nii.gz"
    ],
    "InversionTime": 0.9,
    "MRAcquisitionType": "3D ",
    "MagneticFieldStrength": 3,
    "Manufacturer": "SIEMENS  ",
    "ManufacturerModelName": "TrioTim  ",
    "Modality": "MRI__ ",
    "PatientPosition": "HFS  ",
    "PercentPhaseFOV": 93.75,
    "PhaseEncodingSteps": 239,
    "PixelBandwidth": 238,
    "ProtocolName": "MPRAGE ADNI_iPAT2  ",
    "PulseSequenceType": "*tfl3d1_ns ",
    "ReceiveCoilName": "HeadMatrixix\\\\ ",
    "RepetitionTime": 2.3,
    "SAR": 0.07929559183378,
    "ScanningSequence": "GR\\\\IR  ",
    "SequenceName": "*tfl3d1_ns ",
    "SequenceVariant": "SP\\\\MP  ",
    "SeriesDescription": "MPRAGE ADNI_iPAT2  ",
    "SeriesNumber": 4,
    "SliceOrder": "interleaved ",
    "SliceThickness": 1,
    "SliceTiming": null,
    "SoftwareVersions": "syngo MR B17 ",
    "dataset": "<unset>",
    "modality": "T1w",
    "run_id": 1,
    "session_id": "NAPEN00",
    "subject_id": "2631883"
  },
  "cjv": 0.4302340708643784,
  "cnr": 3.0915058631516548,
  "efc": 0.5899508050408486,
  "fber": 138.6445770263672,
  "fwhm_avg": 3.26882,
  "fwhm_x": 3.30319,
  "fwhm_y": 3.41163,
  "fwhm_z": 3.09164,
  "icvs_csf": 0.19570492469918357,
  "icvs_gm": 0.40287288248735414,
  "icvs_wm": 0.40142219281346225,
  "inu_med": 1.3963966369628906,
  "inu_range": 0.3900717854499818,
  "provenance": {
    "md5sum": "a63342fbb6435afd42f87e1f2dc9a81e",
    "settings": {
      "testing": false
    },
    "software": "mriqc",
    "version": "0.16.1",
    "warnings": {
      "large_rot_frame": true,
      "small_air_mask": false
    },
    "webapi_port": null,
    "webapi_url": "https://mriqc.nimh.nih.gov/api/v1"
  },
  "qi_1": 0.0,
  "qi_2": 0.006690462006453965,
  "rpve_csf": 32.54690794096978,
  "rpve_gm": 16.515404326874037,
  "rpve_wm": 20.39401272556587,
  "size_x": 176,
  "size_y": 240,
  "size_z": 256,
  "snr_csf": 3.1920509606301035,
  "snr_gm": 9.69192300648236,
  "snr_total": 10.111832893156311,
  "snr_wm": 17.451524712356466,
  "snrd_csf": 13.446811816292469,
  "snrd_gm": 25.909631841112862,
  "snrd_total": 25.374101122525968,
  "snrd_wm": 36.76585971017256,
  "spacing_x": 1.0,
  "spacing_y": 1.0,
  "spacing_z": 1.0,
  "summary_bg_k": 1580.836919509236,
  "summary_bg_mad": 17.81918829720872,
  "summary_bg_mean": 57.7618293762207,
  "summary_bg_median": 56.30235290527344,
  "summary_bg_n": 3233713.0,
  "summary_bg_p05": 30.79053649902344,
  "summary_bg_p95": 89.61271972656249,
  "summary_bg_stdv": 23.509632110595703,
  "summary_csf_k": -0.5160992282298258,
  "summary_csf_mad": 129.9378591370917,
  "summary_csf_mean": 367.50054931640625,
  "summary_csf_median": 365.7425842285156,
  "summary_csf_n": 6775.0,
  "summary_csf_p05": 189.2290512084961,
  "summary_csf_p95": 553.7989685058594,
  "summary_csf_stdv": 114.57072448730469,
  "summary_gm_k": 0.01611275916406285,
  "summary_gm_mad": 71.51438218210853,
  "summary_gm_mean": 704.6817626953125,
  "summary_gm_median": 704.7213745117188,
  "summary_gm_n": 13313.0,
  "summary_gm_p05": 584.2605590820312,
  "summary_gm_p95": 823.8245483398437,
  "summary_gm_stdv": 72.70950317382812,
  "summary_wm_k": 0.21185133702052328,
  "summary_wm_mad": 55.52546198008379,
  "summary_wm_mean": 999.8017578125,
  "summary_wm_median": 1000.0021362304688,
  "summary_wm_n": 181477.0,
  "summary_wm_p05": 904.8803100585938,
  "summary_wm_p95": 1093.6246826171875,
  "summary_wm_stdv": 57.30154800415039,
  "tpm_overlap_csf": 0.16760997474193573,
  "tpm_overlap_gm": 0.42627963423728943,
  "tpm_overlap_wm": 0.5133184790611267,
  "wm2max": 0.5220887030328253
}