{
  "bids_meta": {
    "AcquisitionNumber": 1,
    "DeviceSerialNumber": "35442  ",
    "EchoNumber": 1,
    "EchoTime": 0.00298,
    "FlipAngle": 9,
    "ImageOrientationPatientDICOM": [
      "0.00360438129398",
      "0.99603482793402",
      "-0.0888911130425",
      "0.00816717871603",
      "-0.0889180469967",
      "-0.9960054608837  "
    ],
    "ImageType": [
      "ORIGINAL",
      "PRIMARY",
      "M",
      "ND",
      "NORM "
    ],
    "ImagingFrequency": 123.247088,
    "InPlanePhaseEncodingDirectionDICOM": "ROW  ",
    "IntendedFor": [
      "ses-NAPFU24/anat/sub-7658420_ses-NAPFU24_run-001_T2star.nii.gz",
      "ses-NAPFU24/anat/sub-7658420_ses-NAPFU24_run-001_T1w.nii.gz",
      "ses-NAPFU24/anat/sub-7658420_ses-NAPFU24_run-001_FLAIR.nii.gz",
      "ses-NAPFU24/func/sub-7658420_ses-NAPFU24_task-encoding_run-001_bold.nii.gz",
      "ses-NAPFU24/fmap/sub-7658420_ses-NAPFU24_run-005_phasediff.nii.gz",
      "ses-NAPFU24/dwi/sub-7658420_ses-NAPFU24_run-001_dwi.nii.gz",
      "ses-NAPFU24/fmap/sub-7658420_ses-NAPFU24_run-001_phasediff.nii.gz",
      "ses-NAPFU24/asl/sub-7658420_ses-NAPFU24_run-001_asl.nii.gz",
      "ses-NAPFU24/fmap/sub-7658420_ses-NAPFU24_run-003_phasediff.nii.gz",
      "ses-NAPFU24/fmap/sub-7658420_ses-NAPFU24_run-002_phasediff.nii.gz",
      "ses-NAPFU24/func/sub-7658420_ses-NAPFU24_task-rest_run-002_bold.nii.gz",
      "ses-NAPFU24/func/sub-7658420_ses-NAPFU24_task-rest_run-001_bold.nii.gz",
      "ses-NAPFU24/fmap/sub-7658420_ses-NAPFU24_run-004_phasediff.nii.gz",
      "ses-NAPFU24/func/sub-7658420_ses-NAPFU24_task-retrieval_run-001_bold.nii.gz"
    ],
    "InversionTime": 0.9,
    "MRAcquisitionType": "3D ",
    "MagneticFieldStrength": 3,
    "Manufacturer": "SIEMENS  ",
    "ManufacturerModelName": "TrioTim  ",
    "Modality": "MRI__ ",
    "PatientPosition": "HFS  ",
    "PercentPhaseFOV": 93.75,
    "PhaseEncodingSteps": 239,
    "PixelBandwidth": 238,
    "ProtocolName": "MPRAGE ADNI_iPAT2  ",
    "PulseSequenceType": "*tfl3d1_ns ",
    "ReceiveCoilName": "HeadMatrixix\\\\ ",
    "RepetitionTime": 2.3,
    "SAR": 0.104253223646,
    "ScanningSequence": "GR\\\\IR  ",
    "SequenceName": "*tfl3d1_ns ",
    "SequenceVariant": "SP\\\\MP  ",
    "SeriesDescription": "MPRAGE ADNI_iPAT2  ",
    "SeriesNumber": 17,
    "SliceOrder": "interleaved ",
    "SliceThickness": 1,
    "SliceTiming": null,
    "SoftwareVersions": "syngo MR B17 ",
    "dataset": "<unset>",
    "modality": "T1w",
    "run_id": 2,
    "session_id": "NAPFU24",
    "subject_id": "7658420"
  },
  "cjv": 0.5155212668993086,
  "cnr": 2.50506687347596,
  "efc": 0.7016812671732526,
  "fber": 85.57543182373047,
  "fwhm_avg": 3.007763333333333,
  "fwhm_x": 3.0445,
  "fwhm_y": 3.10877,
  "fwhm_z": 2.87002,
  "icvs_csf": 0.21094117850514016,
  "icvs_gm": 0.3942138179692481,
  "icvs_wm": 0.39484500352561175,
  "inu_med": 1.2597215175628662,
  "inu_range": 0.44042715430259705,
  "provenance": {
    "md5sum": "52eb568e3f660fcdd88f9de81aedffdb",
    "settings": {
      "testing": false
    },
    "software": "mriqc",
    "version": "0.16.1",
    "warnings": {
      "large_rot_frame": true,
      "small_air_mask": false
    },
    "webapi_port": null,
    "webapi_url": "https://mriqc.nimh.nih.gov/api/v1"
  },
  "qi_1": 0.00017564524562112318,
  "qi_2": 0.002846294297137627,
  "rpve_csf": 25.294657017421898,
  "rpve_gm": 13.218864395026689,
  "rpve_wm": 16.09661506064033,
  "size_x": 176,
  "size_y": 240,
  "size_z": 256,
  "snr_csf": 3.0323487132187017,
  "snr_gm": 8.760695157860967,
  "snr_total": 8.474920768822313,
  "snr_wm": 13.631718435387267,
  "snrd_csf": 9.470476728731946,
  "snrd_gm": 20.826084123837088,
  "snrd_total": 19.90558677570473,
  "snrd_wm": 29.42019947454515,
  "spacing_x": 1.0,
  "spacing_y": 1.0,
  "spacing_z": 1.0,
  "summary_bg_k": 384.8050458108068,
  "summary_bg_mad": 22.268711451189404,
  "summary_bg_mean": 76.54429626464844,
  "summary_bg_median": 73.16998291015625,
  "summary_bg_n": 2469818.0,
  "summary_bg_p05": 40.94885368347168,
  "summary_bg_p95": 116.16531066894528,
  "summary_bg_stdv": 41.09662628173828,
  "summary_csf_k": 0.2818505647002749,
  "summary_csf_mad": 103.86450197622955,
  "summary_csf_mean": 334.7067565917969,
  "summary_csf_median": 321.9105529785156,
  "summary_csf_n": 18479.0,
  "summary_csf_p05": 180.09295196533202,
  "summary_csf_p95": 525.0466247558594,
  "summary_csf_stdv": 106.15594482421875,
  "summary_gm_k": 0.011514006200324278,
  "summary_gm_mad": 79.09502758919841,
  "summary_gm_mean": 706.0479736328125,
  "summary_gm_median": 707.8984985351562,
  "summary_gm_n": 4796.0,
  "summary_gm_p05": 568.1001129150391,
  "summary_gm_p95": 836.9959106445312,
  "summary_gm_stdv": 80.79549407958984,
  "summary_wm_k": 0.18999136007460793,
  "summary_wm_mad": 71.50017511739263,
  "summary_wm_mean": 1002.7237548828125,
  "summary_wm_median": 1000.0206909179688,
  "summary_wm_n": 192145.0,
  "summary_wm_p05": 886.5339965820312,
  "summary_wm_p95": 1128.064013671875,
  "summary_wm_stdv": 73.35964965820312,
  "tpm_overlap_csf": 0.15009142458438873,
  "tpm_overlap_gm": 0.39721378684043884,
  "tpm_overlap_wm": 0.4783690869808197,
  "wm2max": 0.48472566591444827
}