{
  "bids_meta": {
    "AcquisitionNumber": 1,
    "DeviceSerialNumber": "35442  ",
    "EchoNumber": 1,
    "EchoTime": 0.00298,
    "FlipAngle": 9,
    "ImageOrientationPatientDICOM": [
      "-0.0285265804162",
      "0.99958695013802",
      "0.00348759566608",
      "0.04191201092729",
      "0.00468203313825",
      "-0.9991103352011  "
    ],
    "ImageType": [
      "ORIGINAL",
      "PRIMARY",
      "M",
      "ND",
      "NORM "
    ],
    "ImagingFrequency": 123.24709,
    "InPlanePhaseEncodingDirectionDICOM": "ROW  ",
    "IntendedFor": [
      "ses-NAPFU12/func/sub-8822042_ses-NAPFU12_task-retrieval_run-001_bold.nii.gz",
      "ses-NAPFU12/asl/sub-8822042_ses-NAPFU12_run-001_asl.nii.gz",
      "ses-NAPFU12/fmap/sub-8822042_ses-NAPFU12_run-003_phasediff.nii.gz",
      "ses-NAPFU12/anat/sub-8822042_ses-NAPFU12_run-001_T2star.nii.gz",
      "ses-NAPFU12/fmap/sub-8822042_ses-NAPFU12_run-002_phasediff.nii.gz",
      "ses-NAPFU12/fmap/sub-8822042_ses-NAPFU12_run-001_phasediff.nii.gz",
      "ses-NAPFU12/func/sub-8822042_ses-NAPFU12_task-rest_run-001_bold.nii.gz",
      "ses-NAPFU12/func/sub-8822042_ses-NAPFU12_task-encoding_run-001_bold.nii.gz",
      "ses-NAPFU12/func/sub-8822042_ses-NAPFU12_task-rest_run-002_bold.nii.gz"
    ],
    "InversionTime": 0.9,
    "MRAcquisitionType": "3D ",
    "MagneticFieldStrength": 3,
    "Manufacturer": "SIEMENS  ",
    "ManufacturerModelName": "TrioTim  ",
    "Modality": "MRI__ ",
    "PatientPosition": "HFS  ",
    "PercentPhaseFOV": 93.75,
    "PhaseEncodingSteps": 239,
    "PixelBandwidth": 238,
    "ProtocolName": "MPRAGE ADNI_iPAT2  ",
    "PulseSequenceType": "*tfl3d1_ns ",
    "ReceiveCoilName": "HeadMatrixix\\\\ ",
    "RepetitionTime": 2.3,
    "SAR": 0.08438126922864,
    "ScanningSequence": "GR\\\\IR  ",
    "SequenceName": "*tfl3d1_ns ",
    "SequenceVariant": "SP\\\\MP  ",
    "SeriesDescription": "MPRAGE ADNI_iPAT2  ",
    "SeriesNumber": 12,
    "SliceOrder": "interleaved ",
    "SliceThickness": 1,
    "SliceTiming": null,
    "SoftwareVersions": "syngo MR B17 ",
    "dataset": "<unset>",
    "modality": "T1w",
    "run_id": 1,
    "session_id": "NAPFU12",
    "subject_id": "8822042"
  },
  "cjv": 0.4526127149499239,
  "cnr": 2.9982323419484187,
  "efc": 0.614114976266102,
  "fber": 126.88201141357422,
  "fwhm_avg": 3.30626,
  "fwhm_x": 3.3943,
  "fwhm_y": 3.44748,
  "fwhm_z": 3.077,
  "icvs_csf": 0.2257753753601443,
  "icvs_gm": 0.41006925011434153,
  "icvs_wm": 0.36415537452551416,
  "inu_med": 1.2655471563339233,
  "inu_range": 0.31197370290756243,
  "provenance": {
    "md5sum": "01c3a7baea50a9521f04c3975aaf94a4",
    "settings": {
      "testing": false
    },
    "software": "mriqc",
    "version": "0.16.1",
    "warnings": {
      "large_rot_frame": true,
      "small_air_mask": false
    },
    "webapi_port": null,
    "webapi_url": "https://mriqc.nimh.nih.gov/api/v1"
  },
  "qi_1": 0.0,
  "qi_2": 0.004922422112222711,
  "rpve_csf": 27.041042202610793,
  "rpve_gm": 14.660005768596857,
  "rpve_wm": 19.40010475648632,
  "size_x": 176,
  "size_y": 240,
  "size_z": 256,
  "snr_csf": 3.4966623418968985,
  "snr_gm": 7.891334245095846,
  "snr_total": 7.8689367002932,
  "snr_wm": 12.218813513886852,
  "snrd_csf": 11.52379852990992,
  "snrd_gm": 26.01068564550216,
  "snrd_total": 25.87622891368738,
  "snrd_wm": 40.09420256565006,
  "spacing_x": 1.0,
  "spacing_y": 1.0,
  "spacing_z": 1.0,
  "summary_bg_k": 10.325338626505458,
  "summary_bg_mad": 16.339408262338956,
  "summary_bg_mean": 51.21119689941406,
  "summary_bg_median": 50.027008056640625,
  "summary_bg_n": 2875211.0,
  "summary_bg_p05": 26.47617244720459,
  "summary_bg_p95": 80.06419372558594,
  "summary_bg_stdv": 16.430702209472656,
  "summary_csf_k": 2.268272274995308,
  "summary_csf_mad": 68.42336151831786,
  "summary_csf_mean": 298.5143737792969,
  "summary_csf_median": 287.408935546875,
  "summary_csf_n": 34964.0,
  "summary_csf_p05": 186.77336730957032,
  "summary_csf_p95": 452.7069107055662,
  "summary_csf_stdv": 82.19404602050781,
  "summary_gm_k": -0.12270135584665098,
  "summary_gm_mad": 82.59620937851727,
  "summary_gm_mean": 649.6891479492188,
  "summary_gm_median": 648.7186889648438,
  "summary_gm_n": 9440.0,
  "summary_gm_p05": 516.5494995117188,
  "summary_gm_p95": 785.3119079589843,
  "summary_gm_stdv": 82.20211029052734,
  "summary_wm_k": 0.44010407637017,
  "summary_wm_mad": 76.38378574534126,
  "summary_wm_mean": 1005.0866088867188,
  "summary_wm_median": 999.9682006835938,
  "summary_wm_n": 160911.0,
  "summary_wm_p05": 879.3722229003906,
  "summary_wm_p95": 1151.3596801757812,
  "summary_wm_stdv": 81.83815002441406,
  "tpm_overlap_csf": 0.1657741814851761,
  "tpm_overlap_gm": 0.41579967737197876,
  "tpm_overlap_wm": 0.47001999616622925,
  "wm2max": 0.6066192579238235
}