{
  "bids_meta": {
    "AcquisitionNumber": 1,
    "DeviceSerialNumber": "35442  ",
    "EchoNumber": 1,
    "EchoTime": 0.00298,
    "FlipAngle": 9,
    "ImageOrientationPatientDICOM": [
      "0.03794990765361",
      "0.99927958246182",
      "-0.0003472520818",
      "0.10259540046329",
      "-0.0042419585051",
      "-0.9947141245563  "
    ],
    "ImageType": [
      "ORIGINAL",
      "PRIMARY",
      "M",
      "ND",
      "NORM "
    ],
    "ImagingFrequency": 123.251437,
    "InPlanePhaseEncodingDirectionDICOM": "ROW  ",
    "IntendedFor": [
      "ses-PREEN00/fmap/sub-3525262_ses-PREEN00_run-001_phasediff.nii.gz",
      "ses-PREEN00/anat/sub-3525262_ses-PREEN00_run-001_FLAIR.nii.gz",
      "ses-PREEN00/dwi/sub-3525262_ses-PREEN00_run-001_dwi.nii.gz",
      "ses-PREEN00/fmap/sub-3525262_ses-PREEN00_run-002_phasediff.nii.gz"
    ],
    "InversionTime": 0.9,
    "MRAcquisitionType": "3D ",
    "MagneticFieldStrength": 3,
    "Manufacturer": "SIEMENS  ",
    "ManufacturerModelName": "TrioTim  ",
    "Modality": "MRI__ ",
    "PatientPosition": "HFS  ",
    "PercentPhaseFOV": 93.75,
    "PhaseEncodingSteps": 239,
    "PixelBandwidth": 238,
    "ProtocolName": "MPRAGE ADNI_iPAT2  ",
    "PulseSequenceType": "*tfl3d1_ns ",
    "ReceiveCoilName": "HeadMatrixix\\\\ ",
    "RepetitionTime": 2.3,
    "SAR": 0.08573300720707,
    "ScanningSequence": "GR\\\\IR  ",
    "SequenceName": "*tfl3d1_ns ",
    "SequenceVariant": "SP\\\\MP  ",
    "SeriesDescription": "MPRAGE ADNI_iPAT2  ",
    "SeriesNumber": 4,
    "SliceOrder": "interleaved ",
    "SliceThickness": 1,
    "SliceTiming": null,
    "SoftwareVersions": "syngo MR B17 ",
    "dataset": "<unset>",
    "modality": "T1w",
    "run_id": 1,
    "session_id": "PREEN00",
    "subject_id": "3525262"
  },
  "cjv": 0.47659498681947415,
  "cnr": 2.753099119778857,
  "efc": 0.654606248647005,
  "fber": 101.9755859375,
  "fwhm_avg": 3.18759,
  "fwhm_x": 3.17605,
  "fwhm_y": 3.31252,
  "fwhm_z": 3.0742,
  "icvs_csf": 0.21018794221603965,
  "icvs_gm": 0.38487196944826596,
  "icvs_wm": 0.4049400883356944,
  "inu_med": 1.2756006717681885,
  "inu_range": 0.485393014550209,
  "provenance": {
    "md5sum": "573babd6875a180251618e3cd9ce6cab",
    "settings": {
      "testing": false
    },
    "software": "mriqc",
    "version": "0.16.1",
    "warnings": {
      "large_rot_frame": true,
      "small_air_mask": false
    },
    "webapi_port": null,
    "webapi_url": "https://mriqc.nimh.nih.gov/api/v1"
  },
  "qi_1": 0.0,
  "qi_2": 0.0038225978930754717,
  "rpve_csf": 23.45324008386331,
  "rpve_gm": 12.729934276993122,
  "rpve_wm": 15.013042869935079,
  "size_x": 176,
  "size_y": 240,
  "size_z": 256,
  "snr_csf": 1.1204206031396287,
  "snr_gm": 8.273890730988976,
  "snr_total": 8.730799422407005,
  "snr_wm": 16.79808693309241,
  "snrd_csf": 11.120137813997335,
  "snrd_gm": 22.484599966746316,
  "snrd_total": 21.8454248709164,
  "snrd_wm": 31.93153683200554,
  "spacing_x": 1.0,
  "spacing_y": 1.0,
  "spacing_z": 1.0,
  "summary_bg_k": 1548.7873621701399,
  "summary_bg_mad": 20.517190197395514,
  "summary_bg_mean": 68.99630737304688,
  "summary_bg_median": 67.13687133789062,
  "summary_bg_n": 2849602.0,
  "summary_bg_p05": 37.40068244934082,
  "summary_bg_p95": 105.71146430969235,
  "summary_bg_stdv": 27.5991268157959,
  "summary_csf_k": 14.122533117116937,
  "summary_csf_mad": 149.9892759210006,
  "summary_csf_mean": 411.5252685546875,
  "summary_csf_median": 348.2541809082031,
  "summary_csf_n": 17065.0,
  "summary_csf_p05": 162.1683135986328,
  "summary_csf_p95": 737.77705078125,
  "summary_csf_stdv": 310.8153991699219,
  "summary_gm_k": 0.11605094587725473,
  "summary_gm_mad": 83.25819525067777,
  "summary_gm_mean": 704.5225219726562,
  "summary_gm_median": 704.1599731445312,
  "summary_gm_n": 10981.0,
  "summary_gm_p05": 564.958740234375,
  "summary_gm_p95": 842.6382446289062,
  "summary_gm_stdv": 85.1023941040039,
  "summary_wm_k": 0.28409845392155697,
  "summary_wm_mad": 57.74425257436163,
  "summary_wm_mean": 999.8843383789062,
  "summary_wm_median": 1000.0137939453125,
  "summary_wm_n": 245052.0,
  "summary_wm_p05": 901.9632263183594,
  "summary_wm_p95": 1096.9707519531248,
  "summary_wm_stdv": 59.531288146972656,
  "tpm_overlap_csf": 0.15719784796237946,
  "tpm_overlap_gm": 0.39114832878112793,
  "tpm_overlap_wm": 0.49357864260673523,
  "wm2max": 0.5016985303177874
}