{
  "bids_meta": {
    "AcquisitionNumber": 1,
    "DeviceSerialNumber": "35442  ",
    "EchoNumber": 1,
    "EchoTime": 0.00298,
    "FlipAngle": 9,
    "ImageOrientationPatientDICOM": [
      "-0.0106088842726",
      "0.97021375678983",
      "0.24201801112779",
      "0.08241448159974",
      "0.24205655946069",
      "-0.9667556440201  "
    ],
    "ImageType": [
      "ORIGINAL",
      "PRIMARY",
      "M",
      "ND",
      "NORM "
    ],
    "ImagingFrequency": 123.247146,
    "InPlanePhaseEncodingDirectionDICOM": "ROW  ",
    "IntendedFor": [
      "ses-NAPFU24/asl/sub-1438245_ses-NAPFU24_run-001_asl.nii.gz",
      "ses-NAPFU24/func/sub-1438245_ses-NAPFU24_task-rest_run-001_bold.nii.gz",
      "ses-NAPFU24/func/sub-1438245_ses-NAPFU24_task-rest_run-002_bold.nii.gz",
      "ses-NAPFU24/anat/sub-1438245_ses-NAPFU24_run-001_T2star.nii.gz",
      "ses-NAPFU24/func/sub-1438245_ses-NAPFU24_task-retrieval_run-001_bold.nii.gz",
      "ses-NAPFU24/fmap/sub-1438245_ses-NAPFU24_run-003_phasediff.nii.gz",
      "ses-NAPFU24/fmap/sub-1438245_ses-NAPFU24_run-002_phasediff.nii.gz",
      "ses-NAPFU24/fmap/sub-1438245_ses-NAPFU24_run-001_phasediff.nii.gz",
      "ses-NAPFU24/func/sub-1438245_ses-NAPFU24_task-encoding_run-001_bold.nii.gz"
    ],
    "InversionTime": 0.9,
    "MRAcquisitionType": "3D ",
    "MagneticFieldStrength": 3,
    "Manufacturer": "SIEMENS  ",
    "ManufacturerModelName": "TrioTim  ",
    "Modality": "MRI__ ",
    "PatientPosition": "HFS  ",
    "PercentPhaseFOV": 93.75,
    "PhaseEncodingSteps": 239,
    "PixelBandwidth": 238,
    "ProtocolName": "MPRAGE ADNI_iPAT2  ",
    "PulseSequenceType": "*tfl3d1_ns ",
    "ReceiveCoilName": "HeadMatrixix\\\\ ",
    "RepetitionTime": 2.3,
    "SAR": 0.06805514285345,
    "ScanningSequence": "GR\\\\IR  ",
    "SequenceName": "*tfl3d1_ns ",
    "SequenceVariant": "SP\\\\MP  ",
    "SeriesDescription": "MPRAGE ADNI_iPAT2  ",
    "SeriesNumber": 12,
    "SliceOrder": "interleaved ",
    "SliceThickness": 1,
    "SliceTiming": null,
    "SoftwareVersions": "syngo MR B17 ",
    "dataset": "<unset>",
    "modality": "T1w",
    "run_id": 1,
    "session_id": "NAPFU24",
    "subject_id": "1438245"
  },
  "cjv": 0.41988417053569854,
  "cnr": 3.190741367217854,
  "efc": 0.6102652922190469,
  "fber": 96.95417785644531,
  "fwhm_avg": 3.2874233333333334,
  "fwhm_x": 3.29522,
  "fwhm_y": 3.44107,
  "fwhm_z": 3.12598,
  "icvs_csf": 0.19996528490525,
  "icvs_gm": 0.40866975631688834,
  "icvs_wm": 0.39136495877786165,
  "inu_med": 1.330765724182129,
  "inu_range": 0.4082824528217315,
  "provenance": {
    "md5sum": "b2b14435b0bb01553f9209e71bc732f0",
    "settings": {
      "testing": false
    },
    "software": "mriqc",
    "version": "0.16.1",
    "warnings": {
      "large_rot_frame": true,
      "small_air_mask": false
    },
    "webapi_port": null,
    "webapi_url": "https://mriqc.nimh.nih.gov/api/v1"
  },
  "qi_1": 0.00010672057528507818,
  "qi_2": 0.00400666310961619,
  "rpve_csf": 28.718346204860516,
  "rpve_gm": 14.692057086465157,
  "rpve_wm": 18.634744535673104,
  "size_x": 176,
  "size_y": 240,
  "size_z": 256,
  "snr_csf": 2.6539315760654394,
  "snr_gm": 9.044097156099715,
  "snr_total": 9.882252656621889,
  "snr_wm": 17.948729237700512,
  "snrd_csf": 10.360658413799428,
  "snrd_gm": 22.769787887487574,
  "snrd_total": 22.029952033265314,
  "snrd_wm": 32.959409798508936,
  "spacing_x": 1.0,
  "spacing_y": 1.0,
  "spacing_z": 1.0,
  "summary_bg_k": 602.0898931584279,
  "summary_bg_mad": 19.877391552496352,
  "summary_bg_mean": 67.07320404052734,
  "summary_bg_median": 65.54634857177734,
  "summary_bg_n": 2722686.0,
  "summary_bg_p05": 36.58927536010742,
  "summary_bg_p95": 102.5564079284668,
  "summary_bg_stdv": 21.204198837280273,
  "summary_csf_k": -0.2736351186889827,
  "summary_csf_mad": 121.00152493992968,
  "summary_csf_mean": 336.7249450683594,
  "summary_csf_median": 314.35113525390625,
  "summary_csf_n": 12587.0,
  "summary_csf_p05": 175.07431335449218,
  "summary_csf_p95": 550.2151611328125,
  "summary_csf_stdv": 118.44263458251953,
  "summary_gm_k": -0.04967086650654329,
  "summary_gm_mad": 76.01241126385035,
  "summary_gm_mean": 690.9606323242188,
  "summary_gm_median": 690.8546142578125,
  "summary_gm_n": 12159.0,
  "summary_gm_p05": 565.514306640625,
  "summary_gm_p95": 817.4388061523437,
  "summary_gm_stdv": 76.38420867919922,
  "summary_wm_k": 0.30766888304999185,
  "summary_wm_mad": 53.79971082596268,
  "summary_wm_mean": 999.5701904296875,
  "summary_wm_median": 1000.016357421875,
  "summary_wm_n": 195098.0,
  "summary_wm_p05": 907.3289611816406,
  "summary_wm_p95": 1089.9721374511719,
  "summary_wm_stdv": 55.71501922607422,
  "tpm_overlap_csf": 0.1818612515926361,
  "tpm_overlap_gm": 0.44029703736305237,
  "tpm_overlap_wm": 0.5099244117736816,
  "wm2max": 0.5069445311248205
}