{
  "bids_meta": {
    "AcquisitionNumber": 1,
    "DeviceSerialNumber": "35442  ",
    "EchoNumber": 1,
    "EchoTime": 0.00298,
    "FlipAngle": 9,
    "ImageOrientationPatientDICOM": [
      "-0.0169410816613",
      "0.99985648957845",
      "-1.22192e-010",
      "0.05026989618393",
      "0.00085174852911",
      "-0.998735306306  "
    ],
    "ImageType": [
      "ORIGINAL",
      "PRIMARY",
      "M",
      "ND",
      "NORM "
    ],
    "ImagingFrequency": 123.24746,
    "InPlanePhaseEncodingDirectionDICOM": "ROW  ",
    "IntendedFor": [
      "ses-PREBL00/fmap/sub-9827494_ses-PREBL00_run-002_phasediff.nii.gz",
      "ses-PREBL00/func/sub-9827494_ses-PREBL00_task-rest_run-001_bold.nii.gz",
      "ses-PREBL00/func/sub-9827494_ses-PREBL00_task-encoding_run-001_bold.nii.gz",
      "ses-PREBL00/fmap/sub-9827494_ses-PREBL00_run-003_phasediff.nii.gz",
      "ses-PREBL00/anat/sub-9827494_ses-PREBL00_run-001_T2star.nii.gz",
      "ses-PREBL00/asl/sub-9827494_ses-PREBL00_run-001_asl.nii.gz",
      "ses-PREBL00/fmap/sub-9827494_ses-PREBL00_run-001_phasediff.nii.gz",
      "ses-PREBL00/func/sub-9827494_ses-PREBL00_task-rest_run-002_bold.nii.gz",
      "ses-PREBL00/func/sub-9827494_ses-PREBL00_task-retrieval_run-001_bold.nii.gz"
    ],
    "InversionTime": 0.9,
    "MRAcquisitionType": "3D ",
    "MagneticFieldStrength": 3,
    "Manufacturer": "SIEMENS  ",
    "ManufacturerModelName": "TrioTim  ",
    "Modality": "MRI__ ",
    "PatientPosition": "HFS  ",
    "PercentPhaseFOV": 93.75,
    "PhaseEncodingSteps": 239,
    "PixelBandwidth": 238,
    "ProtocolName": "MPRAGE ADNI_iPAT2  ",
    "PulseSequenceType": "*tfl3d1_ns ",
    "ReceiveCoilName": "HeadMatrixix\\\\ ",
    "RepetitionTime": 2.3,
    "SAR": 0.10761038819291,
    "ScanningSequence": "GR\\\\IR  ",
    "SequenceName": "*tfl3d1_ns ",
    "SequenceVariant": "SP\\\\MP  ",
    "SeriesDescription": "MPRAGE ADNI_iPAT2  ",
    "SeriesNumber": 12,
    "SliceOrder": "interleaved ",
    "SliceThickness": 1,
    "SliceTiming": null,
    "SoftwareVersions": "syngo MR B17 ",
    "dataset": "<unset>",
    "modality": "T1w",
    "run_id": 1,
    "session_id": "PREBL00",
    "subject_id": "9827494"
  },
  "cjv": 0.44021208388858696,
  "cnr": 3.0683650859194294,
  "efc": 0.6236245698293398,
  "fber": 148.55361938476562,
  "fwhm_avg": 2.9009,
  "fwhm_x": 2.96483,
  "fwhm_y": 2.96287,
  "fwhm_z": 2.775,
  "icvs_csf": 0.18799982862272233,
  "icvs_gm": 0.41425813307277454,
  "icvs_wm": 0.39774203830450316,
  "inu_med": 1.236339807510376,
  "inu_range": 0.30328192710876456,
  "provenance": {
    "md5sum": "3b127dc1ec9b547cf3f9c3779df556a4",
    "settings": {
      "testing": false
    },
    "software": "mriqc",
    "version": "0.16.1",
    "warnings": {
      "large_rot_frame": false,
      "small_air_mask": false
    },
    "webapi_port": null,
    "webapi_url": "https://mriqc.nimh.nih.gov/api/v1"
  },
  "qi_1": 0.0,
  "qi_2": 0.004675472050496673,
  "rpve_csf": 29.194978172463347,
  "rpve_gm": 13.798820239752724,
  "rpve_wm": 16.971487865865416,
  "size_x": 176,
  "size_y": 240,
  "size_z": 256,
  "snr_csf": 0.8738615436824593,
  "snr_gm": 8.222556399191697,
  "snr_total": 8.195817609538674,
  "snr_wm": 15.491034885741865,
  "snrd_csf": 13.409400147782774,
  "snrd_gm": 27.511924301134137,
  "snrd_total": 27.266757835844384,
  "snrd_wm": 40.87894905861624,
  "spacing_x": 1.0,
  "spacing_y": 1.0,
  "spacing_z": 1.0,
  "summary_bg_k": 1634.9895101041566,
  "summary_bg_mad": 16.026004486794715,
  "summary_bg_mean": 52.838401794433594,
  "summary_bg_median": 51.313236236572266,
  "summary_bg_n": 2952281.0,
  "summary_bg_p05": 27.120946884155273,
  "summary_bg_p95": 82.28607177734375,
  "summary_bg_stdv": 22.158313751220703,
  "summary_csf_k": 7.061532417586253,
  "summary_csf_mad": 119.73331818689005,
  "summary_csf_mean": 442.8701477050781,
  "summary_csf_median": 328.0219421386719,
  "summary_csf_n": 18682.0,
  "summary_csf_p05": 181.60932006835938,
  "summary_csf_p95": 1524.718151855469,
  "summary_csf_stdv": 375.3605651855469,
  "summary_gm_k": -0.05871212516729196,
  "summary_gm_mad": 81.60863739904578,
  "summary_gm_mean": 672.4910278320312,
  "summary_gm_median": 672.9991455078125,
  "summary_gm_n": 10735.0,
  "summary_gm_p05": 536.4915710449219,
  "summary_gm_p95": 805.850762939453,
  "summary_gm_stdv": 81.84410858154297,
  "summary_wm_k": 0.26342552408313713,
  "summary_wm_mad": 62.334265613324575,
  "summary_wm_mean": 1001.8637084960938,
  "summary_wm_median": 999.9844970703125,
  "summary_wm_n": 194280.0,
  "summary_wm_p05": 898.9473388671875,
  "summary_wm_p95": 1111.6819580078125,
  "summary_wm_stdv": 64.55229949951172,
  "tpm_overlap_csf": 0.16336670517921448,
  "tpm_overlap_gm": 0.4067569673061371,
  "tpm_overlap_wm": 0.4987170100212097,
  "wm2max": 0.5308126243801204
}