{
  "bids_meta": {
    "AcquisitionNumber": 1,
    "DeviceSerialNumber": "35442  ",
    "EchoNumber": 1,
    "EchoTime": 0.00298,
    "FlipAngle": 9,
    "ImageOrientationPatientDICOM": [
      "0.0321765999185",
      "0.98331997739151",
      "0.17901533029451",
      "0.03057050215",
      "0.17805602314251",
      "-0.9835453711044  "
    ],
    "ImageType": [
      "ORIGINAL",
      "PRIMARY",
      "M",
      "ND",
      "NORM "
    ],
    "ImagingFrequency": 123.247161,
    "InPlanePhaseEncodingDirectionDICOM": "ROW  ",
    "IntendedFor": [
      "ses-PREFU24/anat/sub-4365974_ses-PREFU24_run-001_T2star.nii.gz",
      "ses-PREFU24/anat/sub-4365974_ses-PREFU24_run-001_FLAIR.nii.gz",
      "ses-PREFU24/dwi/sub-4365974_ses-PREFU24_run-001_dwi.nii.gz",
      "ses-PREFU24/func/sub-4365974_ses-PREFU24_task-retrieval_run-001_bold.nii.gz",
      "ses-PREFU24/fmap/sub-4365974_ses-PREFU24_run-003_phasediff.nii.gz",
      "ses-PREFU24/fmap/sub-4365974_ses-PREFU24_run-005_phasediff.nii.gz",
      "ses-PREFU24/func/sub-4365974_ses-PREFU24_task-rest_run-002_bold.nii.gz",
      "ses-PREFU24/fmap/sub-4365974_ses-PREFU24_run-001_phasediff.nii.gz",
      "ses-PREFU24/fmap/sub-4365974_ses-PREFU24_run-004_phasediff.nii.gz",
      "ses-PREFU24/func/sub-4365974_ses-PREFU24_task-encoding_run-001_bold.nii.gz",
      "ses-PREFU24/anat/sub-4365974_ses-PREFU24_run-002_T1w.nii.gz",
      "ses-PREFU24/asl/sub-4365974_ses-PREFU24_run-001_asl.nii.gz",
      "ses-PREFU24/fmap/sub-4365974_ses-PREFU24_run-002_phasediff.nii.gz",
      "ses-PREFU24/func/sub-4365974_ses-PREFU24_task-rest_run-001_bold.nii.gz"
    ],
    "InversionTime": 0.9,
    "MRAcquisitionType": "3D ",
    "MagneticFieldStrength": 3,
    "Manufacturer": "SIEMENS  ",
    "ManufacturerModelName": "TrioTim  ",
    "Modality": "MRI__ ",
    "PatientPosition": "HFS  ",
    "PercentPhaseFOV": 93.75,
    "PhaseEncodingSteps": 239,
    "PixelBandwidth": 238,
    "ProtocolName": "MPRAGE ADNI_iPAT2  ",
    "PulseSequenceType": "*tfl3d1_ns ",
    "ReceiveCoilName": "HeadMatrixix\\\\ ",
    "RepetitionTime": 2.3,
    "SAR": 0.07579996464424,
    "ScanningSequence": "GR\\\\IR  ",
    "SequenceName": "*tfl3d1_ns ",
    "SequenceVariant": "SP\\\\MP  ",
    "SeriesDescription": "MPRAGE ADNI_iPAT2  ",
    "SeriesNumber": 12,
    "SliceOrder": "interleaved ",
    "SliceThickness": 1,
    "SliceTiming": null,
    "SoftwareVersions": "syngo MR B17 ",
    "dataset": "<unset>",
    "modality": "T1w",
    "run_id": 1,
    "session_id": "PREFU24",
    "subject_id": "4365974"
  },
  "cjv": 0.46239164415371004,
  "cnr": 2.90590537917619,
  "efc": 0.5940860698048517,
  "fber": 112.92833709716797,
  "fwhm_avg": 3.0541899999999997,
  "fwhm_x": 3.1119,
  "fwhm_y": 3.13644,
  "fwhm_z": 2.91423,
  "icvs_csf": 0.20305205114793598,
  "icvs_gm": 0.4064727564709768,
  "icvs_wm": 0.39047519238108724,
  "inu_med": 1.330434799194336,
  "inu_range": 0.3870873928070069,
  "provenance": {
    "md5sum": "8db2a2b64d753d0ead0b1aee822c2258",
    "settings": {
      "testing": false
    },
    "software": "mriqc",
    "version": "0.16.1",
    "warnings": {
      "large_rot_frame": true,
      "small_air_mask": false
    },
    "webapi_port": null,
    "webapi_url": "https://mriqc.nimh.nih.gov/api/v1"
  },
  "qi_1": 0.0,
  "qi_2": 0.0035335175576214463,
  "rpve_csf": 29.573735560669963,
  "rpve_gm": 15.088119978968912,
  "rpve_wm": 18.905049157711172,
  "size_x": 176,
  "size_y": 240,
  "size_z": 256,
  "snr_csf": 3.659618923492516,
  "snr_gm": 9.379605357219639,
  "snr_total": 9.248380106139,
  "snr_wm": 14.70591603770485,
  "snrd_csf": 12.2095912629856,
  "snrd_gm": 22.248520886183208,
  "snrd_total": 22.10070643099225,
  "snrd_wm": 31.84400714380794,
  "spacing_x": 1.0,
  "spacing_y": 1.0,
  "spacing_z": 1.0,
  "summary_bg_k": 7.08487606609221,
  "summary_bg_mad": 20.57328321803737,
  "summary_bg_mean": 67.24412536621094,
  "summary_bg_median": 64.31265258789062,
  "summary_bg_n": 3032235.0,
  "summary_bg_p05": 35.252632522583006,
  "summary_bg_p95": 107.68039932250976,
  "summary_bg_stdv": 24.100893020629883,
  "summary_csf_k": -0.03880841138432212,
  "summary_csf_mad": 107.57320192580158,
  "summary_csf_mean": 383.1551818847656,
  "summary_csf_median": 383.41845703125,
  "summary_csf_n": 8976.0,
  "summary_csf_p05": 212.14399337768555,
  "summary_csf_p95": 553.1248168945312,
  "summary_csf_stdv": 104.76421356201172,
  "summary_gm_k": 0.02004530677640215,
  "summary_gm_mad": 73.50680989494157,
  "summary_gm_mean": 697.4352416992188,
  "summary_gm_median": 698.6715087890625,
  "summary_gm_n": 8156.0,
  "summary_gm_p05": 571.3511962890625,
  "summary_gm_p95": 819.7654113769531,
  "summary_gm_stdv": 74.48380279541016,
  "summary_wm_k": 0.288078053226386,
  "summary_wm_mad": 65.82454325424683,
  "summary_wm_mean": 1001.419189453125,
  "summary_wm_median": 999.9990844726562,
  "summary_wm_n": 168648.0,
  "summary_wm_p05": 892.4709869384765,
  "summary_wm_p95": 1115.8604125976562,
  "summary_wm_stdv": 67.99958038330078,
  "tpm_overlap_csf": 0.1516861766576767,
  "tpm_overlap_gm": 0.41447320580482483,
  "tpm_overlap_wm": 0.48367398977279663,
  "wm2max": 0.496046907308585
}