{
  "bids_meta": {
    "AcquisitionNumber": 1,
    "DeviceSerialNumber": "35442  ",
    "EchoNumber": 1,
    "EchoTime": 0.00298,
    "FlipAngle": 9,
    "ImageOrientationPatientDICOM": [
      "-0.0152983429461",
      "0.99694912305619",
      "0.0765402295567",
      "0.06193465073469",
      "0.07734702274368",
      "-0.9950786587557 "
    ],
    "ImageType": [
      "ORIGINAL",
      "PRIMARY",
      "M",
      "ND",
      "NORM "
    ],
    "ImagingFrequency": 123.247055,
    "InPlanePhaseEncodingDirectionDICOM": "ROW  ",
    "IntendedFor": [
      "ses-PREFU24/func/sub-4317780_ses-PREFU24_task-encoding_run-001_bold.nii.gz",
      "ses-PREFU24/func/sub-4317780_ses-PREFU24_task-rest_run-002_bold.nii.gz",
      "ses-PREFU24/asl/sub-4317780_ses-PREFU24_run-001_asl.nii.gz",
      "ses-PREFU24/anat/sub-4317780_ses-PREFU24_run-001_T2star.nii.gz",
      "ses-PREFU24/fmap/sub-4317780_ses-PREFU24_run-002_phasediff.nii.gz",
      "ses-PREFU24/fmap/sub-4317780_ses-PREFU24_run-001_phasediff.nii.gz",
      "ses-PREFU24/fmap/sub-4317780_ses-PREFU24_run-003_phasediff.nii.gz",
      "ses-PREFU24/func/sub-4317780_ses-PREFU24_task-rest_run-001_bold.nii.gz",
      "ses-PREFU24/func/sub-4317780_ses-PREFU24_task-retrieval_run-001_bold.nii.gz"
    ],
    "InversionTime": 0.9,
    "MRAcquisitionType": "3D ",
    "MagneticFieldStrength": 3,
    "Manufacturer": "SIEMENS  ",
    "ManufacturerModelName": "TrioTim  ",
    "Modality": "MRI__ ",
    "PatientPosition": "HFS  ",
    "PercentPhaseFOV": 93.75,
    "PhaseEncodingSteps": 239,
    "PixelBandwidth": 238,
    "ProtocolName": "MPRAGE ADNI_iPAT2  ",
    "PulseSequenceType": "*tfl3d1_ns ",
    "ReceiveCoilName": "HeadMatrixix\\\\ ",
    "RepetitionTime": 2.3,
    "SAR": 0.09362926338736,
    "ScanningSequence": "GR\\\\IR  ",
    "SequenceName": "*tfl3d1_ns ",
    "SequenceVariant": "SP\\\\MP  ",
    "SeriesDescription": "MPRAGE ADNI_iPAT2  ",
    "SeriesNumber": 12,
    "SliceOrder": "interleaved ",
    "SliceThickness": 1,
    "SliceTiming": null,
    "SoftwareVersions": "syngo MR B17 ",
    "dataset": "<unset>",
    "modality": "T1w",
    "run_id": 1,
    "session_id": "PREFU24",
    "subject_id": "4317780"
  },
  "cjv": 0.42990008741699653,
  "cnr": 3.1826537719306023,
  "efc": 0.6282253166092099,
  "fber": 113.81795501708984,
  "fwhm_avg": 2.99747,
  "fwhm_x": 3.0499,
  "fwhm_y": 3.05325,
  "fwhm_z": 2.88926,
  "icvs_csf": 0.2249578055767139,
  "icvs_gm": 0.4204672292158411,
  "icvs_wm": 0.3545749652074449,
  "inu_med": 1.1673235893249512,
  "inu_range": 0.33651137351989746,
  "provenance": {
    "md5sum": "d19283922299f5d2ace7f826df7e8dd7",
    "settings": {
      "testing": false
    },
    "software": "mriqc",
    "version": "0.16.1",
    "warnings": {
      "large_rot_frame": true,
      "small_air_mask": false
    },
    "webapi_port": null,
    "webapi_url": "https://mriqc.nimh.nih.gov/api/v1"
  },
  "qi_1": 0.0,
  "qi_2": 0.0036869105192047155,
  "rpve_csf": 28.58677714519719,
  "rpve_gm": 15.475343745248388,
  "rpve_wm": 20.89645120578106,
  "size_x": 176,
  "size_y": 240,
  "size_z": 256,
  "snr_csf": 1.9633452573217267,
  "snr_gm": 7.016897405871814,
  "snr_total": 7.128964313839038,
  "snr_wm": 12.406650278323573,
  "snrd_csf": 11.44889275110332,
  "snrd_gm": 23.52472894859522,
  "snrd_total": 24.443842366516666,
  "snrd_wm": 38.357905399851454,
  "spacing_x": 1.0,
  "spacing_y": 1.0,
  "spacing_z": 1.0,
  "summary_bg_k": 936.2279790218128,
  "summary_bg_mad": 17.078837341965578,
  "summary_bg_mean": 53.43749237060547,
  "summary_bg_median": 51.144447326660156,
  "summary_bg_n": 2815586.0,
  "summary_bg_p05": 26.846500873565674,
  "summary_bg_p95": 85.9553165435791,
  "summary_bg_stdv": 25.05908966064453,
  "summary_csf_k": 35.13534131191134,
  "summary_csf_mad": 83.85120446627968,
  "summary_csf_mean": 320.4653015136719,
  "summary_csf_median": 298.46270751953125,
  "summary_csf_n": 27592.0,
  "summary_csf_p05": 176.66839523315429,
  "summary_csf_p95": 494.58910522460934,
  "summary_csf_stdv": 152.01467895507812,
  "summary_gm_k": -0.18572604705609397,
  "summary_gm_mad": 89.17846914859712,
  "summary_gm_mean": 615.70361328125,
  "summary_gm_median": 613.269287109375,
  "summary_gm_n": 11104.0,
  "summary_gm_p05": 476.2184875488281,
  "summary_gm_p95": 762.4885284423827,
  "summary_gm_stdv": 87.39498901367188,
  "summary_wm_k": 0.28139099084143027,
  "summary_wm_mad": 77.05875705563382,
  "summary_wm_mean": 999.8220825195312,
  "summary_wm_median": 999.9573364257812,
  "summary_wm_n": 147157.0,
  "summary_wm_p05": 866.72216796875,
  "summary_wm_p95": 1132.8935546875,
  "summary_wm_stdv": 80.59822082519531,
  "tpm_overlap_csf": 0.1541481912136078,
  "tpm_overlap_gm": 0.403268426656723,
  "tpm_overlap_wm": 0.4771745204925537,
  "wm2max": 0.6034936488130097
}