{
  "bids_meta": {
    "AcquisitionNumber": 1,
    "DeviceSerialNumber": "35442  ",
    "EchoNumber": 1,
    "EchoTime": 0.00298,
    "FlipAngle": 9,
    "ImageOrientationPatientDICOM": [
      "-0.0103487655527",
      "0.98943548368949",
      "0.1446040340643",
      "-0.0240783670973",
      "0.14432327151636",
      "-0.9892375981213 "
    ],
    "ImageType": [
      "ORIGINAL",
      "PRIMARY",
      "M",
      "ND",
      "NORM "
    ],
    "ImagingFrequency": 123.251444,
    "InPlanePhaseEncodingDirectionDICOM": "ROW  ",
    "IntendedFor": [
      "ses-NAPFU48/anat/sub-6245599_ses-NAPFU48_run-002_T1w.nii.gz",
      "ses-NAPFU48/func/sub-6245599_ses-NAPFU48_task-encoding_run-001_bold.nii.gz",
      "ses-NAPFU48/anat/sub-6245599_ses-NAPFU48_run-001_FLAIR.nii.gz",
      "ses-NAPFU48/func/sub-6245599_ses-NAPFU48_task-rest_run-002_bold.nii.gz",
      "ses-NAPFU48/dwi/sub-6245599_ses-NAPFU48_run-001_dwi.nii.gz",
      "ses-NAPFU48/asl/sub-6245599_ses-NAPFU48_run-001_asl.nii.gz",
      "ses-NAPFU48/fmap/sub-6245599_ses-NAPFU48_run-005_phasediff.nii.gz",
      "ses-NAPFU48/fmap/sub-6245599_ses-NAPFU48_run-003_phasediff.nii.gz",
      "ses-NAPFU48/fmap/sub-6245599_ses-NAPFU48_run-002_phasediff.nii.gz",
      "ses-NAPFU48/fmap/sub-6245599_ses-NAPFU48_run-001_phasediff.nii.gz",
      "ses-NAPFU48/fmap/sub-6245599_ses-NAPFU48_run-004_phasediff.nii.gz",
      "ses-NAPFU48/func/sub-6245599_ses-NAPFU48_task-retrieval_run-001_bold.nii.gz",
      "ses-NAPFU48/anat/sub-6245599_ses-NAPFU48_run-001_T2star.nii.gz",
      "ses-NAPFU48/func/sub-6245599_ses-NAPFU48_task-rest_run-001_bold.nii.gz"
    ],
    "InversionTime": 0.9,
    "MRAcquisitionType": "3D ",
    "MagneticFieldStrength": 3,
    "Manufacturer": "SIEMENS  ",
    "ManufacturerModelName": "TrioTim  ",
    "Modality": "MRI__ ",
    "PatientPosition": "HFS  ",
    "PercentPhaseFOV": 93.75,
    "PhaseEncodingSteps": 239,
    "PixelBandwidth": 238,
    "ProtocolName": "MPRAGE ADNI_iPAT2  ",
    "PulseSequenceType": "*tfl3d1_ns ",
    "ReceiveCoilName": "HeadMatrixix\\\\ ",
    "RepetitionTime": 2.3,
    "SAR": 0.06923404345774,
    "ScanningSequence": "GR\\\\IR  ",
    "SequenceName": "*tfl3d1_ns ",
    "SequenceVariant": "SP\\\\MP  ",
    "SeriesDescription": "MPRAGE ADNI_iPAT2  ",
    "SeriesNumber": 12,
    "SliceOrder": "interleaved ",
    "SliceThickness": 1,
    "SliceTiming": null,
    "SoftwareVersions": "syngo MR B17 ",
    "dataset": "<unset>",
    "modality": "T1w",
    "run_id": 1,
    "session_id": "NAPFU48",
    "subject_id": "6245599"
  },
  "cjv": 0.50544281147424,
  "cnr": 2.611905336326312,
  "efc": 0.6479004948586063,
  "fber": 71.93917083740234,
  "fwhm_avg": 3.1797533333333337,
  "fwhm_x": 3.23824,
  "fwhm_y": 3.35664,
  "fwhm_z": 2.94438,
  "icvs_csf": 0.21668564822189196,
  "icvs_gm": 0.40710793135662826,
  "icvs_wm": 0.3762064204214798,
  "inu_med": 1.308750033378601,
  "inu_range": 0.41951727867126465,
  "provenance": {
    "md5sum": "d83ae1b633e96d70c607dfbd6c598fd5",
    "settings": {
      "testing": false
    },
    "software": "mriqc",
    "version": "0.16.1",
    "warnings": {
      "large_rot_frame": true,
      "small_air_mask": false
    },
    "webapi_port": null,
    "webapi_url": "https://mriqc.nimh.nih.gov/api/v1"
  },
  "qi_1": 2.6960593626053487e-06,
  "qi_2": 0.0035266784311487227,
  "rpve_csf": 27.00182315634886,
  "rpve_gm": 14.473690063674399,
  "rpve_wm": 18.93587515860708,
  "size_x": 176,
  "size_y": 240,
  "size_z": 256,
  "snr_csf": 2.62198636535464,
  "snr_gm": 8.840301945059894,
  "snr_total": 8.809453270883743,
  "snr_wm": 14.966071502236698,
  "snrd_csf": 8.878267231913755,
  "snrd_gm": 19.596390091817213,
  "snrd_total": 18.651429977457134,
  "snrd_wm": 27.479632608640433,
  "spacing_x": 1.0,
  "spacing_y": 1.0,
  "spacing_z": 1.0,
  "summary_bg_k": 1602.0533561812233,
  "summary_bg_mad": 23.84158112845225,
  "summary_bg_mean": 80.02901458740234,
  "summary_bg_median": 77.78856658935547,
  "summary_bg_n": 2384633.0,
  "summary_bg_p05": 43.270118713378906,
  "summary_bg_p95": 122.76888122558593,
  "summary_bg_stdv": 33.05059051513672,
  "summary_csf_k": -0.17942751953877822,
  "summary_csf_mad": 132.68611174189664,
  "summary_csf_mean": 340.78729248046875,
  "summary_csf_median": 323.0959777832031,
  "summary_csf_n": 10025.0,
  "summary_csf_p05": 166.16705017089845,
  "summary_csf_p95": 556.1942016601562,
  "summary_csf_stdv": 123.2195053100586,
  "summary_gm_k": -0.10705549224948863,
  "summary_gm_mad": 80.2647576659509,
  "summary_gm_mean": 712.4893798828125,
  "summary_gm_median": 713.1475830078125,
  "summary_gm_n": 10844.0,
  "summary_gm_p05": 575.8203643798828,
  "summary_gm_p95": 845.999545288086,
  "summary_gm_stdv": 80.66632843017578,
  "summary_wm_k": 0.20742891891249204,
  "summary_wm_mad": 64.73933163892528,
  "summary_wm_mean": 1000.5931396484375,
  "summary_wm_median": 1000.0328369140625,
  "summary_wm_n": 178689.0,
  "summary_wm_p05": 891.4408447265625,
  "summary_wm_p95": 1111.593994140625,
  "summary_wm_stdv": 66.81980895996094,
  "tpm_overlap_csf": 0.1517830193042755,
  "tpm_overlap_gm": 0.42424264550209045,
  "tpm_overlap_wm": 0.49382415413856506,
  "wm2max": 0.46388749617011044
}