{
  "bids_meta": {
    "AcquisitionNumber": 1,
    "DeviceSerialNumber": "35442  ",
    "EchoNumber": 1,
    "EchoTime": 0.00298,
    "FlipAngle": 9,
    "ImageOrientationPatientDICOM": [
      "0.00322370842959",
      "0.99313298371719",
      "0.11694650211505",
      "0.12746930274787",
      "0.1155849993914",
      "-0.985084607926  "
    ],
    "ImageType": [
      "ORIGINAL",
      "PRIMARY",
      "M",
      "ND",
      "NORM "
    ],
    "ImagingFrequency": 123.251391,
    "InPlanePhaseEncodingDirectionDICOM": "ROW  ",
    "IntendedFor": [
      "ses-PREFU48/dwi/sub-5692079_ses-PREFU48_run-001_dwi.nii.gz",
      "ses-PREFU48/fmap/sub-5692079_ses-PREFU48_run-001_phasediff.nii.gz",
      "ses-PREFU48/func/sub-5692079_ses-PREFU48_task-rest_run-002_bold.nii.gz",
      "ses-PREFU48/fmap/sub-5692079_ses-PREFU48_run-003_phasediff.nii.gz",
      "ses-PREFU48/func/sub-5692079_ses-PREFU48_task-retrieval_run-001_bold.nii.gz",
      "ses-PREFU48/anat/sub-5692079_ses-PREFU48_run-001_T1w.nii.gz",
      "ses-PREFU48/anat/sub-5692079_ses-PREFU48_run-001_T2star.nii.gz",
      "ses-PREFU48/fmap/sub-5692079_ses-PREFU48_run-002_phasediff.nii.gz",
      "ses-PREFU48/fmap/sub-5692079_ses-PREFU48_run-004_phasediff.nii.gz",
      "ses-PREFU48/asl/sub-5692079_ses-PREFU48_run-001_asl.nii.gz",
      "ses-PREFU48/func/sub-5692079_ses-PREFU48_task-rest_run-001_bold.nii.gz",
      "ses-PREFU48/fmap/sub-5692079_ses-PREFU48_run-005_phasediff.nii.gz",
      "ses-PREFU48/func/sub-5692079_ses-PREFU48_task-encoding_run-001_bold.nii.gz",
      "ses-PREFU48/anat/sub-5692079_ses-PREFU48_run-001_FLAIR.nii.gz"
    ],
    "InversionTime": 0.9,
    "MRAcquisitionType": "3D ",
    "MagneticFieldStrength": 3,
    "Manufacturer": "SIEMENS  ",
    "ManufacturerModelName": "TrioTim  ",
    "Modality": "MRI__ ",
    "PatientPosition": "HFS  ",
    "PercentPhaseFOV": 93.75,
    "PhaseEncodingSteps": 239,
    "PixelBandwidth": 238,
    "ProtocolName": "MPRAGE ADNI_iPAT2  ",
    "PulseSequenceType": "*tfl3d1_ns ",
    "ReceiveCoilName": "HeadMatrixix\\\\ ",
    "RepetitionTime": 2.3,
    "SAR": 0.08710161118431,
    "ScanningSequence": "GR\\\\IR  ",
    "SequenceName": "*tfl3d1_ns ",
    "SequenceVariant": "SP\\\\MP  ",
    "SeriesDescription": "MPRAGE ADNI_iPAT2  ",
    "SeriesNumber": 17,
    "SliceOrder": "interleaved ",
    "SliceThickness": 1,
    "SliceTiming": null,
    "SoftwareVersions": "syngo MR B17 ",
    "dataset": "<unset>",
    "modality": "T1w",
    "run_id": 2,
    "session_id": "PREFU48",
    "subject_id": "5692079"
  },
  "cjv": 0.40373013260951884,
  "cnr": 3.441670729695644,
  "efc": 0.6014972068011705,
  "fber": 139.57662963867188,
  "fwhm_avg": 3.360606666666667,
  "fwhm_x": 3.39945,
  "fwhm_y": 3.497,
  "fwhm_z": 3.18537,
  "icvs_csf": 0.2229368125303257,
  "icvs_gm": 0.4012045648716511,
  "icvs_wm": 0.37585862259802316,
  "inu_med": 1.2542897462844849,
  "inu_range": 0.37429078817367545,
  "provenance": {
    "md5sum": "078d5c06cd142355425fb86db4dbca3f",
    "settings": {
      "testing": false
    },
    "software": "mriqc",
    "version": "0.16.1",
    "warnings": {
      "large_rot_frame": true,
      "small_air_mask": false
    },
    "webapi_port": null,
    "webapi_url": "https://mriqc.nimh.nih.gov/api/v1"
  },
  "qi_1": 2.2185960502334517e-05,
  "qi_2": 0.0051478328565404425,
  "rpve_csf": 27.567780883519294,
  "rpve_gm": 15.206530191382518,
  "rpve_wm": 19.676894827702995,
  "size_x": 176,
  "size_y": 240,
  "size_z": 256,
  "snr_csf": 3.0297123326277955,
  "snr_gm": 7.684625407485982,
  "snr_total": 9.384703152787194,
  "snr_wm": 17.439771718247805,
  "snrd_csf": 13.151162562802302,
  "snrd_gm": 27.69084084813239,
  "snrd_total": 27.911083532679147,
  "snrd_wm": 42.89124718710276,
  "spacing_x": 1.0,
  "spacing_y": 1.0,
  "spacing_z": 1.0,
  "summary_bg_k": 17.603549363406657,
  "summary_bg_mad": 15.274325207257805,
  "summary_bg_mean": 49.30830383300781,
  "summary_bg_median": 48.076873779296875,
  "summary_bg_n": 2490699.0,
  "summary_bg_p05": 25.150344276428225,
  "summary_bg_p95": 77.58426742553712,
  "summary_bg_stdv": 16.050466537475586,
  "summary_csf_k": -0.1415844907394188,
  "summary_csf_mad": 107.13402716890691,
  "summary_csf_mean": 319.60748291015625,
  "summary_csf_median": 306.6157531738281,
  "summary_csf_n": 16923.0,
  "summary_csf_p05": 174.26757202148437,
  "summary_csf_p95": 498.6152557373046,
  "summary_csf_stdv": 101.19993591308594,
  "summary_gm_k": -0.2608372860962387,
  "summary_gm_mad": 87.8375756138183,
  "summary_gm_mean": 645.6079711914062,
  "summary_gm_median": 645.6043701171875,
  "summary_gm_n": 14428.0,
  "summary_gm_p05": 507.72946014404295,
  "summary_gm_p95": 782.6346862792968,
  "summary_gm_stdv": 84.00955963134766,
  "summary_wm_k": 0.32197002702002875,
  "summary_wm_mad": 55.241682649197955,
  "summary_wm_mean": 1000.4769897460938,
  "summary_wm_median": 999.9976806640625,
  "summary_wm_n": 180875.0,
  "summary_wm_p05": 906.8529541015625,
  "summary_wm_p95": 1095.1351440429687,
  "summary_wm_stdv": 57.339908599853516,
  "tpm_overlap_csf": 0.16084061563014984,
  "tpm_overlap_gm": 0.41111525893211365,
  "tpm_overlap_wm": 0.48876044154167175,
  "wm2max": 0.5752142129405894
}