{
  "bids_meta": {
    "AcquisitionNumber": 1,
    "DeviceSerialNumber": "35442  ",
    "EchoNumber": 1,
    "EchoTime": 0.00298,
    "FlipAngle": 9,
    "ImageOrientationPatientDICOM": [
      "-0.0576558695079",
      "0.99829839056166",
      "-0.0087249133693",
      "0.01978597363842",
      "-0.007595100043",
      "-0.9997753896264 "
    ],
    "ImageType": [
      "ORIGINAL",
      "PRIMARY",
      "M",
      "ND",
      "NORM "
    ],
    "ImagingFrequency": 123.247131,
    "InPlanePhaseEncodingDirectionDICOM": "ROW  ",
    "IntendedFor": [
      "ses-NAPFU24/fmap/sub-6445003_ses-NAPFU24_run-004_phasediff.nii.gz",
      "ses-NAPFU24/fmap/sub-6445003_ses-NAPFU24_run-005_phasediff.nii.gz",
      "ses-NAPFU24/anat/sub-6445003_ses-NAPFU24_run-001_FLAIR.nii.gz",
      "ses-NAPFU24/dwi/sub-6445003_ses-NAPFU24_run-001_dwi.nii.gz"
    ],
    "InversionTime": 0.9,
    "MRAcquisitionType": "3D ",
    "MagneticFieldStrength": 3,
    "Manufacturer": "SIEMENS  ",
    "ManufacturerModelName": "TrioTim  ",
    "Modality": "MRI__ ",
    "PatientPosition": "HFS  ",
    "PercentPhaseFOV": 93.75,
    "PhaseEncodingSteps": 239,
    "PixelBandwidth": 238,
    "ProtocolName": "MPRAGE ADNI_iPAT2  ",
    "PulseSequenceType": "*tfl3d1_ns ",
    "ReceiveCoilName": "HeadMatrixix\\\\ ",
    "RepetitionTime": 2.3,
    "SAR": 0.07864894407199,
    "ScanningSequence": "GR\\\\IR  ",
    "SequenceName": "*tfl3d1_ns ",
    "SequenceVariant": "SP\\\\MP  ",
    "SeriesDescription": "MPRAGE ADNI_iPAT2  ",
    "SeriesNumber": 20,
    "SliceOrder": "interleaved ",
    "SliceThickness": 1,
    "SliceTiming": null,
    "SoftwareVersions": "syngo MR B17 ",
    "dataset": "<unset>",
    "modality": "T1w",
    "run_id": 2,
    "session_id": "NAPFU24",
    "subject_id": "6445003"
  },
  "cjv": 0.36616161994578506,
  "cnr": 3.7116547699428537,
  "efc": 0.5872192756052553,
  "fber": 132.2315216064453,
  "fwhm_avg": 3.5218633333333336,
  "fwhm_x": 3.52054,
  "fwhm_y": 3.7238,
  "fwhm_z": 3.32125,
  "icvs_csf": 0.24069508944427637,
  "icvs_gm": 0.3992028407790706,
  "icvs_wm": 0.36010206977665304,
  "inu_med": 1.3061504364013672,
  "inu_range": 0.33609368205070456,
  "provenance": {
    "md5sum": "0cc25b4c4444a37e72eb7b7f69cd2bd0",
    "settings": {
      "testing": false
    },
    "software": "mriqc",
    "version": "0.16.1",
    "warnings": {
      "large_rot_frame": true,
      "small_air_mask": false
    },
    "webapi_port": null,
    "webapi_url": "https://mriqc.nimh.nih.gov/api/v1"
  },
  "qi_1": 3.200251631213974e-05,
  "qi_2": 0.0054368745146932485,
  "rpve_csf": 26.39004725477524,
  "rpve_gm": 15.538970509039993,
  "rpve_wm": 20.715524502481568,
  "size_x": 176,
  "size_y": 240,
  "size_z": 256,
  "snr_csf": 2.933249174409935,
  "snr_gm": 9.061042734495638,
  "snr_total": 10.198964373088346,
  "snr_wm": 18.60260121035947,
  "snrd_csf": 12.492871626980662,
  "snrd_gm": 26.05813323220618,
  "snrd_total": 26.038684056412563,
  "snrd_wm": 39.565047310050836,
  "spacing_x": 1.0,
  "spacing_y": 1.0,
  "spacing_z": 1.0,
  "summary_bg_k": 0.4665232928015435,
  "summary_bg_mad": 16.558546014335292,
  "summary_bg_mean": 54.845577239990234,
  "summary_bg_median": 53.63737487792969,
  "summary_bg_n": 3067814.0,
  "summary_bg_p05": 28.99328479766846,
  "summary_bg_p95": 84.65627899169922,
  "summary_bg_stdv": 16.942134857177734,
  "summary_csf_k": -0.11453820300484718,
  "summary_csf_mad": 109.9609389520832,
  "summary_csf_mean": 330.5083923339844,
  "summary_csf_median": 315.7568359375,
  "summary_csf_n": 23798.0,
  "summary_csf_p05": 176.38685913085936,
  "summary_csf_p95": 522.1543395996093,
  "summary_csf_stdv": 107.64520263671875,
  "summary_gm_k": -0.04896224170691266,
  "summary_gm_mad": 73.34184506069255,
  "summary_gm_mean": 658.6162719726562,
  "summary_gm_median": 658.6182861328125,
  "summary_gm_n": 14772.0,
  "summary_gm_p05": 538.9138702392579,
  "summary_gm_p95": 777.5076171874999,
  "summary_gm_stdv": 72.6843490600586,
  "summary_wm_k": 0.31518660337044,
  "summary_wm_mad": 51.66086890478358,
  "summary_wm_mean": 999.8960571289062,
  "summary_wm_median": 1000.0050048828125,
  "summary_wm_n": 162983.0,
  "summary_wm_p05": 911.2482360839844,
  "summary_wm_p95": 1088.007275390625,
  "summary_wm_stdv": 53.75602722167969,
  "tpm_overlap_csf": 0.16168884932994843,
  "tpm_overlap_gm": 0.43653711676597595,
  "tpm_overlap_wm": 0.49242299795150757,
  "wm2max": 0.5290865602270013
}