{
  "bids_meta": {
    "AcquisitionNumber": 1,
    "DeviceSerialNumber": "35442  ",
    "EchoNumber": 1,
    "EchoTime": 0.00298,
    "FlipAngle": 9,
    "ImageOrientationPatientDICOM": [
      "0.00663231242719",
      "0.99709491010008",
      "-0.075879856908",
      "0.03837088110182",
      "-0.0760794012214",
      "-0.9963631868918 "
    ],
    "ImageType": [
      "ORIGINAL",
      "PRIMARY",
      "M",
      "ND",
      "NORM "
    ],
    "ImagingFrequency": 123.247115,
    "InPlanePhaseEncodingDirectionDICOM": "ROW  ",
    "IntendedFor": [
      "ses-NAPFU24/func/sub-8822042_ses-NAPFU24_task-rest_run-002_bold.nii.gz",
      "ses-NAPFU24/func/sub-8822042_ses-NAPFU24_task-retrieval_run-001_bold.nii.gz",
      "ses-NAPFU24/asl/sub-8822042_ses-NAPFU24_run-001_asl.nii.gz",
      "ses-NAPFU24/fmap/sub-8822042_ses-NAPFU24_run-001_phasediff.nii.gz",
      "ses-NAPFU24/anat/sub-8822042_ses-NAPFU24_run-001_T1w.nii.gz",
      "ses-NAPFU24/fmap/sub-8822042_ses-NAPFU24_run-002_phasediff.nii.gz",
      "ses-NAPFU24/func/sub-8822042_ses-NAPFU24_task-encoding_run-001_bold.nii.gz",
      "ses-NAPFU24/anat/sub-8822042_ses-NAPFU24_run-001_T2star.nii.gz",
      "ses-NAPFU24/fmap/sub-8822042_ses-NAPFU24_run-003_phasediff.nii.gz",
      "ses-NAPFU24/func/sub-8822042_ses-NAPFU24_task-rest_run-001_bold.nii.gz"
    ],
    "InversionTime": 0.9,
    "MRAcquisitionType": "3D ",
    "MagneticFieldStrength": 3,
    "Manufacturer": "SIEMENS  ",
    "ManufacturerModelName": "TrioTim  ",
    "Modality": "MRI__ ",
    "PatientPosition": "HFS  ",
    "PercentPhaseFOV": 93.75,
    "PhaseEncodingSteps": 239,
    "PixelBandwidth": 238,
    "ProtocolName": "MPRAGE ADNI_iPAT2  ",
    "PulseSequenceType": "*tfl3d1_ns ",
    "ReceiveCoilName": "HeadMatrixix\\\\ ",
    "RepetitionTime": 2.3,
    "SAR": 0.08149095495359,
    "ScanningSequence": "GR\\\\IR  ",
    "SequenceName": "*tfl3d1_ns ",
    "SequenceVariant": "SP\\\\MP  ",
    "SeriesDescription": "MPRAGE ADNI_iPAT2  ",
    "SeriesNumber": 14,
    "SliceOrder": "interleaved ",
    "SliceThickness": 1,
    "SliceTiming": null,
    "SoftwareVersions": "syngo MR B17 ",
    "dataset": "<unset>",
    "modality": "T1w",
    "run_id": 2,
    "session_id": "NAPFU24",
    "subject_id": "8822042"
  },
  "cjv": 0.4373978124050752,
  "cnr": 3.157552629336175,
  "efc": 0.6179108741898334,
  "fber": 111.2038345336914,
  "fwhm_avg": 3.276073333333333,
  "fwhm_x": 3.38925,
  "fwhm_y": 3.35473,
  "fwhm_z": 3.08424,
  "icvs_csf": 0.22307402621932482,
  "icvs_gm": 0.4127080901719886,
  "icvs_wm": 0.3642178836086865,
  "inu_med": 1.166940689086914,
  "inu_range": 0.3170392870903016,
  "provenance": {
    "md5sum": "9bc4b535a37d8d1079c36c9fced72f72",
    "settings": {
      "testing": false
    },
    "software": "mriqc",
    "version": "0.16.1",
    "warnings": {
      "large_rot_frame": true,
      "small_air_mask": false
    },
    "webapi_port": null,
    "webapi_url": "https://mriqc.nimh.nih.gov/api/v1"
  },
  "qi_1": 0.00010548457345620369,
  "qi_2": 0.004386176886704777,
  "rpve_csf": 27.29363526895269,
  "rpve_gm": 14.588052162456917,
  "rpve_wm": 19.325372892639304,
  "size_x": 176,
  "size_y": 240,
  "size_z": 256,
  "snr_csf": 3.3916016202816923,
  "snr_gm": 7.634670943742141,
  "snr_total": 7.902985933435985,
  "snr_wm": 12.682685236284122,
  "snrd_csf": 10.871088969040686,
  "snrd_gm": 24.671484338151764,
  "snrd_total": 24.81589890715972,
  "snrd_wm": 38.90512341428671,
  "spacing_x": 1.0,
  "spacing_y": 1.0,
  "spacing_z": 1.0,
  "summary_bg_k": 4.3174133885504755,
  "summary_bg_mad": 16.838813168792555,
  "summary_bg_mean": 55.331302642822266,
  "summary_bg_median": 53.766788482666016,
  "summary_bg_n": 2827104.0,
  "summary_bg_p05": 29.507225418090822,
  "summary_bg_p95": 86.29041900634766,
  "summary_bg_stdv": 17.598081588745117,
  "summary_csf_k": 2.052040428006192,
  "summary_csf_mad": 69.31810118877388,
  "summary_csf_mean": 290.5779724121094,
  "summary_csf_median": 279.4169921875,
  "summary_csf_n": 33211.0,
  "summary_csf_p05": 178.18386840820312,
  "summary_csf_p95": 447.4654846191406,
  "summary_csf_stdv": 82.38372802734375,
  "summary_gm_k": -0.10933545104949705,
  "summary_gm_mad": 84.43806030353332,
  "summary_gm_mean": 634.1088256835938,
  "summary_gm_median": 634.125244140625,
  "summary_gm_n": 9850.0,
  "summary_gm_p05": 497.3147613525391,
  "summary_gm_p95": 771.1101776123046,
  "summary_gm_stdv": 83.05440521240234,
  "summary_wm_k": 0.2417308664561828,
  "summary_wm_mad": 75.58122232517974,
  "summary_wm_mean": 1002.5945434570312,
  "summary_wm_median": 999.9690551757812,
  "summary_wm_n": 160804.0,
  "summary_wm_p05": 877.1471313476562,
  "summary_wm_p95": 1138.6643493652343,
  "summary_wm_stdv": 78.844970703125,
  "tpm_overlap_csf": 0.16356486082077026,
  "tpm_overlap_gm": 0.41511404514312744,
  "tpm_overlap_wm": 0.46895459294319153,
  "wm2max": 0.5992110824078922
}