{
  "bids_meta": {
    "AcquisitionNumber": 1,
    "DeviceSerialNumber": "35442  ",
    "EchoNumber": 1,
    "EchoTime": 0.00298,
    "FlipAngle": 9,
    "ImageOrientationPatientDICOM": [
      "-0.0009130567053",
      "0.99999958316364",
      "-6.813181e-010",
      "-0.0051556340984",
      "-4.70806956e-006",
      "-0.9999867096191  "
    ],
    "ImageType": [
      "ORIGINAL",
      "PRIMARY",
      "M",
      "ND",
      "NORM "
    ],
    "ImagingFrequency": 123.247033,
    "InPlanePhaseEncodingDirectionDICOM": "ROW  ",
    "IntendedFor": [
      "ses-NAPBL00/func/sub-5999636_ses-NAPBL00_task-rest_run-002_bold.nii.gz",
      "ses-NAPBL00/func/sub-5999636_ses-NAPBL00_task-encoding_run-001_bold.nii.gz",
      "ses-NAPBL00/func/sub-5999636_ses-NAPBL00_task-rest_run-001_bold.nii.gz",
      "ses-NAPBL00/anat/sub-5999636_ses-NAPBL00_run-001_T2star.nii.gz",
      "ses-NAPBL00/func/sub-5999636_ses-NAPBL00_task-retrieval_run-001_bold.nii.gz",
      "ses-NAPBL00/fmap/sub-5999636_ses-NAPBL00_run-001_phasediff.nii.gz",
      "ses-NAPBL00/anat/sub-5999636_ses-NAPBL00_run-002_T1w.nii.gz",
      "ses-NAPBL00/fmap/sub-5999636_ses-NAPBL00_run-003_phasediff.nii.gz",
      "ses-NAPBL00/asl/sub-5999636_ses-NAPBL00_run-001_asl.nii.gz",
      "ses-NAPBL00/fmap/sub-5999636_ses-NAPBL00_run-002_phasediff.nii.gz"
    ],
    "InversionTime": 0.9,
    "MRAcquisitionType": "3D ",
    "MagneticFieldStrength": 3,
    "Manufacturer": "SIEMENS  ",
    "ManufacturerModelName": "TrioTim  ",
    "Modality": "MRI__ ",
    "PatientPosition": "HFS  ",
    "PercentPhaseFOV": 93.75,
    "PhaseEncodingSteps": 239,
    "PixelBandwidth": 238,
    "ProtocolName": "MPRAGE ADNI_iPAT2  ",
    "PulseSequenceType": "*tfl3d1_ns ",
    "ReceiveCoilName": "HeadMatrixix\\\\ ",
    "RepetitionTime": 2.3,
    "SAR": 0.0928464268717,
    "ScanningSequence": "GR\\\\IR  ",
    "SequenceName": "*tfl3d1_ns ",
    "SequenceVariant": "SP\\\\MP  ",
    "SeriesDescription": "MPRAGE ADNI_iPAT2  ",
    "SeriesNumber": 12,
    "SliceOrder": "interleaved ",
    "SliceThickness": 1,
    "SliceTiming": null,
    "SoftwareVersions": "syngo MR B17 ",
    "dataset": "<unset>",
    "modality": "T1w",
    "run_id": 1,
    "session_id": "NAPBL00",
    "subject_id": "5999636"
  },
  "cjv": 0.4230417392884803,
  "cnr": 3.2039291589096535,
  "efc": 0.5890370074436795,
  "fber": 141.71583557128906,
  "fwhm_avg": 3.463836666666667,
  "fwhm_x": 3.44205,
  "fwhm_y": 3.69682,
  "fwhm_z": 3.25264,
  "icvs_csf": 0.2241116262254126,
  "icvs_gm": 0.39416283227865934,
  "icvs_wm": 0.381725541495928,
  "inu_med": 1.3890284299850464,
  "inu_range": 0.47999629974365243,
  "provenance": {
    "md5sum": "7906ea5d090e888ba41194a86d250970",
    "settings": {
      "testing": false
    },
    "software": "mriqc",
    "version": "0.16.1",
    "warnings": {
      "large_rot_frame": false,
      "small_air_mask": false
    },
    "webapi_port": null,
    "webapi_url": "https://mriqc.nimh.nih.gov/api/v1"
  },
  "qi_1": 0.0,
  "qi_2": 0.004716061588427404,
  "rpve_csf": 27.85825993588746,
  "rpve_gm": 15.652132989087645,
  "rpve_wm": 19.55280055750955,
  "size_x": 176,
  "size_y": 240,
  "size_z": 256,
  "snr_csf": 3.114166663518006,
  "snr_gm": 9.672711511979093,
  "snr_total": 10.034026518685645,
  "snr_wm": 17.315201380559838,
  "snrd_csf": 14.132931265484482,
  "snrd_gm": 26.760441616292198,
  "snrd_total": 26.403002408532092,
  "snrd_wm": 38.3156343438196,
  "spacing_x": 1.0,
  "spacing_y": 1.0,
  "spacing_z": 1.0,
  "summary_bg_k": 0.8080807701736248,
  "summary_bg_mad": 17.098536070630185,
  "summary_bg_mean": 55.71099853515625,
  "summary_bg_median": 54.22594451904297,
  "summary_bg_n": 2888354.0,
  "summary_bg_p05": 29.591824054718018,
  "summary_bg_p95": 86.67511291503907,
  "summary_bg_stdv": 17.651874542236328,
  "summary_csf_k": 9.95943028412682,
  "summary_csf_mad": 127.34194789183594,
  "summary_csf_mean": 369.2752380371094,
  "summary_csf_median": 368.85821533203125,
  "summary_csf_n": 18291.0,
  "summary_csf_p05": 189.3446273803711,
  "summary_csf_p95": 551.8583068847656,
  "summary_csf_stdv": 118.44200134277344,
  "summary_gm_k": 0.03227731414310764,
  "summary_gm_mad": 71.60428484959421,
  "summary_gm_mean": 699.7684326171875,
  "summary_gm_median": 698.4261474609375,
  "summary_gm_n": 10674.0,
  "summary_gm_p05": 583.2788787841797,
  "summary_gm_p95": 819.6336242675782,
  "summary_gm_stdv": 72.20244598388672,
  "summary_wm_k": 0.2307497442898896,
  "summary_wm_mad": 55.97719234353472,
  "summary_wm_mean": 999.47314453125,
  "summary_wm_median": 1000.0074462890625,
  "summary_wm_n": 175585.0,
  "summary_wm_p05": 903.2353393554688,
  "summary_wm_p95": 1093.4863037109374,
  "summary_wm_stdv": 57.752986907958984,
  "tpm_overlap_csf": 0.18228745460510254,
  "tpm_overlap_gm": 0.441011905670166,
  "tpm_overlap_wm": 0.5112420320510864,
  "wm2max": 0.48807042357073604
}