{
  "bids_meta": {
    "AcquisitionNumber": 1,
    "DeviceSerialNumber": "35442  ",
    "EchoNumber": 1,
    "EchoTime": 0.00298,
    "FlipAngle": 9,
    "ImageOrientationPatientDICOM": [
      "0.01392545162558",
      "0.99990297526569",
      "-0.0003490728231",
      "0.00248745989591",
      "-0.000383747953",
      "-0.9999968326354 "
    ],
    "ImageType": [
      "ORIGINAL",
      "PRIMARY",
      "M",
      "ND",
      "NORM "
    ],
    "ImagingFrequency": 123.247064,
    "InPlanePhaseEncodingDirectionDICOM": "ROW  ",
    "IntendedFor": [
      "ses-PREFU12/fmap/sub-3165520_ses-PREFU12_run-001_phasediff.nii.gz",
      "ses-PREFU12/func/sub-3165520_ses-PREFU12_task-rest_run-001_bold.nii.gz",
      "ses-PREFU12/fmap/sub-3165520_ses-PREFU12_run-003_phasediff.nii.gz",
      "ses-PREFU12/func/sub-3165520_ses-PREFU12_task-rest_run-002_bold.nii.gz",
      "ses-PREFU12/func/sub-3165520_ses-PREFU12_task-encoding_run-001_bold.nii.gz",
      "ses-PREFU12/fmap/sub-3165520_ses-PREFU12_run-002_phasediff.nii.gz",
      "ses-PREFU12/func/sub-3165520_ses-PREFU12_task-retrieval_run-001_bold.nii.gz",
      "ses-PREFU12/anat/sub-3165520_ses-PREFU12_run-001_T2star.nii.gz",
      "ses-PREFU12/asl/sub-3165520_ses-PREFU12_run-001_asl.nii.gz",
      "ses-PREFU12/anat/sub-3165520_ses-PREFU12_run-002_T2star.nii.gz"
    ],
    "InversionTime": 0.9,
    "MRAcquisitionType": "3D ",
    "MagneticFieldStrength": 3,
    "Manufacturer": "SIEMENS  ",
    "ManufacturerModelName": "TrioTim  ",
    "Modality": "MRI__ ",
    "PatientPosition": "HFS  ",
    "PercentPhaseFOV": 93.75,
    "PhaseEncodingSteps": 239,
    "PixelBandwidth": 238,
    "ProtocolName": "MPRAGE ADNI_iPAT2  ",
    "PulseSequenceType": "*tfl3d1_ns ",
    "ReceiveCoilName": "HeadMatrixix\\\\ ",
    "RepetitionTime": 2.3,
    "SAR": 0.07760716460351,
    "ScanningSequence": "GR\\\\IR  ",
    "SequenceName": "*tfl3d1_ns ",
    "SequenceVariant": "SP\\\\MP  ",
    "SeriesDescription": "MPRAGE ADNI_iPAT2  ",
    "SeriesNumber": 12,
    "SliceOrder": "interleaved ",
    "SliceThickness": 1,
    "SliceTiming": null,
    "SoftwareVersions": "syngo MR B17 ",
    "dataset": "<unset>",
    "modality": "T1w",
    "run_id": 1,
    "session_id": "PREFU12",
    "subject_id": "3165520"
  },
  "cjv": 0.4940212369626972,
  "cnr": 2.6960162350468324,
  "efc": 0.647406161631385,
  "fber": 113.6467056274414,
  "fwhm_avg": 2.80979,
  "fwhm_x": 2.86142,
  "fwhm_y": 2.8088,
  "fwhm_z": 2.75915,
  "icvs_csf": 0.20248339745846383,
  "icvs_gm": 0.4289290096114255,
  "icvs_wm": 0.3685875929301107,
  "inu_med": 1.3035016059875488,
  "inu_range": 0.37663893699646,
  "provenance": {
    "md5sum": "cde2882d58ad792c21ded2b808f4eac7",
    "settings": {
      "testing": false
    },
    "software": "mriqc",
    "version": "0.16.1",
    "warnings": {
      "large_rot_frame": false,
      "small_air_mask": false
    },
    "webapi_port": null,
    "webapi_url": "https://mriqc.nimh.nih.gov/api/v1"
  },
  "qi_1": 0.0,
  "qi_2": 0.003866755714298989,
  "rpve_csf": 26.716715522106774,
  "rpve_gm": 12.764933644206556,
  "rpve_wm": 16.78537442480133,
  "size_x": 176,
  "size_y": 240,
  "size_z": 256,
  "snr_csf": 0.9119938757424655,
  "snr_gm": 7.602718495135081,
  "snr_total": 6.884250035823302,
  "snr_wm": 12.138037736592358,
  "snrd_csf": 10.31689652076232,
  "snrd_gm": 22.214680157594074,
  "snrd_total": 21.946596640174363,
  "snrd_wm": 33.3082132421667,
  "spacing_x": 1.0,
  "spacing_y": 1.0,
  "spacing_z": 1.0,
  "summary_bg_k": 1030.5898622537893,
  "summary_bg_mad": 19.668821436018195,
  "summary_bg_mean": 64.88739013671875,
  "summary_bg_median": 62.51153564453125,
  "summary_bg_n": 2812195.0,
  "summary_bg_p05": 33.76946868896485,
  "summary_bg_p95": 101.7787109375,
  "summary_bg_stdv": 27.910892486572266,
  "summary_csf_k": 9.908961696727571,
  "summary_csf_mad": 90.88125824748472,
  "summary_csf_mean": 404.20196533203125,
  "summary_csf_median": 309.7388610839844,
  "summary_csf_n": 31857.0,
  "summary_csf_p05": 188.1851837158203,
  "summary_csf_p95": 1382.9202636718749,
  "summary_csf_stdv": 339.6228942871094,
  "summary_gm_k": 0.07456966758094197,
  "summary_gm_mad": 86.25045645424984,
  "summary_gm_mean": 667.887939453125,
  "summary_gm_median": 666.9398803710938,
  "summary_gm_n": 12693.0,
  "summary_gm_p05": 527.4490356445312,
  "summary_gm_p95": 814.620947265625,
  "summary_gm_stdv": 87.72041320800781,
  "summary_wm_k": 0.3914753909055815,
  "summary_wm_mad": 78.28599407268538,
  "summary_wm_mean": 1005.6282958984375,
  "summary_wm_median": 999.9953002929688,
  "summary_wm_n": 159844.0,
  "summary_wm_p05": 879.7409118652345,
  "summary_wm_p95": 1151.3035705566408,
  "summary_wm_stdv": 82.38499450683594,
  "tpm_overlap_csf": 0.13427166640758514,
  "tpm_overlap_gm": 0.3710588216781616,
  "tpm_overlap_wm": 0.429574191570282,
  "wm2max": 0.5156262810735794
}