{
  "bids_meta": {
    "AcquisitionNumber": 1,
    "DeviceSerialNumber": "35442  ",
    "EchoNumber": 1,
    "EchoTime": 0.00298,
    "FlipAngle": 9,
    "ImageOrientationPatientDICOM": [
      "0.0008170606913",
      "0.99999966620586",
      "1.0941718e-009",
      "0.04186682765246",
      "-3.42066573e-005",
      "-0.9991231993965 "
    ],
    "ImageType": [
      "ORIGINAL",
      "PRIMARY",
      "M",
      "ND",
      "NORM "
    ],
    "ImagingFrequency": 123.247449,
    "InPlanePhaseEncodingDirectionDICOM": "ROW  ",
    "IntendedFor": [
      "ses-NAPFU03/anat/sub-4718998_ses-NAPFU03_run-001_T2star.nii.gz"
    ],
    "InversionTime": 0.9,
    "MRAcquisitionType": "3D ",
    "MagneticFieldStrength": 3,
    "Manufacturer": "SIEMENS  ",
    "ManufacturerModelName": "TrioTim  ",
    "Modality": "MRI__ ",
    "PatientPosition": "HFS  ",
    "PercentPhaseFOV": 93.75,
    "PhaseEncodingSteps": 239,
    "PixelBandwidth": 238,
    "ProtocolName": "MPRAGE ADNI_iPAT2  ",
    "PulseSequenceType": "*tfl3d1_ns ",
    "ReceiveCoilName": "HeadMatrixix\\\\ ",
    "RepetitionTime": 2.3,
    "SAR": 0.07862900295309,
    "ScanningSequence": "GR\\\\IR  ",
    "SequenceName": "*tfl3d1_ns ",
    "SequenceVariant": "SP\\\\MP  ",
    "SeriesDescription": "MPRAGE ADNI_iPAT2  ",
    "SeriesNumber": 4,
    "SliceOrder": "interleaved ",
    "SliceThickness": 1,
    "SliceTiming": null,
    "SoftwareVersions": "syngo MR B17 ",
    "dataset": "<unset>",
    "modality": "T1w",
    "run_id": 1,
    "session_id": "NAPFU03",
    "subject_id": "4718998"
  },
  "cjv": 0.43784114727893686,
  "cnr": 3.0993921136520326,
  "efc": 0.6009361645161025,
  "fber": 99.47005462646484,
  "fwhm_avg": 3.01115,
  "fwhm_x": 3.11522,
  "fwhm_y": 3.09847,
  "fwhm_z": 2.81976,
  "icvs_csf": 0.20980733530789167,
  "icvs_gm": 0.4305470860181266,
  "icvs_wm": 0.3596455786739817,
  "inu_med": 1.4234282970428467,
  "inu_range": 0.334293645620346,
  "provenance": {
    "md5sum": "4d2eaa4cc9068e06d5edae7938835354",
    "settings": {
      "testing": false
    },
    "software": "mriqc",
    "version": "0.16.1",
    "warnings": {
      "large_rot_frame": false,
      "small_air_mask": false
    },
    "webapi_port": null,
    "webapi_url": "https://mriqc.nimh.nih.gov/api/v1"
  },
  "qi_1": 0.0,
  "qi_2": 0.004669298219856516,
  "rpve_csf": 32.406917666628495,
  "rpve_gm": 16.097878913801512,
  "rpve_wm": 21.97271660513286,
  "size_x": 176,
  "size_y": 240,
  "size_z": 256,
  "snr_csf": 3.260449260942504,
  "snr_gm": 9.566121329078609,
  "snr_total": 9.412970195352651,
  "snr_wm": 15.41233999603684,
  "snrd_csf": 10.793420045210269,
  "snrd_gm": 24.007926456036525,
  "snrd_total": 23.17547806113045,
  "snrd_wm": 34.725087682144554,
  "spacing_x": 1.0,
  "spacing_y": 1.0,
  "spacing_z": 1.0,
  "summary_bg_k": 1304.8859084858423,
  "summary_bg_mad": 18.86639375214378,
  "summary_bg_mean": 62.2075309753418,
  "summary_bg_median": 60.76808166503906,
  "summary_bg_n": 3358935.0,
  "summary_bg_p05": 33.27223625183106,
  "summary_bg_p95": 95.73465499877929,
  "summary_bg_stdv": 21.978282928466797,
  "summary_csf_k": 0.14430870633002701,
  "summary_csf_mad": 96.79227945516712,
  "summary_csf_mean": 324.2920837402344,
  "summary_csf_median": 310.8252258300781,
  "summary_csf_n": 15465.0,
  "summary_csf_p05": 188.6503875732422,
  "summary_csf_p95": 491.9363403320312,
  "summary_csf_stdv": 95.32894134521484,
  "summary_gm_k": -0.020915525265507107,
  "summary_gm_mad": 72.52810601956025,
  "summary_gm_mean": 691.1915893554688,
  "summary_gm_median": 691.3720703125,
  "summary_gm_n": 9062.0,
  "summary_gm_p05": 568.4858947753905,
  "summary_gm_p95": 809.8905395507811,
  "summary_gm_stdv": 72.26898956298828,
  "summary_wm_k": 0.29657394281430705,
  "summary_wm_mad": 62.60243527119454,
  "summary_wm_mean": 1000.0626220703125,
  "summary_wm_median": 1000.001220703125,
  "summary_wm_n": 126228.0,
  "summary_wm_p05": 893.6201995849609,
  "summary_wm_p95": 1106.5764526367188,
  "summary_wm_stdv": 64.88289642333984,
  "tpm_overlap_csf": 0.16734175384044647,
  "tpm_overlap_gm": 0.42766422033309937,
  "tpm_overlap_wm": 0.491716206073761,
  "wm2max": 0.5224622550524777
}