{
  "bids_meta": {
    "AcquisitionNumber": 1,
    "DeviceSerialNumber": "35442  ",
    "EchoNumber": 1,
    "EchoTime": 0.00298,
    "FlipAngle": 9,
    "ImageOrientationPatientDICOM": [
      "-0.0007873920452",
      "0.99999962909863",
      "-0.0003490220258",
      "-0.0104402760114",
      "-0.0003572237042",
      "-0.9999454350254  "
    ],
    "ImageType": [
      "ORIGINAL",
      "PRIMARY",
      "M",
      "ND",
      "NORM "
    ],
    "ImagingFrequency": 123.247405,
    "InPlanePhaseEncodingDirectionDICOM": "ROW  ",
    "IntendedFor": [
      "ses-NAPEN00/anat/sub-9023102_ses-NAPEN00_run-001_FLAIR.nii.gz",
      "ses-NAPEN00/dwi/sub-9023102_ses-NAPEN00_run-001_dwi.nii.gz",
      "ses-NAPEN00/fmap/sub-9023102_ses-NAPEN00_run-001_phasediff.nii.gz",
      "ses-NAPEN00/anat/sub-9023102_ses-NAPEN00_run-002_T1w.nii.gz",
      "ses-NAPEN00/fmap/sub-9023102_ses-NAPEN00_run-002_phasediff.nii.gz"
    ],
    "InversionTime": 0.9,
    "MRAcquisitionType": "3D ",
    "MagneticFieldStrength": 3,
    "Manufacturer": "SIEMENS  ",
    "ManufacturerModelName": "TrioTim  ",
    "Modality": "MRI__ ",
    "PatientPosition": "HFS  ",
    "PercentPhaseFOV": 93.75,
    "PhaseEncodingSteps": 239,
    "PixelBandwidth": 238,
    "ProtocolName": "MPRAGE ADNI_iPAT2  ",
    "PulseSequenceType": "*tfl3d1_ns ",
    "ReceiveCoilName": "HeadMatrixix\\\\ ",
    "RepetitionTime": 2.3,
    "SAR": 0.11131632498073,
    "ScanningSequence": "GR\\\\IR  ",
    "SequenceName": "*tfl3d1_ns ",
    "SequenceVariant": "SP\\\\MP  ",
    "SeriesDescription": "MPRAGE ADNI_iPAT2  ",
    "SeriesNumber": 4,
    "SliceOrder": "interleaved ",
    "SliceThickness": 1,
    "SliceTiming": null,
    "SoftwareVersions": "syngo MR B17 ",
    "dataset": "<unset>",
    "modality": "T1w",
    "run_id": 1,
    "session_id": "NAPEN00",
    "subject_id": "9023102"
  },
  "cjv": 0.5493368720501416,
  "cnr": 2.386168945739144,
  "efc": 0.6706136930075395,
  "fber": 86.64311218261719,
  "fwhm_avg": 3.0867533333333337,
  "fwhm_x": 3.16802,
  "fwhm_y": 3.2345,
  "fwhm_z": 2.85774,
  "icvs_csf": 0.23140999012583505,
  "icvs_gm": 0.3837999667008517,
  "icvs_wm": 0.3847900431733133,
  "inu_med": 1.3240702152252197,
  "inu_range": 0.3217066526412964,
  "provenance": {
    "md5sum": "4d16e4579099c6ea55236ebf9099a577",
    "settings": {
      "testing": false
    },
    "software": "mriqc",
    "version": "0.16.1",
    "warnings": {
      "large_rot_frame": false,
      "small_air_mask": false
    },
    "webapi_port": null,
    "webapi_url": "https://mriqc.nimh.nih.gov/api/v1"
  },
  "qi_1": 0.0,
  "qi_2": 0.002827604145594707,
  "rpve_csf": 24.49154584136617,
  "rpve_gm": 14.063024700152496,
  "rpve_wm": 17.121700260103946,
  "size_x": 176,
  "size_y": 240,
  "size_z": 256,
  "snr_csf": 2.9996879485239534,
  "snr_gm": 8.805865135933288,
  "snr_total": 8.258498277077674,
  "snr_wm": 12.969941746775781,
  "snrd_csf": 9.161642957517538,
  "snrd_gm": 20.5125204647537,
  "snrd_total": 19.421842971077584,
  "snrd_wm": 28.59136549096152,
  "spacing_x": 1.0,
  "spacing_y": 1.0,
  "spacing_z": 1.0,
  "summary_bg_k": 598.790544738278,
  "summary_bg_mad": 22.913925408375782,
  "summary_bg_mean": 74.9756088256836,
  "summary_bg_median": 70.49296569824219,
  "summary_bg_n": 2964251.0,
  "summary_bg_p05": 38.72747039794922,
  "summary_bg_p95": 121.39554595947266,
  "summary_bg_stdv": 37.970211029052734,
  "summary_csf_k": 0.50018153377134,
  "summary_csf_mad": 102.1240913031022,
  "summary_csf_mean": 334.3923034667969,
  "summary_csf_median": 320.4358825683594,
  "summary_csf_n": 19625.0,
  "summary_csf_p05": 182.40067138671876,
  "summary_csf_p95": 529.5478759765625,
  "summary_csf_stdv": 106.82035064697266,
  "summary_gm_k": -0.05611209126785299,
  "summary_gm_mad": 80.64296420722556,
  "summary_gm_mean": 715.5079956054688,
  "summary_gm_median": 717.4420166015625,
  "summary_gm_n": 4210.0,
  "summary_gm_p05": 577.8781616210938,
  "summary_gm_p95": 846.3793731689452,
  "summary_gm_stdv": 81.4635238647461,
  "summary_wm_k": 0.45386903909430476,
  "summary_wm_mad": 74.57994098071171,
  "summary_wm_mean": 1003.0265502929688,
  "summary_wm_median": 1000.0061645507812,
  "summary_wm_n": 192404.0,
  "summary_wm_p05": 882.1268707275391,
  "summary_wm_p95": 1134.3976806640626,
  "summary_wm_stdv": 77.10162353515625,
  "tpm_overlap_csf": 0.15941546857357025,
  "tpm_overlap_gm": 0.3908378779888153,
  "tpm_overlap_wm": 0.4807908833026886,
  "wm2max": 0.4976684112728349
}