{
  "bids_meta": {
    "AcquisitionNumber": 1,
    "DeviceSerialNumber": "35442  ",
    "EchoNumber": 1,
    "EchoTime": 0.00298,
    "FlipAngle": 9,
    "ImageOrientationPatientDICOM": [
      "-0.0273600147384",
      "0.99962412243254",
      "-0.0017445470707",
      "0.03042711703317",
      "-0.000911594877",
      "-0.9995365723893 "
    ],
    "ImageType": [
      "ORIGINAL",
      "PRIMARY",
      "M",
      "ND",
      "NORM "
    ],
    "ImagingFrequency": 123.251383,
    "InPlanePhaseEncodingDirectionDICOM": "ROW  ",
    "IntendedFor": [
      "ses-PREFU24/asl/sub-1016072_ses-PREFU24_run-001_asl.nii.gz",
      "ses-PREFU24/anat/sub-1016072_ses-PREFU24_run-001_T2star.nii.gz",
      "ses-PREFU24/fmap/sub-1016072_ses-PREFU24_run-004_phasediff.nii.gz",
      "ses-PREFU24/fmap/sub-1016072_ses-PREFU24_run-002_phasediff.nii.gz",
      "ses-PREFU24/fmap/sub-1016072_ses-PREFU24_run-003_phasediff.nii.gz",
      "ses-PREFU24/func/sub-1016072_ses-PREFU24_task-retrieval_run-001_bold.nii.gz",
      "ses-PREFU24/func/sub-1016072_ses-PREFU24_task-rest_run-001_bold.nii.gz",
      "ses-PREFU24/anat/sub-1016072_ses-PREFU24_run-001_T1w.nii.gz",
      "ses-PREFU24/fmap/sub-1016072_ses-PREFU24_run-001_phasediff.nii.gz",
      "ses-PREFU24/fmap/sub-1016072_ses-PREFU24_run-005_phasediff.nii.gz",
      "ses-PREFU24/anat/sub-1016072_ses-PREFU24_run-001_FLAIR.nii.gz",
      "ses-PREFU24/dwi/sub-1016072_ses-PREFU24_run-001_dwi.nii.gz",
      "ses-PREFU24/func/sub-1016072_ses-PREFU24_task-rest_run-002_bold.nii.gz",
      "ses-PREFU24/func/sub-1016072_ses-PREFU24_task-encoding_run-001_bold.nii.gz"
    ],
    "InversionTime": 0.9,
    "MRAcquisitionType": "3D ",
    "MagneticFieldStrength": 3,
    "Manufacturer": "SIEMENS  ",
    "ManufacturerModelName": "TrioTim  ",
    "Modality": "MRI__ ",
    "PatientPosition": "HFS  ",
    "PercentPhaseFOV": 93.75,
    "PhaseEncodingSteps": 239,
    "PixelBandwidth": 238,
    "ProtocolName": "MPRAGE ADNI_iPAT2  ",
    "PulseSequenceType": "*tfl3d1_ns ",
    "ReceiveCoilName": "HeadMatrixix\\\\ ",
    "RepetitionTime": 2.3,
    "SAR": 0.08539639692987,
    "ScanningSequence": "GR\\\\IR  ",
    "SequenceName": "*tfl3d1_ns ",
    "SequenceVariant": "SP\\\\MP  ",
    "SeriesDescription": "MPRAGE ADNI_iPAT2  ",
    "SeriesNumber": 17,
    "SliceOrder": "interleaved ",
    "SliceThickness": 1,
    "SliceTiming": null,
    "SoftwareVersions": "syngo MR B17 ",
    "dataset": "<unset>",
    "modality": "T1w",
    "run_id": 2,
    "session_id": "PREFU24",
    "subject_id": "1016072"
  },
  "cjv": 0.43267480071714387,
  "cnr": 3.0987156175650803,
  "efc": 0.5860120110798094,
  "fber": 159.57276916503906,
  "fwhm_avg": 3.3081599999999995,
  "fwhm_x": 3.36914,
  "fwhm_y": 3.41389,
  "fwhm_z": 3.14145,
  "icvs_csf": 0.20101349735404614,
  "icvs_gm": 0.3899466308291351,
  "icvs_wm": 0.4090398718168188,
  "inu_med": 1.508173942565918,
  "inu_range": 0.42189474105834956,
  "provenance": {
    "md5sum": "a0e5e5860edf5c8c76094c5e727a5ebc",
    "settings": {
      "testing": false
    },
    "software": "mriqc",
    "version": "0.16.1",
    "warnings": {
      "large_rot_frame": true,
      "small_air_mask": false
    },
    "webapi_port": null,
    "webapi_url": "https://mriqc.nimh.nih.gov/api/v1"
  },
  "qi_1": 6.507628123365698e-06,
  "qi_2": 0.005812449395472582,
  "rpve_csf": 28.937723321351005,
  "rpve_gm": 15.205973427378233,
  "rpve_wm": 18.16177198635426,
  "size_x": 176,
  "size_y": 240,
  "size_z": 256,
  "snr_csf": 3.263104175719522,
  "snr_gm": 9.142115759807856,
  "snr_total": 10.275535832154498,
  "snr_wm": 18.421387560936118,
  "snrd_csf": 14.315158396930672,
  "snrd_gm": 27.26863150190397,
  "snrd_total": 26.829744292099463,
  "snrd_wm": 38.90544297746375,
  "spacing_x": 1.0,
  "spacing_y": 1.0,
  "spacing_z": 1.0,
  "summary_bg_k": 1637.0561615073093,
  "summary_bg_mad": 16.839172304385496,
  "summary_bg_mean": 51.36872482299805,
  "summary_bg_median": 49.794578552246094,
  "summary_bg_n": 3162520.0,
  "summary_bg_p05": 25.457219886779786,
  "summary_bg_p95": 80.80300369262696,
  "summary_bg_stdv": 22.203948974609375,
  "summary_csf_k": -0.5293166120768333,
  "summary_csf_mad": 128.02644336493964,
  "summary_csf_mean": 361.65704345703125,
  "summary_csf_median": 367.9469299316406,
  "summary_csf_n": 11084.0,
  "summary_csf_p05": 182.1330368041992,
  "summary_csf_p95": 540.8775024414062,
  "summary_csf_stdv": 112.75469970703125,
  "summary_gm_k": -0.1262348407827374,
  "summary_gm_mad": 77.05255843185648,
  "summary_gm_mean": 699.56787109375,
  "summary_gm_median": 700.89404296875,
  "summary_gm_n": 13440.0,
  "summary_gm_p05": 570.682015991211,
  "summary_gm_p95": 823.470181274414,
  "summary_gm_stdv": 76.66365051269531,
  "summary_wm_k": 0.30657881282574495,
  "summary_wm_mad": 52.36244452734668,
  "summary_wm_mean": 1000.0169067382812,
  "summary_wm_median": 999.9985961914062,
  "summary_wm_n": 205801.0,
  "summary_wm_p05": 910.7886962890625,
  "summary_wm_p95": 1088.871337890625,
  "summary_wm_stdv": 54.28451919555664,
  "tpm_overlap_csf": 0.1664503514766693,
  "tpm_overlap_gm": 0.4141422510147095,
  "tpm_overlap_wm": 0.49612632393836975,
  "wm2max": 0.5131026788329436
}