{
  "bids_meta": {
    "AcquisitionNumber": 1,
    "DeviceSerialNumber": "35442  ",
    "EchoNumber": 1,
    "EchoTime": 0.00298,
    "FlipAngle": 9,
    "ImageOrientationPatientDICOM": [
      "-1.77701668e-005",
      "0.98700628661812",
      "0.16068164133006",
      "0.00557986983987",
      "0.16067923779556",
      "-0.9869909055275  "
    ],
    "ImageType": [
      "ORIGINAL",
      "PRIMARY",
      "M",
      "ND",
      "NORM "
    ],
    "ImagingFrequency": 123.247068,
    "InPlanePhaseEncodingDirectionDICOM": "ROW  ",
    "IntendedFor": [
      "ses-NAPFU24/func/sub-2631883_ses-NAPFU24_task-rest_run-001_bold.nii.gz",
      "ses-NAPFU24/asl/sub-2631883_ses-NAPFU24_run-001_asl.nii.gz",
      "ses-NAPFU24/fmap/sub-2631883_ses-NAPFU24_run-001_phasediff.nii.gz",
      "ses-NAPFU24/fmap/sub-2631883_ses-NAPFU24_run-002_phasediff.nii.gz",
      "ses-NAPFU24/anat/sub-2631883_ses-NAPFU24_run-001_T2star.nii.gz",
      "ses-NAPFU24/func/sub-2631883_ses-NAPFU24_task-encoding_run-001_bold.nii.gz",
      "ses-NAPFU24/func/sub-2631883_ses-NAPFU24_task-rest_run-002_bold.nii.gz",
      "ses-NAPFU24/fmap/sub-2631883_ses-NAPFU24_run-003_phasediff.nii.gz",
      "ses-NAPFU24/func/sub-2631883_ses-NAPFU24_task-retrieval_run-001_bold.nii.gz"
    ],
    "InversionTime": 0.9,
    "MRAcquisitionType": "3D ",
    "MagneticFieldStrength": 3,
    "Manufacturer": "SIEMENS  ",
    "ManufacturerModelName": "TrioTim  ",
    "Modality": "MRI__ ",
    "PatientPosition": "HFS  ",
    "PercentPhaseFOV": 93.75,
    "PhaseEncodingSteps": 239,
    "PixelBandwidth": 238,
    "ProtocolName": "MPRAGE ADNI_iPAT2  ",
    "PulseSequenceType": "*tfl3d1_ns ",
    "ReceiveCoilName": "HeadMatrixix\\\\ ",
    "RepetitionTime": 2.3,
    "SAR": 0.08050538391808,
    "ScanningSequence": "GR\\\\IR  ",
    "SequenceName": "*tfl3d1_ns ",
    "SequenceVariant": "SP\\\\MP  ",
    "SeriesDescription": "MPRAGE ADNI_iPAT2  ",
    "SeriesNumber": 12,
    "SliceOrder": "interleaved ",
    "SliceThickness": 1,
    "SliceTiming": null,
    "SoftwareVersions": "syngo MR B17 ",
    "dataset": "<unset>",
    "modality": "T1w",
    "run_id": 1,
    "session_id": "NAPFU24",
    "subject_id": "2631883"
  },
  "cjv": 0.4287368857592801,
  "cnr": 3.164823702490534,
  "efc": 0.5890542221161486,
  "fber": 153.82510375976562,
  "fwhm_avg": 2.87056,
  "fwhm_x": 2.95118,
  "fwhm_y": 2.87714,
  "fwhm_z": 2.78336,
  "icvs_csf": 0.17181099750775422,
  "icvs_gm": 0.4276358720062697,
  "icvs_wm": 0.4005531304859761,
  "inu_med": 1.4841313362121582,
  "inu_range": 0.39033480882644644,
  "provenance": {
    "md5sum": "e71a17a40b22601f932fad3fdce0c0fb",
    "settings": {
      "testing": false
    },
    "software": "mriqc",
    "version": "0.16.1",
    "warnings": {
      "large_rot_frame": true,
      "small_air_mask": false
    },
    "webapi_port": null,
    "webapi_url": "https://mriqc.nimh.nih.gov/api/v1"
  },
  "qi_1": 0.0,
  "qi_2": 0.005316136229324141,
  "rpve_csf": 35.055818865759605,
  "rpve_gm": 15.26549626758562,
  "rpve_wm": 18.99425907006833,
  "size_x": 176,
  "size_y": 240,
  "size_z": 256,
  "snr_csf": 0.905635914153554,
  "snr_gm": 8.66199418309765,
  "snr_total": 8.49189579432946,
  "snr_wm": 15.908057285737176,
  "snrd_csf": 13.982619862039488,
  "snrd_gm": 25.84176065104356,
  "snrd_total": 26.004149020218644,
  "snrd_wm": 38.18806654757289,
  "spacing_x": 1.0,
  "spacing_y": 1.0,
  "spacing_z": 1.0,
  "summary_bg_k": 1029.955601764603,
  "summary_bg_mad": 17.155471787387754,
  "summary_bg_mean": 52.4876708984375,
  "summary_bg_median": 50.97407531738281,
  "summary_bg_n": 3202816.0,
  "summary_bg_p05": 27.020394325256348,
  "summary_bg_p95": 83.26997947692871,
  "summary_bg_stdv": 19.52874755859375,
  "summary_csf_k": 5.759399471893403,
  "summary_csf_mad": 144.94382239340615,
  "summary_csf_mean": 493.023193359375,
  "summary_csf_median": 366.150390625,
  "summary_csf_n": 9122.0,
  "summary_csf_p05": 193.86781768798826,
  "summary_csf_p95": 1603.0768920898424,
  "summary_csf_stdv": 404.2798156738281,
  "summary_gm_k": 0.10647455990062937,
  "summary_gm_mad": 77.30190599124933,
  "summary_gm_mean": 676.6609497070312,
  "summary_gm_median": 676.6951293945312,
  "summary_gm_n": 16545.0,
  "summary_gm_p05": 547.378955078125,
  "summary_gm_p95": 804.727844238281,
  "summary_gm_stdv": 78.11996459960938,
  "summary_wm_k": 0.3031315408001567,
  "summary_wm_mad": 61.30945664576013,
  "summary_wm_mean": 1000.3693237304688,
  "summary_wm_median": 999.996826171875,
  "summary_wm_n": 182337.0,
  "summary_wm_p05": 898.0556396484376,
  "summary_wm_p95": 1103.918603515625,
  "summary_wm_stdv": 62.86085510253906,
  "tpm_overlap_csf": 0.14983266592025757,
  "tpm_overlap_gm": 0.4153359532356262,
  "tpm_overlap_wm": 0.500271201133728,
  "wm2max": 0.5460667097097336
}