{
  "bids_meta": {
    "AcquisitionNumber": 1,
    "DeviceSerialNumber": "35442  ",
    "EchoNumber": 1,
    "EchoTime": 0.00298,
    "FlipAngle": 9,
    "ImageOrientationPatientDICOM": [
      "0.02708085872245",
      "0.96872331188126",
      "0.24666124971032",
      "0.00183461842487",
      "0.24670316681807",
      "-0.9690893569002  "
    ],
    "ImageType": [
      "ORIGINAL",
      "PRIMARY",
      "M",
      "ND",
      "NORM "
    ],
    "ImagingFrequency": 123.247101,
    "InPlanePhaseEncodingDirectionDICOM": "ROW  ",
    "IntendedFor": [
      "ses-PREBL00/func/sub-7184313_ses-PREBL00_task-rest_run-002_bold.nii.gz",
      "ses-PREBL00/func/sub-7184313_ses-PREBL00_task-retrieval_run-001_bold.nii.gz",
      "ses-PREBL00/anat/sub-7184313_ses-PREBL00_run-001_T2star.nii.gz",
      "ses-PREBL00/fmap/sub-7184313_ses-PREBL00_run-003_phasediff.nii.gz",
      "ses-PREBL00/func/sub-7184313_ses-PREBL00_task-rest_run-001_bold.nii.gz",
      "ses-PREBL00/asl/sub-7184313_ses-PREBL00_run-001_asl.nii.gz",
      "ses-PREBL00/func/sub-7184313_ses-PREBL00_task-encoding_run-001_bold.nii.gz",
      "ses-PREBL00/fmap/sub-7184313_ses-PREBL00_run-001_phasediff.nii.gz",
      "ses-PREBL00/fmap/sub-7184313_ses-PREBL00_run-002_phasediff.nii.gz"
    ],
    "InversionTime": 0.9,
    "MRAcquisitionType": "3D ",
    "MagneticFieldStrength": 3,
    "Manufacturer": "SIEMENS  ",
    "ManufacturerModelName": "TrioTim  ",
    "Modality": "MRI__ ",
    "PatientPosition": "HFS  ",
    "PercentPhaseFOV": 93.75,
    "PhaseEncodingSteps": 239,
    "PixelBandwidth": 238,
    "ProtocolName": "MPRAGE ADNI_iPAT2  ",
    "PulseSequenceType": "*tfl3d1_ns ",
    "ReceiveCoilName": "HeadMatrixix\\\\ ",
    "RepetitionTime": 2.3,
    "SAR": 0.08509829796386,
    "ScanningSequence": "GR\\\\IR  ",
    "SequenceName": "*tfl3d1_ns ",
    "SequenceVariant": "SP\\\\MP  ",
    "SeriesDescription": "MPRAGE ADNI_iPAT2  ",
    "SeriesNumber": 12,
    "SliceOrder": "interleaved ",
    "SliceThickness": 1,
    "SliceTiming": null,
    "SoftwareVersions": "syngo MR B17 ",
    "dataset": "<unset>",
    "modality": "T1w",
    "run_id": 1,
    "session_id": "PREBL00",
    "subject_id": "7184313"
  },
  "cjv": 0.43221699652297146,
  "cnr": 3.0780381863827375,
  "efc": 0.6463476845446471,
  "fber": 75.69652557373047,
  "fwhm_avg": 3.1238266666666665,
  "fwhm_x": 3.16275,
  "fwhm_y": 3.23167,
  "fwhm_z": 2.97706,
  "icvs_csf": 0.20773869743408863,
  "icvs_gm": 0.41946671867040847,
  "icvs_wm": 0.3727945838955029,
  "inu_med": 1.3202086687088013,
  "inu_range": 0.4477726578712462,
  "provenance": {
    "md5sum": "e35152a33b447abfa2cb440d980baa61",
    "settings": {
      "testing": false
    },
    "software": "mriqc",
    "version": "0.16.1",
    "warnings": {
      "large_rot_frame": true,
      "small_air_mask": false
    },
    "webapi_port": null,
    "webapi_url": "https://mriqc.nimh.nih.gov/api/v1"
  },
  "qi_1": 2.012097737647606e-05,
  "qi_2": 0.004132214003169215,
  "rpve_csf": 24.31246105848421,
  "rpve_gm": 12.091881632986842,
  "rpve_wm": 15.881372521437319,
  "size_x": 176,
  "size_y": 240,
  "size_z": 256,
  "snr_csf": 3.1422628014044194,
  "snr_gm": 8.490816334786953,
  "snr_total": 8.662286685332003,
  "snr_wm": 14.353780919804636,
  "snrd_csf": 8.779106943601706,
  "snrd_gm": 19.31336275770148,
  "snrd_total": 19.014281217233684,
  "snrd_wm": 28.950373950397857,
  "spacing_x": 1.0,
  "spacing_y": 1.0,
  "spacing_z": 1.0,
  "summary_bg_k": 129.75792086534656,
  "summary_bg_mad": 22.62958050962705,
  "summary_bg_mean": 74.61502838134766,
  "summary_bg_median": 71.83695983886719,
  "summary_bg_n": 2563118.0,
  "summary_bg_p05": 39.52513294219971,
  "summary_bg_p95": 117.70683517456055,
  "summary_bg_stdv": 25.876323699951172,
  "summary_csf_k": 0.7127977294253345,
  "summary_csf_mad": 92.70270348400756,
  "summary_csf_mean": 313.0783386230469,
  "summary_csf_median": 303.24603271484375,
  "summary_csf_n": 18648.0,
  "summary_csf_p05": 173.08014297485352,
  "summary_csf_p95": 485.8531448364257,
  "summary_csf_stdv": 96.50303649902344,
  "summary_gm_k": 0.007601232364998989,
  "summary_gm_mad": 77.35529559750655,
  "summary_gm_mean": 667.620849609375,
  "summary_gm_median": 667.1180419921875,
  "summary_gm_n": 10043.0,
  "summary_gm_p05": 539.0569213867187,
  "summary_gm_p95": 798.2618530273437,
  "summary_gm_stdv": 78.5654525756836,
  "summary_wm_k": 0.46415298144954464,
  "summary_wm_mad": 66.52091565247132,
  "summary_wm_mean": 1001.7267456054688,
  "summary_wm_median": 999.9976196289062,
  "summary_wm_n": 178479.0,
  "summary_wm_p05": 890.9895568847656,
  "summary_wm_p95": 1118.876025390625,
  "summary_wm_stdv": 69.66769409179688,
  "tpm_overlap_csf": 0.16413357853889465,
  "tpm_overlap_gm": 0.4176667034626007,
  "tpm_overlap_wm": 0.4586383104324341,
  "wm2max": 0.5027999451041071
}