{
  "bids_meta": {
    "AcquisitionNumber": 1,
    "DeviceSerialNumber": "35442  ",
    "EchoNumber": 1,
    "EchoTime": 0.00298,
    "FlipAngle": 9,
    "ImageOrientationPatientDICOM": [
      "-0.02036937148",
      "0.99979252282937",
      "7.5495986e-009",
      "0.08487414740828",
      "0.00172919932934",
      "-0.9963901790822  "
    ],
    "ImageType": [
      "ORIGINAL",
      "PRIMARY",
      "M",
      "ND",
      "NORM "
    ],
    "ImagingFrequency": 123.247346,
    "InPlanePhaseEncodingDirectionDICOM": "ROW  ",
    "IntendedFor": [
      "ses-NAPBL00/anat/sub-3119093_ses-NAPBL00_run-001_T2star.nii.gz",
      "ses-NAPBL00/func/sub-3119093_ses-NAPBL00_task-retrieval_run-001_bold.nii.gz",
      "ses-NAPBL00/func/sub-3119093_ses-NAPBL00_task-encoding_run-001_bold.nii.gz",
      "ses-NAPBL00/fmap/sub-3119093_ses-NAPBL00_run-001_phasediff.nii.gz",
      "ses-NAPBL00/fmap/sub-3119093_ses-NAPBL00_run-003_phasediff.nii.gz",
      "ses-NAPBL00/func/sub-3119093_ses-NAPBL00_task-rest_run-001_bold.nii.gz",
      "ses-NAPBL00/func/sub-3119093_ses-NAPBL00_task-rest_run-002_bold.nii.gz",
      "ses-NAPBL00/fmap/sub-3119093_ses-NAPBL00_run-002_phasediff.nii.gz",
      "ses-NAPBL00/asl/sub-3119093_ses-NAPBL00_run-001_asl.nii.gz"
    ],
    "InversionTime": 0.9,
    "MRAcquisitionType": "3D ",
    "MagneticFieldStrength": 3,
    "Manufacturer": "SIEMENS  ",
    "ManufacturerModelName": "TrioTim  ",
    "Modality": "MRI__ ",
    "PatientPosition": "HFS  ",
    "PercentPhaseFOV": 93.75,
    "PhaseEncodingSteps": 239,
    "PixelBandwidth": 238,
    "ProtocolName": "MPRAGE ADNI_iPAT2  ",
    "PulseSequenceType": "*tfl3d1_ns ",
    "ReceiveCoilName": "HeadMatrixix\\\\ ",
    "RepetitionTime": 2.3,
    "SAR": 0.08149580171138,
    "ScanningSequence": "GR\\\\IR  ",
    "SequenceName": "*tfl3d1_ns ",
    "SequenceVariant": "SP\\\\MP  ",
    "SeriesDescription": "MPRAGE ADNI_iPAT2  ",
    "SeriesNumber": 12,
    "SliceOrder": "interleaved ",
    "SliceThickness": 1,
    "SliceTiming": null,
    "SoftwareVersions": "syngo MR B17 ",
    "dataset": "<unset>",
    "modality": "T1w",
    "run_id": 1,
    "session_id": "NAPBL00",
    "subject_id": "3119093"
  },
  "cjv": 0.42405729096918543,
  "cnr": 3.1526594527919176,
  "efc": 0.6227565937808809,
  "fber": 103.24659729003906,
  "fwhm_avg": 3.2004233333333336,
  "fwhm_x": 3.2183,
  "fwhm_y": 3.30716,
  "fwhm_z": 3.07581,
  "icvs_csf": 0.21389677373063143,
  "icvs_gm": 0.40264796648934903,
  "icvs_wm": 0.38345525978001954,
  "inu_med": 1.241620659828186,
  "inu_range": 0.3488178253173828,
  "provenance": {
    "md5sum": "d9a7b80fe03449647119a5a3988c8318",
    "settings": {
      "testing": false
    },
    "software": "mriqc",
    "version": "0.16.1",
    "warnings": {
      "large_rot_frame": true,
      "small_air_mask": false
    },
    "webapi_port": null,
    "webapi_url": "https://mriqc.nimh.nih.gov/api/v1"
  },
  "qi_1": 0.0,
  "qi_2": 0.0046318284336220395,
  "rpve_csf": 26.210467858241344,
  "rpve_gm": 14.036878339106536,
  "rpve_wm": 17.920775132500214,
  "size_x": 176,
  "size_y": 240,
  "size_z": 256,
  "snr_csf": 2.6879078576500777,
  "snr_gm": 8.969238875534945,
  "snr_total": 9.896414311648424,
  "snr_wm": 18.03209620176025,
  "snrd_csf": 10.46659916784322,
  "snrd_gm": 23.66328347382884,
  "snrd_total": 22.790725162860596,
  "snrd_wm": 34.24229284690973,
  "spacing_x": 1.0,
  "spacing_y": 1.0,
  "spacing_z": 1.0,
  "summary_bg_k": 1727.6901179977187,
  "summary_bg_mad": 19.13230113856216,
  "summary_bg_mean": 63.51478958129883,
  "summary_bg_median": 61.85050964355469,
  "summary_bg_n": 2493165.0,
  "summary_bg_p05": 34.151953887939456,
  "summary_bg_p95": 97.72896270751951,
  "summary_bg_stdv": 24.329849243164062,
  "summary_csf_k": -0.06626194745655223,
  "summary_csf_mad": 117.16312896803873,
  "summary_csf_mean": 324.6947937011719,
  "summary_csf_median": 305.6617431640625,
  "summary_csf_n": 13885.0,
  "summary_csf_p05": 169.5832244873047,
  "summary_csf_p95": 529.4326416015624,
  "summary_csf_stdv": 113.71324920654297,
  "summary_gm_k": -0.09169324863226924,
  "summary_gm_mad": 77.06264816253052,
  "summary_gm_mean": 687.9891967773438,
  "summary_gm_median": 691.0516357421875,
  "summary_gm_n": 10537.0,
  "summary_gm_p05": 556.32578125,
  "summary_gm_p95": 810.7886108398436,
  "summary_gm_stdv": 77.04319763183594,
  "summary_wm_k": 0.2183962634039056,
  "summary_wm_mad": 53.94752764260873,
  "summary_wm_mean": 1000.042236328125,
  "summary_wm_median": 999.9961547851562,
  "summary_wm_n": 194994.0,
  "summary_wm_p05": 908.7620513916016,
  "summary_wm_p95": 1091.3093811035155,
  "summary_wm_stdv": 55.45631408691406,
  "tpm_overlap_csf": 0.13843733072280884,
  "tpm_overlap_gm": 0.3954524099826813,
  "tpm_overlap_wm": 0.4567720592021942,
  "wm2max": 0.4800173625010207
}