{
  "bids_meta": {
    "AcquisitionNumber": 1,
    "DeviceSerialNumber": "35442  ",
    "EchoNumber": 1,
    "EchoTime": 0.00298,
    "FlipAngle": 9,
    "ImageOrientationPatientDICOM": [
      "-0.0660080911877",
      "0.99781908775977",
      "3.42707112e-008",
      "-0.0104956596326",
      "-0.0006942783494",
      "-0.999944678023  "
    ],
    "ImageType": [
      "ORIGINAL",
      "PRIMARY",
      "M",
      "ND",
      "NORM "
    ],
    "ImagingFrequency": 123.247109,
    "InPlanePhaseEncodingDirectionDICOM": "ROW  ",
    "IntendedFor": [
      "ses-NAPBL00/fmap/sub-4538817_ses-NAPBL00_run-001_phasediff.nii.gz",
      "ses-NAPBL00/asl/sub-4538817_ses-NAPBL00_run-001_asl.nii.gz",
      "ses-NAPBL00/func/sub-4538817_ses-NAPBL00_task-rest_run-001_bold.nii.gz",
      "ses-NAPBL00/func/sub-4538817_ses-NAPBL00_task-encoding_run-001_bold.nii.gz",
      "ses-NAPBL00/anat/sub-4538817_ses-NAPBL00_run-001_T2star.nii.gz",
      "ses-NAPBL00/fmap/sub-4538817_ses-NAPBL00_run-002_phasediff.nii.gz",
      "ses-NAPBL00/func/sub-4538817_ses-NAPBL00_task-rest_run-002_bold.nii.gz",
      "ses-NAPBL00/fmap/sub-4538817_ses-NAPBL00_run-003_phasediff.nii.gz"
    ],
    "InversionTime": 0.9,
    "MRAcquisitionType": "3D ",
    "MagneticFieldStrength": 3,
    "Manufacturer": "SIEMENS  ",
    "ManufacturerModelName": "TrioTim  ",
    "Modality": "MRI__ ",
    "PatientPosition": "HFS  ",
    "PercentPhaseFOV": 93.75,
    "PhaseEncodingSteps": 239,
    "PixelBandwidth": 238,
    "ProtocolName": "MPRAGE ADNI_iPAT2  ",
    "PulseSequenceType": "*tfl3d1_ns ",
    "ReceiveCoilName": "HeadMatrixix\\\\ ",
    "RepetitionTime": 2.3,
    "SAR": 0.07690063721177,
    "ScanningSequence": "GR\\\\IR  ",
    "SequenceName": "*tfl3d1_ns ",
    "SequenceVariant": "SP\\\\MP  ",
    "SeriesDescription": "MPRAGE ADNI_iPAT2  ",
    "SeriesNumber": 12,
    "SliceOrder": "interleaved ",
    "SliceThickness": 1,
    "SliceTiming": null,
    "SoftwareVersions": "syngo MR B17 ",
    "dataset": "<unset>",
    "modality": "T1w",
    "run_id": 1,
    "session_id": "NAPBL00",
    "subject_id": "4538817"
  },
  "cjv": 0.40576290801503107,
  "cnr": 3.364252252518546,
  "efc": 0.628197723295884,
  "fber": 87.22811889648438,
  "fwhm_avg": 3.2793900000000007,
  "fwhm_x": 3.3517,
  "fwhm_y": 3.39875,
  "fwhm_z": 3.08772,
  "icvs_csf": 0.22690543883328976,
  "icvs_gm": 0.4056456043991549,
  "icvs_wm": 0.36744895676755535,
  "inu_med": 1.2251267433166504,
  "inu_range": 0.3645872294902801,
  "provenance": {
    "md5sum": "1d95af499d60f890314a1475559bd2ce",
    "settings": {
      "testing": false
    },
    "software": "mriqc",
    "version": "0.16.1",
    "warnings": {
      "large_rot_frame": true,
      "small_air_mask": false
    },
    "webapi_port": null,
    "webapi_url": "https://mriqc.nimh.nih.gov/api/v1"
  },
  "qi_1": 0.0,
  "qi_2": 0.004982771633965515,
  "rpve_csf": 24.366499183776334,
  "rpve_gm": 13.518320291196876,
  "rpve_wm": 17.879182651321397,
  "size_x": 176,
  "size_y": 240,
  "size_z": 256,
  "snr_csf": 2.942173614437537,
  "snr_gm": 8.842074148660641,
  "snr_total": 9.392921688779433,
  "snr_wm": 16.39451730324012,
  "snrd_csf": 11.031537781894848,
  "snrd_gm": 21.8649089107749,
  "snrd_total": 21.92023569181207,
  "snrd_wm": 32.86426038276646,
  "spacing_x": 1.0,
  "spacing_y": 1.0,
  "spacing_z": 1.0,
  "summary_bg_k": 1007.1429793698927,
  "summary_bg_mad": 19.93459308614948,
  "summary_bg_mean": 66.38154602050781,
  "summary_bg_median": 64.65476989746094,
  "summary_bg_n": 2685794.0,
  "summary_bg_p05": 35.605821418762204,
  "summary_bg_p95": 102.42255516052246,
  "summary_bg_stdv": 22.70663070678711,
  "summary_csf_k": -0.3840426910099528,
  "summary_csf_mad": 124.37939031242308,
  "summary_csf_mean": 347.04010009765625,
  "summary_csf_median": 335.66937255859375,
  "summary_csf_n": 17298.0,
  "summary_csf_p05": 179.51924591064454,
  "summary_csf_p95": 540.9878234863281,
  "summary_csf_stdv": 114.08560943603516,
  "summary_gm_k": -0.12875426851484173,
  "summary_gm_mad": 76.97270024961583,
  "summary_gm_mean": 664.6785278320312,
  "summary_gm_median": 665.3088989257812,
  "summary_gm_n": 10223.0,
  "summary_gm_p05": 541.0169128417969,
  "summary_gm_p95": 789.5560913085938,
  "summary_gm_stdv": 75.23985290527344,
  "summary_wm_k": 0.2807997895898322,
  "summary_wm_mad": 58.83208842456702,
  "summary_wm_mean": 999.4854125976562,
  "summary_wm_median": 999.9989013671875,
  "summary_wm_n": 176807.0,
  "summary_wm_p05": 898.684814453125,
  "summary_wm_p95": 1099.25625,
  "summary_wm_stdv": 60.99576187133789,
  "tpm_overlap_csf": 0.17232349514961243,
  "tpm_overlap_gm": 0.4340192377567291,
  "tpm_overlap_wm": 0.5057820677757263,
  "wm2max": 0.5074511980507631
}