{
  "bids_meta": {
    "AcquisitionNumber": 1,
    "DeviceSerialNumber": "35442  ",
    "EchoNumber": 1,
    "EchoTime": 0.00298,
    "FlipAngle": 9,
    "ImageOrientationPatientDICOM": [
      "-0.0823379472779",
      "0.99660440527162",
      "-0.0003490433359",
      "-0.0075522511999",
      "-0.0009741779908",
      "-0.9999710068192  "
    ],
    "ImageType": [
      "ORIGINAL",
      "PRIMARY",
      "M",
      "ND",
      "NORM "
    ],
    "ImagingFrequency": 123.247473,
    "InPlanePhaseEncodingDirectionDICOM": "ROW  ",
    "IntendedFor": [
      "ses-PREEN00/dwi/sub-8478383_ses-PREEN00_run-001_dwi.nii.gz",
      "ses-PREEN00/fmap/sub-8478383_ses-PREEN00_run-001_phasediff.nii.gz",
      "ses-PREEN00/fmap/sub-8478383_ses-PREEN00_run-002_phasediff.nii.gz",
      "ses-PREEN00/anat/sub-8478383_ses-PREEN00_run-001_FLAIR.nii.gz"
    ],
    "InversionTime": 0.9,
    "MRAcquisitionType": "3D ",
    "MagneticFieldStrength": 3,
    "Manufacturer": "SIEMENS  ",
    "ManufacturerModelName": "TrioTim  ",
    "Modality": "MRI__ ",
    "PatientPosition": "HFS  ",
    "PercentPhaseFOV": 93.75,
    "PhaseEncodingSteps": 239,
    "PixelBandwidth": 238,
    "ProtocolName": "MPRAGE ADNI_iPAT2  ",
    "PulseSequenceType": "*tfl3d1_ns ",
    "ReceiveCoilName": "HeadMatrixix\\\\ ",
    "RepetitionTime": 2.3,
    "SAR": 0.08954750126326,
    "ScanningSequence": "GR\\\\IR  ",
    "SequenceName": "*tfl3d1_ns ",
    "SequenceVariant": "SP\\\\MP  ",
    "SeriesDescription": "MPRAGE ADNI_iPAT2  ",
    "SeriesNumber": 4,
    "SliceOrder": "interleaved ",
    "SliceThickness": 1,
    "SliceTiming": null,
    "SoftwareVersions": "syngo MR B17 ",
    "dataset": "<unset>",
    "modality": "T1w",
    "run_id": 1,
    "session_id": "PREEN00",
    "subject_id": "8478383"
  },
  "cjv": 0.41945046162416516,
  "cnr": 3.112608875665997,
  "efc": 0.6391471129845766,
  "fber": 116.04792785644531,
  "fwhm_avg": 2.9961366666666667,
  "fwhm_x": 3.05647,
  "fwhm_y": 3.07107,
  "fwhm_z": 2.86087,
  "icvs_csf": 0.19528533190466707,
  "icvs_gm": 0.42572052976777464,
  "icvs_wm": 0.3789941383275583,
  "inu_med": 1.2667245864868164,
  "inu_range": 0.4446292519569397,
  "provenance": {
    "md5sum": "a24e166afcd124e02fa0b6d4225bd90c",
    "settings": {
      "testing": false
    },
    "software": "mriqc",
    "version": "0.16.1",
    "warnings": {
      "large_rot_frame": true,
      "small_air_mask": false
    },
    "webapi_port": null,
    "webapi_url": "https://mriqc.nimh.nih.gov/api/v1"
  },
  "qi_1": 0.0,
  "qi_2": 0.004002095299239012,
  "rpve_csf": 24.974019991065447,
  "rpve_gm": 12.034057116257209,
  "rpve_wm": 15.875411786643461,
  "size_x": 176,
  "size_y": 240,
  "size_z": 256,
  "snr_csf": 0.8724033007267947,
  "snr_gm": 8.859508375854483,
  "snr_total": 8.596750929006836,
  "snr_wm": 16.058341110439226,
  "snrd_csf": 11.125541899181517,
  "snrd_gm": 23.59614473797306,
  "snrd_total": 23.21493326267537,
  "snrd_wm": 34.92311315087153,
  "spacing_x": 1.0,
  "spacing_y": 1.0,
  "spacing_z": 1.0,
  "summary_bg_k": 683.247632643573,
  "summary_bg_mad": 18.75934872273378,
  "summary_bg_mean": 62.5827751159668,
  "summary_bg_median": 59.94198226928711,
  "summary_bg_n": 2399877.0,
  "summary_bg_p05": 32.603491973876956,
  "summary_bg_p95": 95.5880599975585,
  "summary_bg_stdv": 34.12289047241211,
  "summary_csf_k": 7.076062211496849,
  "summary_csf_mad": 125.5440868351958,
  "summary_csf_mean": 432.9969177246094,
  "summary_csf_median": 318.57171630859375,
  "summary_csf_n": 15304.0,
  "summary_csf_p05": 177.53245849609377,
  "summary_csf_p95": 1494.204455566406,
  "summary_csf_stdv": 365.1537170410156,
  "summary_gm_k": 0.10317975000531732,
  "summary_gm_mad": 74.65957293580722,
  "summary_gm_mean": 675.1133422851562,
  "summary_gm_median": 675.6582641601562,
  "summary_gm_n": 15264.0,
  "summary_gm_p05": 546.932095336914,
  "summary_gm_p95": 801.6926849365233,
  "summary_gm_stdv": 76.2611312866211,
  "summary_wm_k": 0.11601561820964834,
  "summary_wm_mad": 61.384745039668616,
  "summary_wm_mean": 998.7570190429688,
  "summary_wm_median": 999.9976806640625,
  "summary_wm_n": 204642.0,
  "summary_wm_p05": 893.9301788330079,
  "summary_wm_p95": 1098.9143432617186,
  "summary_wm_stdv": 62.27263641357422,
  "tpm_overlap_csf": 0.15142562985420227,
  "tpm_overlap_gm": 0.4068034291267395,
  "tpm_overlap_wm": 0.481984406709671,
  "wm2max": 0.48710472194893917
}