{
  "bids_meta": {
    "AcquisitionNumber": 1,
    "DeviceSerialNumber": "35442  ",
    "EchoNumber": 1,
    "EchoTime": 0.00298,
    "FlipAngle": 9,
    "ImageOrientationPatientDICOM": [
      "-0.0576352001376",
      "0.99795136003941",
      "0.02777168883217",
      "0.10177358479302",
      "0.03354623941286",
      "-0.9942418152842  "
    ],
    "ImageType": [
      "ORIGINAL",
      "PRIMARY",
      "M",
      "ND",
      "NORM "
    ],
    "ImagingFrequency": 123.247107,
    "InPlanePhaseEncodingDirectionDICOM": "ROW  ",
    "IntendedFor": [
      "ses-PREBL00/func/sub-4067832_ses-PREBL00_task-retrieval_run-001_bold.nii.gz",
      "ses-PREBL00/asl/sub-4067832_ses-PREBL00_run-001_asl.nii.gz",
      "ses-PREBL00/anat/sub-4067832_ses-PREBL00_run-001_T2star.nii.gz",
      "ses-PREBL00/fmap/sub-4067832_ses-PREBL00_run-002_phasediff.nii.gz",
      "ses-PREBL00/func/sub-4067832_ses-PREBL00_task-rest_run-001_bold.nii.gz",
      "ses-PREBL00/func/sub-4067832_ses-PREBL00_task-rest_run-002_bold.nii.gz",
      "ses-PREBL00/func/sub-4067832_ses-PREBL00_task-encoding_run-001_bold.nii.gz",
      "ses-PREBL00/fmap/sub-4067832_ses-PREBL00_run-003_phasediff.nii.gz",
      "ses-PREBL00/fmap/sub-4067832_ses-PREBL00_run-001_phasediff.nii.gz"
    ],
    "InversionTime": 0.9,
    "MRAcquisitionType": "3D ",
    "MagneticFieldStrength": 3,
    "Manufacturer": "SIEMENS  ",
    "ManufacturerModelName": "TrioTim  ",
    "Modality": "MRI__ ",
    "PatientPosition": "HFS  ",
    "PercentPhaseFOV": 93.75,
    "PhaseEncodingSteps": 239,
    "PixelBandwidth": 238,
    "ProtocolName": "MPRAGE ADNI_iPAT2  ",
    "PulseSequenceType": "*tfl3d1_ns ",
    "ReceiveCoilName": "HeadMatrixix\\\\ ",
    "RepetitionTime": 2.3,
    "SAR": 0.08832853614325,
    "ScanningSequence": "GR\\\\IR  ",
    "SequenceName": "*tfl3d1_ns ",
    "SequenceVariant": "SP\\\\MP  ",
    "SeriesDescription": "MPRAGE ADNI_iPAT2  ",
    "SeriesNumber": 12,
    "SliceOrder": "interleaved ",
    "SliceThickness": 1,
    "SliceTiming": null,
    "SoftwareVersions": "syngo MR B17 ",
    "dataset": "<unset>",
    "modality": "T1w",
    "run_id": 1,
    "session_id": "PREBL00",
    "subject_id": "4067832"
  },
  "cjv": 0.4190018410845597,
  "cnr": 3.1570656665029,
  "efc": 0.5906646079636012,
  "fber": 96.80873107910156,
  "fwhm_avg": 3.0693133333333336,
  "fwhm_x": 3.1607,
  "fwhm_y": 3.17067,
  "fwhm_z": 2.87657,
  "icvs_csf": 0.19700498300791386,
  "icvs_gm": 0.4230141879904303,
  "icvs_wm": 0.37998082900165586,
  "inu_med": 1.3829091787338257,
  "inu_range": 0.39773823022842403,
  "provenance": {
    "md5sum": "f0a45fc532ca234034ac0539c6174a09",
    "settings": {
      "testing": false
    },
    "software": "mriqc",
    "version": "0.16.1",
    "warnings": {
      "large_rot_frame": true,
      "small_air_mask": false
    },
    "webapi_port": null,
    "webapi_url": "https://mriqc.nimh.nih.gov/api/v1"
  },
  "qi_1": 0.0,
  "qi_2": 0.004764396407357794,
  "rpve_csf": 32.718157165075375,
  "rpve_gm": 15.972046854056995,
  "rpve_wm": 21.161674041762463,
  "size_x": 176,
  "size_y": 240,
  "size_z": 256,
  "snr_csf": 2.7084504084853767,
  "snr_gm": 9.330597796646854,
  "snr_total": 9.78407635274175,
  "snr_wm": 17.313180853093016,
  "snrd_csf": 10.39254989772509,
  "snrd_gm": 22.765165864177252,
  "snrd_total": 21.963582879744546,
  "snrd_wm": 32.73303287733129,
  "spacing_x": 1.0,
  "spacing_y": 1.0,
  "spacing_z": 1.0,
  "summary_bg_k": 0.4178177422865694,
  "summary_bg_mad": 20.014883927805265,
  "summary_bg_mean": 67.06099700927734,
  "summary_bg_median": 65.58274841308594,
  "summary_bg_n": 3190868.0,
  "summary_bg_p05": 36.40060882568359,
  "summary_bg_p95": 102.76017189025879,
  "summary_bg_stdv": 20.314918518066406,
  "summary_csf_k": -0.3326069833671532,
  "summary_csf_mad": 124.51508135408868,
  "summary_csf_mean": 339.6065673828125,
  "summary_csf_median": 317.49981689453125,
  "summary_csf_n": 9528.0,
  "summary_csf_p05": 180.35442504882812,
  "summary_csf_p95": 544.4733337402342,
  "summary_csf_stdv": 117.219482421875,
  "summary_gm_k": 0.04406831693859248,
  "summary_gm_mad": 72.13424455984067,
  "summary_gm_mean": 695.8482055664062,
  "summary_gm_median": 695.4920654296875,
  "summary_gm_n": 7241.0,
  "summary_gm_p05": 571.974365234375,
  "summary_gm_p95": 820.9924926757812,
  "summary_gm_stdv": 74.53370666503906,
  "summary_wm_k": 0.3249195975876997,
  "summary_wm_mad": 55.462480342871885,
  "summary_wm_mean": 1000.384521484375,
  "summary_wm_median": 1000.0175170898438,
  "summary_wm_n": 153061.0,
  "summary_wm_p05": 906.364501953125,
  "summary_wm_p95": 1096.0418701171875,
  "summary_wm_stdv": 57.760284423828125,
  "tpm_overlap_csf": 0.16529016196727753,
  "tpm_overlap_gm": 0.4231514036655426,
  "tpm_overlap_wm": 0.49678492546081543,
  "wm2max": 0.4935967675682994
}