{
  "bids_meta": {
    "AcquisitionNumber": 1,
    "DeviceSerialNumber": "35442  ",
    "EchoNumber": 1,
    "EchoTime": 0.00298,
    "FlipAngle": 9,
    "ImageOrientationPatientDICOM": [
      "-0.002732880233",
      "0.95414597158748",
      "0.29932924392551",
      "0.02260202347754",
      "0.29931283143016",
      "-0.9538872980997 "
    ],
    "ImageType": [
      "ORIGINAL",
      "PRIMARY",
      "M",
      "ND",
      "NORM "
    ],
    "ImagingFrequency": 123.247153,
    "InPlanePhaseEncodingDirectionDICOM": "ROW  ",
    "IntendedFor": [
      "ses-NAPFU03/func/sub-1443924_ses-NAPFU03_task-rest_run-001_bold.nii.gz",
      "ses-NAPFU03/anat/sub-1443924_ses-NAPFU03_run-001_T2star.nii.gz",
      "ses-NAPFU03/fmap/sub-1443924_ses-NAPFU03_run-001_phasediff.nii.gz",
      "ses-NAPFU03/func/sub-1443924_ses-NAPFU03_task-retrieval_run-001_bold.nii.gz",
      "ses-NAPFU03/func/sub-1443924_ses-NAPFU03_task-encoding_run-001_bold.nii.gz",
      "ses-NAPFU03/func/sub-1443924_ses-NAPFU03_task-rest_run-002_bold.nii.gz",
      "ses-NAPFU03/fmap/sub-1443924_ses-NAPFU03_run-003_phasediff.nii.gz",
      "ses-NAPFU03/asl/sub-1443924_ses-NAPFU03_run-001_asl.nii.gz",
      "ses-NAPFU03/fmap/sub-1443924_ses-NAPFU03_run-002_phasediff.nii.gz"
    ],
    "InversionTime": 0.9,
    "MRAcquisitionType": "3D ",
    "MagneticFieldStrength": 3,
    "Manufacturer": "SIEMENS  ",
    "ManufacturerModelName": "TrioTim  ",
    "Modality": "MRI__ ",
    "PatientPosition": "HFS  ",
    "PercentPhaseFOV": 93.75,
    "PhaseEncodingSteps": 239,
    "PixelBandwidth": 238,
    "ProtocolName": "MPRAGE ADNI_iPAT2  ",
    "PulseSequenceType": "*tfl3d1_ns ",
    "ReceiveCoilName": "HeadMatrixix\\\\ ",
    "RepetitionTime": 2.3,
    "SAR": 0.07735082440436,
    "ScanningSequence": "GR\\\\IR  ",
    "SequenceName": "*tfl3d1_ns ",
    "SequenceVariant": "SP\\\\MP  ",
    "SeriesDescription": "MPRAGE ADNI_iPAT2  ",
    "SeriesNumber": 12,
    "SliceOrder": "interleaved ",
    "SliceThickness": 1,
    "SliceTiming": null,
    "SoftwareVersions": "syngo MR B17 ",
    "dataset": "<unset>",
    "modality": "T1w",
    "run_id": 1,
    "session_id": "NAPFU03",
    "subject_id": "1443924"
  },
  "cjv": 0.40067421824652727,
  "cnr": 3.3576496018705995,
  "efc": 0.6066484565982867,
  "fber": 126.96622467041016,
  "fwhm_avg": 3.1845466666666664,
  "fwhm_x": 3.22515,
  "fwhm_y": 3.27425,
  "fwhm_z": 3.05424,
  "icvs_csf": 0.20997261979392504,
  "icvs_gm": 0.418675914181825,
  "icvs_wm": 0.37135146602424995,
  "inu_med": 1.305466890335083,
  "inu_range": 0.4607377350330353,
  "provenance": {
    "md5sum": "61c44f77919f6b927946de6bca2a0697",
    "settings": {
      "testing": false
    },
    "software": "mriqc",
    "version": "0.16.1",
    "warnings": {
      "large_rot_frame": true,
      "small_air_mask": false
    },
    "webapi_port": null,
    "webapi_url": "https://mriqc.nimh.nih.gov/api/v1"
  },
  "qi_1": 3.684899701232211e-05,
  "qi_2": 0.004424670028775026,
  "rpve_csf": 24.020069067852564,
  "rpve_gm": 12.454191329396648,
  "rpve_wm": 16.42526274219274,
  "size_x": 176,
  "size_y": 240,
  "size_z": 256,
  "snr_csf": 1.5020695197890788,
  "snr_gm": 9.151690695176022,
  "snr_total": 9.383462881941105,
  "snr_wm": 17.496628430858213,
  "snrd_csf": 13.037279056162863,
  "snrd_gm": 25.30379811213882,
  "snrd_total": 25.22894156138163,
  "snrd_wm": 37.34574751584321,
  "spacing_x": 1.0,
  "spacing_y": 1.0,
  "spacing_z": 1.0,
  "summary_bg_k": 1759.7621819970902,
  "summary_bg_mad": 17.54250967084152,
  "summary_bg_mean": 58.52048110961914,
  "summary_bg_median": 57.074607849121094,
  "summary_bg_n": 2870900.0,
  "summary_bg_p05": 31.61651363372803,
  "summary_bg_p95": 89.79399223327636,
  "summary_bg_stdv": 21.78908920288086,
  "summary_csf_k": 21.11235696826644,
  "summary_csf_mad": 136.27140478378516,
  "summary_csf_mean": 385.9646911621094,
  "summary_csf_median": 349.0976867675781,
  "summary_csf_n": 19460.0,
  "summary_csf_p05": 173.73362808227537,
  "summary_csf_p95": 612.519091796875,
  "summary_csf_stdv": 232.40516662597656,
  "summary_gm_k": -0.03926200982768879,
  "summary_gm_mad": 74.22756957941404,
  "summary_gm_mean": 676.3839111328125,
  "summary_gm_median": 677.5568237304688,
  "summary_gm_n": 17216.0,
  "summary_gm_p05": 553.3726501464844,
  "summary_gm_p95": 796.3409729003906,
  "summary_gm_stdv": 74.03409576416016,
  "summary_wm_k": 0.4841697004446117,
  "summary_wm_mad": 54.96817403070228,
  "summary_wm_mean": 999.5192260742188,
  "summary_wm_median": 1000.002685546875,
  "summary_wm_n": 192418.0,
  "summary_wm_p05": 904.674462890625,
  "summary_wm_p95": 1091.9910034179688,
  "summary_wm_stdv": 57.153873443603516,
  "tpm_overlap_csf": 0.15217167139053345,
  "tpm_overlap_gm": 0.4242005944252014,
  "tpm_overlap_wm": 0.482763409614563,
  "wm2max": 0.4968246872063597
}