{
  "bids_meta": {
    "AcquisitionNumber": 1,
    "DeviceSerialNumber": "35442  ",
    "EchoNumber": 1,
    "EchoTime": 0.00298,
    "FlipAngle": 9,
    "ImageOrientationPatientDICOM": [
      "0.01568795662874",
      "0.99987687556951",
      "-0.0003488813075",
      "0.02915519017259",
      "-0.0008062175076",
      "-0.9995745719551  "
    ],
    "ImageType": [
      "ORIGINAL",
      "PRIMARY",
      "M",
      "ND",
      "NORM "
    ],
    "ImagingFrequency": 123.251527,
    "InPlanePhaseEncodingDirectionDICOM": "ROW  ",
    "InversionTime": 0.9,
    "MRAcquisitionType": "3D ",
    "MagneticFieldStrength": 3,
    "Manufacturer": "SIEMENS  ",
    "ManufacturerModelName": "TrioTim  ",
    "Modality": "MRI__ ",
    "PatientPosition": "HFS  ",
    "PercentPhaseFOV": 93.75,
    "PhaseEncodingSteps": 239,
    "PixelBandwidth": 238,
    "ProtocolName": "MPRAGE ADNI_iPAT2  ",
    "PulseSequenceType": "*tfl3d1_ns ",
    "ReceiveCoilName": "32Ch_Headad\\\\  ",
    "RepetitionTime": 2.3,
    "SAR": 0.09962926859252,
    "ScanningSequence": "GR\\\\IR  ",
    "SequenceName": "*tfl3d1_ns ",
    "SequenceVariant": "SP\\\\MP  ",
    "SeriesDescription": "MPRAGE ADNI_iPAT2  ",
    "SeriesNumber": 4,
    "SliceOrder": "interleaved ",
    "SliceThickness": 1,
    "SliceTiming": null,
    "SoftwareVersions": "syngo MR B17 ",
    "dataset": "<unset>",
    "modality": "T1w",
    "run_id": 1,
    "session_id": "PREEN00",
    "subject_id": "8831117"
  },
  "cjv": 0.4250887598920374,
  "cnr": 2.852527027395315,
  "efc": 0.5916565477747271,
  "fber": 113.82508087158203,
  "fwhm_avg": 3.28265,
  "fwhm_x": 3.35112,
  "fwhm_y": 3.4339,
  "fwhm_z": 3.06293,
  "icvs_csf": 0.19565896513739156,
  "icvs_gm": 0.40634440789939824,
  "icvs_wm": 0.3979966269632102,
  "inu_med": 1.4436982870101929,
  "inu_range": 0.43167426586151114,
  "provenance": {
    "md5sum": "939080ed4224ef6ff159647a907a237b",
    "settings": {
      "testing": false
    },
    "software": "mriqc",
    "version": "0.16.1",
    "warnings": {
      "large_rot_frame": false,
      "small_air_mask": false
    },
    "webapi_port": null,
    "webapi_url": "https://mriqc.nimh.nih.gov/api/v1"
  },
  "qi_1": 0.0,
  "qi_2": 0.008830513164705915,
  "rpve_csf": 28.93086588040064,
  "rpve_gm": 14.51473707972737,
  "rpve_wm": 18.170467553944306,
  "size_x": 176,
  "size_y": 240,
  "size_z": 256,
  "snr_csf": 2.9951299600506434,
  "snr_gm": 9.643677451921464,
  "snr_total": 11.13945789319929,
  "snr_wm": 20.779566267625764,
  "snrd_csf": 19.91277323468433,
  "snrd_gm": 44.91768006614266,
  "snrd_total": 42.235851439195024,
  "snrd_wm": 61.8771010167581,
  "spacing_x": 1.0,
  "spacing_y": 1.0,
  "spacing_z": 1.0,
  "summary_bg_k": 6864.327729634578,
  "summary_bg_mad": 10.587679243240743,
  "summary_bg_mean": 62.33656692504883,
  "summary_bg_median": 60.9728889465332,
  "summary_bg_n": 2814951.0,
  "summary_bg_p05": 45.032732009887695,
  "summary_bg_p95": 81.7092399597168,
  "summary_bg_stdv": 35.362220764160156,
  "summary_csf_k": 1.8488361395836517,
  "summary_csf_mad": 103.82733285628012,
  "summary_csf_mean": 339.19879150390625,
  "summary_csf_median": 321.8109436035156,
  "summary_csf_n": 12370.0,
  "summary_csf_p05": 195.16759033203124,
  "summary_csf_p95": 537.385397338867,
  "summary_csf_stdv": 107.44039154052734,
  "summary_gm_k": 0.2985021422924943,
  "summary_gm_mad": 71.9878303514946,
  "summary_gm_mean": 728.6135864257812,
  "summary_gm_median": 725.916015625,
  "summary_gm_n": 12835.0,
  "summary_gm_p05": 608.7784423828125,
  "summary_gm_p95": 859.3313415527343,
  "summary_gm_stdv": 75.27084350585938,
  "summary_wm_k": 0.7029238795987882,
  "summary_wm_mad": 44.52123069446415,
  "summary_wm_mean": 1000.0801391601562,
  "summary_wm_median": 999.9977416992188,
  "summary_wm_n": 192557.0,
  "summary_wm_p05": 921.3343872070312,
  "summary_wm_p95": 1078.697509765625,
  "summary_wm_stdv": 48.123966217041016,
  "tpm_overlap_csf": 0.16517972946166992,
  "tpm_overlap_gm": 0.41326090693473816,
  "tpm_overlap_wm": 0.492038369178772,
  "wm2max": 0.375065715226026
}