{
  "bids_meta": {
    "AcquisitionNumber": 1,
    "DeviceSerialNumber": "35442  ",
    "EchoNumber": 1,
    "EchoTime": 0.00298,
    "FlipAngle": 9,
    "ImageOrientationPatientDICOM": [
      "0.00354616088556",
      "0.99999365224575",
      "-0.0003467148528",
      "0.11671744796599",
      "-0.0007582486742",
      "-0.9931648717103  "
    ],
    "ImageType": [
      "ORIGINAL",
      "PRIMARY",
      "M",
      "ND",
      "NORM "
    ],
    "ImagingFrequency": 123.247516,
    "InPlanePhaseEncodingDirectionDICOM": "ROW  ",
    "IntendedFor": [
      "ses-NAPBL00/func/sub-4676902_ses-NAPBL00_task-retrieval_run-001_bold.nii.gz",
      "ses-NAPBL00/func/sub-4676902_ses-NAPBL00_task-encoding_run-001_bold.nii.gz",
      "ses-NAPBL00/func/sub-4676902_ses-NAPBL00_task-rest_run-002_bold.nii.gz",
      "ses-NAPBL00/func/sub-4676902_ses-NAPBL00_task-rest_run-001_bold.nii.gz",
      "ses-NAPBL00/asl/sub-4676902_ses-NAPBL00_run-001_asl.nii.gz",
      "ses-NAPBL00/fmap/sub-4676902_ses-NAPBL00_run-001_phasediff.nii.gz",
      "ses-NAPBL00/fmap/sub-4676902_ses-NAPBL00_run-002_phasediff.nii.gz",
      "ses-NAPBL00/fmap/sub-4676902_ses-NAPBL00_run-003_phasediff.nii.gz",
      "ses-NAPBL00/anat/sub-4676902_ses-NAPBL00_run-001_T2star.nii.gz"
    ],
    "InversionTime": 0.9,
    "MRAcquisitionType": "3D ",
    "MagneticFieldStrength": 3,
    "Manufacturer": "SIEMENS  ",
    "ManufacturerModelName": "TrioTim  ",
    "Modality": "MRI__ ",
    "PatientPosition": "HFS  ",
    "PercentPhaseFOV": 93.75,
    "PhaseEncodingSteps": 239,
    "PixelBandwidth": 238,
    "ProtocolName": "MPRAGE ADNI_iPAT2  ",
    "PulseSequenceType": "*tfl3d1_ns ",
    "ReceiveCoilName": "HeadMatrixix\\\\ ",
    "RepetitionTime": 2.3,
    "SAR": 0.10521663505993,
    "ScanningSequence": "GR\\\\IR  ",
    "SequenceName": "*tfl3d1_ns ",
    "SequenceVariant": "SP\\\\MP  ",
    "SeriesDescription": "MPRAGE ADNI_iPAT2  ",
    "SeriesNumber": 12,
    "SliceOrder": "interleaved ",
    "SliceThickness": 1,
    "SliceTiming": null,
    "SoftwareVersions": "syngo MR B17 ",
    "dataset": "<unset>",
    "modality": "T1w",
    "run_id": 1,
    "session_id": "NAPBL00",
    "subject_id": "4676902"
  },
  "cjv": 0.459081959164171,
  "cnr": 2.939747550201665,
  "efc": 0.6256009600550296,
  "fber": 125.59639739990234,
  "fwhm_avg": 2.891963333333333,
  "fwhm_x": 2.94942,
  "fwhm_y": 2.97483,
  "fwhm_z": 2.75164,
  "icvs_csf": 0.2119177510837233,
  "icvs_gm": 0.41041744225938476,
  "icvs_wm": 0.37766480665689195,
  "inu_med": 1.425109624862671,
  "inu_range": 0.39253513216972347,
  "provenance": {
    "md5sum": "89a83204f960820fbbae201a0aa60062",
    "settings": {
      "testing": false
    },
    "software": "mriqc",
    "version": "0.16.1",
    "warnings": {
      "large_rot_frame": false,
      "small_air_mask": false
    },
    "webapi_port": null,
    "webapi_url": "https://mriqc.nimh.nih.gov/api/v1"
  },
  "qi_1": 0.0,
  "qi_2": 0.0053151605025515795,
  "rpve_csf": 27.622153539176765,
  "rpve_gm": 14.348095650350327,
  "rpve_wm": 18.45986644780378,
  "size_x": 176,
  "size_y": 240,
  "size_z": 256,
  "snr_csf": 3.3217570217171466,
  "snr_gm": 9.759856654805724,
  "snr_total": 9.460338332858266,
  "snr_wm": 15.299401322051926,
  "snrd_csf": 14.065502439802543,
  "snrd_gm": 25.522816358045752,
  "snrd_total": 25.268719772292105,
  "snrd_wm": 36.217840519028016,
  "spacing_x": 1.0,
  "spacing_y": 1.0,
  "spacing_z": 1.0,
  "summary_bg_k": 1661.914474352225,
  "summary_bg_mad": 18.08891326670163,
  "summary_bg_mean": 59.45475387573242,
  "summary_bg_median": 57.88949966430664,
  "summary_bg_n": 3405461.0,
  "summary_bg_p05": 30.68149185180664,
  "summary_bg_p95": 92.00502014160156,
  "summary_bg_stdv": 24.602434158325195,
  "summary_csf_k": -0.20511714294055228,
  "summary_csf_mad": 124.00591191848221,
  "summary_csf_mean": 386.9178466796875,
  "summary_csf_median": 388.3613586425781,
  "summary_csf_n": 7309.0,
  "summary_csf_p05": 201.10985107421874,
  "summary_csf_p95": 583.305517578125,
  "summary_csf_stdv": 116.90644073486328,
  "summary_gm_k": -0.0459545855950374,
  "summary_gm_mad": 72.22419247275538,
  "summary_gm_mean": 703.4857788085938,
  "summary_gm_median": 704.708251953125,
  "summary_gm_n": 7211.0,
  "summary_gm_p05": 582.5328979492188,
  "summary_gm_p95": 822.0361633300781,
  "summary_gm_stdv": 72.19976806640625,
  "summary_wm_k": 0.22230064234343683,
  "summary_wm_mad": 63.34242426300542,
  "summary_wm_mean": 1001.0191040039062,
  "summary_wm_median": 1000.0076293945312,
  "summary_wm_n": 164923.0,
  "summary_wm_p05": 895.0687622070312,
  "summary_wm_p95": 1110.3622802734376,
  "summary_wm_stdv": 65.36233520507812,
  "tpm_overlap_csf": 0.1416364312171936,
  "tpm_overlap_gm": 0.4019922614097595,
  "tpm_overlap_wm": 0.4607463479042053,
  "wm2max": 0.5119862031910519
}