{
  "bids_meta": {
    "AcquisitionNumber": 1,
    "DeviceSerialNumber": "35442  ",
    "EchoNumber": 1,
    "EchoTime": 0.00298,
    "FlipAngle": 9,
    "ImageOrientationPatientDICOM": [
      "-0.0239224594451",
      "0.99910885304109",
      "0.03477377904418",
      "-0.008555970279",
      "0.0345778450895",
      "-0.9993653826312  "
    ],
    "ImageType": [
      "ORIGINAL",
      "PRIMARY",
      "M",
      "ND",
      "NORM "
    ],
    "ImagingFrequency": 123.251194,
    "InPlanePhaseEncodingDirectionDICOM": "ROW  ",
    "IntendedFor": [
      "ses-PREFU12/func/sub-3276299_ses-PREFU12_task-rest_run-001_bold.nii.gz",
      "ses-PREFU12/func/sub-3276299_ses-PREFU12_task-retrieval_run-001_bold.nii.gz",
      "ses-PREFU12/fmap/sub-3276299_ses-PREFU12_run-003_phasediff.nii.gz",
      "ses-PREFU12/fmap/sub-3276299_ses-PREFU12_run-002_phasediff.nii.gz",
      "ses-PREFU12/fmap/sub-3276299_ses-PREFU12_run-001_phasediff.nii.gz",
      "ses-PREFU12/asl/sub-3276299_ses-PREFU12_run-001_asl.nii.gz",
      "ses-PREFU12/func/sub-3276299_ses-PREFU12_task-encoding_run-001_bold.nii.gz",
      "ses-PREFU12/func/sub-3276299_ses-PREFU12_task-rest_run-002_bold.nii.gz",
      "ses-PREFU12/anat/sub-3276299_ses-PREFU12_run-001_T2star.nii.gz"
    ],
    "InversionTime": 0.9,
    "MRAcquisitionType": "3D ",
    "MagneticFieldStrength": 3,
    "Manufacturer": "SIEMENS  ",
    "ManufacturerModelName": "TrioTim  ",
    "Modality": "MRI__ ",
    "PatientPosition": "HFS  ",
    "PercentPhaseFOV": 93.75,
    "PhaseEncodingSteps": 239,
    "PixelBandwidth": 238,
    "ProtocolName": "MPRAGE ADNI_iPAT2  ",
    "PulseSequenceType": "*tfl3d1_ns ",
    "ReceiveCoilName": "HeadMatrixix\\\\ ",
    "RepetitionTime": 2.3,
    "SAR": 0.085430762639,
    "ScanningSequence": "GR\\\\IR  ",
    "SequenceName": "*tfl3d1_ns ",
    "SequenceVariant": "SP\\\\MP  ",
    "SeriesDescription": "MPRAGE ADNI_iPAT2  ",
    "SeriesNumber": 12,
    "SliceOrder": "interleaved ",
    "SliceThickness": 1,
    "SliceTiming": null,
    "SoftwareVersions": "syngo MR B17 ",
    "dataset": "<unset>",
    "modality": "T1w",
    "run_id": 1,
    "session_id": "PREFU12",
    "subject_id": "3276299"
  },
  "cjv": 0.42670186388278464,
  "cnr": 3.2065187335140273,
  "efc": 0.611177664845899,
  "fber": 136.61044311523438,
  "fwhm_avg": 3.2543400000000005,
  "fwhm_x": 3.32357,
  "fwhm_y": 3.33596,
  "fwhm_z": 3.10349,
  "icvs_csf": 0.204545652319767,
  "icvs_gm": 0.42109150019476227,
  "icvs_wm": 0.3743628474854708,
  "inu_med": 1.304232120513916,
  "inu_range": 0.2822595059871673,
  "provenance": {
    "md5sum": "fc207cd40f63fa4b9d4659479a89cd25",
    "settings": {
      "testing": false
    },
    "software": "mriqc",
    "version": "0.16.1",
    "warnings": {
      "large_rot_frame": true,
      "small_air_mask": false
    },
    "webapi_port": null,
    "webapi_url": "https://mriqc.nimh.nih.gov/api/v1"
  },
  "qi_1": 0.00012970922769336738,
  "qi_2": 0.004676826539751275,
  "rpve_csf": 30.60853513672114,
  "rpve_gm": 15.533306480109468,
  "rpve_wm": 20.710083717883258,
  "size_x": 176,
  "size_y": 240,
  "size_z": 256,
  "snr_csf": 2.93260046232613,
  "snr_gm": 8.531526382104412,
  "snr_total": 8.926311800022653,
  "snr_wm": 15.31480855563742,
  "snrd_csf": 11.725442763604033,
  "snrd_gm": 25.256099006924803,
  "snrd_total": 24.93491134571961,
  "snrd_wm": 37.823192266629995,
  "spacing_x": 1.0,
  "spacing_y": 1.0,
  "spacing_z": 1.0,
  "summary_bg_k": 2.4540380858815887,
  "summary_bg_mad": 17.320614775513572,
  "summary_bg_mean": 53.45866775512695,
  "summary_bg_median": 51.419158935546875,
  "summary_bg_n": 3131284.0,
  "summary_bg_p05": 27.746034622192383,
  "summary_bg_p95": 86.25402717590332,
  "summary_bg_stdv": 18.661117553710938,
  "summary_csf_k": 0.324541496308147,
  "summary_csf_mad": 102.66192371800017,
  "summary_csf_mean": 325.6427917480469,
  "summary_csf_median": 309.9993896484375,
  "summary_csf_n": 12743.0,
  "summary_csf_p05": 178.046240234375,
  "summary_csf_p95": 522.0899291992188,
  "summary_csf_stdv": 105.70387268066406,
  "summary_gm_k": -0.07473633435520499,
  "summary_gm_mad": 78.80708567884167,
  "summary_gm_mean": 666.9017333984375,
  "summary_gm_median": 667.725341796875,
  "summary_gm_n": 10902.0,
  "summary_gm_p05": 536.7824615478515,
  "summary_gm_p95": 793.7501770019531,
  "summary_gm_stdv": 78.26204681396484,
  "summary_wm_k": 0.2861023455193843,
  "summary_wm_mad": 62.96507738488235,
  "summary_wm_mean": 1001.7744140625,
  "summary_wm_median": 999.9764404296875,
  "summary_wm_n": 170206.0,
  "summary_wm_p05": 897.4927368164062,
  "summary_wm_p95": 1112.517333984375,
  "summary_wm_stdv": 65.29454803466797,
  "tpm_overlap_csf": 0.17056860029697418,
  "tpm_overlap_gm": 0.4230358302593231,
  "tpm_overlap_wm": 0.4905643165111542,
  "wm2max": 0.5361530334013633
}