{
  "bids_meta": {
    "AcquisitionNumber": 1,
    "DeviceSerialNumber": "35442  ",
    "EchoNumber": 1,
    "EchoTime": 0.00298,
    "FlipAngle": 9,
    "ImageOrientationPatientDICOM": [
      "-0.0249020692926",
      "0.99920003316887",
      "0.03129186252476",
      "0.08617317582992",
      "0.03333056469962",
      "-0.9957224800235  "
    ],
    "ImageType": [
      "ORIGINAL",
      "PRIMARY",
      "M",
      "ND",
      "NORM "
    ],
    "ImagingFrequency": 123.247189,
    "InPlanePhaseEncodingDirectionDICOM": "ROW  ",
    "IntendedFor": [
      "ses-NAPFU36/dwi/sub-3408795_ses-NAPFU36_run-001_dwi.nii.gz",
      "ses-NAPFU36/anat/sub-3408795_ses-NAPFU36_run-001_T2star.nii.gz",
      "ses-NAPFU36/fmap/sub-3408795_ses-NAPFU36_run-001_phasediff.nii.gz",
      "ses-NAPFU36/fmap/sub-3408795_ses-NAPFU36_run-003_phasediff.nii.gz",
      "ses-NAPFU36/func/sub-3408795_ses-NAPFU36_task-rest_run-001_bold.nii.gz",
      "ses-NAPFU36/fmap/sub-3408795_ses-NAPFU36_run-004_phasediff.nii.gz",
      "ses-NAPFU36/func/sub-3408795_ses-NAPFU36_task-rest_run-002_bold.nii.gz",
      "ses-NAPFU36/anat/sub-3408795_ses-NAPFU36_run-001_FLAIR.nii.gz",
      "ses-NAPFU36/fmap/sub-3408795_ses-NAPFU36_run-002_phasediff.nii.gz"
    ],
    "InversionTime": 0.9,
    "MRAcquisitionType": "3D ",
    "MagneticFieldStrength": 3,
    "Manufacturer": "SIEMENS  ",
    "ManufacturerModelName": "TrioTim  ",
    "Modality": "MRI__ ",
    "PatientPosition": "HFS  ",
    "PercentPhaseFOV": 93.75,
    "PhaseEncodingSteps": 239,
    "PixelBandwidth": 238,
    "ProtocolName": "MPRAGE ADNI_iPAT2  ",
    "PulseSequenceType": "*tfl3d1_ns ",
    "ReceiveCoilName": "HeadMatrixix\\\\ ",
    "RepetitionTime": 2.3,
    "SAR": 0.08203654267973,
    "ScanningSequence": "GR\\\\IR  ",
    "SequenceName": "*tfl3d1_ns ",
    "SequenceVariant": "SP\\\\MP  ",
    "SeriesDescription": "MPRAGE ADNI_iPAT2  ",
    "SeriesNumber": 4,
    "SliceOrder": "interleaved ",
    "SliceThickness": 1,
    "SliceTiming": null,
    "SoftwareVersions": "syngo MR B17 ",
    "dataset": "<unset>",
    "modality": "T1w",
    "run_id": 1,
    "session_id": "NAPFU36",
    "subject_id": "3408795"
  },
  "cjv": 0.41888804322654327,
  "cnr": 3.175209562760597,
  "efc": 0.5807293445162228,
  "fber": 183.13438415527344,
  "fwhm_avg": 3.098383333333333,
  "fwhm_x": 3.24235,
  "fwhm_y": 3.12975,
  "fwhm_z": 2.92305,
  "icvs_csf": 0.19079823678085506,
  "icvs_gm": 0.4245244138568018,
  "icvs_wm": 0.38467734936234316,
  "inu_med": 1.511309027671814,
  "inu_range": 0.342656302452087,
  "provenance": {
    "md5sum": "70160a7cc8bea27988f48956bdc6d9bc",
    "settings": {
      "testing": false
    },
    "software": "mriqc",
    "version": "0.16.1",
    "warnings": {
      "large_rot_frame": true,
      "small_air_mask": false
    },
    "webapi_port": null,
    "webapi_url": "https://mriqc.nimh.nih.gov/api/v1"
  },
  "qi_1": 0.0,
  "qi_2": 0.005179450880618857,
  "rpve_csf": 32.26705391450528,
  "rpve_gm": 15.577625188166598,
  "rpve_wm": 20.56360423352471,
  "size_x": 176,
  "size_y": 240,
  "size_z": 256,
  "snr_csf": 1.0912140728296402,
  "snr_gm": 9.381038472548319,
  "snr_total": 9.396425706841784,
  "snr_wm": 17.717024575147395,
  "snrd_csf": 13.400284976541519,
  "snrd_gm": 28.296203474856917,
  "snrd_total": 27.44739861755974,
  "snrd_wm": 40.64570740128079,
  "spacing_x": 1.0,
  "spacing_y": 1.0,
  "spacing_z": 1.0,
  "summary_bg_k": 2012.380026570183,
  "summary_bg_mad": 16.11818073708923,
  "summary_bg_mean": 49.09233093261719,
  "summary_bg_median": 47.80088424682617,
  "summary_bg_n": 3631635.0,
  "summary_bg_p05": 24.12658557891846,
  "summary_bg_p95": 77.92259750366208,
  "summary_bg_stdv": 21.541015625,
  "summary_csf_k": 19.340010951923762,
  "summary_csf_mad": 124.4709444380684,
  "summary_csf_mean": 398.48797607421875,
  "summary_csf_median": 329.6843566894531,
  "summary_csf_n": 10923.0,
  "summary_csf_p05": 191.2299392700195,
  "summary_csf_p95": 632.336260986328,
  "summary_csf_stdv": 302.11236572265625,
  "summary_gm_k": 0.04177611103489243,
  "summary_gm_mad": 72.6868269846029,
  "summary_gm_mean": 695.6112060546875,
  "summary_gm_median": 696.1654663085938,
  "summary_gm_n": 10514.0,
  "summary_gm_p05": 571.2720703125,
  "summary_gm_p95": 817.7101501464845,
  "summary_gm_stdv": 74.2063217163086,
  "summary_wm_k": 0.3077952775311905,
  "summary_wm_mad": 54.58485475594705,
  "summary_wm_mean": 1000.3676147460938,
  "summary_wm_median": 999.9976806640625,
  "summary_wm_n": 173604.0,
  "summary_wm_p05": 908.5337341308593,
  "summary_wm_p95": 1093.613104248047,
  "summary_wm_stdv": 56.44259262084961,
  "tpm_overlap_csf": 0.16595320403575897,
  "tpm_overlap_gm": 0.4223858118057251,
  "tpm_overlap_wm": 0.49843013286590576,
  "wm2max": 0.5211493117834132
}