{
  "bids_meta": {
    "AcquisitionNumber": 1,
    "DeviceSerialNumber": "35442  ",
    "EchoNumber": 1,
    "EchoTime": 0.00298,
    "FlipAngle": 9,
    "ImageOrientationPatientDICOM": [
      "0.05307325005546",
      "0.99859056088299",
      "-0.0003490615158",
      "0.00844410704506",
      "-0.0007983303626",
      "-0.9999640292155  "
    ],
    "ImageType": [
      "ORIGINAL",
      "PRIMARY",
      "M",
      "ND",
      "NORM "
    ],
    "ImagingFrequency": 123.247123,
    "InPlanePhaseEncodingDirectionDICOM": "ROW  ",
    "IntendedFor": [
      "ses-NAPFU03/func/sub-3321114_ses-NAPFU03_task-retrieval_run-001_bold.nii.gz",
      "ses-NAPFU03/func/sub-3321114_ses-NAPFU03_task-rest_run-002_bold.nii.gz",
      "ses-NAPFU03/anat/sub-3321114_ses-NAPFU03_run-001_T2star.nii.gz",
      "ses-NAPFU03/asl/sub-3321114_ses-NAPFU03_run-001_asl.nii.gz",
      "ses-NAPFU03/func/sub-3321114_ses-NAPFU03_task-rest_run-001_bold.nii.gz",
      "ses-NAPFU03/func/sub-3321114_ses-NAPFU03_task-encoding_run-001_bold.nii.gz",
      "ses-NAPFU03/fmap/sub-3321114_ses-NAPFU03_run-003_phasediff.nii.gz",
      "ses-NAPFU03/fmap/sub-3321114_ses-NAPFU03_run-002_phasediff.nii.gz",
      "ses-NAPFU03/fmap/sub-3321114_ses-NAPFU03_run-001_phasediff.nii.gz"
    ],
    "InversionTime": 0.9,
    "MRAcquisitionType": "3D ",
    "MagneticFieldStrength": 3,
    "Manufacturer": "SIEMENS  ",
    "ManufacturerModelName": "TrioTim  ",
    "Modality": "MRI__ ",
    "PatientPosition": "HFS  ",
    "PercentPhaseFOV": 93.75,
    "PhaseEncodingSteps": 239,
    "PixelBandwidth": 238,
    "ProtocolName": "MPRAGE ADNI_iPAT2  ",
    "PulseSequenceType": "*tfl3d1_ns ",
    "ReceiveCoilName": "HeadMatrixix\\\\ ",
    "RepetitionTime": 2.3,
    "SAR": 0.10148334853549,
    "ScanningSequence": "GR\\\\IR  ",
    "SequenceName": "*tfl3d1_ns ",
    "SequenceVariant": "SP\\\\MP  ",
    "SeriesDescription": "MPRAGE ADNI_iPAT2  ",
    "SeriesNumber": 12,
    "SliceOrder": "interleaved ",
    "SliceThickness": 1,
    "SliceTiming": null,
    "SoftwareVersions": "syngo MR B17 ",
    "dataset": "<unset>",
    "modality": "T1w",
    "run_id": 1,
    "session_id": "NAPFU03",
    "subject_id": "3321114"
  },
  "cjv": 0.44707035869919354,
  "cnr": 2.9017962873300807,
  "efc": 0.6610176072271783,
  "fber": 89.56062316894531,
  "fwhm_avg": 3.140003333333334,
  "fwhm_x": 3.20259,
  "fwhm_y": 3.24912,
  "fwhm_z": 2.9683,
  "icvs_csf": 0.21113480308308202,
  "icvs_gm": 0.42911378301158265,
  "icvs_wm": 0.3597514139053353,
  "inu_med": 1.2547879219055176,
  "inu_range": 0.4810042977333069,
  "provenance": {
    "md5sum": "b19e523105f45e1245407801bbc2333a",
    "settings": {
      "testing": false
    },
    "software": "mriqc",
    "version": "0.16.1",
    "warnings": {
      "large_rot_frame": true,
      "small_air_mask": false
    },
    "webapi_port": null,
    "webapi_url": "https://mriqc.nimh.nih.gov/api/v1"
  },
  "qi_1": 0.0,
  "qi_2": 0.0041653967074324555,
  "rpve_csf": 29.140423200637894,
  "rpve_gm": 14.629552683474326,
  "rpve_wm": 20.094914518561204,
  "size_x": 176,
  "size_y": 240,
  "size_z": 256,
  "snr_csf": 2.66374289458992,
  "snr_gm": 9.446311370794774,
  "snr_total": 8.899437008267428,
  "snr_wm": 14.588256759417591,
  "snrd_csf": 9.148494492091812,
  "snrd_gm": 20.491845493581827,
  "snrd_total": 19.75469729452269,
  "snrd_wm": 29.623751897894422,
  "spacing_x": 1.0,
  "spacing_y": 1.0,
  "spacing_z": 1.0,
  "summary_bg_k": 1051.047085113805,
  "summary_bg_mad": 22.115555673917633,
  "summary_bg_mean": 73.67723083496094,
  "summary_bg_median": 71.22615051269531,
  "summary_bg_n": 2204750.0,
  "summary_bg_p05": 38.99412612915039,
  "summary_bg_p95": 112.93372001647944,
  "summary_bg_stdv": 34.994571685791016,
  "summary_csf_k": 0.09325538080543216,
  "summary_csf_mad": 110.08143884095145,
  "summary_csf_mean": 331.616455078125,
  "summary_csf_median": 308.8273620605469,
  "summary_csf_n": 11970.0,
  "summary_csf_p05": 176.4122756958008,
  "summary_csf_p95": 547.1229461669922,
  "summary_csf_stdv": 115.93253326416016,
  "summary_gm_k": 0.07890353183291365,
  "summary_gm_mad": 71.92756344002458,
  "summary_gm_mean": 690.4824829101562,
  "summary_gm_median": 691.7468872070312,
  "summary_gm_n": 8815.0,
  "summary_gm_p05": 567.262060546875,
  "summary_gm_p95": 810.0783386230468,
  "summary_gm_stdv": 73.22515869140625,
  "summary_wm_k": 0.3172256750551483,
  "summary_wm_mad": 65.88965142662323,
  "summary_wm_mean": 1000.3762817382812,
  "summary_wm_median": 1000.0142822265625,
  "summary_wm_n": 148287.0,
  "summary_wm_p05": 888.2363952636719,
  "summary_wm_p95": 1113.8311401367187,
  "summary_wm_stdv": 68.54903411865234,
  "tpm_overlap_csf": 0.1602519452571869,
  "tpm_overlap_gm": 0.4266224801540375,
  "tpm_overlap_wm": 0.4797966778278351,
  "wm2max": 0.5045260957149612
}