{
  "bids_meta": {
    "AcquisitionNumber": 1,
    "DeviceSerialNumber": "35442  ",
    "EchoNumber": 1,
    "EchoTime": 0.00298,
    "FlipAngle": 9,
    "ImageOrientationPatientDICOM": [
      "-0.0064316453503",
      "0.99993958081425",
      "-0.0089145195669",
      "0.00973711143274",
      "-0.0088516568627",
      "-0.9999134146674  "
    ],
    "ImageType": [
      "ORIGINAL",
      "PRIMARY",
      "M",
      "ND",
      "NORM "
    ],
    "ImagingFrequency": 123.251518,
    "InPlanePhaseEncodingDirectionDICOM": "ROW  ",
    "IntendedFor": [
      "ses-PREFU12/anat/sub-8469881_ses-PREFU12_run-001_T2star.nii.gz",
      "ses-PREFU12/func/sub-8469881_ses-PREFU12_task-retrieval_run-001_bold.nii.gz",
      "ses-PREFU12/asl/sub-8469881_ses-PREFU12_run-001_asl.nii.gz",
      "ses-PREFU12/func/sub-8469881_ses-PREFU12_task-encoding_run-001_bold.nii.gz",
      "ses-PREFU12/func/sub-8469881_ses-PREFU12_task-rest_run-002_bold.nii.gz",
      "ses-PREFU12/fmap/sub-8469881_ses-PREFU12_run-002_phasediff.nii.gz",
      "ses-PREFU12/fmap/sub-8469881_ses-PREFU12_run-003_phasediff.nii.gz",
      "ses-PREFU12/fmap/sub-8469881_ses-PREFU12_run-001_phasediff.nii.gz",
      "ses-PREFU12/func/sub-8469881_ses-PREFU12_task-rest_run-001_bold.nii.gz"
    ],
    "InversionTime": 0.9,
    "MRAcquisitionType": "3D ",
    "MagneticFieldStrength": 3,
    "Manufacturer": "SIEMENS  ",
    "ManufacturerModelName": "TrioTim  ",
    "Modality": "MRI__ ",
    "PatientPosition": "HFS  ",
    "PercentPhaseFOV": 93.75,
    "PhaseEncodingSteps": 239,
    "PixelBandwidth": 238,
    "ProtocolName": "MPRAGE ADNI_iPAT2  ",
    "PulseSequenceType": "*tfl3d1_ns ",
    "ReceiveCoilName": "HeadMatrixix\\\\ ",
    "RepetitionTime": 2.3,
    "SAR": 0.07609117183153,
    "ScanningSequence": "GR\\\\IR  ",
    "SequenceName": "*tfl3d1_ns ",
    "SequenceVariant": "SP\\\\MP  ",
    "SeriesDescription": "MPRAGE ADNI_iPAT2  ",
    "SeriesNumber": 12,
    "SliceOrder": "interleaved ",
    "SliceThickness": 1,
    "SliceTiming": null,
    "SoftwareVersions": "syngo MR B17 ",
    "dataset": "<unset>",
    "modality": "T1w",
    "run_id": 1,
    "session_id": "PREFU12",
    "subject_id": "8469881"
  },
  "cjv": 0.5223238368104126,
  "cnr": 2.5562101321841504,
  "efc": 0.6700705835845524,
  "fber": 68.7005615234375,
  "fwhm_avg": 3.239593333333333,
  "fwhm_x": 3.29952,
  "fwhm_y": 3.37189,
  "fwhm_z": 3.04737,
  "icvs_csf": 0.20817202397290888,
  "icvs_gm": 0.3969622192253357,
  "icvs_wm": 0.39486575680175545,
  "inu_med": 1.3913428783416748,
  "inu_range": 0.6313247561454773,
  "provenance": {
    "md5sum": "0c69d7904115b01cf552e83355488d78",
    "settings": {
      "testing": false
    },
    "software": "mriqc",
    "version": "0.16.1",
    "warnings": {
      "large_rot_frame": false,
      "small_air_mask": false
    },
    "webapi_port": null,
    "webapi_url": "https://mriqc.nimh.nih.gov/api/v1"
  },
  "qi_1": 0.0,
  "qi_2": 0.004735929994961161,
  "rpve_csf": 25.70055778686267,
  "rpve_gm": 13.536690848568778,
  "rpve_wm": 16.755806802075462,
  "size_x": 176,
  "size_y": 240,
  "size_z": 256,
  "snr_csf": 2.8411655709141437,
  "snr_gm": 8.874059625109386,
  "snr_total": 9.06403363502425,
  "snr_wm": 15.476875709049219,
  "snrd_csf": 10.20753642339152,
  "snrd_gm": 18.840312071639467,
  "snrd_total": 18.336874164559067,
  "snrd_wm": 25.962773998646217,
  "spacing_x": 1.0,
  "spacing_y": 1.0,
  "spacing_z": 1.0,
  "summary_bg_k": 0.4565640501310084,
  "summary_bg_mad": 25.23443338279516,
  "summary_bg_mean": 84.9256820678711,
  "summary_bg_median": 83.02313995361328,
  "summary_bg_n": 2318930.0,
  "summary_bg_p05": 46.25657653808594,
  "summary_bg_p95": 129.92970428466796,
  "summary_bg_stdv": 25.630855560302734,
  "summary_csf_k": -0.26563085783535323,
  "summary_csf_mad": 149.7804003978765,
  "summary_csf_mean": 400.5575256347656,
  "summary_csf_median": 393.17218017578125,
  "summary_csf_n": 5416.0,
  "summary_csf_p05": 187.19017791748047,
  "summary_csf_p95": 632.1907958984375,
  "summary_csf_stdv": 138.371337890625,
  "summary_gm_k": -0.039082651564235515,
  "summary_gm_mad": 79.68290144860525,
  "summary_gm_mean": 727.1035766601562,
  "summary_gm_median": 725.68798828125,
  "summary_gm_n": 7047.0,
  "summary_gm_p05": 595.3343688964844,
  "summary_gm_p95": 865.4492858886719,
  "summary_gm_stdv": 81.77052307128906,
  "summary_wm_k": 0.13384142417454425,
  "summary_wm_mad": 63.612358492607605,
  "summary_wm_mean": 1001.3154296875,
  "summary_wm_median": 1000.02978515625,
  "summary_wm_n": 201974.0,
  "summary_wm_p05": 896.9953247070312,
  "summary_wm_p95": 1109.7063842773437,
  "summary_wm_stdv": 64.61428833007812,
  "tpm_overlap_csf": 0.15662239491939545,
  "tpm_overlap_gm": 0.427797794342041,
  "tpm_overlap_wm": 0.5108022689819336,
  "wm2max": 0.4821548897005322
}