{
  "bids_meta": {
    "AcquisitionNumber": 1,
    "DeviceSerialNumber": "35442  ",
    "EchoNumber": 1,
    "EchoTime": 0.00298,
    "FlipAngle": 9,
    "ImageOrientationPatientDICOM": [
      "-0.0449865410494",
      "0.99330150393511",
      "0.10643464381798",
      "0.07478840433057",
      "0.10959223385107",
      "-0.9911590371162  "
    ],
    "ImageType": [
      "ORIGINAL",
      "PRIMARY",
      "M",
      "ND",
      "NORM "
    ],
    "ImagingFrequency": 123.251381,
    "InPlanePhaseEncodingDirectionDICOM": "ROW  ",
    "IntendedFor": [
      "ses-PREFU12/func/sub-1176949_ses-PREFU12_task-retrieval_run-001_bold.nii.gz",
      "ses-PREFU12/asl/sub-1176949_ses-PREFU12_run-001_asl.nii.gz",
      "ses-PREFU12/fmap/sub-1176949_ses-PREFU12_run-001_phasediff.nii.gz",
      "ses-PREFU12/fmap/sub-1176949_ses-PREFU12_run-002_phasediff.nii.gz",
      "ses-PREFU12/func/sub-1176949_ses-PREFU12_task-rest_run-001_bold.nii.gz",
      "ses-PREFU12/fmap/sub-1176949_ses-PREFU12_run-003_phasediff.nii.gz",
      "ses-PREFU12/func/sub-1176949_ses-PREFU12_task-encoding_run-001_bold.nii.gz",
      "ses-PREFU12/func/sub-1176949_ses-PREFU12_task-rest_run-002_bold.nii.gz",
      "ses-PREFU12/anat/sub-1176949_ses-PREFU12_run-001_T2star.nii.gz"
    ],
    "InversionTime": 0.9,
    "MRAcquisitionType": "3D ",
    "MagneticFieldStrength": 3,
    "Manufacturer": "SIEMENS  ",
    "ManufacturerModelName": "TrioTim  ",
    "Modality": "MRI__ ",
    "PatientPosition": "HFS  ",
    "PercentPhaseFOV": 93.75,
    "PhaseEncodingSteps": 239,
    "PixelBandwidth": 238,
    "ProtocolName": "MPRAGE ADNI_iPAT2  ",
    "PulseSequenceType": "*tfl3d1_ns ",
    "ReceiveCoilName": "HeadMatrixix\\\\ ",
    "RepetitionTime": 2.3,
    "SAR": 0.10570068161564,
    "ScanningSequence": "GR\\\\IR  ",
    "SequenceName": "*tfl3d1_ns ",
    "SequenceVariant": "SP\\\\MP  ",
    "SeriesDescription": "MPRAGE ADNI_iPAT2  ",
    "SeriesNumber": 13,
    "SliceOrder": "interleaved ",
    "SliceThickness": 1,
    "SliceTiming": null,
    "SoftwareVersions": "syngo MR B17 ",
    "dataset": "<unset>",
    "modality": "T1w",
    "run_id": 1,
    "session_id": "PREFU12",
    "subject_id": "1176949"
  },
  "cjv": 0.4194841367676877,
  "cnr": 3.291955552640728,
  "efc": 0.5922354594409702,
  "fber": 144.58316040039062,
  "fwhm_avg": 2.8022799999999997,
  "fwhm_x": 2.79251,
  "fwhm_y": 2.82205,
  "fwhm_z": 2.79228,
  "icvs_csf": 0.17297448531724388,
  "icvs_gm": 0.4632065122749055,
  "icvs_wm": 0.36381900240785064,
  "inu_med": 1.321942925453186,
  "inu_range": 0.3226632237434386,
  "provenance": {
    "md5sum": "0ddf19c4591d579a488470a361ec3a58",
    "settings": {
      "testing": false
    },
    "software": "mriqc",
    "version": "0.16.1",
    "warnings": {
      "large_rot_frame": true,
      "small_air_mask": false
    },
    "webapi_port": null,
    "webapi_url": "https://mriqc.nimh.nih.gov/api/v1"
  },
  "qi_1": 8.400013855692958e-05,
  "qi_2": 0.004249804614853117,
  "rpve_csf": 34.26584375248865,
  "rpve_gm": 13.777923731981675,
  "rpve_wm": 19.361032303649257,
  "size_x": 176,
  "size_y": 240,
  "size_z": 256,
  "snr_csf": 0.6389579941234027,
  "snr_gm": 7.494323226425405,
  "snr_total": 7.067085789250317,
  "snr_wm": 13.067976147202145,
  "snrd_csf": 13.46298852475304,
  "snrd_gm": 24.07249860363806,
  "snrd_total": 25.38988451250259,
  "snrd_wm": 38.63416640911666,
  "spacing_x": 1.0,
  "spacing_y": 1.0,
  "spacing_z": 1.0,
  "summary_bg_k": 491.8610276352886,
  "summary_bg_mad": 16.957087548120324,
  "summary_bg_mean": 52.91000747680664,
  "summary_bg_median": 51.27862548828125,
  "summary_bg_n": 3239147.0,
  "summary_bg_p05": 27.898644065856935,
  "summary_bg_p95": 83.88207473754878,
  "summary_bg_stdv": 18.46759033203125,
  "summary_csf_k": -0.1891327823227562,
  "summary_csf_mad": 172.36640955934615,
  "summary_csf_mean": 628.8507690429688,
  "summary_csf_median": 348.46649169921875,
  "summary_csf_n": 18848.0,
  "summary_csf_p05": 182.48472290039064,
  "summary_csf_p95": 1740.996661376953,
  "summary_csf_stdv": 545.3523559570312,
  "summary_gm_k": -0.16465184691402657,
  "summary_gm_mad": 85.24320271314963,
  "summary_gm_mean": 625.1765747070312,
  "summary_gm_median": 623.0755615234375,
  "summary_gm_n": 30295.0,
  "summary_gm_p05": 491.5174987792969,
  "summary_gm_p95": 763.4978393554686,
  "summary_gm_stdv": 83.13829803466797,
  "summary_wm_k": 0.2794818900453402,
  "summary_wm_mad": 72.86201728581304,
  "summary_wm_mean": 1002.9099731445312,
  "summary_wm_median": 999.9794921875,
  "summary_wm_n": 158936.0,
  "summary_wm_p05": 881.8327331542969,
  "summary_wm_p95": 1135.1387634277344,
  "summary_wm_stdv": 76.52113342285156,
  "tpm_overlap_csf": 0.13363519310951233,
  "tpm_overlap_gm": 0.39457663893699646,
  "tpm_overlap_wm": 0.4692627787590027,
  "wm2max": 0.5819481401574181
}