{
  "bids_meta": {
    "AcquisitionNumber": 1,
    "DeviceSerialNumber": "35442  ",
    "EchoNumber": 1,
    "EchoTime": 0.00298,
    "FlipAngle": 9,
    "ImageOrientationPatientDICOM": [
      "0.03478568303291",
      "0.99453690709436",
      "0.09841898537947",
      "0.05841605221729",
      "0.09628682228607",
      "-0.9936379686271  "
    ],
    "ImageType": [
      "ORIGINAL",
      "PRIMARY",
      "M",
      "ND",
      "NORM "
    ],
    "ImagingFrequency": 123.247032,
    "InPlanePhaseEncodingDirectionDICOM": "ROW  ",
    "IntendedFor": [
      "ses-NAPFU12/func/sub-6034555_ses-NAPFU12_task-rest_run-001_bold.nii.gz",
      "ses-NAPFU12/func/sub-6034555_ses-NAPFU12_task-rest_run-002_bold.nii.gz",
      "ses-NAPFU12/func/sub-6034555_ses-NAPFU12_task-encoding_run-001_bold.nii.gz",
      "ses-NAPFU12/asl/sub-6034555_ses-NAPFU12_run-001_asl.nii.gz",
      "ses-NAPFU12/anat/sub-6034555_ses-NAPFU12_run-001_T2star.nii.gz",
      "ses-NAPFU12/fmap/sub-6034555_ses-NAPFU12_run-001_phasediff.nii.gz",
      "ses-NAPFU12/fmap/sub-6034555_ses-NAPFU12_run-002_phasediff.nii.gz",
      "ses-NAPFU12/fmap/sub-6034555_ses-NAPFU12_run-003_phasediff.nii.gz",
      "ses-NAPFU12/func/sub-6034555_ses-NAPFU12_task-retrieval_run-001_bold.nii.gz"
    ],
    "InversionTime": 0.9,
    "MRAcquisitionType": "3D ",
    "MagneticFieldStrength": 3,
    "Manufacturer": "SIEMENS  ",
    "ManufacturerModelName": "TrioTim  ",
    "Modality": "MRI__ ",
    "PatientPosition": "HFS  ",
    "PercentPhaseFOV": 93.75,
    "PhaseEncodingSteps": 239,
    "PixelBandwidth": 238,
    "ProtocolName": "MPRAGE ADNI_iPAT2  ",
    "PulseSequenceType": "*tfl3d1_ns ",
    "ReceiveCoilName": "HeadMatrixix\\\\ ",
    "RepetitionTime": 2.3,
    "SAR": 0.09934457534223,
    "ScanningSequence": "GR\\\\IR  ",
    "SequenceName": "*tfl3d1_ns ",
    "SequenceVariant": "SP\\\\MP  ",
    "SeriesDescription": "MPRAGE ADNI_iPAT2  ",
    "SeriesNumber": 12,
    "SliceOrder": "interleaved ",
    "SliceThickness": 1,
    "SliceTiming": null,
    "SoftwareVersions": "syngo MR B17 ",
    "dataset": "<unset>",
    "modality": "T1w",
    "run_id": 1,
    "session_id": "NAPFU12",
    "subject_id": "6034555"
  },
  "cjv": 0.5099841401085492,
  "cnr": 2.59343890251,
  "efc": 0.6216649952633124,
  "fber": 118.87992095947266,
  "fwhm_avg": 3.0034166666666664,
  "fwhm_x": 3.07793,
  "fwhm_y": 3.10639,
  "fwhm_z": 2.82593,
  "icvs_csf": 0.2271173671950056,
  "icvs_gm": 0.4029690281769004,
  "icvs_wm": 0.36991360462809403,
  "inu_med": 1.4653198719024658,
  "inu_range": 0.5332249820232391,
  "provenance": {
    "md5sum": "c444ea653e5b0e737a2f4baa06077623",
    "settings": {
      "testing": false
    },
    "software": "mriqc",
    "version": "0.16.1",
    "warnings": {
      "large_rot_frame": true,
      "small_air_mask": false
    },
    "webapi_port": null,
    "webapi_url": "https://mriqc.nimh.nih.gov/api/v1"
  },
  "qi_1": 7.286777504624827e-05,
  "qi_2": 0.005754907067780718,
  "rpve_csf": 24.276970164132308,
  "rpve_gm": 13.124442698300877,
  "rpve_wm": 16.597041117937447,
  "size_x": 176,
  "size_y": 240,
  "size_z": 256,
  "snr_csf": 2.618546988482589,
  "snr_gm": 8.900086812280138,
  "snr_total": 8.150803737585093,
  "snr_wm": 12.933777411992551,
  "snrd_csf": 9.706867701853994,
  "snrd_gm": 23.004050080530238,
  "snrd_total": 21.747966039769917,
  "snrd_wm": 32.53298033692551,
  "spacing_x": 1.0,
  "spacing_y": 1.0,
  "spacing_z": 1.0,
  "summary_bg_k": 677.948923420235,
  "summary_bg_mad": 20.13773375114385,
  "summary_bg_mean": 61.33161163330078,
  "summary_bg_median": 59.53569412231445,
  "summary_bg_n": 3065420.0,
  "summary_bg_p05": 30.293248844146728,
  "summary_bg_p95": 97.03971252441406,
  "summary_bg_stdv": 21.593769073486328,
  "summary_csf_k": 35.694547388746344,
  "summary_csf_mad": 84.630161083844,
  "summary_csf_mean": 315.13470458984375,
  "summary_csf_median": 298.3719482421875,
  "summary_csf_n": 30516.0,
  "summary_csf_p05": 178.90637969970703,
  "summary_csf_p95": 508.16888427734375,
  "summary_csf_stdv": 113.9437484741211,
  "summary_gm_k": 0.26388110162889733,
  "summary_gm_mad": 76.62738713524708,
  "summary_gm_mean": 705.7671508789062,
  "summary_gm_median": 707.1038208007812,
  "summary_gm_n": 6331.0,
  "summary_gm_p05": 572.2923889160156,
  "summary_gm_p95": 836.1307678222656,
  "summary_gm_stdv": 79.44281768798828,
  "summary_wm_k": 0.6027572166728556,
  "summary_wm_mad": 72.74822503179871,
  "summary_wm_mean": 1004.2341918945312,
  "summary_wm_median": 1000.0062866210938,
  "summary_wm_n": 159668.0,
  "summary_wm_p05": 884.8635345458983,
  "summary_wm_p95": 1138.5708190917967,
  "summary_wm_stdv": 77.31717681884766,
  "tpm_overlap_csf": 0.14997225999832153,
  "tpm_overlap_gm": 0.3743479549884796,
  "tpm_overlap_wm": 0.44043678045272827,
  "wm2max": 0.5032596737673942
}