{
  "bids_meta": {
    "AcquisitionNumber": 1,
    "DeviceSerialNumber": "35442  ",
    "EchoNumber": 1,
    "EchoTime": 0.00298,
    "FlipAngle": 9,
    "ImageOrientationPatientDICOM": [
      "-0.0191610747861",
      "0.99412735940596",
      "0.10650655610602",
      "0.0465976701052",
      "0.10729829952522",
      "-0.9931342970917 "
    ],
    "ImageType": [
      "ORIGINAL",
      "PRIMARY",
      "M",
      "ND",
      "NORM "
    ],
    "ImagingFrequency": 123.251402,
    "InPlanePhaseEncodingDirectionDICOM": "ROW  ",
    "IntendedFor": [
      "ses-PREFU12/fmap/sub-4960454_ses-PREFU12_run-001_phasediff.nii.gz",
      "ses-PREFU12/asl/sub-4960454_ses-PREFU12_run-001_asl.nii.gz",
      "ses-PREFU12/func/sub-4960454_ses-PREFU12_task-retrieval_run-001_bold.nii.gz",
      "ses-PREFU12/func/sub-4960454_ses-PREFU12_task-rest_run-001_bold.nii.gz",
      "ses-PREFU12/fmap/sub-4960454_ses-PREFU12_run-003_phasediff.nii.gz",
      "ses-PREFU12/fmap/sub-4960454_ses-PREFU12_run-002_phasediff.nii.gz",
      "ses-PREFU12/func/sub-4960454_ses-PREFU12_task-encoding_run-001_bold.nii.gz",
      "ses-PREFU12/anat/sub-4960454_ses-PREFU12_run-001_T2star.nii.gz",
      "ses-PREFU12/func/sub-4960454_ses-PREFU12_task-rest_run-002_bold.nii.gz"
    ],
    "InversionTime": 0.9,
    "MRAcquisitionType": "3D ",
    "MagneticFieldStrength": 3,
    "Manufacturer": "SIEMENS  ",
    "ManufacturerModelName": "TrioTim  ",
    "Modality": "MRI__ ",
    "PatientPosition": "HFS  ",
    "PercentPhaseFOV": 93.75,
    "PhaseEncodingSteps": 239,
    "PixelBandwidth": 238,
    "ProtocolName": "MPRAGE ADNI_iPAT2  ",
    "PulseSequenceType": "*tfl3d1_ns ",
    "ReceiveCoilName": "HeadMatrixix\\\\ ",
    "RepetitionTime": 2.3,
    "SAR": 0.08188215459983,
    "ScanningSequence": "GR\\\\IR  ",
    "SequenceName": "*tfl3d1_ns ",
    "SequenceVariant": "SP\\\\MP  ",
    "SeriesDescription": "MPRAGE ADNI_iPAT2  ",
    "SeriesNumber": 12,
    "SliceOrder": "interleaved ",
    "SliceThickness": 1,
    "SliceTiming": null,
    "SoftwareVersions": "syngo MR B17 ",
    "dataset": "<unset>",
    "modality": "T1w",
    "run_id": 1,
    "session_id": "PREFU12",
    "subject_id": "4960454"
  },
  "cjv": 0.4304732362856718,
  "cnr": 3.1243834020181116,
  "efc": 0.6139932077411417,
  "fber": 90.26083374023438,
  "fwhm_avg": 3.19241,
  "fwhm_x": 3.26117,
  "fwhm_y": 3.27823,
  "fwhm_z": 3.03783,
  "icvs_csf": 0.2020066569193186,
  "icvs_gm": 0.4394215593385767,
  "icvs_wm": 0.35857178374210474,
  "inu_med": 1.318239688873291,
  "inu_range": 0.38090971708297716,
  "provenance": {
    "md5sum": "e636356c7c1637cf13c3b318e557d982",
    "settings": {
      "testing": false
    },
    "software": "mriqc",
    "version": "0.16.1",
    "warnings": {
      "large_rot_frame": true,
      "small_air_mask": false
    },
    "webapi_port": null,
    "webapi_url": "https://mriqc.nimh.nih.gov/api/v1"
  },
  "qi_1": 0.0001791026082600119,
  "qi_2": 0.004273735483841171,
  "rpve_csf": 30.279011768153843,
  "rpve_gm": 14.718928039237039,
  "rpve_wm": 20.749134874595438,
  "size_x": 176,
  "size_y": 240,
  "size_z": 256,
  "snr_csf": 2.8749203614254175,
  "snr_gm": 9.976479288804127,
  "snr_total": 9.738270889928813,
  "snr_wm": 16.363413019556894,
  "snrd_csf": 10.655199982466602,
  "snrd_gm": 21.906400247746635,
  "snrd_total": 21.26908093010182,
  "snrd_wm": 31.24564256009221,
  "spacing_x": 1.0,
  "spacing_y": 1.0,
  "spacing_z": 1.0,
  "summary_bg_k": 6.769019733983766,
  "summary_bg_mad": 20.96719557886461,
  "summary_bg_mean": 68.72233581542969,
  "summary_bg_median": 66.78654479980469,
  "summary_bg_n": 2976567.0,
  "summary_bg_p05": 36.93795738220215,
  "summary_bg_p95": 107.06849441528317,
  "summary_bg_stdv": 21.89140510559082,
  "summary_csf_k": -0.42370441584054497,
  "summary_csf_mad": 131.86903585037328,
  "summary_csf_mean": 357.1677551269531,
  "summary_csf_median": 341.012451171875,
  "summary_csf_n": 10616.0,
  "summary_csf_p05": 188.3740577697754,
  "summary_csf_p95": 560.6986541748047,
  "summary_csf_stdv": 118.61072540283203,
  "summary_gm_k": -0.03171148718238559,
  "summary_gm_mad": 69.58819377737768,
  "summary_gm_mean": 702.510498046875,
  "summary_gm_median": 701.0994873046875,
  "summary_gm_n": 9131.0,
  "summary_gm_p05": 587.4498596191406,
  "summary_gm_p95": 819.8972778320312,
  "summary_gm_stdv": 70.27139282226562,
  "summary_wm_k": 0.26481261018110036,
  "summary_wm_mad": 59.07858552193087,
  "summary_wm_mean": 998.5037231445312,
  "summary_wm_median": 999.99560546875,
  "summary_wm_n": 144675.0,
  "summary_wm_p05": 895.4557312011718,
  "summary_wm_p95": 1096.4623657226562,
  "summary_wm_stdv": 61.11146545410156,
  "tpm_overlap_csf": 0.1719484180212021,
  "tpm_overlap_gm": 0.43962419033050537,
  "tpm_overlap_wm": 0.49886929988861084,
  "wm2max": 0.45699024705286745
}