{
  "bids_meta": {
    "AcquisitionNumber": 1,
    "DeviceSerialNumber": "35442  ",
    "EchoNumber": 1,
    "EchoTime": 0.00298,
    "FlipAngle": 9,
    "ImageOrientationPatientDICOM": [
      "-0.0158365450261",
      "0.99980004457484",
      "-0.012209615464",
      "0.0349152667532",
      "-0.0116507342063",
      "-0.9993223626738  "
    ],
    "ImageType": [
      "ORIGINAL",
      "PRIMARY",
      "M",
      "ND",
      "NORM "
    ],
    "ImagingFrequency": 123.247085,
    "InPlanePhaseEncodingDirectionDICOM": "ROW  ",
    "IntendedFor": [
      "ses-NAPFU36/fmap/sub-4676902_ses-NAPFU36_run-004_phasediff.nii.gz",
      "ses-NAPFU36/anat/sub-4676902_ses-NAPFU36_run-001_T2star.nii.gz",
      "ses-NAPFU36/fmap/sub-4676902_ses-NAPFU36_run-003_phasediff.nii.gz",
      "ses-NAPFU36/dwi/sub-4676902_ses-NAPFU36_run-001_dwi.nii.gz",
      "ses-NAPFU36/func/sub-4676902_ses-NAPFU36_task-rest_run-002_bold.nii.gz",
      "ses-NAPFU36/anat/sub-4676902_ses-NAPFU36_run-001_FLAIR.nii.gz",
      "ses-NAPFU36/fmap/sub-4676902_ses-NAPFU36_run-002_phasediff.nii.gz",
      "ses-NAPFU36/func/sub-4676902_ses-NAPFU36_task-rest_run-001_bold.nii.gz",
      "ses-NAPFU36/fmap/sub-4676902_ses-NAPFU36_run-001_phasediff.nii.gz"
    ],
    "InversionTime": 0.9,
    "MRAcquisitionType": "3D ",
    "MagneticFieldStrength": 3,
    "Manufacturer": "SIEMENS  ",
    "ManufacturerModelName": "TrioTim  ",
    "Modality": "MRI__ ",
    "PatientPosition": "HFS  ",
    "PercentPhaseFOV": 93.75,
    "PhaseEncodingSteps": 239,
    "PixelBandwidth": 238,
    "ProtocolName": "MPRAGE ADNI_iPAT2  ",
    "PulseSequenceType": "*tfl3d1_ns ",
    "ReceiveCoilName": "HeadMatrixix\\\\ ",
    "RepetitionTime": 2.3,
    "SAR": 0.09207946346352,
    "ScanningSequence": "GR\\\\IR  ",
    "SequenceName": "*tfl3d1_ns ",
    "SequenceVariant": "SP\\\\MP  ",
    "SeriesDescription": "MPRAGE ADNI_iPAT2  ",
    "SeriesNumber": 4,
    "SliceOrder": "interleaved ",
    "SliceThickness": 1,
    "SliceTiming": null,
    "SoftwareVersions": "syngo MR B17 ",
    "dataset": "<unset>",
    "modality": "T1w",
    "run_id": 1,
    "session_id": "NAPFU36",
    "subject_id": "4676902"
  },
  "cjv": 0.471365594829619,
  "cnr": 2.860997416788026,
  "efc": 0.6378448687605048,
  "fber": 118.8834457397461,
  "fwhm_avg": 3.005853333333333,
  "fwhm_x": 3.0354,
  "fwhm_y": 3.13217,
  "fwhm_z": 2.84999,
  "icvs_csf": 0.2188988109502002,
  "icvs_gm": 0.4103920135885788,
  "icvs_wm": 0.370709175461221,
  "inu_med": 1.3535244464874268,
  "inu_range": 0.3794407427310946,
  "provenance": {
    "md5sum": "aa27dfd43947f2888e85c8d1896f9670",
    "settings": {
      "testing": false
    },
    "software": "mriqc",
    "version": "0.16.1",
    "warnings": {
      "large_rot_frame": false,
      "small_air_mask": false
    },
    "webapi_port": null,
    "webapi_url": "https://mriqc.nimh.nih.gov/api/v1"
  },
  "qi_1": 0.0,
  "qi_2": 0.004706385074230305,
  "rpve_csf": 27.117069970477658,
  "rpve_gm": 14.128185953678347,
  "rpve_wm": 18.213789476362958,
  "size_x": 176,
  "size_y": 240,
  "size_z": 256,
  "snr_csf": 2.9774930179686323,
  "snr_gm": 9.862417930431391,
  "snr_total": 9.158050850677325,
  "snr_wm": 14.634241603631954,
  "snrd_csf": 10.261503460136717,
  "snrd_gm": 24.07232749037835,
  "snrd_total": 22.741390021036754,
  "snrd_wm": 33.8903391125952,
  "spacing_x": 1.0,
  "spacing_y": 1.0,
  "spacing_z": 1.0,
  "summary_bg_k": 7.3676308319980635,
  "summary_bg_mad": 19.331480000676954,
  "summary_bg_mean": 63.69590377807617,
  "summary_bg_median": 62.187400817871094,
  "summary_bg_n": 3053774.0,
  "summary_bg_p05": 33.42237873077393,
  "summary_bg_p95": 98.59429969787598,
  "summary_bg_stdv": 19.935388565063477,
  "summary_csf_k": 0.9123598920393201,
  "summary_csf_mad": 88.70460245899251,
  "summary_csf_mean": 318.5149841308594,
  "summary_csf_median": 302.7919921875,
  "summary_csf_n": 24156.0,
  "summary_csf_p05": 178.8268280029297,
  "summary_csf_p95": 515.2812042236328,
  "summary_csf_stdv": 101.69149780273438,
  "summary_gm_k": 0.1284851910897653,
  "summary_gm_mad": 70.70625357417615,
  "summary_gm_mean": 708.952392578125,
  "summary_gm_median": 710.3157958984375,
  "summary_gm_n": 9394.0,
  "summary_gm_p05": 587.9328216552734,
  "summary_gm_p95": 825.197610473633,
  "summary_gm_stdv": 72.01864624023438,
  "summary_wm_k": 0.2955831949998382,
  "summary_wm_mad": 65.85101183023029,
  "summary_wm_mean": 1002.0203857421875,
  "summary_wm_median": 1000.0214233398438,
  "summary_wm_n": 164391.0,
  "summary_wm_p05": 893.7089538574219,
  "summary_wm_p95": 1118.2593383789062,
  "summary_wm_stdv": 68.33414459228516,
  "tpm_overlap_csf": 0.15437015891075134,
  "tpm_overlap_gm": 0.399556040763855,
  "tpm_overlap_wm": 0.44929802417755127,
  "wm2max": 0.4946094827749647
}