{
  "bids_meta": {
    "AcquisitionNumber": 1,
    "DeviceSerialNumber": "35442  ",
    "EchoNumber": 1,
    "EchoTime": 0.00298,
    "FlipAngle": 9,
    "ImageOrientationPatientDICOM": [
      "-0.0346151921658",
      "0.99940065372643",
      "-0.0003490021477",
      "0.0213813518343",
      "0.00039143186916",
      "-0.9997713161393 "
    ],
    "ImageType": [
      "ORIGINAL",
      "PRIMARY",
      "M",
      "ND",
      "NORM "
    ],
    "ImagingFrequency": 123.24741,
    "InPlanePhaseEncodingDirectionDICOM": "ROW  ",
    "IntendedFor": [
      "ses-NAPFU03/func/sub-5774407_ses-NAPFU03_task-retrieval_run-001_bold.nii.gz",
      "ses-NAPFU03/func/sub-5774407_ses-NAPFU03_task-rest_run-002_bold.nii.gz",
      "ses-NAPFU03/asl/sub-5774407_ses-NAPFU03_run-001_asl.nii.gz",
      "ses-NAPFU03/fmap/sub-5774407_ses-NAPFU03_run-002_phasediff.nii.gz",
      "ses-NAPFU03/func/sub-5774407_ses-NAPFU03_task-encoding_run-001_bold.nii.gz",
      "ses-NAPFU03/anat/sub-5774407_ses-NAPFU03_run-001_T2star.nii.gz",
      "ses-NAPFU03/func/sub-5774407_ses-NAPFU03_task-rest_run-001_bold.nii.gz",
      "ses-NAPFU03/fmap/sub-5774407_ses-NAPFU03_run-003_phasediff.nii.gz",
      "ses-NAPFU03/fmap/sub-5774407_ses-NAPFU03_run-001_phasediff.nii.gz"
    ],
    "InversionTime": 0.9,
    "MRAcquisitionType": "3D ",
    "MagneticFieldStrength": 3,
    "Manufacturer": "SIEMENS  ",
    "ManufacturerModelName": "TrioTim  ",
    "Modality": "MRI__ ",
    "PatientPosition": "HFS  ",
    "PercentPhaseFOV": 93.75,
    "PhaseEncodingSteps": 239,
    "PixelBandwidth": 238,
    "ProtocolName": "MPRAGE ADNI_iPAT2  ",
    "PulseSequenceType": "*tfl3d1_ns ",
    "ReceiveCoilName": "HeadMatrixix\\\\ ",
    "RepetitionTime": 2.3,
    "SAR": 0.07819846967482,
    "ScanningSequence": "GR\\\\IR  ",
    "SequenceName": "*tfl3d1_ns ",
    "SequenceVariant": "SP\\\\MP  ",
    "SeriesDescription": "MPRAGE ADNI_iPAT2  ",
    "SeriesNumber": 12,
    "SliceOrder": "interleaved ",
    "SliceThickness": 1,
    "SliceTiming": null,
    "SoftwareVersions": "syngo MR B17 ",
    "dataset": "<unset>",
    "modality": "T1w",
    "run_id": 1,
    "session_id": "NAPFU03",
    "subject_id": "5774407"
  },
  "cjv": 0.4419797697636249,
  "cnr": 3.016206518371534,
  "efc": 0.6381808524603316,
  "fber": 98.84294891357422,
  "fwhm_avg": 2.86887,
  "fwhm_x": 2.9503,
  "fwhm_y": 2.89343,
  "fwhm_z": 2.76288,
  "icvs_csf": 0.2054932708295494,
  "icvs_gm": 0.42413416932312253,
  "icvs_wm": 0.3703725598473281,
  "inu_med": 1.2841777801513672,
  "inu_range": 0.38944765329360953,
  "provenance": {
    "md5sum": "987527ab0d090e9a8615c3855f70e700",
    "settings": {
      "testing": false
    },
    "software": "mriqc",
    "version": "0.16.1",
    "warnings": {
      "large_rot_frame": true,
      "small_air_mask": false
    },
    "webapi_port": null,
    "webapi_url": "https://mriqc.nimh.nih.gov/api/v1"
  },
  "qi_1": 0.0,
  "qi_2": 0.003988214033129045,
  "rpve_csf": 25.71811863546227,
  "rpve_gm": 12.804890264510991,
  "rpve_wm": 17.04315596237034,
  "size_x": 176,
  "size_y": 240,
  "size_z": 256,
  "snr_csf": 1.4579135914252996,
  "snr_gm": 8.662601543909231,
  "snr_total": 8.691826871560934,
  "snr_wm": 15.95496547934827,
  "snrd_csf": 11.886726989968473,
  "snrd_gm": 22.533430052366565,
  "snrd_total": 22.438984087736728,
  "snrd_wm": 32.89679522087514,
  "spacing_x": 1.0,
  "spacing_y": 1.0,
  "spacing_z": 1.0,
  "summary_bg_k": 1566.9406611676397,
  "summary_bg_mad": 19.91514037950523,
  "summary_bg_mean": 66.95633697509766,
  "summary_bg_median": 65.20706176757812,
  "summary_bg_n": 2897784.0,
  "summary_bg_p05": 36.18743762969971,
  "summary_bg_p95": 102.61722946166994,
  "summary_bg_stdv": 26.990753173828125,
  "summary_csf_k": 19.914958704868557,
  "summary_csf_mad": 124.49800120462928,
  "summary_csf_mean": 407.3725891113281,
  "summary_csf_median": 361.3382568359375,
  "summary_csf_n": 15190.0,
  "summary_csf_p05": 199.7362258911133,
  "summary_csf_p95": 659.926995849609,
  "summary_csf_stdv": 247.83798217773438,
  "summary_gm_k": -0.0662430344354683,
  "summary_gm_mad": 79.21230374124818,
  "summary_gm_mean": 682.8934326171875,
  "summary_gm_median": 684.981689453125,
  "summary_gm_n": 10986.0,
  "summary_gm_p05": 548.9770050048828,
  "summary_gm_p95": 810.9662628173828,
  "summary_gm_stdv": 79.06983947753906,
  "summary_wm_k": 0.47629787123523304,
  "summary_wm_mad": 60.024757933838494,
  "summary_wm_mean": 1000.2070922851562,
  "summary_wm_median": 1000.0120849609375,
  "summary_wm_n": 174520.0,
  "summary_wm_p05": 897.7386871337891,
  "summary_wm_p95": 1103.149578857422,
  "summary_wm_stdv": 62.6769905090332,
  "tpm_overlap_csf": 0.1418301910161972,
  "tpm_overlap_gm": 0.3886449337005615,
  "tpm_overlap_wm": 0.46453365683555603,
  "wm2max": 0.5025202106890734
}