{
  "bids_meta": {
    "AcquisitionNumber": 1,
    "DeviceSerialNumber": "35442  ",
    "EchoNumber": 1,
    "EchoTime": 0.00298,
    "FlipAngle": 9,
    "ImageOrientationPatientDICOM": [
      "-0.0201889549483",
      "0.99905698255972",
      "0.03843893464644",
      "0.01066938137753",
      "0.03865986979826",
      "-0.9991954657464  "
    ],
    "ImageType": [
      "ORIGINAL",
      "PRIMARY",
      "M",
      "ND",
      "NORM "
    ],
    "ImagingFrequency": 123.247063,
    "InPlanePhaseEncodingDirectionDICOM": "ROW  ",
    "IntendedFor": [
      "ses-NAPFU12/func/sub-4135058_ses-NAPFU12_task-retrieval_run-001_bold.nii.gz",
      "ses-NAPFU12/func/sub-4135058_ses-NAPFU12_task-encoding_run-001_bold.nii.gz",
      "ses-NAPFU12/fmap/sub-4135058_ses-NAPFU12_run-003_phasediff.nii.gz",
      "ses-NAPFU12/fmap/sub-4135058_ses-NAPFU12_run-001_phasediff.nii.gz",
      "ses-NAPFU12/anat/sub-4135058_ses-NAPFU12_run-001_T2star.nii.gz",
      "ses-NAPFU12/asl/sub-4135058_ses-NAPFU12_run-001_asl.nii.gz",
      "ses-NAPFU12/func/sub-4135058_ses-NAPFU12_task-rest_run-002_bold.nii.gz",
      "ses-NAPFU12/fmap/sub-4135058_ses-NAPFU12_run-002_phasediff.nii.gz",
      "ses-NAPFU12/func/sub-4135058_ses-NAPFU12_task-rest_run-001_bold.nii.gz"
    ],
    "InversionTime": 0.9,
    "MRAcquisitionType": "3D ",
    "MagneticFieldStrength": 3,
    "Manufacturer": "SIEMENS  ",
    "ManufacturerModelName": "TrioTim  ",
    "Modality": "MRI__ ",
    "PatientPosition": "HFS  ",
    "PercentPhaseFOV": 93.75,
    "PhaseEncodingSteps": 239,
    "PixelBandwidth": 238,
    "ProtocolName": "MPRAGE ADNI_iPAT2  ",
    "PulseSequenceType": "*tfl3d1_ns ",
    "ReceiveCoilName": "HeadMatrixix\\\\ ",
    "RepetitionTime": 2.3,
    "SAR": 0.08538616947055,
    "ScanningSequence": "GR\\\\IR  ",
    "SequenceName": "*tfl3d1_ns ",
    "SequenceVariant": "SP\\\\MP  ",
    "SeriesDescription": "MPRAGE ADNI_iPAT2  ",
    "SeriesNumber": 12,
    "SliceOrder": "interleaved ",
    "SliceThickness": 1,
    "SliceTiming": null,
    "SoftwareVersions": "syngo MR B17 ",
    "dataset": "<unset>",
    "modality": "T1w",
    "run_id": 1,
    "session_id": "NAPFU12",
    "subject_id": "4135058"
  },
  "cjv": 0.47766869601399814,
  "cnr": 2.817844630098638,
  "efc": 0.6582666460793012,
  "fber": 89.06101989746094,
  "fwhm_avg": 3.14594,
  "fwhm_x": 3.2007,
  "fwhm_y": 3.23,
  "fwhm_z": 3.00712,
  "icvs_csf": 0.20214259706304694,
  "icvs_gm": 0.3949438911273003,
  "icvs_wm": 0.4029135118096528,
  "inu_med": 1.2333728075027466,
  "inu_range": 0.4261078596115112,
  "provenance": {
    "md5sum": "1664ffb5f535ddea0e4588cb7dd45a52",
    "settings": {
      "testing": false
    },
    "software": "mriqc",
    "version": "0.16.1",
    "warnings": {
      "large_rot_frame": true,
      "small_air_mask": false
    },
    "webapi_port": null,
    "webapi_url": "https://mriqc.nimh.nih.gov/api/v1"
  },
  "qi_1": 2.7414857286085786e-06,
  "qi_2": 0.004206592566833428,
  "rpve_csf": 25.370739203934225,
  "rpve_gm": 13.081025896658923,
  "rpve_wm": 15.779446396283829,
  "size_x": 176,
  "size_y": 240,
  "size_z": 256,
  "snr_csf": 2.5984391286729576,
  "snr_gm": 8.914400632477626,
  "snr_total": 8.952840938268798,
  "snr_wm": 15.345683053655813,
  "snrd_csf": 9.6501740369859,
  "snrd_gm": 20.243378240744423,
  "snrd_total": 19.578936401699043,
  "snrd_wm": 28.843256927366802,
  "spacing_x": 1.0,
  "spacing_y": 1.0,
  "spacing_z": 1.0,
  "summary_bg_k": 585.8111137841724,
  "summary_bg_mad": 22.7140650369862,
  "summary_bg_mean": 75.11772918701172,
  "summary_bg_median": 72.3843765258789,
  "summary_bg_n": 2336423.0,
  "summary_bg_p05": 40.06568298339844,
  "summary_bg_p95": 118.34567871093748,
  "summary_bg_stdv": 27.417211532592773,
  "summary_csf_k": 2.240963506495925,
  "summary_csf_mad": 139.74498686139478,
  "summary_csf_mean": 352.76153564453125,
  "summary_csf_median": 334.5787048339844,
  "summary_csf_n": 11335.0,
  "summary_csf_p05": 173.14482574462892,
  "summary_csf_p95": 574.7688415527343,
  "summary_csf_stdv": 128.7557373046875,
  "summary_gm_k": -0.16034635588510282,
  "summary_gm_mad": 79.02996466225105,
  "summary_gm_mean": 702.602294921875,
  "summary_gm_median": 701.8529663085938,
  "summary_gm_n": 8376.0,
  "summary_gm_p05": 572.4380187988281,
  "summary_gm_p95": 833.7337188720703,
  "summary_gm_stdv": 78.72779083251953,
  "summary_wm_k": 0.20916436467662836,
  "summary_wm_mad": 63.39373257952719,
  "summary_wm_mean": 1000.99560546875,
  "summary_wm_median": 1000.0171508789062,
  "summary_wm_n": 223554.0,
  "summary_wm_p05": 895.1965972900391,
  "summary_wm_p95": 1109.6820556640623,
  "summary_wm_stdv": 65.16587829589844,
  "tpm_overlap_csf": 0.1683702915906906,
  "tpm_overlap_gm": 0.40886378288269043,
  "tpm_overlap_wm": 0.49818405508995056,
  "wm2max": 0.4758756700224031
}