{
  "bids_meta": {
    "AcquisitionNumber": 1,
    "DeviceSerialNumber": "35442  ",
    "EchoNumber": 1,
    "EchoTime": 0.00298,
    "FlipAngle": 9,
    "ImageOrientationPatientDICOM": [
      "0.03497723192805",
      "0.98654008383987",
      "0.15973495617388",
      "0.04894303301977",
      "0.15795005487745",
      "-0.9862334204858  "
    ],
    "ImageType": [
      "ORIGINAL",
      "PRIMARY",
      "M",
      "ND",
      "NORM "
    ],
    "ImagingFrequency": 123.247203,
    "InPlanePhaseEncodingDirectionDICOM": "ROW  ",
    "IntendedFor": [
      "ses-PREBL00/fmap/sub-9865768_ses-PREBL00_run-001_phasediff.nii.gz",
      "ses-PREBL00/func/sub-9865768_ses-PREBL00_task-encoding_run-001_bold.nii.gz",
      "ses-PREBL00/func/sub-9865768_ses-PREBL00_task-rest_run-001_bold.nii.gz",
      "ses-PREBL00/func/sub-9865768_ses-PREBL00_task-rest_run-002_bold.nii.gz",
      "ses-PREBL00/anat/sub-9865768_ses-PREBL00_run-001_T2star.nii.gz",
      "ses-PREBL00/fmap/sub-9865768_ses-PREBL00_run-002_phasediff.nii.gz",
      "ses-PREBL00/func/sub-9865768_ses-PREBL00_task-retrieval_run-001_bold.nii.gz",
      "ses-PREBL00/asl/sub-9865768_ses-PREBL00_run-001_asl.nii.gz",
      "ses-PREBL00/fmap/sub-9865768_ses-PREBL00_run-003_phasediff.nii.gz"
    ],
    "InversionTime": 0.9,
    "MRAcquisitionType": "3D ",
    "MagneticFieldStrength": 3,
    "Manufacturer": "SIEMENS  ",
    "ManufacturerModelName": "TrioTim  ",
    "Modality": "MRI__ ",
    "PatientPosition": "HFS  ",
    "PercentPhaseFOV": 93.75,
    "PhaseEncodingSteps": 239,
    "PixelBandwidth": 238,
    "ProtocolName": "MPRAGE ADNI_iPAT2  ",
    "PulseSequenceType": "*tfl3d1_ns ",
    "ReceiveCoilName": "HeadMatrixix\\\\ ",
    "RepetitionTime": 2.3,
    "SAR": 0.08861728080623,
    "ScanningSequence": "GR\\\\IR  ",
    "SequenceName": "*tfl3d1_ns ",
    "SequenceVariant": "SP\\\\MP  ",
    "SeriesDescription": "MPRAGE ADNI_iPAT2  ",
    "SeriesNumber": 12,
    "SliceOrder": "interleaved ",
    "SliceThickness": 1,
    "SliceTiming": null,
    "SoftwareVersions": "syngo MR B17 ",
    "dataset": "<unset>",
    "modality": "T1w",
    "run_id": 1,
    "session_id": "PREBL00",
    "subject_id": "9865768"
  },
  "cjv": 0.4400071386641675,
  "cnr": 3.0563917097841022,
  "efc": 0.6018435767887319,
  "fber": 105.30667114257812,
  "fwhm_avg": 3.0893600000000006,
  "fwhm_x": 3.20412,
  "fwhm_y": 3.16712,
  "fwhm_z": 2.89684,
  "icvs_csf": 0.20850099791381807,
  "icvs_gm": 0.41729222031089397,
  "icvs_wm": 0.374206781775288,
  "inu_med": 1.3374269008636475,
  "inu_range": 0.3555132865905761,
  "provenance": {
    "md5sum": "b14089cd7017906897e807d8bc8097c1",
    "settings": {
      "testing": false
    },
    "software": "mriqc",
    "version": "0.16.1",
    "warnings": {
      "large_rot_frame": true,
      "small_air_mask": false
    },
    "webapi_port": null,
    "webapi_url": "https://mriqc.nimh.nih.gov/api/v1"
  },
  "qi_1": 6.844352273833823e-05,
  "qi_2": 0.004403804377086675,
  "rpve_csf": 32.36183081545529,
  "rpve_gm": 16.591124298002363,
  "rpve_wm": 22.143015694559413,
  "size_x": 176,
  "size_y": 240,
  "size_z": 256,
  "snr_csf": 2.96811731737202,
  "snr_gm": 9.182065508623767,
  "snr_total": 9.564707215134101,
  "snr_wm": 16.543938819406517,
  "snrd_csf": 10.52230917084647,
  "snrd_gm": 23.483491400935694,
  "snrd_total": 22.59084398261525,
  "snrd_wm": 33.76673137606359,
  "spacing_x": 1.0,
  "spacing_y": 1.0,
  "spacing_z": 1.0,
  "summary_bg_k": 1213.203785161472,
  "summary_bg_mad": 19.401816847945803,
  "summary_bg_mean": 64.25077819824219,
  "summary_bg_median": 62.535247802734375,
  "summary_bg_n": 2994349.0,
  "summary_bg_p05": 34.24354248046875,
  "summary_bg_p95": 98.86837921142578,
  "summary_bg_stdv": 23.202436447143555,
  "summary_csf_k": 0.14787540770499508,
  "summary_csf_mad": 102.30676972281707,
  "summary_csf_mean": 329.03863525390625,
  "summary_csf_median": 311.617431640625,
  "summary_csf_n": 12278.0,
  "summary_csf_p05": 182.43336791992186,
  "summary_csf_p95": 523.2837432861328,
  "summary_csf_stdv": 104.98397064208984,
  "summary_gm_k": -0.0020010237308558665,
  "summary_gm_mad": 75.25192609268818,
  "summary_gm_mean": 693.8779907226562,
  "summary_gm_median": 695.4619140625,
  "summary_gm_n": 8841.0,
  "summary_gm_p05": 564.8636474609375,
  "summary_gm_p95": 817.754150390625,
  "summary_gm_stdv": 75.73705291748047,
  "summary_wm_k": 0.24576393043026323,
  "summary_wm_mad": 58.7467102999845,
  "summary_wm_mean": 999.7680053710938,
  "summary_wm_median": 999.9993286132812,
  "summary_wm_n": 149258.0,
  "summary_wm_p05": 899.7008544921875,
  "summary_wm_p95": 1098.4177307128905,
  "summary_wm_stdv": 60.444854736328125,
  "tpm_overlap_csf": 0.17351467907428741,
  "tpm_overlap_gm": 0.4243791997432709,
  "tpm_overlap_wm": 0.5002773404121399,
  "wm2max": 0.5166920697007921
}