{
  "bids_meta": {
    "AcquisitionNumber": 1,
    "DeviceSerialNumber": "35442  ",
    "EchoNumber": 1,
    "EchoTime": 0.00298,
    "FlipAngle": 9,
    "ImageOrientationPatientDICOM": [
      "-0.0204856045195",
      "0.99978671784703",
      "-0.002618935688",
      "0.00313475074951",
      "-0.0025552419938",
      "-0.9999918220046 "
    ],
    "ImageType": [
      "ORIGINAL",
      "PRIMARY",
      "M",
      "ND",
      "NORM "
    ],
    "ImagingFrequency": 123.25153,
    "InPlanePhaseEncodingDirectionDICOM": "ROW  ",
    "IntendedFor": [
      "ses-PREFU48/func/sub-9909448_ses-PREFU48_task-encoding_run-001_bold.nii.gz",
      "ses-PREFU48/fmap/sub-9909448_ses-PREFU48_run-003_phasediff.nii.gz",
      "ses-PREFU48/anat/sub-9909448_ses-PREFU48_run-001_T2star.nii.gz",
      "ses-PREFU48/func/sub-9909448_ses-PREFU48_task-retrieval_run-001_bold.nii.gz"
    ],
    "InversionTime": 0.9,
    "MRAcquisitionType": "3D ",
    "MagneticFieldStrength": 3,
    "Manufacturer": "SIEMENS  ",
    "ManufacturerModelName": "TrioTim  ",
    "Modality": "MRI__ ",
    "PatientPosition": "HFS  ",
    "PercentPhaseFOV": 93.75,
    "PhaseEncodingSteps": 239,
    "PixelBandwidth": 238,
    "ProtocolName": "MPRAGE ADNI_iPAT2  ",
    "PulseSequenceType": "*tfl3d1_ns ",
    "ReceiveCoilName": "HeadMatrixix\\\\ ",
    "RepetitionTime": 2.3,
    "SAR": 0.08526598555504,
    "ScanningSequence": "GR\\\\IR  ",
    "SequenceName": "*tfl3d1_ns ",
    "SequenceVariant": "SP\\\\MP  ",
    "SeriesDescription": "MPRAGE ADNI_iPAT2  ",
    "SeriesNumber": 14,
    "SliceOrder": "interleaved ",
    "SliceThickness": 1,
    "SliceTiming": null,
    "SoftwareVersions": "syngo MR B17 ",
    "dataset": "<unset>",
    "modality": "T1w",
    "run_id": 1,
    "session_id": "PREFU48",
    "subject_id": "9909448"
  },
  "cjv": 0.5237856702215132,
  "cnr": 2.4915123766392058,
  "efc": 0.6709932363802933,
  "fber": 73.78105926513672,
  "fwhm_avg": 3.13097,
  "fwhm_x": 3.19666,
  "fwhm_y": 3.24298,
  "fwhm_z": 2.95327,
  "icvs_csf": 0.22804690814501583,
  "icvs_gm": 0.3782174784604792,
  "icvs_wm": 0.39373561339450497,
  "inu_med": 1.3606374263763428,
  "inu_range": 0.5667946636676788,
  "provenance": {
    "md5sum": "7e12831afc11d8938c05ef3fe238f8d9",
    "settings": {
      "testing": false
    },
    "software": "mriqc",
    "version": "0.16.1",
    "warnings": {
      "large_rot_frame": true,
      "small_air_mask": false
    },
    "webapi_port": null,
    "webapi_url": "https://mriqc.nimh.nih.gov/api/v1"
  },
  "qi_1": 0.0,
  "qi_2": 0.0033964836761195055,
  "rpve_csf": 24.65794225070636,
  "rpve_gm": 14.225484191635143,
  "rpve_wm": 16.97916419581481,
  "size_x": 176,
  "size_y": 240,
  "size_z": 256,
  "snr_csf": 2.322016506492402,
  "snr_gm": 8.436549550869886,
  "snr_total": 8.482012443612545,
  "snr_wm": 14.687471273475348,
  "snrd_csf": 10.559883524067528,
  "snrd_gm": 19.443191010334903,
  "snrd_total": 19.04685556776049,
  "snrd_wm": 27.13749216887903,
  "spacing_x": 1.0,
  "spacing_y": 1.0,
  "spacing_z": 1.0,
  "summary_bg_k": 1281.795260760412,
  "summary_bg_mad": 24.1424801985479,
  "summary_bg_mean": 81.56452941894531,
  "summary_bg_median": 79.19279479980469,
  "summary_bg_n": 2487888.0,
  "summary_bg_p05": 44.30240001678467,
  "summary_bg_p95": 124.99344558715819,
  "summary_bg_stdv": 33.22090530395508,
  "summary_csf_k": 23.86433711198392,
  "summary_csf_mad": 147.3941338480384,
  "summary_csf_mean": 405.42352294921875,
  "summary_csf_median": 389.14306640625,
  "summary_csf_n": 12701.0,
  "summary_csf_p05": 197.27577209472656,
  "summary_csf_p95": 639.926513671875,
  "summary_csf_stdv": 167.58181762695312,
  "summary_gm_k": 0.1585684184313294,
  "summary_gm_mad": 81.83065671930356,
  "summary_gm_mean": 715.7775268554688,
  "summary_gm_median": 716.5025024414062,
  "summary_gm_n": 6104.0,
  "summary_gm_p05": 575.6035736083984,
  "summary_gm_p95": 852.5763244628904,
  "summary_gm_stdv": 84.92142486572266,
  "summary_wm_k": 0.5881535583396178,
  "summary_wm_mad": 66.68524705071388,
  "summary_wm_mean": 1001.5240478515625,
  "summary_wm_median": 1000.0457763671875,
  "summary_wm_n": 193763.0,
  "summary_wm_p05": 892.58759765625,
  "summary_wm_p95": 1114.4638305664062,
  "summary_wm_stdv": 68.08818054199219,
  "tpm_overlap_csf": 0.1421702355146408,
  "tpm_overlap_gm": 0.38819026947021484,
  "tpm_overlap_wm": 0.49059703946113586,
  "wm2max": 0.48881202308501587
}