{
  "bids_meta": {
    "AcquisitionNumber": 1,
    "DeviceSerialNumber": "35442  ",
    "EchoNumber": 1,
    "EchoTime": 0.00298,
    "FlipAngle": 9,
    "ImageOrientationPatientDICOM": [
      "-0.0502560914587",
      "0.99423702116589",
      "0.09469461977575",
      "0.00334653501892",
      "0.09498153633621",
      "-0.9954734092172  "
    ],
    "ImageType": [
      "ORIGINAL",
      "PRIMARY",
      "M",
      "ND",
      "NORM "
    ],
    "ImagingFrequency": 123.251587,
    "InPlanePhaseEncodingDirectionDICOM": "ROW  ",
    "IntendedFor": [
      "ses-PREFU24/anat/sub-3475739_ses-PREFU24_run-001_T2star.nii.gz",
      "ses-PREFU24/asl/sub-3475739_ses-PREFU24_run-001_asl.nii.gz",
      "ses-PREFU24/dwi/sub-3475739_ses-PREFU24_run-001_dwi.nii.gz",
      "ses-PREFU24/func/sub-3475739_ses-PREFU24_task-rest_run-001_bold.nii.gz",
      "ses-PREFU24/fmap/sub-3475739_ses-PREFU24_run-003_phasediff.nii.gz",
      "ses-PREFU24/fmap/sub-3475739_ses-PREFU24_run-002_phasediff.nii.gz",
      "ses-PREFU24/func/sub-3475739_ses-PREFU24_task-retrieval_run-001_bold.nii.gz",
      "ses-PREFU24/func/sub-3475739_ses-PREFU24_task-encoding_run-001_bold.nii.gz",
      "ses-PREFU24/fmap/sub-3475739_ses-PREFU24_run-001_phasediff.nii.gz",
      "ses-PREFU24/func/sub-3475739_ses-PREFU24_task-rest_run-002_bold.nii.gz",
      "ses-PREFU24/fmap/sub-3475739_ses-PREFU24_run-004_phasediff.nii.gz",
      "ses-PREFU24/fmap/sub-3475739_ses-PREFU24_run-005_phasediff.nii.gz",
      "ses-PREFU24/anat/sub-3475739_ses-PREFU24_run-001_FLAIR.nii.gz",
      "ses-PREFU24/anat/sub-3475739_ses-PREFU24_run-001_T1w.nii.gz"
    ],
    "InversionTime": 0.9,
    "MRAcquisitionType": "3D ",
    "MagneticFieldStrength": 3,
    "Manufacturer": "SIEMENS  ",
    "ManufacturerModelName": "TrioTim  ",
    "Modality": "MRI__ ",
    "PatientPosition": "HFS  ",
    "PercentPhaseFOV": 93.75,
    "PhaseEncodingSteps": 239,
    "PixelBandwidth": 238,
    "ProtocolName": "MPRAGE ADNI_iPAT2  ",
    "PulseSequenceType": "*tfl3d1_ns ",
    "ReceiveCoilName": "HeadMatrixix\\\\ ",
    "RepetitionTime": 2.3,
    "SAR": 0.09693583127084,
    "ScanningSequence": "GR\\\\IR  ",
    "SequenceName": "*tfl3d1_ns ",
    "SequenceVariant": "SP\\\\MP  ",
    "SeriesDescription": "MPRAGE ADNI_iPAT2  ",
    "SeriesNumber": 17,
    "SliceOrder": "interleaved ",
    "SliceThickness": 1,
    "SliceTiming": null,
    "SoftwareVersions": "syngo MR B17 ",
    "dataset": "<unset>",
    "modality": "T1w",
    "run_id": 2,
    "session_id": "PREFU24",
    "subject_id": "3475739"
  },
  "cjv": 0.42044829943765255,
  "cnr": 3.265621699282258,
  "efc": 0.6113728981907834,
  "fber": 140.65756225585938,
  "fwhm_avg": 3.215003333333333,
  "fwhm_x": 3.2129,
  "fwhm_y": 3.36743,
  "fwhm_z": 3.06468,
  "icvs_csf": 0.19922930187099644,
  "icvs_gm": 0.3972205833818614,
  "icvs_wm": 0.40355011474714214,
  "inu_med": 1.3120695352554321,
  "inu_range": 0.3834223330020905,
  "provenance": {
    "md5sum": "9c2f540fe1d2509545d32fb26e3f1525",
    "settings": {
      "testing": false
    },
    "software": "mriqc",
    "version": "0.16.1",
    "warnings": {
      "large_rot_frame": true,
      "small_air_mask": false
    },
    "webapi_port": null,
    "webapi_url": "https://mriqc.nimh.nih.gov/api/v1"
  },
  "qi_1": 0.00016396522689251575,
  "qi_2": 0.006131453144996553,
  "rpve_csf": 29.165390401399005,
  "rpve_gm": 14.968964347206722,
  "rpve_wm": 18.114180534696622,
  "size_x": 176,
  "size_y": 240,
  "size_z": 256,
  "snr_csf": 2.852582654400934,
  "snr_gm": 8.470516173542746,
  "snr_total": 9.246634918362979,
  "snr_wm": 16.416805927145255,
  "snrd_csf": 11.153985188421531,
  "snrd_gm": 25.13970109429368,
  "snrd_total": 24.61991052180231,
  "snrd_wm": 37.56604528269172,
  "spacing_x": 1.0,
  "spacing_y": 1.0,
  "spacing_z": 1.0,
  "summary_bg_k": 3.8242274604543347,
  "summary_bg_mad": 17.439406649435888,
  "summary_bg_mean": 50.590274810791016,
  "summary_bg_median": 49.08058166503906,
  "summary_bg_n": 2668906.0,
  "summary_bg_p05": 26.008622646331787,
  "summary_bg_p95": 81.6375961303711,
  "summary_bg_stdv": 17.57207679748535,
  "summary_csf_k": 2.088012846965614,
  "summary_csf_mad": 104.43019426405367,
  "summary_csf_mean": 309.5599365234375,
  "summary_csf_median": 296.91357421875,
  "summary_csf_n": 14914.0,
  "summary_csf_p05": 160.76003189086913,
  "summary_csf_p95": 492.3739791870115,
  "summary_csf_stdv": 104.08238983154297,
  "summary_gm_k": -0.02225581573008828,
  "summary_gm_mad": 79.7261560787594,
  "summary_gm_mean": 667.0330810546875,
  "summary_gm_median": 669.2064208984375,
  "summary_gm_n": 10708.0,
  "summary_gm_p05": 534.0072326660156,
  "summary_gm_p95": 793.4626312255859,
  "summary_gm_stdv": 79.00051879882812,
  "summary_wm_k": 0.21845964978250043,
  "summary_wm_mad": 59.351053495558816,
  "summary_wm_mean": 1000.4497680664062,
  "summary_wm_median": 999.9895629882812,
  "summary_wm_n": 197998.0,
  "summary_wm_p05": 901.0846710205078,
  "summary_wm_p95": 1101.1927612304687,
  "summary_wm_stdv": 60.91239929199219,
  "tpm_overlap_csf": 0.1699436604976654,
  "tpm_overlap_gm": 0.42564231157302856,
  "tpm_overlap_wm": 0.4944465756416321,
  "wm2max": 0.5523288661124517
}