{
  "bids_meta": {
    "AcquisitionNumber": 1,
    "DeviceSerialNumber": "35442  ",
    "EchoNumber": 1,
    "EchoTime": 0.00298,
    "FlipAngle": 9,
    "ImageOrientationPatientDICOM": [
      "-0.0183033631975",
      "0.99983247941626",
      "3.07875865e-008",
      "-0.0151717182618",
      "-0.0002777092076",
      "-0.9998848642932 "
    ],
    "ImageType": [
      "ORIGINAL",
      "PRIMARY",
      "M",
      "ND",
      "NORM "
    ],
    "ImagingFrequency": 123.247066,
    "InPlanePhaseEncodingDirectionDICOM": "ROW  ",
    "IntendedFor": [
      "ses-NAPFU12/func/sub-6245599_ses-NAPFU12_task-rest_run-002_bold.nii.gz",
      "ses-NAPFU12/fmap/sub-6245599_ses-NAPFU12_run-003_phasediff.nii.gz",
      "ses-NAPFU12/func/sub-6245599_ses-NAPFU12_task-retrieval_run-001_bold.nii.gz",
      "ses-NAPFU12/fmap/sub-6245599_ses-NAPFU12_run-001_phasediff.nii.gz",
      "ses-NAPFU12/fmap/sub-6245599_ses-NAPFU12_run-002_phasediff.nii.gz",
      "ses-NAPFU12/func/sub-6245599_ses-NAPFU12_task-encoding_run-001_bold.nii.gz",
      "ses-NAPFU12/asl/sub-6245599_ses-NAPFU12_run-001_asl.nii.gz",
      "ses-NAPFU12/anat/sub-6245599_ses-NAPFU12_run-001_T2star.nii.gz",
      "ses-NAPFU12/func/sub-6245599_ses-NAPFU12_task-rest_run-001_bold.nii.gz"
    ],
    "InversionTime": 0.9,
    "MRAcquisitionType": "3D ",
    "MagneticFieldStrength": 3,
    "Manufacturer": "SIEMENS  ",
    "ManufacturerModelName": "TrioTim  ",
    "Modality": "MRI__ ",
    "PatientPosition": "HFS  ",
    "PercentPhaseFOV": 93.75,
    "PhaseEncodingSteps": 239,
    "PixelBandwidth": 238,
    "ProtocolName": "MPRAGE ADNI_iPAT2  ",
    "PulseSequenceType": "*tfl3d1_ns ",
    "ReceiveCoilName": "HeadMatrixix\\\\ ",
    "RepetitionTime": 2.3,
    "SAR": 0.08073390768297,
    "ScanningSequence": "GR\\\\IR  ",
    "SequenceName": "*tfl3d1_ns ",
    "SequenceVariant": "SP\\\\MP  ",
    "SeriesDescription": "MPRAGE ADNI_iPAT2  ",
    "SeriesNumber": 12,
    "SliceOrder": "interleaved ",
    "SliceThickness": 1,
    "SliceTiming": null,
    "SoftwareVersions": "syngo MR B17 ",
    "dataset": "<unset>",
    "modality": "T1w",
    "run_id": 1,
    "session_id": "NAPFU12",
    "subject_id": "6245599"
  },
  "cjv": 0.44904557731326294,
  "cnr": 3.0021710342191286,
  "efc": 0.6312642601502858,
  "fber": 98.80438995361328,
  "fwhm_avg": 3.3935133333333334,
  "fwhm_x": 3.45811,
  "fwhm_y": 3.57281,
  "fwhm_z": 3.14962,
  "icvs_csf": 0.22555990293683226,
  "icvs_gm": 0.39873090612782375,
  "icvs_wm": 0.375709190935344,
  "inu_med": 1.3512382507324219,
  "inu_range": 0.5005917549133301,
  "provenance": {
    "md5sum": "d816d066e942595c130b98a89ffa7f4a",
    "settings": {
      "testing": false
    },
    "software": "mriqc",
    "version": "0.16.1",
    "warnings": {
      "large_rot_frame": false,
      "small_air_mask": false
    },
    "webapi_port": null,
    "webapi_url": "https://mriqc.nimh.nih.gov/api/v1"
  },
  "qi_1": 0.0001285778139463,
  "qi_2": 0.0034146301494895185,
  "rpve_csf": 25.48991812932148,
  "rpve_gm": 14.225549727604037,
  "rpve_wm": 18.100052583856083,
  "size_x": 176,
  "size_y": 240,
  "size_z": 256,
  "snr_csf": 2.6353986898185866,
  "snr_gm": 9.122067378691334,
  "snr_total": 9.139768410583585,
  "snr_wm": 15.661839163240836,
  "snrd_csf": 9.70058622095243,
  "snrd_gm": 21.769828213843503,
  "snrd_total": 20.948177574740175,
  "snrd_wm": 31.374118289424597,
  "spacing_x": 1.0,
  "spacing_y": 1.0,
  "spacing_z": 1.0,
  "summary_bg_k": 492.2417924697978,
  "summary_bg_mad": 20.88176655317443,
  "summary_bg_mean": 69.02055358886719,
  "summary_bg_median": 67.09414672851562,
  "summary_bg_n": 2902608.0,
  "summary_bg_p05": 36.77474136352539,
  "summary_bg_p95": 107.05501251220703,
  "summary_bg_stdv": 23.13010597229004,
  "summary_csf_k": -0.04134823576846225,
  "summary_csf_mad": 117.85298602448268,
  "summary_csf_mean": 327.7199401855469,
  "summary_csf_median": 309.19573974609375,
  "summary_csf_n": 14633.0,
  "summary_csf_p05": 163.70455932617188,
  "summary_csf_p95": 543.3210083007813,
  "summary_csf_stdv": 117.32007598876953,
  "summary_gm_k": -0.0594356018483535,
  "summary_gm_mad": 75.34341235018995,
  "summary_gm_mean": 693.0722045898438,
  "summary_gm_median": 693.8898315429688,
  "summary_gm_n": 10771.0,
  "summary_gm_p05": 565.3338623046875,
  "summary_gm_p95": 816.3050231933594,
  "summary_gm_stdv": 76.06363677978516,
  "summary_wm_k": 0.20250718101880238,
  "summary_wm_mad": 62.1212953788731,
  "summary_wm_mean": 999.8697509765625,
  "summary_wm_median": 1000.0162353515625,
  "summary_wm_n": 185836.0,
  "summary_wm_p05": 894.2838592529297,
  "summary_wm_p95": 1104.2809448242188,
  "summary_wm_stdv": 63.85032653808594,
  "tpm_overlap_csf": 0.16041098535060883,
  "tpm_overlap_gm": 0.4266549348831177,
  "tpm_overlap_wm": 0.49858999252319336,
  "wm2max": 0.4949261167587909
}