{
  "bids_meta": {
    "AcquisitionNumber": 1,
    "DeviceSerialNumber": "35442  ",
    "EchoNumber": 1,
    "EchoTime": 0.00298,
    "FlipAngle": 9,
    "ImageOrientationPatientDICOM": [
      "-0.045390968958",
      "0.99171928562917",
      "0.12013541712675",
      "-0.0103556698901",
      "0.11978578287207",
      "-0.9927457510979 "
    ],
    "ImageType": [
      "ORIGINAL",
      "PRIMARY",
      "M",
      "ND",
      "NORM "
    ],
    "ImagingFrequency": 123.251441,
    "InPlanePhaseEncodingDirectionDICOM": "ROW  ",
    "IntendedFor": [
      "ses-PREFU36/fmap/sub-3162878_ses-PREFU36_run-004_phasediff.nii.gz",
      "ses-PREFU36/fmap/sub-3162878_ses-PREFU36_run-003_phasediff.nii.gz",
      "ses-PREFU36/dwi/sub-3162878_ses-PREFU36_run-001_dwi.nii.gz",
      "ses-PREFU36/func/sub-3162878_ses-PREFU36_task-rest_run-002_bold.nii.gz",
      "ses-PREFU36/anat/sub-3162878_ses-PREFU36_run-001_T1w.nii.gz",
      "ses-PREFU36/fmap/sub-3162878_ses-PREFU36_run-001_phasediff.nii.gz",
      "ses-PREFU36/anat/sub-3162878_ses-PREFU36_run-001_FLAIR.nii.gz",
      "ses-PREFU36/func/sub-3162878_ses-PREFU36_task-rest_run-001_bold.nii.gz",
      "ses-PREFU36/fmap/sub-3162878_ses-PREFU36_run-005_phasediff.nii.gz",
      "ses-PREFU36/fmap/sub-3162878_ses-PREFU36_run-002_phasediff.nii.gz",
      "ses-PREFU36/asl/sub-3162878_ses-PREFU36_run-001_asl.nii.gz",
      "ses-PREFU36/anat/sub-3162878_ses-PREFU36_run-001_T2star.nii.gz"
    ],
    "InversionTime": 0.9,
    "MRAcquisitionType": "3D ",
    "MagneticFieldStrength": 3,
    "Manufacturer": "SIEMENS  ",
    "ManufacturerModelName": "TrioTim  ",
    "Modality": "MRI__ ",
    "PatientPosition": "HFS  ",
    "PercentPhaseFOV": 93.75,
    "PhaseEncodingSteps": 239,
    "PixelBandwidth": 238,
    "ProtocolName": "MPRAGE ADNI_iPAT2  ",
    "PulseSequenceType": "*tfl3d1_ns ",
    "ReceiveCoilName": "32Ch_Headad\\\\  ",
    "RepetitionTime": 2.3,
    "SAR": 0.08504419387024,
    "ScanningSequence": "GR\\\\IR  ",
    "SequenceName": "*tfl3d1_ns ",
    "SequenceVariant": "SP\\\\MP  ",
    "SeriesDescription": "MPRAGE ADNI_iPAT2  ",
    "SeriesNumber": 27,
    "SliceOrder": "interleaved ",
    "SliceThickness": 1,
    "SliceTiming": null,
    "SoftwareVersions": "syngo MR B17 ",
    "dataset": "<unset>",
    "modality": "T1w",
    "run_id": 2,
    "session_id": "PREFU36",
    "subject_id": "3162878"
  },
  "cjv": 0.3781756304152666,
  "cnr": 3.5047059974318233,
  "efc": 0.5935517133027108,
  "fber": 66.24371337890625,
  "fwhm_avg": 3.32628,
  "fwhm_x": 3.38252,
  "fwhm_y": 3.45992,
  "fwhm_z": 3.1364,
  "icvs_csf": 0.1941620953939415,
  "icvs_gm": 0.40846382873572395,
  "icvs_wm": 0.3973740758703346,
  "inu_med": 1.4468731880187988,
  "inu_range": 0.43417926430702214,
  "provenance": {
    "md5sum": "8b4fbff6ef4bbf05844d1d5723d02ef3",
    "settings": {
      "testing": false
    },
    "software": "mriqc",
    "version": "0.16.1",
    "warnings": {
      "large_rot_frame": true,
      "small_air_mask": false
    },
    "webapi_port": null,
    "webapi_url": "https://mriqc.nimh.nih.gov/api/v1"
  },
  "qi_1": 0.0,
  "qi_2": 0.00867949787665101,
  "rpve_csf": 31.378126578434895,
  "rpve_gm": 15.755046040651425,
  "rpve_wm": 19.606426208219798,
  "size_x": 176,
  "size_y": 240,
  "size_z": 256,
  "snr_csf": 2.996777572913431,
  "snr_gm": 10.6565728268005,
  "snr_total": 11.715798509668597,
  "snr_wm": 21.49404512929186,
  "snrd_csf": 16.327737301074976,
  "snrd_gm": 33.570055491314434,
  "snrd_total": 32.38588527623285,
  "snrd_wm": 47.259863036309135,
  "spacing_x": 1.0,
  "spacing_y": 1.0,
  "spacing_z": 1.0,
  "summary_bg_k": 749.2465714988612,
  "summary_bg_mad": 13.862385037542216,
  "summary_bg_mean": 81.8594741821289,
  "summary_bg_median": 80.46221160888672,
  "summary_bg_n": 3010039.0,
  "summary_bg_p05": 60.45923385620117,
  "summary_bg_p95": 108.00184631347658,
  "summary_bg_stdv": 14.96964168548584,
  "summary_csf_k": 0.09865217721713826,
  "summary_csf_mad": 132.29885611481566,
  "summary_csf_mean": 356.6219787597656,
  "summary_csf_median": 345.4874267578125,
  "summary_csf_n": 12868.0,
  "summary_csf_p05": 197.21981887817384,
  "summary_csf_p95": 552.3619323730468,
  "summary_csf_stdv": 115.28182983398438,
  "summary_gm_k": 0.09843130223278829,
  "summary_gm_mad": 65.72812524498062,
  "summary_gm_mean": 708.4563598632812,
  "summary_gm_median": 710.3269653320312,
  "summary_gm_n": 13145.0,
  "summary_gm_p05": 595.9684204101562,
  "summary_gm_p95": 815.3514404296875,
  "summary_gm_stdv": 66.65369415283203,
  "summary_wm_k": 0.5170558104547127,
  "summary_wm_mad": 43.81802623645591,
  "summary_wm_mean": 999.9346923828125,
  "summary_wm_median": 999.9970092773438,
  "summary_wm_n": 170911.0,
  "summary_wm_p05": 923.503662109375,
  "summary_wm_p95": 1075.940673828125,
  "summary_wm_stdv": 46.52423858642578,
  "tpm_overlap_csf": 0.16776034235954285,
  "tpm_overlap_gm": 0.42941397428512573,
  "tpm_overlap_wm": 0.5008708834648132,
  "wm2max": 0.3811222326579327
}