{
  "bids_meta": {
    "AcquisitionNumber": 1,
    "DeviceSerialNumber": "35442  ",
    "EchoNumber": 1,
    "EchoTime": 0.00298,
    "FlipAngle": 9,
    "ImageOrientationPatientDICOM": [
      "0.03796355712904",
      "0.99927906356542",
      "-0.0003484966548",
      "0.05534927684789",
      "-0.002450983817",
      "-0.9984640455373 "
    ],
    "ImageType": [
      "ORIGINAL",
      "PRIMARY",
      "M",
      "ND",
      "NORM "
    ],
    "ImagingFrequency": 123.251403,
    "InPlanePhaseEncodingDirectionDICOM": "ROW  ",
    "InversionTime": 0.9,
    "MRAcquisitionType": "3D ",
    "MagneticFieldStrength": 3,
    "Manufacturer": "SIEMENS  ",
    "ManufacturerModelName": "TrioTim  ",
    "Modality": "MRI__ ",
    "PatientPosition": "HFS  ",
    "PercentPhaseFOV": 93.75,
    "PhaseEncodingSteps": 239,
    "PixelBandwidth": 238,
    "ProtocolName": "MPRAGE ADNI_iPAT2  ",
    "PulseSequenceType": "*tfl3d1_ns ",
    "ReceiveCoilName": "32Ch_Headad\\\\  ",
    "RepetitionTime": 2.3,
    "SAR": 0.08105183333868,
    "ScanningSequence": "GR\\\\IR  ",
    "SequenceName": "*tfl3d1_ns ",
    "SequenceVariant": "SP\\\\MP  ",
    "SeriesDescription": "MPRAGE ADNI_iPAT2  ",
    "SeriesNumber": 12,
    "SliceOrder": "interleaved ",
    "SliceThickness": 1,
    "SliceTiming": null,
    "SoftwareVersions": "syngo MR B17 ",
    "dataset": "<unset>",
    "modality": "T1w",
    "run_id": 1,
    "session_id": "PREBL00",
    "subject_id": "9101699"
  },
  "cjv": 0.45271387012020403,
  "cnr": 2.6029536786939005,
  "efc": 0.618285451030167,
  "fber": 103.0701904296875,
  "fwhm_avg": 3.3879933333333336,
  "fwhm_x": 3.39835,
  "fwhm_y": 3.56481,
  "fwhm_z": 3.20082,
  "icvs_csf": 0.20068123473312918,
  "icvs_gm": 0.3786874362850128,
  "icvs_wm": 0.420631328981858,
  "inu_med": 1.3643827438354492,
  "inu_range": 0.42551907896995544,
  "provenance": {
    "md5sum": "cadf566cbf5cb47772ed53f3f31a5d18",
    "settings": {
      "testing": false
    },
    "software": "mriqc",
    "version": "0.16.1",
    "warnings": {
      "large_rot_frame": true,
      "small_air_mask": false
    },
    "webapi_port": null,
    "webapi_url": "https://mriqc.nimh.nih.gov/api/v1"
  },
  "qi_1": 0.0,
  "qi_2": 0.004914465168727683,
  "rpve_csf": 26.88944609015132,
  "rpve_gm": 14.520600898106569,
  "rpve_wm": 16.89942327225386,
  "size_x": 176,
  "size_y": 240,
  "size_z": 256,
  "snr_csf": 2.675904409298322,
  "snr_gm": 9.101156795972832,
  "snr_total": 11.03945446318216,
  "snr_wm": 21.341302184275325,
  "snrd_csf": 7.88536068115368,
  "snrd_gm": 18.04166171265184,
  "snrd_total": 16.798761916947097,
  "snrd_wm": 24.469263357035764,
  "spacing_x": 1.0,
  "spacing_y": 1.0,
  "spacing_z": 1.0,
  "summary_bg_k": 3805.504318121094,
  "summary_bg_mad": 26.774039186201875,
  "summary_bg_mean": 51.89565658569336,
  "summary_bg_median": 56.104122161865234,
  "summary_bg_n": 2549521.0,
  "summary_bg_p05": 16.183448791503906,
  "summary_bg_p95": 84.34636688232422,
  "summary_bg_stdv": 37.76000213623047,
  "summary_csf_k": 7.232306970444881,
  "summary_csf_mad": 104.63565375728591,
  "summary_csf_mean": 346.6264953613281,
  "summary_csf_median": 322.2580261230469,
  "summary_csf_n": 9452.0,
  "summary_csf_p05": 197.46824798583987,
  "summary_csf_p95": 572.4011047363281,
  "summary_csf_stdv": 120.42320251464844,
  "summary_gm_k": 0.27100859558301327,
  "summary_gm_mad": 75.42304430528547,
  "summary_gm_mean": 743.450439453125,
  "summary_gm_median": 737.3245849609375,
  "summary_gm_n": 12235.0,
  "summary_gm_p05": 617.43603515625,
  "summary_gm_p95": 889.3787353515625,
  "summary_gm_stdv": 81.01107025146484,
  "summary_wm_k": 0.720695692428384,
  "summary_wm_mad": 43.49696467204808,
  "summary_wm_mean": 999.8805541992188,
  "summary_wm_median": 1000.007080078125,
  "summary_wm_n": 230691.0,
  "summary_wm_p05": 923.0182800292969,
  "summary_wm_p95": 1075.8403930664062,
  "summary_wm_stdv": 46.85772705078125,
  "tpm_overlap_csf": 0.17329443991184235,
  "tpm_overlap_gm": 0.4107989966869354,
  "tpm_overlap_wm": 0.5167901515960693,
  "wm2max": 0.4076042710702998
}