{
  "bids_meta": {
    "AcquisitionNumber": 1,
    "DeviceSerialNumber": "35442  ",
    "EchoNumber": 1,
    "EchoTime": 0.00298,
    "FlipAngle": 9,
    "ImageOrientationPatientDICOM": [
      "0.02870893767523",
      "0.99958775314182",
      "-0.0003473707591",
      "0.09606347747844",
      "-0.0031049229425",
      "-0.9953703671238  "
    ],
    "ImageType": [
      "ORIGINAL",
      "PRIMARY",
      "M",
      "ND",
      "NORM "
    ],
    "ImagingFrequency": 123.247145,
    "InPlanePhaseEncodingDirectionDICOM": "ROW  ",
    "IntendedFor": [
      "ses-NAPFU12/func/sub-7492583_ses-NAPFU12_task-encoding_run-001_bold.nii.gz",
      "ses-NAPFU12/anat/sub-7492583_ses-NAPFU12_run-001_T2star.nii.gz",
      "ses-NAPFU12/fmap/sub-7492583_ses-NAPFU12_run-001_phasediff.nii.gz",
      "ses-NAPFU12/fmap/sub-7492583_ses-NAPFU12_run-003_phasediff.nii.gz",
      "ses-NAPFU12/func/sub-7492583_ses-NAPFU12_task-rest_run-001_bold.nii.gz",
      "ses-NAPFU12/func/sub-7492583_ses-NAPFU12_task-rest_run-002_bold.nii.gz",
      "ses-NAPFU12/fmap/sub-7492583_ses-NAPFU12_run-002_phasediff.nii.gz",
      "ses-NAPFU12/func/sub-7492583_ses-NAPFU12_task-retrieval_run-001_bold.nii.gz",
      "ses-NAPFU12/asl/sub-7492583_ses-NAPFU12_run-001_asl.nii.gz"
    ],
    "InversionTime": 0.9,
    "MRAcquisitionType": "3D ",
    "MagneticFieldStrength": 3,
    "Manufacturer": "SIEMENS  ",
    "ManufacturerModelName": "TrioTim  ",
    "Modality": "MRI__ ",
    "PatientPosition": "HFS  ",
    "PercentPhaseFOV": 93.75,
    "PhaseEncodingSteps": 239,
    "PixelBandwidth": 238,
    "ProtocolName": "MPRAGE ADNI_iPAT2  ",
    "PulseSequenceType": "*tfl3d1_ns ",
    "ReceiveCoilName": "HeadMatrixix\\\\ ",
    "RepetitionTime": 2.3,
    "SAR": 0.07023565071986,
    "ScanningSequence": "GR\\\\IR  ",
    "SequenceName": "*tfl3d1_ns ",
    "SequenceVariant": "SP\\\\MP  ",
    "SeriesDescription": "MPRAGE ADNI_iPAT2  ",
    "SeriesNumber": 12,
    "SliceOrder": "interleaved ",
    "SliceThickness": 1,
    "SliceTiming": null,
    "SoftwareVersions": "syngo MR B17 ",
    "dataset": "<unset>",
    "modality": "T1w",
    "run_id": 1,
    "session_id": "NAPFU12",
    "subject_id": "7492583"
  },
  "cjv": 0.5095406561079806,
  "cnr": 2.576473139546727,
  "efc": 0.6173859624668437,
  "fber": 64.4900894165039,
  "fwhm_avg": 3.282146666666667,
  "fwhm_x": 3.30084,
  "fwhm_y": 3.48579,
  "fwhm_z": 3.05981,
  "icvs_csf": 0.2144036921002924,
  "icvs_gm": 0.4095697315667329,
  "icvs_wm": 0.37602657633297476,
  "inu_med": 1.5186399221420288,
  "inu_range": 0.4723508954048157,
  "provenance": {
    "md5sum": "fd1fb1a9f20f2c6c096e925514bdbdf1",
    "settings": {
      "testing": false
    },
    "software": "mriqc",
    "version": "0.16.1",
    "warnings": {
      "large_rot_frame": false,
      "small_air_mask": false
    },
    "webapi_port": null,
    "webapi_url": "https://mriqc.nimh.nih.gov/api/v1"
  },
  "qi_1": 0.0,
  "qi_2": 0.004266683462114253,
  "rpve_csf": 32.51692018199859,
  "rpve_gm": 17.44765908987085,
  "rpve_wm": 23.05995348288835,
  "size_x": 176,
  "size_y": 240,
  "size_z": 256,
  "snr_csf": 2.8345855829997806,
  "snr_gm": 8.967710633689062,
  "snr_total": 9.855516638498333,
  "snr_wm": 17.764253698806158,
  "snrd_csf": 9.22536331315573,
  "snrd_gm": 21.101446939248003,
  "snrd_total": 19.712315913911482,
  "snrd_wm": 28.81013748933071,
  "spacing_x": 1.0,
  "spacing_y": 1.0,
  "spacing_z": 1.0,
  "summary_bg_k": 2163.9278030779706,
  "summary_bg_mad": 22.740137715465625,
  "summary_bg_mean": 76.92684173583984,
  "summary_bg_median": 75.06657409667969,
  "summary_bg_n": 3294178.0,
  "summary_bg_p05": 41.911206817626955,
  "summary_bg_p95": 117.16667976379395,
  "summary_bg_stdv": 30.75663948059082,
  "summary_csf_k": -0.14424324287147083,
  "summary_csf_mad": 111.55182479361855,
  "summary_csf_mean": 343.3509521484375,
  "summary_csf_median": 320.21734619140625,
  "summary_csf_n": 11492.0,
  "summary_csf_p05": 191.54540634155273,
  "summary_csf_p95": 552.723843383789,
  "summary_csf_stdv": 112.96304321289062,
  "summary_gm_k": -0.07386641094915047,
  "summary_gm_mad": 81.76772032752069,
  "summary_gm_mean": 734.64013671875,
  "summary_gm_median": 732.442626953125,
  "summary_gm_n": 13035.0,
  "summary_gm_p05": 604.6256408691406,
  "summary_gm_p95": 873.5817260742188,
  "summary_gm_stdv": 81.67240905761719,
  "summary_wm_k": 0.2910265048522658,
  "summary_wm_mad": 54.57150735438274,
  "summary_wm_mean": 1000.6910400390625,
  "summary_wm_median": 1000.0154418945312,
  "summary_wm_n": 154281.0,
  "summary_wm_p05": 909.7007446289062,
  "summary_wm_p95": 1094.028076171875,
  "summary_wm_stdv": 56.29351043701172,
  "tpm_overlap_csf": 0.1799880862236023,
  "tpm_overlap_gm": 0.4327705502510071,
  "tpm_overlap_wm": 0.5087316632270813,
  "wm2max": 0.5609007399276789
}