{
  "bids_meta": {
    "AcquisitionNumber": 1,
    "DeviceSerialNumber": "35442  ",
    "EchoNumber": 1,
    "EchoTime": 0.00298,
    "FlipAngle": 9,
    "ImageOrientationPatientDICOM": [
      "-0.0237116794737",
      "0.99173248237316",
      "0.12611280530745",
      "0.00580205795515",
      "0.12628266467721",
      "-0.9919773307518  "
    ],
    "ImageType": [
      "ORIGINAL",
      "PRIMARY",
      "M",
      "ND",
      "NORM "
    ],
    "ImagingFrequency": 123.251356,
    "InPlanePhaseEncodingDirectionDICOM": "ROW  ",
    "IntendedFor": [
      "ses-NAPFU24/fmap/sub-8477651_ses-NAPFU24_run-002_phasediff.nii.gz",
      "ses-NAPFU24/anat/sub-8477651_ses-NAPFU24_run-001_T2star.nii.gz",
      "ses-NAPFU24/fmap/sub-8477651_ses-NAPFU24_run-001_phasediff.nii.gz",
      "ses-NAPFU24/func/sub-8477651_ses-NAPFU24_task-rest_run-001_bold.nii.gz",
      "ses-NAPFU24/func/sub-8477651_ses-NAPFU24_task-rest_run-002_bold.nii.gz",
      "ses-NAPFU24/asl/sub-8477651_ses-NAPFU24_run-001_asl.nii.gz",
      "ses-NAPFU24/func/sub-8477651_ses-NAPFU24_task-encoding_run-001_bold.nii.gz",
      "ses-NAPFU24/func/sub-8477651_ses-NAPFU24_task-retrieval_run-001_bold.nii.gz",
      "ses-NAPFU24/fmap/sub-8477651_ses-NAPFU24_run-003_phasediff.nii.gz"
    ],
    "InversionTime": 0.9,
    "MRAcquisitionType": "3D ",
    "MagneticFieldStrength": 3,
    "Manufacturer": "SIEMENS  ",
    "ManufacturerModelName": "TrioTim  ",
    "Modality": "MRI__ ",
    "PatientPosition": "HFS  ",
    "PercentPhaseFOV": 93.75,
    "PhaseEncodingSteps": 239,
    "PixelBandwidth": 238,
    "ProtocolName": "MPRAGE ADNI_iPAT2  ",
    "PulseSequenceType": "*tfl3d1_ns ",
    "ReceiveCoilName": "HeadMatrixix\\\\ ",
    "RepetitionTime": 2.3,
    "SAR": 0.09342396117843,
    "ScanningSequence": "GR\\\\IR  ",
    "SequenceName": "*tfl3d1_ns ",
    "SequenceVariant": "SP\\\\MP  ",
    "SeriesDescription": "MPRAGE ADNI_iPAT2  ",
    "SeriesNumber": 12,
    "SliceOrder": "interleaved ",
    "SliceThickness": 1,
    "SliceTiming": null,
    "SoftwareVersions": "syngo MR B17 ",
    "dataset": "<unset>",
    "modality": "T1w",
    "run_id": 1,
    "session_id": "NAPFU24",
    "subject_id": "8477651"
  },
  "cjv": 0.4730483812436871,
  "cnr": 2.716629306829051,
  "efc": 0.6511580193553611,
  "fber": 98.6749496459961,
  "fwhm_avg": 2.987436666666667,
  "fwhm_x": 3.03878,
  "fwhm_y": 3.02976,
  "fwhm_z": 2.89377,
  "icvs_csf": 0.2191217670461929,
  "icvs_gm": 0.41225736890342335,
  "icvs_wm": 0.36862086405038375,
  "inu_med": 1.3100603818893433,
  "inu_range": 0.4656367540359496,
  "provenance": {
    "md5sum": "a4db82a6d1a6f74c5db3042bfda7b161",
    "settings": {
      "testing": false
    },
    "software": "mriqc",
    "version": "0.16.1",
    "warnings": {
      "large_rot_frame": true,
      "small_air_mask": false
    },
    "webapi_port": null,
    "webapi_url": "https://mriqc.nimh.nih.gov/api/v1"
  },
  "qi_1": 0.0,
  "qi_2": 0.004617441095052336,
  "rpve_csf": 22.181557434638496,
  "rpve_gm": 11.742675518954139,
  "rpve_wm": 15.076484056796957,
  "size_x": 176,
  "size_y": 240,
  "size_z": 256,
  "snr_csf": 0.7793510980574897,
  "snr_gm": 8.084342649647985,
  "snr_total": 7.707657447578515,
  "snr_wm": 14.259278595030072,
  "snrd_csf": 10.214779868539102,
  "snrd_gm": 22.222913811869738,
  "snrd_total": 21.55225256970428,
  "snrd_wm": 32.219064028704004,
  "spacing_x": 1.0,
  "spacing_y": 1.0,
  "spacing_z": 1.0,
  "summary_bg_k": 1844.8052694358548,
  "summary_bg_mad": 20.333850063281073,
  "summary_bg_mean": 67.75381469726562,
  "summary_bg_median": 65.95062255859375,
  "summary_bg_n": 2602068.0,
  "summary_bg_p05": 36.11072826385498,
  "summary_bg_p95": 104.14126548767089,
  "summary_bg_stdv": 29.092966079711914,
  "summary_csf_k": 5.87671356736228,
  "summary_csf_mad": 111.49960025715887,
  "summary_csf_mean": 446.8734130859375,
  "summary_csf_median": 317.0420837402344,
  "summary_csf_n": 28136.0,
  "summary_csf_p05": 180.8884048461914,
  "summary_csf_p95": 1644.2856140136719,
  "summary_csf_stdv": 406.79541015625,
  "summary_gm_k": 0.5089393073072532,
  "summary_gm_mad": 79.65702106319921,
  "summary_gm_mean": 690.7846069335938,
  "summary_gm_median": 689.7455444335938,
  "summary_gm_n": 9515.0,
  "summary_gm_p05": 553.1150146484375,
  "summary_gm_p95": 834.1700073242187,
  "summary_gm_stdv": 85.314208984375,
  "summary_wm_k": 0.7545844613563362,
  "summary_wm_mad": 67.10924196616847,
  "summary_wm_mean": 1001.4326171875,
  "summary_wm_median": 1000.0018920898438,
  "summary_wm_n": 189408.0,
  "summary_wm_p05": 889.2760009765625,
  "summary_wm_p95": 1117.539453125,
  "summary_wm_stdv": 70.12972259521484,
  "tpm_overlap_csf": 0.13043297827243805,
  "tpm_overlap_gm": 0.3802710771560669,
  "tpm_overlap_wm": 0.4538887143135071,
  "wm2max": 0.5042149286507353
}