{
  "bids_meta": {
    "AcquisitionNumber": 1,
    "DeviceSerialNumber": "35442  ",
    "EchoNumber": 1,
    "EchoTime": 0.00298,
    "FlipAngle": 9,
    "ImageOrientationPatientDICOM": [
      "-0.0240461596951",
      "0.99971078836631",
      "-0.0003490385769",
      "0.00432461641287",
      "-0.0002451157759",
      "-0.9999906187616  "
    ],
    "ImageType": [
      "ORIGINAL",
      "PRIMARY",
      "M",
      "ND",
      "NORM "
    ],
    "ImagingFrequency": 123.247296,
    "InPlanePhaseEncodingDirectionDICOM": "ROW  ",
    "IntendedFor": [
      "ses-NAPEN00/fmap/sub-8822042_ses-NAPEN00_run-002_phasediff.nii.gz",
      "ses-NAPEN00/anat/sub-8822042_ses-NAPEN00_run-001_FLAIR.nii.gz",
      "ses-NAPEN00/anat/sub-8822042_ses-NAPEN00_run-001_T1w.nii.gz",
      "ses-NAPEN00/dwi/sub-8822042_ses-NAPEN00_run-001_dwi.nii.gz",
      "ses-NAPEN00/fmap/sub-8822042_ses-NAPEN00_run-001_phasediff.nii.gz"
    ],
    "InversionTime": 0.9,
    "MRAcquisitionType": "3D ",
    "MagneticFieldStrength": 3,
    "Manufacturer": "SIEMENS  ",
    "ManufacturerModelName": "TrioTim  ",
    "Modality": "MRI__ ",
    "PatientPosition": "HFS  ",
    "PercentPhaseFOV": 93.75,
    "PhaseEncodingSteps": 239,
    "PixelBandwidth": 238,
    "ProtocolName": "MPRAGE ADNI_iPAT2  ",
    "PulseSequenceType": "*tfl3d1_ns ",
    "ReceiveCoilName": "HeadMatrixix\\\\ ",
    "RepetitionTime": 2.3,
    "SAR": 0.08455470532494,
    "ScanningSequence": "GR\\\\IR  ",
    "SequenceName": "*tfl3d1_ns ",
    "SequenceVariant": "SP\\\\MP  ",
    "SeriesDescription": "MPRAGE ADNI_iPAT2  ",
    "SeriesNumber": 6,
    "SliceOrder": "interleaved ",
    "SliceThickness": 1,
    "SliceTiming": null,
    "SoftwareVersions": "syngo MR B17 ",
    "dataset": "<unset>",
    "modality": "T1w",
    "run_id": 2,
    "session_id": "NAPEN00",
    "subject_id": "8822042"
  },
  "cjv": 0.4562820966157835,
  "cnr": 3.0089258740363016,
  "efc": 0.5981811881190143,
  "fber": 155.69281005859375,
  "fwhm_avg": 3.2462966666666664,
  "fwhm_x": 3.35343,
  "fwhm_y": 3.35927,
  "fwhm_z": 3.02619,
  "icvs_csf": 0.21030639587464164,
  "icvs_gm": 0.4181114364653549,
  "icvs_wm": 0.3715821676600034,
  "inu_med": 1.3236387968063354,
  "inu_range": 0.3824258208274838,
  "provenance": {
    "md5sum": "2d653f5bf7d653511c7e1c26e9e1dada",
    "settings": {
      "testing": false
    },
    "software": "mriqc",
    "version": "0.16.1",
    "warnings": {
      "large_rot_frame": true,
      "small_air_mask": false
    },
    "webapi_port": null,
    "webapi_url": "https://mriqc.nimh.nih.gov/api/v1"
  },
  "qi_1": 8.865578328271088e-06,
  "qi_2": 0.005192210432591465,
  "rpve_csf": 28.630152427650163,
  "rpve_gm": 14.538630525796812,
  "rpve_wm": 19.309056820163256,
  "size_x": 176,
  "size_y": 240,
  "size_z": 256,
  "snr_csf": 3.366175816611319,
  "snr_gm": 7.716178242708965,
  "snr_total": 7.769030245370659,
  "snr_wm": 12.224736676791693,
  "snrd_csf": 12.66470001175307,
  "snrd_gm": 28.834269120149887,
  "snrd_total": 28.767758024653958,
  "snrd_wm": 44.80430494205892,
  "spacing_x": 1.0,
  "spacing_y": 1.0,
  "spacing_z": 1.0,
  "summary_bg_k": 2002.0764363064898,
  "summary_bg_mad": 14.62154112422659,
  "summary_bg_mean": 46.6255989074707,
  "summary_bg_median": 45.150943756103516,
  "summary_bg_n": 3161069.0,
  "summary_bg_p05": 24.96896743774414,
  "summary_bg_p95": 72.84167327880859,
  "summary_bg_stdv": 19.646556854248047,
  "summary_csf_k": 2.735061331144662,
  "summary_csf_mad": 68.43900512540552,
  "summary_csf_mean": 295.4626770019531,
  "summary_csf_median": 282.65478515625,
  "summary_csf_n": 29892.0,
  "summary_csf_p05": 185.2482147216797,
  "summary_csf_p95": 454.7443481445313,
  "summary_csf_stdv": 83.96770477294922,
  "summary_gm_k": -0.24259367291363176,
  "summary_gm_mad": 86.3878215767896,
  "summary_gm_mean": 644.08203125,
  "summary_gm_median": 643.5323486328125,
  "summary_gm_n": 9810.0,
  "summary_gm_p05": 509.2364837646484,
  "summary_gm_p95": 782.3996093749997,
  "summary_gm_stdv": 83.39614868164062,
  "summary_wm_k": 0.41764633477306745,
  "summary_wm_mad": 76.24221279790156,
  "summary_wm_mean": 1004.474853515625,
  "summary_wm_median": 999.9566650390625,
  "summary_wm_n": 160952.0,
  "summary_wm_p05": 877.7393646240234,
  "summary_wm_p95": 1149.1101928710937,
  "summary_wm_stdv": 81.79755401611328,
  "tpm_overlap_csf": 0.16810590028762817,
  "tpm_overlap_gm": 0.4142218828201294,
  "tpm_overlap_wm": 0.46971395611763,
  "wm2max": 0.6290062363321721
}