{
  "bids_meta": {
    "AcquisitionNumber": 1,
    "DeviceSerialNumber": "35442  ",
    "EchoNumber": 1,
    "EchoTime": 0.00298,
    "FlipAngle": 9,
    "ImageOrientationPatientDICOM": [
      "0.04569990242498",
      "0.98591981522917",
      "0.16085284224045",
      "0.04695077048413",
      "0.15872326786643",
      "-0.9862061393992  "
    ],
    "ImageType": [
      "ORIGINAL",
      "PRIMARY",
      "M",
      "ND",
      "NORM "
    ],
    "ImagingFrequency": 123.251331,
    "InPlanePhaseEncodingDirectionDICOM": "ROW  ",
    "IntendedFor": [
      "ses-NAPFU36/fmap/sub-8504222_ses-NAPFU36_run-001_phasediff.nii.gz",
      "ses-NAPFU36/dwi/sub-8504222_ses-NAPFU36_run-001_dwi.nii.gz",
      "ses-NAPFU36/anat/sub-8504222_ses-NAPFU36_run-001_FLAIR.nii.gz",
      "ses-NAPFU36/fmap/sub-8504222_ses-NAPFU36_run-004_phasediff.nii.gz",
      "ses-NAPFU36/func/sub-8504222_ses-NAPFU36_task-rest_run-001_bold.nii.gz",
      "ses-NAPFU36/asl/sub-8504222_ses-NAPFU36_run-001_asl.nii.gz",
      "ses-NAPFU36/fmap/sub-8504222_ses-NAPFU36_run-005_phasediff.nii.gz",
      "ses-NAPFU36/anat/sub-8504222_ses-NAPFU36_run-001_T2star.nii.gz",
      "ses-NAPFU36/fmap/sub-8504222_ses-NAPFU36_run-003_phasediff.nii.gz",
      "ses-NAPFU36/func/sub-8504222_ses-NAPFU36_task-rest_run-002_bold.nii.gz",
      "ses-NAPFU36/fmap/sub-8504222_ses-NAPFU36_run-002_phasediff.nii.gz",
      "ses-NAPFU36/anat/sub-8504222_ses-NAPFU36_run-002_T1w.nii.gz"
    ],
    "InversionTime": 0.9,
    "MRAcquisitionType": "3D ",
    "MagneticFieldStrength": 3,
    "Manufacturer": "SIEMENS  ",
    "ManufacturerModelName": "TrioTim  ",
    "Modality": "MRI__ ",
    "PatientPosition": "HFS  ",
    "PercentPhaseFOV": 93.75,
    "PhaseEncodingSteps": 239,
    "PixelBandwidth": 238,
    "ProtocolName": "MPRAGE ADNI_iPAT2  ",
    "PulseSequenceType": "*tfl3d1_ns ",
    "ReceiveCoilName": "HeadMatrixix\\\\ ",
    "RepetitionTime": 2.3,
    "SAR": 0.08254792411319,
    "ScanningSequence": "GR\\\\IR  ",
    "SequenceName": "*tfl3d1_ns ",
    "SequenceVariant": "SP\\\\MP  ",
    "SeriesDescription": "MPRAGE ADNI_iPAT2  ",
    "SeriesNumber": 5,
    "SliceOrder": "interleaved ",
    "SliceThickness": 1,
    "SliceTiming": null,
    "SoftwareVersions": "syngo MR B17 ",
    "dataset": "<unset>",
    "modality": "T1w",
    "run_id": 1,
    "session_id": "NAPFU36",
    "subject_id": "8504222"
  },
  "cjv": 0.5109014917598322,
  "cnr": 2.625510511111669,
  "efc": 0.6469816661605862,
  "fber": 117.79979705810547,
  "fwhm_avg": 3.1748833333333337,
  "fwhm_x": 3.23207,
  "fwhm_y": 3.28721,
  "fwhm_z": 3.00537,
  "icvs_csf": 0.20193588427792164,
  "icvs_gm": 0.3885256925792526,
  "icvs_wm": 0.40953842314282574,
  "inu_med": 1.2350594997406006,
  "inu_range": 0.43094598054885846,
  "provenance": {
    "md5sum": "71f66630b376c516a47595a554fba8cc",
    "settings": {
      "testing": false
    },
    "software": "mriqc",
    "version": "0.16.1",
    "warnings": {
      "large_rot_frame": true,
      "small_air_mask": false
    },
    "webapi_port": null,
    "webapi_url": "https://mriqc.nimh.nih.gov/api/v1"
  },
  "qi_1": 0.0,
  "qi_2": 0.0041795294328347676,
  "rpve_csf": 24.137487767291706,
  "rpve_gm": 12.537157622373835,
  "rpve_wm": 14.596402469475148,
  "size_x": 176,
  "size_y": 240,
  "size_z": 256,
  "snr_csf": 3.1725884070603962,
  "snr_gm": 9.550345862261223,
  "snr_total": 9.334304472379761,
  "snr_wm": 15.279979147817667,
  "snrd_csf": 12.616248204995125,
  "snrd_gm": 23.285498001277137,
  "snrd_total": 22.670275628189582,
  "snrd_wm": 32.10908067829648,
  "spacing_x": 1.0,
  "spacing_y": 1.0,
  "spacing_z": 1.0,
  "summary_bg_k": 1489.458343182338,
  "summary_bg_mad": 20.404104903209802,
  "summary_bg_mean": 67.70450592041016,
  "summary_bg_median": 65.56770324707031,
  "summary_bg_n": 2518627.0,
  "summary_bg_p05": 36.083334350585936,
  "summary_bg_p95": 104.61318893432613,
  "summary_bg_stdv": 30.106407165527344,
  "summary_csf_k": 9.457791292679955,
  "summary_csf_mad": 122.28997902246094,
  "summary_csf_mean": 397.4413757324219,
  "summary_csf_median": 392.9307861328125,
  "summary_csf_n": 10539.0,
  "summary_csf_p05": 214.8357681274414,
  "summary_csf_p95": 596.1412170410157,
  "summary_csf_stdv": 123.8459243774414,
  "summary_gm_k": -0.046636742799934794,
  "summary_gm_mad": 75.98082995438634,
  "summary_gm_mean": 723.4862670898438,
  "summary_gm_median": 725.22265625,
  "summary_gm_n": 10291.0,
  "summary_gm_p05": 596.5064697265625,
  "summary_gm_p95": 846.700927734375,
  "summary_gm_stdv": 75.93310546875,
  "summary_wm_k": 0.14611193309200354,
  "summary_wm_mad": 64.41944645567227,
  "summary_wm_mean": 1001.5609130859375,
  "summary_wm_median": 1000.0315551757812,
  "summary_wm_n": 227440.0,
  "summary_wm_p05": 896.9064453125,
  "summary_wm_p95": 1111.8637145996092,
  "summary_wm_stdv": 65.44703674316406,
  "tpm_overlap_csf": 0.14321337640285492,
  "tpm_overlap_gm": 0.3923519253730774,
  "tpm_overlap_wm": 0.4840805232524872,
  "wm2max": 0.4827496673890946
}