{
  "bids_meta": {
    "AcquisitionNumber": 1,
    "DeviceSerialNumber": "35442  ",
    "EchoNumber": 1,
    "EchoTime": 0.00298,
    "FlipAngle": 9,
    "ImageOrientationPatientDICOM": [
      "0.016768907783",
      "0.99905376925908",
      "-0.040129413913",
      "-0.0116244181237",
      "-0.0399375455779",
      "-0.9991345581835 "
    ],
    "ImageType": [
      "ORIGINAL",
      "PRIMARY",
      "M",
      "ND",
      "NORM "
    ],
    "ImagingFrequency": 123.251416,
    "InPlanePhaseEncodingDirectionDICOM": "ROW  ",
    "InversionTime": 0.9,
    "MRAcquisitionType": "3D ",
    "MagneticFieldStrength": 3,
    "Manufacturer": "SIEMENS  ",
    "ManufacturerModelName": "TrioTim  ",
    "Modality": "MRI__ ",
    "PatientPosition": "HFS  ",
    "PercentPhaseFOV": 93.75,
    "PhaseEncodingSteps": 239,
    "PixelBandwidth": 238,
    "ProtocolName": "MPRAGE ADNI_iPAT2  ",
    "PulseSequenceType": "*tfl3d1_ns ",
    "ReceiveCoilName": "32Ch_Headad\\\\  ",
    "RepetitionTime": 2.3,
    "SAR": 0.09212966590123,
    "ScanningSequence": "GR\\\\IR  ",
    "SequenceName": "*tfl3d1_ns ",
    "SequenceVariant": "SP\\\\MP  ",
    "SeriesDescription": "MPRAGE ADNI_iPAT2  ",
    "SeriesNumber": 12,
    "SliceOrder": "interleaved ",
    "SliceThickness": 1,
    "SliceTiming": null,
    "SoftwareVersions": "syngo MR B17 ",
    "dataset": "<unset>",
    "modality": "T1w",
    "run_id": 1,
    "session_id": "PREBL00",
    "subject_id": "7863306"
  },
  "cjv": 0.5126495736964819,
  "cnr": 2.378775457851013,
  "efc": 0.6163493918408689,
  "fber": 176.37220764160156,
  "fwhm_avg": 3.211323333333333,
  "fwhm_x": 3.26511,
  "fwhm_y": 3.24622,
  "fwhm_z": 3.12264,
  "icvs_csf": 0.2066589874677236,
  "icvs_gm": 0.39899185799254655,
  "icvs_wm": 0.39434915453972985,
  "inu_med": 1.7945163249969482,
  "inu_range": 0.572618579864502,
  "provenance": {
    "md5sum": "9f7c5b14ecec90dd036e2e2837f38b50",
    "settings": {
      "testing": false
    },
    "software": "mriqc",
    "version": "0.16.1",
    "warnings": {
      "large_rot_frame": true,
      "small_air_mask": false
    },
    "webapi_port": null,
    "webapi_url": "https://mriqc.nimh.nih.gov/api/v1"
  },
  "qi_1": 2.7438365840985914e-05,
  "qi_2": 0.0030896754901268294,
  "rpve_csf": 26.47095963020031,
  "rpve_gm": 13.994389629474126,
  "rpve_wm": 17.231132083039853,
  "size_x": 176,
  "size_y": 240,
  "size_z": 256,
  "snr_csf": 1.6562205995314,
  "snr_gm": 7.939944784313538,
  "snr_total": 8.660309317086725,
  "snr_wm": 16.384762567415233,
  "snrd_csf": 20.394966564360146,
  "snrd_gm": 46.70400510284607,
  "snrd_total": 43.69141566858958,
  "snrd_wm": 63.975275338562525,
  "spacing_x": 1.0,
  "spacing_y": 1.0,
  "spacing_z": 1.0,
  "summary_bg_k": 3857.924022358914,
  "summary_bg_mad": 10.24057327874663,
  "summary_bg_mean": 47.86786651611328,
  "summary_bg_median": 45.55520248413086,
  "summary_bg_n": 3196789.0,
  "summary_bg_p05": 24.96166229248047,
  "summary_bg_p95": 73.86001129150387,
  "summary_bg_stdv": 26.502546310424805,
  "summary_csf_k": 36.31328763155448,
  "summary_csf_mad": 106.57558546108508,
  "summary_csf_mean": 355.3812255859375,
  "summary_csf_median": 318.7979736328125,
  "summary_csf_n": 15893.0,
  "summary_csf_p05": 189.379052734375,
  "summary_csf_p95": 568.1676147460937,
  "summary_csf_stdv": 192.47915649414062,
  "summary_gm_k": 1.2107693618192767,
  "summary_gm_mad": 82.1866025094947,
  "summary_gm_mean": 736.5843505859375,
  "summary_gm_median": 730.0400390625,
  "summary_gm_n": 8523.0,
  "summary_gm_p05": 598.2411804199219,
  "summary_gm_p95": 902.3743225097656,
  "summary_gm_stdv": 91.93983459472656,
  "summary_wm_k": 0.9674938215966562,
  "summary_wm_mad": 56.21382593736969,
  "summary_wm_mean": 1002.2459106445312,
  "summary_wm_median": 1000.0108642578125,
  "summary_wm_n": 194357.0,
  "summary_wm_p05": 906.4240844726562,
  "summary_wm_p95": 1105.20693359375,
  "summary_wm_stdv": 61.03282165527344,
  "tpm_overlap_csf": 0.1629577875137329,
  "tpm_overlap_gm": 0.4010535180568695,
  "tpm_overlap_wm": 0.49538981914520264,
  "wm2max": 0.4395753267202303
}