{
  "bids_meta": {
    "AcquisitionNumber": 1,
    "DeviceSerialNumber": "35442  ",
    "EchoNumber": 1,
    "EchoTime": 0.00298,
    "FlipAngle": 9,
    "ImageOrientationPatientDICOM": [
      "-0.0201981705637",
      "0.99845319856779",
      "0.05180004030522",
      "-0.0219841337948",
      "0.05135454976586",
      "-0.9984384848751  "
    ],
    "ImageType": [
      "ORIGINAL",
      "PRIMARY",
      "M",
      "ND",
      "NORM "
    ],
    "ImagingFrequency": 123.251442,
    "InPlanePhaseEncodingDirectionDICOM": "ROW  ",
    "IntendedFor": [
      "ses-NAPFU48/anat/sub-2332918_ses-NAPFU48_run-001_T1w.nii.gz",
      "ses-NAPFU48/asl/sub-2332918_ses-NAPFU48_run-001_asl.nii.gz",
      "ses-NAPFU48/fmap/sub-2332918_ses-NAPFU48_run-001_phasediff.nii.gz",
      "ses-NAPFU48/fmap/sub-2332918_ses-NAPFU48_run-003_phasediff.nii.gz",
      "ses-NAPFU48/fmap/sub-2332918_ses-NAPFU48_run-002_phasediff.nii.gz",
      "ses-NAPFU48/anat/sub-2332918_ses-NAPFU48_run-001_FLAIR.nii.gz",
      "ses-NAPFU48/dwi/sub-2332918_ses-NAPFU48_run-001_dwi.nii.gz",
      "ses-NAPFU48/func/sub-2332918_ses-NAPFU48_task-retrieval_run-001_bold.nii.gz",
      "ses-NAPFU48/fmap/sub-2332918_ses-NAPFU48_run-005_phasediff.nii.gz",
      "ses-NAPFU48/func/sub-2332918_ses-NAPFU48_task-rest_run-002_bold.nii.gz",
      "ses-NAPFU48/func/sub-2332918_ses-NAPFU48_task-encoding_run-001_bold.nii.gz",
      "ses-NAPFU48/func/sub-2332918_ses-NAPFU48_task-rest_run-001_bold.nii.gz",
      "ses-NAPFU48/fmap/sub-2332918_ses-NAPFU48_run-004_phasediff.nii.gz",
      "ses-NAPFU48/anat/sub-2332918_ses-NAPFU48_run-001_T2star.nii.gz"
    ],
    "InversionTime": 0.9,
    "MRAcquisitionType": "3D ",
    "MagneticFieldStrength": 3,
    "Manufacturer": "SIEMENS  ",
    "ManufacturerModelName": "TrioTim  ",
    "Modality": "MRI__ ",
    "PatientPosition": "HFS  ",
    "PercentPhaseFOV": 93.75,
    "PhaseEncodingSteps": 239,
    "PixelBandwidth": 238,
    "ProtocolName": "MPRAGE ADNI_iPAT2  ",
    "PulseSequenceType": "*tfl3d1_ns ",
    "ReceiveCoilName": "HeadMatrixix\\\\ ",
    "RepetitionTime": 2.3,
    "SAR": 0.09375011512438,
    "ScanningSequence": "GR\\\\IR  ",
    "SequenceName": "*tfl3d1_ns ",
    "SequenceVariant": "SP\\\\MP  ",
    "SeriesDescription": "MPRAGE ADNI_iPAT2  ",
    "SeriesNumber": 17,
    "SliceOrder": "interleaved ",
    "SliceThickness": 1,
    "SliceTiming": null,
    "SoftwareVersions": "syngo MR B17 ",
    "dataset": "<unset>",
    "modality": "T1w",
    "run_id": 2,
    "session_id": "NAPFU48",
    "subject_id": "2332918"
  },
  "cjv": 0.5045556219975196,
  "cnr": 2.8615242488185246,
  "efc": 0.6256658933307159,
  "fber": 254.47047424316406,
  "fwhm_avg": 2.8915899999999994,
  "fwhm_x": 2.95503,
  "fwhm_y": 2.8823,
  "fwhm_z": 2.83744,
  "icvs_csf": 0.1864919811210867,
  "icvs_gm": 0.4401226694104589,
  "icvs_wm": 0.37338534946845436,
  "inu_med": 1.2714860439300537,
  "inu_range": 0.2883451282978058,
  "provenance": {
    "md5sum": "bb37eeda0827e48ef9d2ddf8df5adc98",
    "settings": {
      "testing": false
    },
    "software": "mriqc",
    "version": "0.16.1",
    "warnings": {
      "large_rot_frame": true,
      "small_air_mask": false
    },
    "webapi_port": null,
    "webapi_url": "https://mriqc.nimh.nih.gov/api/v1"
  },
  "qi_1": 3.806596937260996e-05,
  "qi_2": 0.005278122510948138,
  "rpve_csf": 34.193848061424006,
  "rpve_gm": 15.669960135547928,
  "rpve_wm": 21.34842053013005,
  "size_x": 176,
  "size_y": 240,
  "size_z": 256,
  "snr_csf": 1.1505407966226875,
  "snr_gm": 6.4687525051859245,
  "snr_total": 6.7309491618437525,
  "snr_wm": 12.573554183722646,
  "snrd_csf": 17.299418424932295,
  "snrd_gm": 33.87072702985445,
  "snrd_total": 34.82361654735838,
  "snrd_wm": 53.300704187288375,
  "spacing_x": 1.0,
  "spacing_y": 1.0,
  "spacing_z": 1.0,
  "summary_bg_k": 1467.6143296825458,
  "summary_bg_mad": 12.290598422736814,
  "summary_bg_mean": 32.787742614746094,
  "summary_bg_median": 30.25900650024414,
  "summary_bg_n": 2646643.0,
  "summary_bg_p05": 16.416018295288087,
  "summary_bg_p95": 55.54247169494628,
  "summary_bg_stdv": 15.936118125915527,
  "summary_csf_k": 11.60858391276358,
  "summary_csf_mad": 102.19519449482527,
  "summary_csf_mean": 393.7939453125,
  "summary_csf_median": 324.5434265136719,
  "summary_csf_n": 11745.0,
  "summary_csf_p05": 186.53876953125,
  "summary_csf_p95": 1067.6897705078122,
  "summary_csf_stdv": 282.0670166015625,
  "summary_gm_k": -0.42616822736938387,
  "summary_gm_mad": 105.62364425697594,
  "summary_gm_mean": 637.5475463867188,
  "summary_gm_median": 635.42724609375,
  "summary_gm_n": 10558.0,
  "summary_gm_p05": 479.32438354492183,
  "summary_gm_p95": 800.4456176757812,
  "summary_gm_stdv": 98.2256088256836,
  "summary_wm_k": 0.030627353975251292,
  "summary_wm_mad": 78.29368579562075,
  "summary_wm_mean": 999.15283203125,
  "summary_wm_median": 999.9407348632812,
  "summary_wm_n": 155935.0,
  "summary_wm_p05": 865.8132995605469,
  "summary_wm_p95": 1129.5251953124998,
  "summary_wm_stdv": 79.52703857421875,
  "tpm_overlap_csf": 0.14545497298240662,
  "tpm_overlap_gm": 0.4086492657661438,
  "tpm_overlap_wm": 0.506447970867157,
  "wm2max": 0.6339420386663819
}