{
  "bids_meta": {
    "AcquisitionNumber": 1,
    "DeviceSerialNumber": "35442  ",
    "EchoNumber": 1,
    "EchoTime": 0.00298,
    "FlipAngle": 9,
    "ImageOrientationPatientDICOM": [
      "0.08552157585824",
      "0.99570286067044",
      "0.03552285623978",
      "0.03614773024663",
      "0.03252920067685",
      "-0.9988168964837  "
    ],
    "ImageType": [
      "ORIGINAL",
      "PRIMARY",
      "M",
      "ND",
      "NORM "
    ],
    "ImagingFrequency": 123.247137,
    "InPlanePhaseEncodingDirectionDICOM": "ROW  ",
    "IntendedFor": [
      "ses-NAPFU24/fmap/sub-3321114_ses-NAPFU24_run-005_phasediff.nii.gz",
      "ses-NAPFU24/dwi/sub-3321114_ses-NAPFU24_run-001_dwi.nii.gz",
      "ses-NAPFU24/fmap/sub-3321114_ses-NAPFU24_run-004_phasediff.nii.gz",
      "ses-NAPFU24/anat/sub-3321114_ses-NAPFU24_run-001_FLAIR.nii.gz"
    ],
    "InversionTime": 0.9,
    "MRAcquisitionType": "3D ",
    "MagneticFieldStrength": 3,
    "Manufacturer": "SIEMENS  ",
    "ManufacturerModelName": "TrioTim  ",
    "Modality": "MRI__ ",
    "PatientPosition": "HFS  ",
    "PercentPhaseFOV": 93.75,
    "PhaseEncodingSteps": 239,
    "PixelBandwidth": 238,
    "ProtocolName": "MPRAGE ADNI_iPAT2  ",
    "PulseSequenceType": "*tfl3d1_ns ",
    "ReceiveCoilName": "HeadMatrixix\\\\ ",
    "RepetitionTime": 2.3,
    "SAR": 0.08951458705343,
    "ScanningSequence": "GR\\\\IR  ",
    "SequenceName": "*tfl3d1_ns ",
    "SequenceVariant": "SP\\\\MP  ",
    "SeriesDescription": "MPRAGE ADNI_iPAT2  ",
    "SeriesNumber": 20,
    "SliceOrder": "interleaved ",
    "SliceThickness": 1,
    "SliceTiming": null,
    "SoftwareVersions": "syngo MR B17 ",
    "dataset": "<unset>",
    "modality": "T1w",
    "run_id": 2,
    "session_id": "NAPFU24",
    "subject_id": "3321114"
  },
  "cjv": 0.41393296703349236,
  "cnr": 3.201304845683045,
  "efc": 0.6368373370400335,
  "fber": 104.77472686767578,
  "fwhm_avg": 3.2367166666666667,
  "fwhm_x": 3.29145,
  "fwhm_y": 3.39078,
  "fwhm_z": 3.02792,
  "icvs_csf": 0.21790350920087234,
  "icvs_gm": 0.42357017872200753,
  "icvs_wm": 0.35852631207712016,
  "inu_med": 1.3418056964874268,
  "inu_range": 0.5218273878097532,
  "provenance": {
    "md5sum": "38f373d4464079120e55031fdd5c6c24",
    "settings": {
      "testing": false
    },
    "software": "mriqc",
    "version": "0.16.1",
    "warnings": {
      "large_rot_frame": true,
      "small_air_mask": false
    },
    "webapi_port": null,
    "webapi_url": "https://mriqc.nimh.nih.gov/api/v1"
  },
  "qi_1": 0.0,
  "qi_2": 0.004180076515912395,
  "rpve_csf": 28.67658920273628,
  "rpve_gm": 14.802266773723398,
  "rpve_wm": 20.17787351408833,
  "size_x": 176,
  "size_y": 240,
  "size_z": 256,
  "snr_csf": 2.4920587090236785,
  "snr_gm": 9.017386820721885,
  "snr_total": 8.889225626666013,
  "snr_wm": 15.158231350252478,
  "snrd_csf": 10.111843301929868,
  "snrd_gm": 22.565753300575924,
  "snrd_total": 22.060443381543706,
  "snrd_wm": 33.50373354212533,
  "spacing_x": 1.0,
  "spacing_y": 1.0,
  "spacing_z": 1.0,
  "summary_bg_k": 97.29415993628405,
  "summary_bg_mad": 19.55427132106759,
  "summary_bg_mean": 65.19220733642578,
  "summary_bg_median": 63.573448181152344,
  "summary_bg_n": 2817511.0,
  "summary_bg_p05": 35.11667060852051,
  "summary_bg_p95": 100.19633483886719,
  "summary_bg_stdv": 21.67072868347168,
  "summary_csf_k": -0.06389450708615918,
  "summary_csf_mad": 112.359693240334,
  "summary_csf_mean": 328.71807861328125,
  "summary_csf_median": 301.8146057128906,
  "summary_csf_n": 13943.0,
  "summary_csf_p05": 170.7608444213867,
  "summary_csf_p95": 563.440509033203,
  "summary_csf_stdv": 121.10620880126953,
  "summary_gm_k": 0.18821584613216213,
  "summary_gm_mad": 72.1233856568731,
  "summary_gm_mean": 673.5198364257812,
  "summary_gm_median": 673.5343627929688,
  "summary_gm_n": 8501.0,
  "summary_gm_p05": 548.2101440429688,
  "summary_gm_p95": 796.3215942382812,
  "summary_gm_stdv": 74.68846130371094,
  "summary_wm_k": 0.4150906395656082,
  "summary_wm_mad": 63.014485393384795,
  "summary_wm_mean": 1000.0000610351562,
  "summary_wm_median": 1000.0072021484375,
  "summary_wm_n": 147237.0,
  "summary_wm_p05": 891.6101440429687,
  "summary_wm_p95": 1107.9693115234372,
  "summary_wm_stdv": 65.97100830078125,
  "tpm_overlap_csf": 0.1561649888753891,
  "tpm_overlap_gm": 0.42055851221084595,
  "tpm_overlap_wm": 0.4758818745613098,
  "wm2max": 0.5320604507428446
}