{
  "bids_meta": {
    "AcquisitionNumber": 1,
    "DeviceSerialNumber": "35442  ",
    "EchoNumber": 1,
    "EchoTime": 0.00298,
    "FlipAngle": 9,
    "ImageOrientationPatientDICOM": [
      "-0.0024184013353",
      "0.99865474170424",
      "0.05179631460455",
      "0.06300442056975",
      "0.0518457246226",
      "-0.9966656730454 "
    ],
    "ImageType": [
      "ORIGINAL",
      "PRIMARY",
      "M",
      "ND",
      "NORM "
    ],
    "ImagingFrequency": 123.24712,
    "InPlanePhaseEncodingDirectionDICOM": "ROW  ",
    "IntendedFor": [
      "ses-NAPFU24/anat/sub-9851361_ses-NAPFU24_run-001_T1w.nii.gz",
      "ses-NAPFU24/fmap/sub-9851361_ses-NAPFU24_run-005_phasediff.nii.gz",
      "ses-NAPFU24/func/sub-9851361_ses-NAPFU24_task-retrieval_run-001_bold.nii.gz",
      "ses-NAPFU24/anat/sub-9851361_ses-NAPFU24_run-003_T1w.nii.gz",
      "ses-NAPFU24/dwi/sub-9851361_ses-NAPFU24_run-001_dwi.nii.gz",
      "ses-NAPFU24/func/sub-9851361_ses-NAPFU24_task-rest_run-002_bold.nii.gz",
      "ses-NAPFU24/func/sub-9851361_ses-NAPFU24_task-encoding_run-001_bold.nii.gz",
      "ses-NAPFU24/asl/sub-9851361_ses-NAPFU24_run-001_asl.nii.gz",
      "ses-NAPFU24/fmap/sub-9851361_ses-NAPFU24_run-004_phasediff.nii.gz",
      "ses-NAPFU24/anat/sub-9851361_ses-NAPFU24_run-001_FLAIR.nii.gz",
      "ses-NAPFU24/fmap/sub-9851361_ses-NAPFU24_run-001_phasediff.nii.gz",
      "ses-NAPFU24/fmap/sub-9851361_ses-NAPFU24_run-002_phasediff.nii.gz",
      "ses-NAPFU24/fmap/sub-9851361_ses-NAPFU24_run-003_phasediff.nii.gz",
      "ses-NAPFU24/func/sub-9851361_ses-NAPFU24_task-rest_run-001_bold.nii.gz",
      "ses-NAPFU24/anat/sub-9851361_ses-NAPFU24_run-001_T2star.nii.gz"
    ],
    "InversionTime": 0.9,
    "MRAcquisitionType": "3D ",
    "MagneticFieldStrength": 3,
    "Manufacturer": "SIEMENS  ",
    "ManufacturerModelName": "TrioTim  ",
    "Modality": "MRI__ ",
    "PatientPosition": "HFS  ",
    "PercentPhaseFOV": 93.75,
    "PhaseEncodingSteps": 239,
    "PixelBandwidth": 238,
    "ProtocolName": "MPRAGE ADNI_iPAT2  ",
    "PulseSequenceType": "*tfl3d1_ns ",
    "ReceiveCoilName": "HeadMatrixix\\\\ ",
    "RepetitionTime": 2.3,
    "SAR": 0.07958071009013,
    "ScanningSequence": "GR\\\\IR  ",
    "SequenceName": "*tfl3d1_ns ",
    "SequenceVariant": "SP\\\\MP  ",
    "SeriesDescription": "MPRAGE ADNI_iPAT2  ",
    "SeriesNumber": 17,
    "SliceOrder": "interleaved ",
    "SliceThickness": 1,
    "SliceTiming": null,
    "SoftwareVersions": "syngo MR B17 ",
    "dataset": "<unset>",
    "modality": "T1w",
    "run_id": 2,
    "session_id": "NAPFU24",
    "subject_id": "9851361"
  },
  "cjv": 0.5813902563269541,
  "cnr": 2.186168790935896,
  "efc": 0.7271827124426817,
  "fber": 32.94733810424805,
  "fwhm_avg": 3.0884099999999997,
  "fwhm_x": 3.10347,
  "fwhm_y": 3.10641,
  "fwhm_z": 3.05535,
  "icvs_csf": 0.22316736211803836,
  "icvs_gm": 0.40075304953304497,
  "icvs_wm": 0.37607958834891664,
  "inu_med": 1.4017434120178223,
  "inu_range": 0.5120777845382689,
  "provenance": {
    "md5sum": "adb8523279c8114fe48900c7e6f84718",
    "settings": {
      "testing": false
    },
    "software": "mriqc",
    "version": "0.16.1",
    "warnings": {
      "large_rot_frame": true,
      "small_air_mask": false
    },
    "webapi_port": null,
    "webapi_url": "https://mriqc.nimh.nih.gov/api/v1"
  },
  "qi_1": 2.456071408521866e-06,
  "qi_2": 0.001955577985045428,
  "rpve_csf": 19.951551375713162,
  "rpve_gm": 10.595851682569615,
  "rpve_wm": 13.039307957634039,
  "size_x": 176,
  "size_y": 240,
  "size_z": 256,
  "snr_csf": 2.567560624370193,
  "snr_gm": 7.891716260980945,
  "snr_total": 6.775712709446608,
  "snr_wm": 9.867861242988683,
  "snrd_csf": 6.160503803157069,
  "snrd_gm": 12.664167329791287,
  "snrd_total": 12.410584570683795,
  "snrd_wm": 18.407082579103033,
  "spacing_x": 1.0,
  "spacing_y": 1.0,
  "spacing_z": 1.0,
  "summary_bg_k": 43.7875418644211,
  "summary_bg_mad": 35.59179642522946,
  "summary_bg_mean": 111.02842712402344,
  "summary_bg_median": 101.84088134765625,
  "summary_bg_n": 2626515.0,
  "summary_bg_p05": 54.82488250732422,
  "summary_bg_p95": 199.3768585205078,
  "summary_bg_stdv": 49.97593307495117,
  "summary_csf_k": 24.593750666847384,
  "summary_csf_mad": 122.85491344934879,
  "summary_csf_mean": 340.7816162109375,
  "summary_csf_median": 334.68359375,
  "summary_csf_n": 34913.0,
  "summary_csf_p05": 152.07386779785156,
  "summary_csf_p95": 544.0882080078126,
  "summary_csf_stdv": 130.34893798828125,
  "summary_gm_k": -0.06220105103667084,
  "summary_gm_mad": 87.94951280524235,
  "summary_gm_mean": 687.8162231445312,
  "summary_gm_median": 688.0101318359375,
  "summary_gm_n": 13407.0,
  "summary_gm_p05": 544.3880737304688,
  "summary_gm_p95": 830.8847290039062,
  "summary_gm_stdv": 87.17805480957031,
  "summary_wm_k": 2.535375247971994,
  "summary_wm_mad": 93.44257936224585,
  "summary_wm_mean": 1007.9774169921875,
  "summary_wm_median": 1000.0072631835938,
  "summary_wm_n": 209938.0,
  "summary_wm_p05": 859.9981170654296,
  "summary_wm_p95": 1179.002374267578,
  "summary_wm_stdv": 101.3395767211914,
  "tpm_overlap_csf": 0.15098793804645538,
  "tpm_overlap_gm": 0.40467432141304016,
  "tpm_overlap_wm": 0.46658027172088623,
  "wm2max": 0.5136209356426865
}