{
  "bids_meta": {
    "AcquisitionNumber": 1,
    "DeviceSerialNumber": "35442  ",
    "EchoNumber": 1,
    "EchoTime": 0.00298,
    "FlipAngle": 9,
    "ImageOrientationPatientDICOM": [
      "-0.0385703605308",
      "0.9992497906284",
      "-0.0034904466231",
      "0.01096592098389",
      "-0.0030695635958",
      "-0.9999351610761 "
    ],
    "ImageType": [
      "ORIGINAL",
      "PRIMARY",
      "M",
      "ND",
      "NORM "
    ],
    "ImagingFrequency": 123.251376,
    "InPlanePhaseEncodingDirectionDICOM": "ROW  ",
    "IntendedFor": [
      "ses-NAPFU24/anat/sub-4715777_ses-NAPFU24_run-001_T2star.nii.gz",
      "ses-NAPFU24/anat/sub-4715777_ses-NAPFU24_run-001_FLAIR.nii.gz",
      "ses-NAPFU24/fmap/sub-4715777_ses-NAPFU24_run-002_phasediff.nii.gz",
      "ses-NAPFU24/func/sub-4715777_ses-NAPFU24_task-rest_run-002_bold.nii.gz",
      "ses-NAPFU24/fmap/sub-4715777_ses-NAPFU24_run-004_phasediff.nii.gz",
      "ses-NAPFU24/dwi/sub-4715777_ses-NAPFU24_run-001_dwi.nii.gz",
      "ses-NAPFU24/fmap/sub-4715777_ses-NAPFU24_run-005_phasediff.nii.gz",
      "ses-NAPFU24/func/sub-4715777_ses-NAPFU24_task-rest_run-001_bold.nii.gz",
      "ses-NAPFU24/fmap/sub-4715777_ses-NAPFU24_run-001_phasediff.nii.gz",
      "ses-NAPFU24/fmap/sub-4715777_ses-NAPFU24_run-003_phasediff.nii.gz",
      "ses-NAPFU24/func/sub-4715777_ses-NAPFU24_task-encoding_run-001_bold.nii.gz",
      "ses-NAPFU24/asl/sub-4715777_ses-NAPFU24_run-001_asl.nii.gz",
      "ses-NAPFU24/func/sub-4715777_ses-NAPFU24_task-retrieval_run-001_bold.nii.gz",
      "ses-NAPFU24/anat/sub-4715777_ses-NAPFU24_run-002_T1w.nii.gz"
    ],
    "InversionTime": 0.9,
    "MRAcquisitionType": "3D ",
    "MagneticFieldStrength": 3,
    "Manufacturer": "SIEMENS  ",
    "ManufacturerModelName": "TrioTim  ",
    "Modality": "MRI__ ",
    "PatientPosition": "HFS  ",
    "PercentPhaseFOV": 93.75,
    "PhaseEncodingSteps": 239,
    "PixelBandwidth": 238,
    "ProtocolName": "MPRAGE ADNI_iPAT2  ",
    "PulseSequenceType": "*tfl3d1_ns ",
    "ReceiveCoilName": "HeadMatrixix\\\\ ",
    "RepetitionTime": 2.3,
    "SAR": 0.09702697375802,
    "ScanningSequence": "GR\\\\IR  ",
    "SequenceName": "*tfl3d1_ns ",
    "SequenceVariant": "SP\\\\MP  ",
    "SeriesDescription": "MPRAGE ADNI_iPAT2  ",
    "SeriesNumber": 12,
    "SliceOrder": "interleaved ",
    "SliceThickness": 1,
    "SliceTiming": null,
    "SoftwareVersions": "syngo MR B17 ",
    "dataset": "<unset>",
    "modality": "T1w",
    "run_id": 1,
    "session_id": "NAPFU24",
    "subject_id": "4715777"
  },
  "cjv": 0.5357344054829966,
  "cnr": 2.5154033013290067,
  "efc": 0.6716571780339184,
  "fber": 83.10608673095703,
  "fwhm_avg": 2.8068500000000003,
  "fwhm_x": 2.88246,
  "fwhm_y": 2.80766,
  "fwhm_z": 2.73043,
  "icvs_csf": 0.19958545917588472,
  "icvs_gm": 0.417743452193254,
  "icvs_wm": 0.3826710886308613,
  "inu_med": 1.2611091136932373,
  "inu_range": 0.3651709973812105,
  "provenance": {
    "md5sum": "6c11977abc298c56b19db9edee7ecfb0",
    "settings": {
      "testing": false
    },
    "software": "mriqc",
    "version": "0.16.1",
    "warnings": {
      "large_rot_frame": true,
      "small_air_mask": false
    },
    "webapi_port": null,
    "webapi_url": "https://mriqc.nimh.nih.gov/api/v1"
  },
  "qi_1": 0.0,
  "qi_2": 0.0040418922811813794,
  "rpve_csf": 26.100580172108007,
  "rpve_gm": 12.563128417892228,
  "rpve_wm": 15.94170478219908,
  "size_x": 176,
  "size_y": 240,
  "size_z": 256,
  "snr_csf": 0.6367371078857779,
  "snr_gm": 7.386583074009403,
  "snr_total": 6.971284774732105,
  "snr_wm": 12.890534142301135,
  "snrd_csf": 9.7728522740661,
  "snrd_gm": 19.270849583772257,
  "snrd_total": 19.03144692640947,
  "snrd_wm": 28.050638921390043,
  "spacing_x": 1.0,
  "spacing_y": 1.0,
  "spacing_z": 1.0,
  "summary_bg_k": 854.7549399078805,
  "summary_bg_mad": 23.355622597938964,
  "summary_bg_mean": 77.74214935302734,
  "summary_bg_median": 75.45455932617188,
  "summary_bg_n": 2652509.0,
  "summary_bg_p05": 41.968143463134766,
  "summary_bg_p95": 120.24773254394532,
  "summary_bg_stdv": 28.563396453857422,
  "summary_csf_k": 0.8006578324702369,
  "summary_csf_mad": 152.52908283425725,
  "summary_csf_mean": 592.5144653320312,
  "summary_csf_median": 348.40234375,
  "summary_csf_n": 23107.0,
  "summary_csf_p05": 180.1776580810547,
  "summary_csf_p95": 1826.8042236328124,
  "summary_csf_stdv": 547.1564331054688,
  "summary_gm_k": -0.014663529243447382,
  "summary_gm_mad": 92.34795669768573,
  "summary_gm_mean": 686.8196411132812,
  "summary_gm_median": 687.006103515625,
  "summary_gm_n": 11858.0,
  "summary_gm_p05": 531.1589324951171,
  "summary_gm_p95": 838.3484985351562,
  "summary_gm_stdv": 93.00337219238281,
  "summary_wm_k": 0.23112474528572324,
  "summary_wm_mad": 75.33671602669328,
  "summary_wm_mean": 1004.6563110351562,
  "summary_wm_median": 1000.0057373046875,
  "summary_wm_n": 197804.0,
  "summary_wm_p05": 884.8818511962891,
  "summary_wm_p95": 1140.2101989746093,
  "summary_wm_stdv": 77.57655334472656,
  "tpm_overlap_csf": 0.13921117782592773,
  "tpm_overlap_gm": 0.35896432399749756,
  "tpm_overlap_wm": 0.45737242698669434,
  "wm2max": 0.4794089606923011
}