{
  "bids_meta": {
    "AcquisitionNumber": 1,
    "DeviceSerialNumber": "35442  ",
    "EchoNumber": 1,
    "EchoTime": 0.00298,
    "FlipAngle": 9,
    "ImageOrientationPatientDICOM": [
      "-0.0435473950635",
      "0.99886697469007",
      "-0.0191935212167",
      "0.02103868400474",
      "-0.0182906052637",
      "-0.9996113382382  "
    ],
    "ImageType": [
      "ORIGINAL",
      "PRIMARY",
      "M",
      "ND",
      "NORM "
    ],
    "ImagingFrequency": 123.247218,
    "InPlanePhaseEncodingDirectionDICOM": "ROW  ",
    "IntendedFor": [
      "ses-NAPEN00/fmap/sub-9605091_ses-NAPEN00_run-001_phasediff.nii.gz",
      "ses-NAPEN00/fmap/sub-9605091_ses-NAPEN00_run-002_phasediff.nii.gz",
      "ses-NAPEN00/dwi/sub-9605091_ses-NAPEN00_run-001_dwi.nii.gz",
      "ses-NAPEN00/anat/sub-9605091_ses-NAPEN00_run-001_FLAIR.nii.gz"
    ],
    "InversionTime": 0.9,
    "MRAcquisitionType": "3D ",
    "MagneticFieldStrength": 3,
    "Manufacturer": "SIEMENS  ",
    "ManufacturerModelName": "TrioTim  ",
    "Modality": "MRI__ ",
    "PatientPosition": "HFS  ",
    "PercentPhaseFOV": 93.75,
    "PhaseEncodingSteps": 239,
    "PixelBandwidth": 238,
    "ProtocolName": "MPRAGE ADNI_iPAT2  ",
    "PulseSequenceType": "*tfl3d1_ns ",
    "ReceiveCoilName": "HeadMatrixix\\\\ ",
    "RepetitionTime": 2.3,
    "SAR": 0.10676107511499,
    "ScanningSequence": "GR\\\\IR  ",
    "SequenceName": "*tfl3d1_ns ",
    "SequenceVariant": "SP\\\\MP  ",
    "SeriesDescription": "MPRAGE ADNI_iPAT2  ",
    "SeriesNumber": 4,
    "SliceOrder": "interleaved ",
    "SliceThickness": 1,
    "SliceTiming": null,
    "SoftwareVersions": "syngo MR B17 ",
    "dataset": "<unset>",
    "modality": "T1w",
    "run_id": 1,
    "session_id": "NAPEN00",
    "subject_id": "9605091"
  },
  "cjv": 0.5030916898422813,
  "cnr": 2.640974520211949,
  "efc": 0.662593526053031,
  "fber": 83.38685607910156,
  "fwhm_avg": 3.11065,
  "fwhm_x": 3.19199,
  "fwhm_y": 3.20454,
  "fwhm_z": 2.93542,
  "icvs_csf": 0.1888693722958976,
  "icvs_gm": 0.4065035945356921,
  "icvs_wm": 0.4046270331684103,
  "inu_med": 1.3243420124053955,
  "inu_range": 0.5067683100700378,
  "provenance": {
    "md5sum": "7cf94ff0fd2ca9a2b2316052b4c88d83",
    "settings": {
      "testing": false
    },
    "software": "mriqc",
    "version": "0.16.1",
    "warnings": {
      "large_rot_frame": true,
      "small_air_mask": false
    },
    "webapi_port": null,
    "webapi_url": "https://mriqc.nimh.nih.gov/api/v1"
  },
  "qi_1": 0.0,
  "qi_2": 0.004589821001870232,
  "rpve_csf": 24.840932605309266,
  "rpve_gm": 11.995794820598167,
  "rpve_wm": 14.455067197362515,
  "size_x": 176,
  "size_y": 240,
  "size_z": 256,
  "snr_csf": 1.5384373399434828,
  "snr_gm": 9.24090873769224,
  "snr_total": 8.805923250222575,
  "snr_wm": 15.638423673032,
  "snrd_csf": 9.536269475084385,
  "snrd_gm": 20.602873975600744,
  "snrd_total": 19.51364444198345,
  "snrd_wm": 28.401789875265216,
  "spacing_x": 1.0,
  "spacing_y": 1.0,
  "spacing_z": 1.0,
  "summary_bg_k": 70.11633151671143,
  "summary_bg_mad": 23.067256511685052,
  "summary_bg_mean": 76.77945709228516,
  "summary_bg_median": 74.96536254882812,
  "summary_bg_n": 2320467.0,
  "summary_bg_p05": 41.63462524414062,
  "summary_bg_p95": 117.97887649536128,
  "summary_bg_stdv": 23.665632247924805,
  "summary_csf_k": 25.28863712054147,
  "summary_csf_mad": 142.71436518923412,
  "summary_csf_mean": 377.2902526855469,
  "summary_csf_median": 335.7706604003906,
  "summary_csf_n": 9880.0,
  "summary_csf_p05": 178.04120635986328,
  "summary_csf_p95": 623.8258178710937,
  "summary_csf_stdv": 218.24331665039062,
  "summary_gm_k": 0.15242597684024606,
  "summary_gm_mad": 76.02426556625662,
  "summary_gm_mean": 726.3836669921875,
  "summary_gm_median": 725.4241943359375,
  "summary_gm_n": 10180.0,
  "summary_gm_p05": 598.039437866211,
  "summary_gm_p95": 858.5153747558594,
  "summary_gm_stdv": 78.4975357055664,
  "summary_wm_k": 0.5230747970769176,
  "summary_wm_mad": 62.12405535004403,
  "summary_wm_mean": 1000.8466186523438,
  "summary_wm_median": 1000.0228881835938,
  "summary_wm_n": 229737.0,
  "summary_wm_p05": 897.2561279296875,
  "summary_wm_p95": 1106.5375732421874,
  "summary_wm_stdv": 63.946388244628906,
  "tpm_overlap_csf": 0.16367539763450623,
  "tpm_overlap_gm": 0.4180906414985657,
  "tpm_overlap_wm": 0.49529847502708435,
  "wm2max": 0.4331548121400679
}