{
  "bids_meta": {
    "AcquisitionNumber": 1,
    "DeviceSerialNumber": "35442  ",
    "EchoNumber": 1,
    "EchoTime": 0.00298,
    "FlipAngle": 9,
    "ImageOrientationPatientDICOM": [
      "0.01522220575309",
      "0.99988407478718",
      "-0.0003484809805",
      "0.05731150380198",
      "-0.0012204569227",
      "-0.9983555989811  "
    ],
    "ImageType": [
      "ORIGINAL",
      "PRIMARY",
      "M",
      "ND",
      "NORM "
    ],
    "ImagingFrequency": 123.247225,
    "InPlanePhaseEncodingDirectionDICOM": "ROW  ",
    "IntendedFor": [
      "ses-PREEN00/fmap/sub-9889544_ses-PREEN00_run-002_phasediff.nii.gz",
      "ses-PREEN00/dwi/sub-9889544_ses-PREEN00_run-001_dwi.nii.gz",
      "ses-PREEN00/anat/sub-9889544_ses-PREEN00_run-001_FLAIR.nii.gz",
      "ses-PREEN00/fmap/sub-9889544_ses-PREEN00_run-001_phasediff.nii.gz"
    ],
    "InversionTime": 0.9,
    "MRAcquisitionType": "3D ",
    "MagneticFieldStrength": 3,
    "Manufacturer": "SIEMENS  ",
    "ManufacturerModelName": "TrioTim  ",
    "Modality": "MRI__ ",
    "PatientPosition": "HFS  ",
    "PercentPhaseFOV": 93.75,
    "PhaseEncodingSteps": 239,
    "PixelBandwidth": 238,
    "ProtocolName": "MPRAGE ADNI_iPAT2  ",
    "PulseSequenceType": "*tfl3d1_ns ",
    "ReceiveCoilName": "HeadMatrixix\\\\ ",
    "RepetitionTime": 2.3,
    "SAR": 0.09599369346582,
    "ScanningSequence": "GR\\\\IR  ",
    "SequenceName": "*tfl3d1_ns ",
    "SequenceVariant": "SP\\\\MP  ",
    "SeriesDescription": "MPRAGE ADNI_iPAT2  ",
    "SeriesNumber": 4,
    "SliceOrder": "interleaved ",
    "SliceThickness": 1,
    "SliceTiming": null,
    "SoftwareVersions": "syngo MR B17 ",
    "dataset": "<unset>",
    "modality": "T1w",
    "run_id": 1,
    "session_id": "PREEN00",
    "subject_id": "9889544"
  },
  "cjv": 0.43970699351186293,
  "cnr": 3.0545838634460662,
  "efc": 0.6155387303362087,
  "fber": 101.75078582763672,
  "fwhm_avg": 3.30116,
  "fwhm_x": 3.36262,
  "fwhm_y": 3.46581,
  "fwhm_z": 3.07505,
  "icvs_csf": 0.216302075420918,
  "icvs_gm": 0.3990525055349956,
  "icvs_wm": 0.3846454190440864,
  "inu_med": 1.3109328746795654,
  "inu_range": 0.42712564468383785,
  "provenance": {
    "md5sum": "985f7bf044526bf7ddd8d3314bc3c6c7",
    "settings": {
      "testing": false
    },
    "software": "mriqc",
    "version": "0.16.1",
    "warnings": {
      "large_rot_frame": false,
      "small_air_mask": false
    },
    "webapi_port": null,
    "webapi_url": "https://mriqc.nimh.nih.gov/api/v1"
  },
  "qi_1": 5.6531347612563555e-05,
  "qi_2": 0.004927807364978978,
  "rpve_csf": 25.627585795142455,
  "rpve_gm": 13.987668054081636,
  "rpve_wm": 17.9258832853627,
  "size_x": 176,
  "size_y": 240,
  "size_z": 256,
  "snr_csf": 3.1807792530560564,
  "snr_gm": 9.362888748439339,
  "snr_total": 9.847364151039658,
  "snr_wm": 16.998424451623578,
  "snrd_csf": 11.206919946716136,
  "snrd_gm": 23.22671919151342,
  "snrd_total": 22.52178268875465,
  "snrd_wm": 33.13170892803439,
  "spacing_x": 1.0,
  "spacing_y": 1.0,
  "spacing_z": 1.0,
  "summary_bg_k": 1061.3776801750005,
  "summary_bg_mad": 19.77360419397662,
  "summary_bg_mean": 65.58744812011719,
  "summary_bg_median": 63.90156555175781,
  "summary_bg_n": 2843782.0,
  "summary_bg_p05": 35.27475929260254,
  "summary_bg_p95": 101.06564979553218,
  "summary_bg_stdv": 22.639406204223633,
  "summary_csf_k": -0.3994124155899361,
  "summary_csf_mad": 119.38893260381646,
  "summary_csf_mean": 348.1013488769531,
  "summary_csf_median": 338.25201416015625,
  "summary_csf_n": 15839.0,
  "summary_csf_p05": 191.2248077392578,
  "summary_csf_p95": 527.3491821289061,
  "summary_csf_stdv": 106.33914184570312,
  "summary_gm_k": -0.06466552297069983,
  "summary_gm_mad": 74.08273896108408,
  "summary_gm_mean": 700.3659057617188,
  "summary_gm_median": 701.0386962890625,
  "summary_gm_n": 8466.0,
  "summary_gm_p05": 573.0057830810547,
  "summary_gm_p95": 822.5815582275391,
  "summary_gm_stdv": 74.86976623535156,
  "summary_wm_k": 0.244459215868146,
  "summary_wm_mad": 57.370570575990115,
  "summary_wm_mean": 1000.1666870117188,
  "summary_wm_median": 999.9953002929688,
  "summary_wm_n": 202457.0,
  "summary_wm_p05": 903.703515625,
  "summary_wm_p95": 1096.754052734375,
  "summary_wm_stdv": 58.82855987548828,
  "tpm_overlap_csf": 0.18072140216827393,
  "tpm_overlap_gm": 0.43096429109573364,
  "tpm_overlap_wm": 0.5162307024002075,
  "wm2max": 0.5031044363129906
}