{
  "bids_meta": {
    "AcquisitionNumber": 1,
    "DeviceSerialNumber": "35442  ",
    "EchoNumber": 1,
    "EchoTime": 0.00298,
    "FlipAngle": 9,
    "ImageOrientationPatientDICOM": [
      "0.00076403844797",
      "0.99963143876536",
      "0.02713674404108",
      "0.0566115155964",
      "0.02704999478574",
      "-0.998029776151  "
    ],
    "ImageType": [
      "ORIGINAL",
      "PRIMARY",
      "M",
      "ND",
      "NORM "
    ],
    "ImagingFrequency": 123.25136,
    "InPlanePhaseEncodingDirectionDICOM": "ROW  ",
    "IntendedFor": [
      "ses-NAPFU48/func/sub-7499557_ses-NAPFU48_task-encoding_run-001_bold.nii.gz",
      "ses-NAPFU48/fmap/sub-7499557_ses-NAPFU48_run-001_phasediff.nii.gz",
      "ses-NAPFU48/fmap/sub-7499557_ses-NAPFU48_run-004_phasediff.nii.gz",
      "ses-NAPFU48/fmap/sub-7499557_ses-NAPFU48_run-003_phasediff.nii.gz",
      "ses-NAPFU48/dwi/sub-7499557_ses-NAPFU48_run-001_dwi.nii.gz",
      "ses-NAPFU48/fmap/sub-7499557_ses-NAPFU48_run-002_phasediff.nii.gz",
      "ses-NAPFU48/anat/sub-7499557_ses-NAPFU48_run-001_T2star.nii.gz",
      "ses-NAPFU48/anat/sub-7499557_ses-NAPFU48_run-002_T1w.nii.gz",
      "ses-NAPFU48/anat/sub-7499557_ses-NAPFU48_run-001_FLAIR.nii.gz",
      "ses-NAPFU48/asl/sub-7499557_ses-NAPFU48_run-001_asl.nii.gz",
      "ses-NAPFU48/fmap/sub-7499557_ses-NAPFU48_run-005_phasediff.nii.gz",
      "ses-NAPFU48/func/sub-7499557_ses-NAPFU48_task-rest_run-001_bold.nii.gz",
      "ses-NAPFU48/func/sub-7499557_ses-NAPFU48_task-rest_run-002_bold.nii.gz",
      "ses-NAPFU48/func/sub-7499557_ses-NAPFU48_task-retrieval_run-001_bold.nii.gz"
    ],
    "InversionTime": 0.9,
    "MRAcquisitionType": "3D ",
    "MagneticFieldStrength": 3,
    "Manufacturer": "SIEMENS  ",
    "ManufacturerModelName": "TrioTim  ",
    "Modality": "MRI__ ",
    "PatientPosition": "HFS  ",
    "PercentPhaseFOV": 93.75,
    "PhaseEncodingSteps": 239,
    "PixelBandwidth": 238,
    "ProtocolName": "MPRAGE ADNI_iPAT2  ",
    "PulseSequenceType": "*tfl3d1_ns ",
    "ReceiveCoilName": "HeadMatrixix\\\\ ",
    "RepetitionTime": 2.3,
    "SAR": 0.07798738026251,
    "ScanningSequence": "GR\\\\IR  ",
    "SequenceName": "*tfl3d1_ns ",
    "SequenceVariant": "SP\\\\MP  ",
    "SeriesDescription": "MPRAGE ADNI_iPAT2  ",
    "SeriesNumber": 12,
    "SliceOrder": "interleaved ",
    "SliceThickness": 1,
    "SliceTiming": null,
    "SoftwareVersions": "syngo MR B17 ",
    "dataset": "<unset>",
    "modality": "T1w",
    "run_id": 1,
    "session_id": "NAPFU48",
    "subject_id": "7499557"
  },
  "cjv": 0.4397167052416734,
  "cnr": 3.103897075955663,
  "efc": 0.614102240399601,
  "fber": 100.57071685791016,
  "fwhm_avg": 3.1702133333333333,
  "fwhm_x": 3.25569,
  "fwhm_y": 3.27469,
  "fwhm_z": 2.98026,
  "icvs_csf": 0.2192049984452506,
  "icvs_gm": 0.40948833164150045,
  "icvs_wm": 0.37130666991324895,
  "inu_med": 1.3365929126739502,
  "inu_range": 0.3628845930099487,
  "provenance": {
    "md5sum": "8ec9a2cba9bf9c06a767b44c29a08f43",
    "settings": {
      "testing": false
    },
    "software": "mriqc",
    "version": "0.16.1",
    "warnings": {
      "large_rot_frame": true,
      "small_air_mask": false
    },
    "webapi_port": null,
    "webapi_url": "https://mriqc.nimh.nih.gov/api/v1"
  },
  "qi_1": 0.0,
  "qi_2": 0.003954200768764929,
  "rpve_csf": 29.774774001047227,
  "rpve_gm": 16.00650611071172,
  "rpve_wm": 21.150125414359206,
  "size_x": 176,
  "size_y": 240,
  "size_z": 256,
  "snr_csf": 2.787398483603236,
  "snr_gm": 8.18372767935018,
  "snr_total": 8.931181800945774,
  "snr_wm": 15.822419239883908,
  "snrd_csf": 10.988516275885724,
  "snrd_gm": 23.334477531707744,
  "snrd_total": 23.009307859991186,
  "snrd_wm": 34.70492977238009,
  "spacing_x": 1.0,
  "spacing_y": 1.0,
  "spacing_z": 1.0,
  "summary_bg_k": 2.0879655351352637,
  "summary_bg_mad": 18.87729790054038,
  "summary_bg_mean": 59.786930084228516,
  "summary_bg_median": 58.016658782958984,
  "summary_bg_n": 3057205.0,
  "summary_bg_p05": 30.612746429443362,
  "summary_bg_p95": 94.75208587646483,
  "summary_bg_stdv": 19.959075927734375,
  "summary_csf_k": -0.25640790859869833,
  "summary_csf_mad": 119.2887139785116,
  "summary_csf_mean": 333.80780029296875,
  "summary_csf_median": 316.6264343261719,
  "summary_csf_n": 13860.0,
  "summary_csf_p05": 173.95183639526368,
  "summary_csf_p95": 536.9869262695312,
  "summary_csf_stdv": 113.58799743652344,
  "summary_gm_k": -0.0652339686487946,
  "summary_gm_mad": 82.30790550472828,
  "summary_gm_mean": 670.9661254882812,
  "summary_gm_median": 672.36669921875,
  "summary_gm_n": 6718.0,
  "summary_gm_p05": 533.9047943115235,
  "summary_gm_p95": 803.0697174072266,
  "summary_gm_stdv": 82.15286254882812,
  "summary_wm_k": 0.1502746188799038,
  "summary_wm_mad": 61.757205411456276,
  "summary_wm_mean": 1000.5706787109375,
  "summary_wm_median": 999.9983520507812,
  "summary_wm_n": 161537.0,
  "summary_wm_p05": 897.024853515625,
  "summary_wm_p95": 1105.3491699218748,
  "summary_wm_stdv": 63.2011604309082,
  "tpm_overlap_csf": 0.16413770616054535,
  "tpm_overlap_gm": 0.4124187231063843,
  "tpm_overlap_wm": 0.49534696340560913,
  "wm2max": 0.5237692614808144
}