{
  "bids_meta": {
    "AcquisitionNumber": 1,
    "DeviceSerialNumber": "35442  ",
    "EchoNumber": 1,
    "EchoTime": 0.00298,
    "FlipAngle": 9,
    "ImageOrientationPatientDICOM": [
      "-0.0275723640648",
      "0.99852047843735",
      "0.04686810089089",
      "0.06839899415895",
      "0.04866060256336",
      "-0.996470633464 "
    ],
    "ImageType": [
      "ORIGINAL",
      "PRIMARY",
      "M",
      "ND",
      "NORM "
    ],
    "ImagingFrequency": 123.251526,
    "InPlanePhaseEncodingDirectionDICOM": "ROW  ",
    "IntendedFor": [
      "ses-PREFU12/asl/sub-5261010_ses-PREFU12_run-001_asl.nii.gz",
      "ses-PREFU12/func/sub-5261010_ses-PREFU12_task-rest_run-001_bold.nii.gz",
      "ses-PREFU12/fmap/sub-5261010_ses-PREFU12_run-002_phasediff.nii.gz",
      "ses-PREFU12/fmap/sub-5261010_ses-PREFU12_run-003_phasediff.nii.gz",
      "ses-PREFU12/func/sub-5261010_ses-PREFU12_task-encoding_run-001_bold.nii.gz",
      "ses-PREFU12/anat/sub-5261010_ses-PREFU12_run-001_T2star.nii.gz",
      "ses-PREFU12/fmap/sub-5261010_ses-PREFU12_run-001_phasediff.nii.gz",
      "ses-PREFU12/func/sub-5261010_ses-PREFU12_task-rest_run-002_bold.nii.gz",
      "ses-PREFU12/func/sub-5261010_ses-PREFU12_task-retrieval_run-001_bold.nii.gz"
    ],
    "InversionTime": 0.9,
    "MRAcquisitionType": "3D ",
    "MagneticFieldStrength": 3,
    "Manufacturer": "SIEMENS  ",
    "ManufacturerModelName": "TrioTim  ",
    "Modality": "MRI__ ",
    "PatientPosition": "HFS  ",
    "PercentPhaseFOV": 93.75,
    "PhaseEncodingSteps": 239,
    "PixelBandwidth": 238,
    "ProtocolName": "MPRAGE ADNI_iPAT2  ",
    "PulseSequenceType": "*tfl3d1_ns ",
    "ReceiveCoilName": "HeadMatrixix\\\\ ",
    "RepetitionTime": 2.3,
    "SAR": 0.096643721105,
    "ScanningSequence": "GR\\\\IR  ",
    "SequenceName": "*tfl3d1_ns ",
    "SequenceVariant": "SP\\\\MP  ",
    "SeriesDescription": "MPRAGE ADNI_iPAT2  ",
    "SeriesNumber": 13,
    "SliceOrder": "interleaved ",
    "SliceThickness": 1,
    "SliceTiming": null,
    "SoftwareVersions": "syngo MR B17 ",
    "dataset": "<unset>",
    "modality": "T1w",
    "run_id": 1,
    "session_id": "PREFU12",
    "subject_id": "5261010"
  },
  "cjv": 0.44727906357066094,
  "cnr": 2.9364474987477616,
  "efc": 0.6394150219969785,
  "fber": 111.72991943359375,
  "fwhm_avg": 3.1452633333333337,
  "fwhm_x": 3.15047,
  "fwhm_y": 3.29916,
  "fwhm_z": 2.98616,
  "icvs_csf": 0.20795964627280059,
  "icvs_gm": 0.4139536938339245,
  "icvs_wm": 0.37808665989327495,
  "inu_med": 1.4945745468139648,
  "inu_range": 0.5514285802841186,
  "provenance": {
    "md5sum": "486dbf310e5dd4a874761c066c2b08d5",
    "settings": {
      "testing": false
    },
    "software": "mriqc",
    "version": "0.16.1",
    "warnings": {
      "large_rot_frame": true,
      "small_air_mask": false
    },
    "webapi_port": null,
    "webapi_url": "https://mriqc.nimh.nih.gov/api/v1"
  },
  "qi_1": 0.0,
  "qi_2": 0.004277771593286175,
  "rpve_csf": 27.74496176105829,
  "rpve_gm": 14.148308400826632,
  "rpve_wm": 18.43430024169848,
  "size_x": 176,
  "size_y": 240,
  "size_z": 256,
  "snr_csf": 2.6767348316340307,
  "snr_gm": 9.228645661962044,
  "snr_total": 9.246412032314007,
  "snr_wm": 15.833855603345945,
  "snrd_csf": 10.16888009576959,
  "snrd_gm": 23.09494232384987,
  "snrd_total": 22.124395546428257,
  "snrd_wm": 33.109364219665316,
  "spacing_x": 1.0,
  "spacing_y": 1.0,
  "spacing_z": 1.0,
  "summary_bg_k": 1003.6109284489858,
  "summary_bg_mad": 19.78733900952701,
  "summary_bg_mean": 62.9793586730957,
  "summary_bg_median": 60.661956787109375,
  "summary_bg_n": 2783112.0,
  "summary_bg_p05": 32.11583347320557,
  "summary_bg_p95": 98.1403854370117,
  "summary_bg_stdv": 30.14903450012207,
  "summary_csf_k": 0.3099710678995322,
  "summary_csf_mad": 107.8986409854682,
  "summary_csf_mean": 329.5992736816406,
  "summary_csf_median": 307.1346435546875,
  "summary_csf_n": 11966.0,
  "summary_csf_p05": 176.53458404541016,
  "summary_csf_p95": 546.3394622802734,
  "summary_csf_stdv": 114.73748016357422,
  "summary_gm_k": 0.09515634802678496,
  "summary_gm_mad": 74.27815396907131,
  "summary_gm_mean": 696.8485107421875,
  "summary_gm_median": 697.5455322265625,
  "summary_gm_n": 8125.0,
  "summary_gm_p05": 571.2829711914063,
  "summary_gm_p95": 821.2628784179688,
  "summary_gm_stdv": 75.58016967773438,
  "summary_wm_k": 0.2578334914875886,
  "summary_wm_mad": 61.01011288728744,
  "summary_wm_mean": 999.3302001953125,
  "summary_wm_median": 1000.0150146484375,
  "summary_wm_n": 173784.0,
  "summary_wm_p05": 894.2045684814453,
  "summary_wm_p95": 1101.8411560058594,
  "summary_wm_stdv": 63.156578063964844,
  "tpm_overlap_csf": 0.16821864247322083,
  "tpm_overlap_gm": 0.42100515961647034,
  "tpm_overlap_wm": 0.4976547062397003,
  "wm2max": 0.4854147726799047
}