{
  "bids_meta": {
    "AcquisitionNumber": 1,
    "DeviceSerialNumber": "35442  ",
    "EchoNumber": 1,
    "EchoTime": 0.00298,
    "FlipAngle": 9,
    "ImageOrientationPatientDICOM": [
      "-0.0175091108142",
      "0.99984664285111",
      "-0.0003490241477",
      "0.01756575785304",
      "-4.14158471e-005",
      "-0.9998457093151  "
    ],
    "ImageType": [
      "ORIGINAL",
      "PRIMARY",
      "M",
      "ND",
      "NORM "
    ],
    "ImagingFrequency": 123.247012,
    "InPlanePhaseEncodingDirectionDICOM": "ROW  ",
    "IntendedFor": [
      "ses-PREEN00/dwi/sub-2738676_ses-PREEN00_run-001_dwi.nii.gz",
      "ses-PREEN00/fmap/sub-2738676_ses-PREEN00_run-002_phasediff.nii.gz",
      "ses-PREEN00/fmap/sub-2738676_ses-PREEN00_run-001_phasediff.nii.gz",
      "ses-PREEN00/anat/sub-2738676_ses-PREEN00_run-001_FLAIR.nii.gz"
    ],
    "InversionTime": 0.9,
    "MRAcquisitionType": "3D ",
    "MagneticFieldStrength": 3,
    "Manufacturer": "SIEMENS  ",
    "ManufacturerModelName": "TrioTim  ",
    "Modality": "MRI__ ",
    "PatientPosition": "HFS  ",
    "PercentPhaseFOV": 93.75,
    "PhaseEncodingSteps": 239,
    "PixelBandwidth": 238,
    "ProtocolName": "MPRAGE ADNI_iPAT2  ",
    "PulseSequenceType": "*tfl3d1_ns ",
    "ReceiveCoilName": "HeadMatrixix\\\\ ",
    "RepetitionTime": 2.3,
    "SAR": 0.08393442739084,
    "ScanningSequence": "GR\\\\IR  ",
    "SequenceName": "*tfl3d1_ns ",
    "SequenceVariant": "SP\\\\MP  ",
    "SeriesDescription": "MPRAGE ADNI_iPAT2  ",
    "SeriesNumber": 4,
    "SliceOrder": "interleaved ",
    "SliceThickness": 1,
    "SliceTiming": null,
    "SoftwareVersions": "syngo MR B17 ",
    "dataset": "<unset>",
    "modality": "T1w",
    "run_id": 1,
    "session_id": "PREEN00",
    "subject_id": "2738676"
  },
  "cjv": 0.4245361827740303,
  "cnr": 3.1197175663797276,
  "efc": 0.6543226839697985,
  "fber": 91.67149353027344,
  "fwhm_avg": 3.1000600000000005,
  "fwhm_x": 3.152,
  "fwhm_y": 3.2305,
  "fwhm_z": 2.91768,
  "icvs_csf": 0.2077175269093028,
  "icvs_gm": 0.40566423735097873,
  "icvs_wm": 0.38661823573971843,
  "inu_med": 1.3293182849884033,
  "inu_range": 0.47061460018157963,
  "provenance": {
    "md5sum": "4109ca762b2036d06bb756cbfd0c505a",
    "settings": {
      "testing": false
    },
    "software": "mriqc",
    "version": "0.16.1",
    "warnings": {
      "large_rot_frame": false,
      "small_air_mask": false
    },
    "webapi_port": null,
    "webapi_url": "https://mriqc.nimh.nih.gov/api/v1"
  },
  "qi_1": 0.0,
  "qi_2": 0.0048576188061750045,
  "rpve_csf": 23.350523523724075,
  "rpve_gm": 12.10332357617069,
  "rpve_wm": 15.579495681689172,
  "size_x": 176,
  "size_y": 240,
  "size_z": 256,
  "snr_csf": 2.954598890429332,
  "snr_gm": 8.98961192353165,
  "snr_total": 9.15808326063645,
  "snr_wm": 15.53003896794837,
  "snrd_csf": 9.568665972567958,
  "snrd_gm": 20.819167143658323,
  "snrd_total": 20.34994040330345,
  "snrd_wm": 30.66198809368407,
  "spacing_x": 1.0,
  "spacing_y": 1.0,
  "spacing_z": 1.0,
  "summary_bg_k": 1404.872916431004,
  "summary_bg_mad": 21.366311164030485,
  "summary_bg_mean": 71.70443725585938,
  "summary_bg_median": 69.81668090820312,
  "summary_bg_n": 2841790.0,
  "summary_bg_p05": 38.659819030761724,
  "summary_bg_p95": 110.14738082885741,
  "summary_bg_stdv": 27.154308319091797,
  "summary_csf_k": 3.9607270816411386,
  "summary_csf_mad": 93.48059683398961,
  "summary_csf_mean": 326.65045166015625,
  "summary_csf_median": 312.0679931640625,
  "summary_csf_n": 13256.0,
  "summary_csf_p05": 180.63882446289062,
  "summary_csf_p95": 523.2491455078125,
  "summary_csf_stdv": 105.61711883544922,
  "summary_gm_k": 0.04721707124236385,
  "summary_gm_mad": 73.69715741487727,
  "summary_gm_mean": 679.1614990234375,
  "summary_gm_median": 678.986572265625,
  "summary_gm_n": 9794.0,
  "summary_gm_p05": 551.7103851318359,
  "summary_gm_p95": 803.145230102539,
  "summary_gm_stdv": 75.52627563476562,
  "summary_wm_k": 0.23835902480570104,
  "summary_wm_mad": 62.582844000423876,
  "summary_wm_mean": 1000.6646118164062,
  "summary_wm_median": 999.9957275390625,
  "summary_wm_n": 216478.0,
  "summary_wm_p05": 895.7677947998046,
  "summary_wm_p95": 1107.6560424804688,
  "summary_wm_stdv": 64.39091491699219,
  "tpm_overlap_csf": 0.16566339135169983,
  "tpm_overlap_gm": 0.41362330317497253,
  "tpm_overlap_wm": 0.4782648980617523,
  "wm2max": 0.4830892571802178
}