{
  "bids_meta": {
    "AcquisitionNumber": 1,
    "DeviceSerialNumber": "35442  ",
    "EchoNumber": 1,
    "EchoTime": 0.00298,
    "FlipAngle": 9,
    "ImageOrientationPatientDICOM": [
      "0.04815599667591",
      "0.99391641152961",
      "0.09905133455063",
      "0.01958162351034",
      "0.09820791207067",
      "-0.9949732489004  "
    ],
    "ImageType": [
      "ORIGINAL",
      "PRIMARY",
      "M",
      "ND",
      "NORM "
    ],
    "ImagingFrequency": 123.251791,
    "InPlanePhaseEncodingDirectionDICOM": "ROW  ",
    "IntendedFor": [
      "ses-NAPFU24/func/sub-3974587_ses-NAPFU24_task-retrieval_run-001_bold.nii.gz",
      "ses-NAPFU24/fmap/sub-3974587_ses-NAPFU24_run-004_phasediff.nii.gz",
      "ses-NAPFU24/func/sub-3974587_ses-NAPFU24_task-encoding_run-001_bold.nii.gz",
      "ses-NAPFU24/fmap/sub-3974587_ses-NAPFU24_run-003_phasediff.nii.gz",
      "ses-NAPFU24/asl/sub-3974587_ses-NAPFU24_run-001_asl.nii.gz",
      "ses-NAPFU24/fmap/sub-3974587_ses-NAPFU24_run-002_phasediff.nii.gz",
      "ses-NAPFU24/anat/sub-3974587_ses-NAPFU24_run-002_T1w.nii.gz",
      "ses-NAPFU24/fmap/sub-3974587_ses-NAPFU24_run-001_phasediff.nii.gz",
      "ses-NAPFU24/func/sub-3974587_ses-NAPFU24_task-rest_run-002_bold.nii.gz",
      "ses-NAPFU24/anat/sub-3974587_ses-NAPFU24_run-001_T2star.nii.gz",
      "ses-NAPFU24/anat/sub-3974587_ses-NAPFU24_run-001_FLAIR.nii.gz",
      "ses-NAPFU24/dwi/sub-3974587_ses-NAPFU24_run-001_dwi.nii.gz",
      "ses-NAPFU24/fmap/sub-3974587_ses-NAPFU24_run-005_phasediff.nii.gz",
      "ses-NAPFU24/func/sub-3974587_ses-NAPFU24_task-rest_run-001_bold.nii.gz"
    ],
    "InversionTime": 0.9,
    "MRAcquisitionType": "3D ",
    "MagneticFieldStrength": 3,
    "Manufacturer": "SIEMENS  ",
    "ManufacturerModelName": "TrioTim  ",
    "Modality": "MRI__ ",
    "PatientPosition": "HFS  ",
    "PercentPhaseFOV": 93.75,
    "PhaseEncodingSteps": 239,
    "PixelBandwidth": 238,
    "ProtocolName": "MPRAGE ADNI_iPAT2  ",
    "PulseSequenceType": "*tfl3d1_ns ",
    "ReceiveCoilName": "HeadMatrixix\\\\ ",
    "RepetitionTime": 2.3,
    "SAR": 0.08957933944234,
    "ScanningSequence": "GR\\\\IR  ",
    "SequenceName": "*tfl3d1_ns ",
    "SequenceVariant": "SP\\\\MP  ",
    "SeriesDescription": "MPRAGE ADNI_iPAT2  ",
    "SeriesNumber": 12,
    "SliceOrder": "interleaved ",
    "SliceThickness": 1,
    "SliceTiming": null,
    "SoftwareVersions": "syngo MR B17 ",
    "dataset": "<unset>",
    "modality": "T1w",
    "run_id": 1,
    "session_id": "NAPFU24",
    "subject_id": "3974587"
  },
  "cjv": 0.46676787478372583,
  "cnr": 2.8890733743109314,
  "efc": 0.6277302401169881,
  "fber": 94.49089050292969,
  "fwhm_avg": 3.158913333333333,
  "fwhm_x": 3.22414,
  "fwhm_y": 3.27765,
  "fwhm_z": 2.97495,
  "icvs_csf": 0.20210137600217637,
  "icvs_gm": 0.40593243514944743,
  "icvs_wm": 0.3919661888483762,
  "inu_med": 1.2490315437316895,
  "inu_range": 0.2938271403312682,
  "provenance": {
    "md5sum": "583ce869664756d3c36c6a6ef29f067a",
    "settings": {
      "testing": false
    },
    "software": "mriqc",
    "version": "0.16.1",
    "warnings": {
      "large_rot_frame": true,
      "small_air_mask": false
    },
    "webapi_port": null,
    "webapi_url": "https://mriqc.nimh.nih.gov/api/v1"
  },
  "qi_1": 0.00022460383022196475,
  "qi_2": 0.0031526297232356898,
  "rpve_csf": 28.69284953000665,
  "rpve_gm": 14.746594709281204,
  "rpve_wm": 18.38905080632602,
  "size_x": 176,
  "size_y": 240,
  "size_z": 256,
  "snr_csf": 3.0665965927231293,
  "snr_gm": 8.515822570585225,
  "snr_total": 8.998994355786726,
  "snr_wm": 15.414563904051827,
  "snrd_csf": 9.727078158148716,
  "snrd_gm": 21.252089243091145,
  "snrd_total": 20.575382438727473,
  "snrd_wm": 30.746979914942553,
  "spacing_x": 1.0,
  "spacing_y": 1.0,
  "spacing_z": 1.0,
  "summary_bg_k": 10.016156807593818,
  "summary_bg_mad": 21.307226289393917,
  "summary_bg_mean": 68.60580444335938,
  "summary_bg_median": 65.4678955078125,
  "summary_bg_n": 2811754.0,
  "summary_bg_p05": 35.505073356628415,
  "summary_bg_p95": 110.97312736511233,
  "summary_bg_stdv": 25.087017059326172,
  "summary_csf_k": 7.849598816532131,
  "summary_csf_mad": 98.63928835909276,
  "summary_csf_mean": 330.1214599609375,
  "summary_csf_median": 316.35711669921875,
  "summary_csf_n": 17063.0,
  "summary_csf_p05": 188.29447784423826,
  "summary_csf_p95": 510.50796813964837,
  "summary_csf_stdv": 103.15926361083984,
  "summary_gm_k": -0.09701512514833821,
  "summary_gm_mad": 81.4151679445069,
  "summary_gm_mean": 691.7177734375,
  "summary_gm_median": 691.1890258789062,
  "summary_gm_n": 8551.0,
  "summary_gm_p05": 559.4303283691406,
  "summary_gm_p95": 825.5110168457031,
  "summary_gm_stdv": 81.1605224609375,
  "summary_wm_k": 0.5796649101671862,
  "summary_wm_mad": 62.72536710187323,
  "summary_wm_mean": 1001.6929931640625,
  "summary_wm_median": 999.99462890625,
  "summary_wm_n": 196068.0,
  "summary_wm_p05": 898.7810607910156,
  "summary_wm_p95": 1110.1771606445313,
  "summary_wm_stdv": 64.87319946289062,
  "tpm_overlap_csf": 0.18138660490512848,
  "tpm_overlap_gm": 0.42580270767211914,
  "tpm_overlap_wm": 0.5128228664398193,
  "wm2max": 0.5001954605774346
}