{
  "bids_meta": {
    "AcquisitionNumber": 1,
    "DeviceSerialNumber": "35442  ",
    "EchoNumber": 1,
    "EchoTime": 0.00298,
    "FlipAngle": 9,
    "ImageOrientationPatientDICOM": [
      "0.05576558747293",
      "0.99844382788345",
      "-0.0003490203949",
      "-0.0024651418151",
      "-0.0002118789652",
      "-0.9999969390869  "
    ],
    "ImageType": [
      "ORIGINAL",
      "PRIMARY",
      "M",
      "ND",
      "NORM "
    ],
    "ImagingFrequency": 123.247125,
    "InPlanePhaseEncodingDirectionDICOM": "ROW  ",
    "IntendedFor": [
      "ses-PREEN00/anat/sub-1072774_ses-PREEN00_run-001_FLAIR.nii.gz",
      "ses-PREEN00/dwi/sub-1072774_ses-PREEN00_run-001_dwi.nii.gz",
      "ses-PREEN00/fmap/sub-1072774_ses-PREEN00_run-002_phasediff.nii.gz",
      "ses-PREEN00/fmap/sub-1072774_ses-PREEN00_run-001_phasediff.nii.gz"
    ],
    "InversionTime": 0.9,
    "MRAcquisitionType": "3D ",
    "MagneticFieldStrength": 3,
    "Manufacturer": "SIEMENS  ",
    "ManufacturerModelName": "TrioTim  ",
    "Modality": "MRI__ ",
    "PatientPosition": "HFS  ",
    "PercentPhaseFOV": 93.75,
    "PhaseEncodingSteps": 239,
    "PixelBandwidth": 238,
    "ProtocolName": "MPRAGE ADNI_iPAT2  ",
    "PulseSequenceType": "*tfl3d1_ns ",
    "ReceiveCoilName": "HeadMatrixix\\\\ ",
    "RepetitionTime": 2.3,
    "SAR": 0.06903299405952,
    "ScanningSequence": "GR\\\\IR  ",
    "SequenceName": "*tfl3d1_ns ",
    "SequenceVariant": "SP\\\\MP  ",
    "SeriesDescription": "MPRAGE ADNI_iPAT2  ",
    "SeriesNumber": 4,
    "SliceOrder": "interleaved ",
    "SliceThickness": 1,
    "SliceTiming": null,
    "SoftwareVersions": "syngo MR B17 ",
    "dataset": "<unset>",
    "modality": "T1w",
    "run_id": 1,
    "session_id": "PREEN00",
    "subject_id": "1072774"
  },
  "cjv": 0.3862807393607139,
  "cnr": 3.4808797942979224,
  "efc": 0.5886637742023179,
  "fber": 102.29324340820312,
  "fwhm_avg": 3.343616666666667,
  "fwhm_x": 3.36477,
  "fwhm_y": 3.54095,
  "fwhm_z": 3.12513,
  "icvs_csf": 0.20941813404883924,
  "icvs_gm": 0.41427798248240544,
  "icvs_wm": 0.3763038834687553,
  "inu_med": 1.2769150733947754,
  "inu_range": 0.40427494049072266,
  "provenance": {
    "md5sum": "72bf2921ecb0f912caa12ad1b538eca8",
    "settings": {
      "testing": false
    },
    "software": "mriqc",
    "version": "0.16.1",
    "warnings": {
      "large_rot_frame": true,
      "small_air_mask": false
    },
    "webapi_port": null,
    "webapi_url": "https://mriqc.nimh.nih.gov/api/v1"
  },
  "qi_1": 0.0,
  "qi_2": 0.004742729189233878,
  "rpve_csf": 28.777795339716352,
  "rpve_gm": 14.940939856569424,
  "rpve_wm": 19.582121025446618,
  "size_x": 176,
  "size_y": 240,
  "size_z": 256,
  "snr_csf": 2.766133994159725,
  "snr_gm": 8.830688580515428,
  "snr_total": 9.7232885799317,
  "snr_wm": 17.573043165119948,
  "snrd_csf": 11.614985113299031,
  "snrd_gm": 23.311233072324164,
  "snrd_total": 23.327892333717823,
  "snrd_wm": 35.05745881553026,
  "spacing_x": 1.0,
  "spacing_y": 1.0,
  "spacing_z": 1.0,
  "summary_bg_k": 0.35561270987742644,
  "summary_bg_mad": 18.687527259824833,
  "summary_bg_mean": 62.71702575683594,
  "summary_bg_median": 61.37824630737305,
  "summary_bg_n": 3034371.0,
  "summary_bg_p05": 34.083595275878906,
  "summary_bg_p95": 95.85516357421875,
  "summary_bg_stdv": 18.909576416015625,
  "summary_csf_k": -0.28695276838359307,
  "summary_csf_mad": 134.10075532599686,
  "summary_csf_mean": 345.1361083984375,
  "summary_csf_median": 331.313232421875,
  "summary_csf_n": 12233.0,
  "summary_csf_p05": 175.94451293945312,
  "summary_csf_p95": 553.1818359375,
  "summary_csf_stdv": 119.76993560791016,
  "summary_gm_k": 0.02682247892332823,
  "summary_gm_mad": 74.1197949674609,
  "summary_gm_mean": 663.3003540039062,
  "summary_gm_median": 664.9444580078125,
  "summary_gm_n": 11986.0,
  "summary_gm_p05": 538.1797027587891,
  "summary_gm_p95": 784.8240051269531,
  "summary_gm_stdv": 75.29613494873047,
  "summary_wm_k": 0.23907126717665816,
  "summary_wm_mad": 55.306202630996935,
  "summary_wm_mean": 998.7743530273438,
  "summary_wm_median": 1000.0012817382812,
  "summary_wm_n": 170967.0,
  "summary_wm_p05": 903.066064453125,
  "summary_wm_p95": 1090.26708984375,
  "summary_wm_stdv": 56.90524673461914,
  "tpm_overlap_csf": 0.15376095473766327,
  "tpm_overlap_gm": 0.41957223415374756,
  "tpm_overlap_wm": 0.48056861758232117,
  "wm2max": 0.5003526192543355
}