{
  "bids_meta": {
    "AcquisitionNumber": 1,
    "DeviceSerialNumber": "35442  ",
    "EchoNumber": 1,
    "EchoTime": 0.00298,
    "FlipAngle": 9,
    "ImageOrientationPatientDICOM": [
      "0.06669299779432",
      "0.99518189216888",
      "0.07186825129626",
      "0.05746801225806",
      "0.06807776038126",
      "-0.9960235168452  "
    ],
    "ImageType": [
      "ORIGINAL",
      "PRIMARY",
      "M",
      "ND",
      "NORM "
    ],
    "ImagingFrequency": 123.247165,
    "InPlanePhaseEncodingDirectionDICOM": "ROW  ",
    "IntendedFor": [
      "ses-PREFU24/fmap/sub-4052945_ses-PREFU24_run-002_phasediff.nii.gz",
      "ses-PREFU24/func/sub-4052945_ses-PREFU24_task-encoding_run-001_bold.nii.gz",
      "ses-PREFU24/anat/sub-4052945_ses-PREFU24_run-001_T2star.nii.gz",
      "ses-PREFU24/fmap/sub-4052945_ses-PREFU24_run-001_phasediff.nii.gz",
      "ses-PREFU24/asl/sub-4052945_ses-PREFU24_run-001_asl.nii.gz",
      "ses-PREFU24/func/sub-4052945_ses-PREFU24_task-retrieval_run-001_bold.nii.gz",
      "ses-PREFU24/func/sub-4052945_ses-PREFU24_task-rest_run-002_bold.nii.gz",
      "ses-PREFU24/func/sub-4052945_ses-PREFU24_task-rest_run-001_bold.nii.gz",
      "ses-PREFU24/fmap/sub-4052945_ses-PREFU24_run-003_phasediff.nii.gz"
    ],
    "InversionTime": 0.9,
    "MRAcquisitionType": "3D ",
    "MagneticFieldStrength": 3,
    "Manufacturer": "SIEMENS  ",
    "ManufacturerModelName": "TrioTim  ",
    "Modality": "MRI__ ",
    "PatientPosition": "HFS  ",
    "PercentPhaseFOV": 93.75,
    "PhaseEncodingSteps": 239,
    "PixelBandwidth": 238,
    "ProtocolName": "MPRAGE ADNI_iPAT2  ",
    "PulseSequenceType": "*tfl3d1_ns ",
    "ReceiveCoilName": "HeadMatrixix\\\\ ",
    "RepetitionTime": 2.3,
    "SAR": 0.09463546609372,
    "ScanningSequence": "GR\\\\IR  ",
    "SequenceName": "*tfl3d1_ns ",
    "SequenceVariant": "SP\\\\MP  ",
    "SeriesDescription": "MPRAGE ADNI_iPAT2  ",
    "SeriesNumber": 12,
    "SliceOrder": "interleaved ",
    "SliceThickness": 1,
    "SliceTiming": null,
    "SoftwareVersions": "syngo MR B17 ",
    "dataset": "<unset>",
    "modality": "T1w",
    "run_id": 1,
    "session_id": "PREFU24",
    "subject_id": "4052945"
  },
  "cjv": 0.40399298549141593,
  "cnr": 3.458933935211847,
  "efc": 0.5575532126619401,
  "fber": 209.4225616455078,
  "fwhm_avg": 3.1680266666666665,
  "fwhm_x": 3.25647,
  "fwhm_y": 3.22568,
  "fwhm_z": 3.02193,
  "icvs_csf": 0.19425487945688907,
  "icvs_gm": 0.4348689928916089,
  "icvs_wm": 0.370876127651502,
  "inu_med": 1.4820001125335693,
  "inu_range": 0.3801992297172545,
  "provenance": {
    "md5sum": "0d9836de0bc39405f6f10c0c9b4b34a3",
    "settings": {
      "testing": false
    },
    "software": "mriqc",
    "version": "0.16.1",
    "warnings": {
      "large_rot_frame": true,
      "small_air_mask": false
    },
    "webapi_port": null,
    "webapi_url": "https://mriqc.nimh.nih.gov/api/v1"
  },
  "qi_1": 0.0,
  "qi_2": 0.0061965779237940204,
  "rpve_csf": 35.58504873255652,
  "rpve_gm": 17.072699972395043,
  "rpve_wm": 23.003394528969,
  "size_x": 176,
  "size_y": 240,
  "size_z": 256,
  "snr_csf": 2.1965024143066514,
  "snr_gm": 8.34392115560727,
  "snr_total": 8.745290723357597,
  "snr_wm": 15.695448600158873,
  "snrd_csf": 15.469034225259247,
  "snrd_gm": 32.85422051681862,
  "snrd_total": 32.97837934653384,
  "snrd_wm": 50.61188329752367,
  "spacing_x": 1.0,
  "spacing_y": 1.0,
  "spacing_z": 1.0,
  "summary_bg_k": 0.8442312540957744,
  "summary_bg_mad": 12.944157333740195,
  "summary_bg_mean": 39.050052642822266,
  "summary_bg_median": 37.4263916015625,
  "summary_bg_n": 3562588.0,
  "summary_bg_p05": 20.335401725769042,
  "summary_bg_p95": 62.70174865722656,
  "summary_bg_stdv": 13.333003044128418,
  "summary_csf_k": 29.226185414310827,
  "summary_csf_mad": 94.47980820007948,
  "summary_csf_mean": 327.8453674316406,
  "summary_csf_median": 305.63653564453125,
  "summary_csf_n": 13976.0,
  "summary_csf_p05": 178.12628173828125,
  "summary_csf_p95": 520.4514770507812,
  "summary_csf_stdv": 139.14193725585938,
  "summary_gm_k": -0.20396201976082828,
  "summary_gm_mad": 80.13512951177552,
  "summary_gm_mean": 649.2295532226562,
  "summary_gm_median": 649.13232421875,
  "summary_gm_n": 15986.0,
  "summary_gm_p05": 520.8764343261719,
  "summary_gm_p95": 776.5801849365234,
  "summary_gm_stdv": 77.79460144042969,
  "summary_wm_k": 0.2145601703097908,
  "summary_wm_mad": 61.60789549565219,
  "summary_wm_mean": 999.6032104492188,
  "summary_wm_median": 999.9874877929688,
  "summary_wm_n": 152005.0,
  "summary_wm_p05": 893.75556640625,
  "summary_wm_p95": 1103.9930419921875,
  "summary_wm_stdv": 63.71173095703125,
  "tpm_overlap_csf": 0.16495771706104279,
  "tpm_overlap_gm": 0.43061038851737976,
  "tpm_overlap_wm": 0.49632859230041504,
  "wm2max": 0.627486205711373
}