{
  "bids_meta": {
    "AcquisitionNumber": 1,
    "DeviceSerialNumber": "35442  ",
    "EchoNumber": 1,
    "EchoTime": 0.00298,
    "FlipAngle": 9,
    "ImageOrientationPatientDICOM": [
      "0.00577147697058",
      "0.99943578984138",
      "0.03308764176719",
      "-0.0109776549963",
      "0.03314952266274",
      "-0.9993901141386  "
    ],
    "ImageType": [
      "ORIGINAL",
      "PRIMARY",
      "M",
      "ND",
      "NORM "
    ],
    "ImagingFrequency": 123.247073,
    "InPlanePhaseEncodingDirectionDICOM": "ROW  ",
    "IntendedFor": [
      "ses-NAPFU03/fmap/sub-6161064_ses-NAPFU03_run-001_phasediff.nii.gz",
      "ses-NAPFU03/asl/sub-6161064_ses-NAPFU03_run-001_asl.nii.gz",
      "ses-NAPFU03/anat/sub-6161064_ses-NAPFU03_run-001_T2star.nii.gz",
      "ses-NAPFU03/fmap/sub-6161064_ses-NAPFU03_run-003_phasediff.nii.gz",
      "ses-NAPFU03/fmap/sub-6161064_ses-NAPFU03_run-002_phasediff.nii.gz",
      "ses-NAPFU03/func/sub-6161064_ses-NAPFU03_task-rest_run-002_bold.nii.gz",
      "ses-NAPFU03/func/sub-6161064_ses-NAPFU03_task-retrieval_run-001_bold.nii.gz",
      "ses-NAPFU03/anat/sub-6161064_ses-NAPFU03_run-002_T1w.nii.gz",
      "ses-NAPFU03/func/sub-6161064_ses-NAPFU03_task-rest_run-001_bold.nii.gz",
      "ses-NAPFU03/func/sub-6161064_ses-NAPFU03_task-encoding_run-001_bold.nii.gz"
    ],
    "InversionTime": 0.9,
    "MRAcquisitionType": "3D ",
    "MagneticFieldStrength": 3,
    "Manufacturer": "SIEMENS  ",
    "ManufacturerModelName": "TrioTim  ",
    "Modality": "MRI__ ",
    "PatientPosition": "HFS  ",
    "PercentPhaseFOV": 93.75,
    "PhaseEncodingSteps": 239,
    "PixelBandwidth": 238,
    "ProtocolName": "MPRAGE ADNI_iPAT2  ",
    "PulseSequenceType": "*tfl3d1_ns ",
    "ReceiveCoilName": "HeadMatrixix\\\\ ",
    "RepetitionTime": 2.3,
    "SAR": 0.09463116373906,
    "ScanningSequence": "GR\\\\IR  ",
    "SequenceName": "*tfl3d1_ns ",
    "SequenceVariant": "SP\\\\MP  ",
    "SeriesDescription": "MPRAGE ADNI_iPAT2  ",
    "SeriesNumber": 12,
    "SliceOrder": "interleaved ",
    "SliceThickness": 1,
    "SliceTiming": null,
    "SoftwareVersions": "syngo MR B17 ",
    "dataset": "<unset>",
    "modality": "T1w",
    "run_id": 1,
    "session_id": "NAPFU03",
    "subject_id": "6161064"
  },
  "cjv": 0.4536697457625722,
  "cnr": 3.0037920206921362,
  "efc": 0.619330334045027,
  "fber": 129.296875,
  "fwhm_avg": 3.042096666666667,
  "fwhm_x": 3.09256,
  "fwhm_y": 3.04609,
  "fwhm_z": 2.98764,
  "icvs_csf": 0.21344312969132373,
  "icvs_gm": 0.40277489782664716,
  "icvs_wm": 0.3837819724820291,
  "inu_med": 1.2086290121078491,
  "inu_range": 0.3362884521484375,
  "provenance": {
    "md5sum": "e915b5035e781201248c34d2b9434c44",
    "settings": {
      "testing": false
    },
    "software": "mriqc",
    "version": "0.16.1",
    "warnings": {
      "large_rot_frame": true,
      "small_air_mask": false
    },
    "webapi_port": null,
    "webapi_url": "https://mriqc.nimh.nih.gov/api/v1"
  },
  "qi_1": 5.739245160972323e-06,
  "qi_2": 0.00267443472642997,
  "rpve_csf": 27.496435644577726,
  "rpve_gm": 14.436716241041305,
  "rpve_wm": 17.771886814940373,
  "size_x": 176,
  "size_y": 240,
  "size_z": 256,
  "snr_csf": 1.6933458171696338,
  "snr_gm": 7.127595126236172,
  "snr_total": 7.683549157409545,
  "snr_wm": 14.229706528822831,
  "snrd_csf": 12.116457319180627,
  "snrd_gm": 23.89395377277735,
  "snrd_total": 24.333580416854726,
  "snrd_wm": 36.990330158606206,
  "spacing_x": 1.0,
  "spacing_y": 1.0,
  "spacing_z": 1.0,
  "summary_bg_k": 1212.1107241382877,
  "summary_bg_mad": 17.710336278476767,
  "summary_bg_mean": 56.38509750366211,
  "summary_bg_median": 53.114192962646484,
  "summary_bg_n": 2745230.0,
  "summary_bg_p05": 28.505095291137696,
  "summary_bg_p95": 93.41420288085936,
  "summary_bg_stdv": 27.23138999938965,
  "summary_csf_k": 23.693123190907723,
  "summary_csf_mad": 115.89232060282978,
  "summary_csf_mean": 353.7221984863281,
  "summary_csf_median": 327.5448303222656,
  "summary_csf_n": 20836.0,
  "summary_csf_p05": 160.59294891357422,
  "summary_csf_p95": 567.3063659667969,
  "summary_csf_stdv": 193.42591857910156,
  "summary_gm_k": -0.21456132097718195,
  "summary_gm_mad": 93.67229040543901,
  "summary_gm_mean": 647.5308837890625,
  "summary_gm_median": 645.926513671875,
  "summary_gm_n": 10738.0,
  "summary_gm_p05": 502.0501876831055,
  "summary_gm_p95": 798.6744415283204,
  "summary_gm_stdv": 90.61912536621094,
  "summary_wm_k": 0.5353671388380583,
  "summary_wm_mad": 66.94269354190337,
  "summary_wm_mean": 1002.4444580078125,
  "summary_wm_median": 999.9615478515625,
  "summary_wm_n": 180381.0,
  "summary_wm_p05": 891.8470458984375,
  "summary_wm_p95": 1121.99462890625,
  "summary_wm_stdv": 70.27262115478516,
  "tpm_overlap_csf": 0.1586451530456543,
  "tpm_overlap_gm": 0.40372416377067566,
  "tpm_overlap_wm": 0.4864659309387207,
  "wm2max": 0.5487688483664505
}