{
  "bids_meta": {
    "AcquisitionNumber": 1,
    "DeviceSerialNumber": "35442  ",
    "EchoNumber": 1,
    "EchoTime": 0.00298,
    "FlipAngle": 9,
    "ImageOrientationPatientDICOM": [
      "-0.0138756984718",
      "0.99990366731748",
      "-0.0003479611601",
      "-0.0789836579342",
      "-0.0014429661615",
      "-0.9968748665846  "
    ],
    "ImageType": [
      "ORIGINAL",
      "PRIMARY",
      "M",
      "ND",
      "NORM "
    ],
    "ImagingFrequency": 123.247202,
    "InPlanePhaseEncodingDirectionDICOM": "ROW  ",
    "IntendedFor": [
      "ses-NAPEN00/dwi/sub-3697357_ses-NAPEN00_run-001_dwi.nii.gz",
      "ses-NAPEN00/fmap/sub-3697357_ses-NAPEN00_run-001_phasediff.nii.gz",
      "ses-NAPEN00/fmap/sub-3697357_ses-NAPEN00_run-002_phasediff.nii.gz",
      "ses-NAPEN00/anat/sub-3697357_ses-NAPEN00_run-001_FLAIR.nii.gz"
    ],
    "InversionTime": 0.9,
    "MRAcquisitionType": "3D ",
    "MagneticFieldStrength": 3,
    "Manufacturer": "SIEMENS  ",
    "ManufacturerModelName": "TrioTim  ",
    "Modality": "MRI__ ",
    "PatientPosition": "HFS  ",
    "PercentPhaseFOV": 93.75,
    "PhaseEncodingSteps": 239,
    "PixelBandwidth": 238,
    "ProtocolName": "MPRAGE ADNI_iPAT2  ",
    "PulseSequenceType": "*tfl3d1_ns ",
    "ReceiveCoilName": "HeadMatrixix\\\\ ",
    "RepetitionTime": 2.3,
    "SAR": 0.08238990919192,
    "ScanningSequence": "GR\\\\IR  ",
    "SequenceName": "*tfl3d1_ns ",
    "SequenceVariant": "SP\\\\MP  ",
    "SeriesDescription": "MPRAGE ADNI_iPAT2  ",
    "SeriesNumber": 4,
    "SliceOrder": "interleaved ",
    "SliceThickness": 1,
    "SliceTiming": null,
    "SoftwareVersions": "syngo MR B17 ",
    "dataset": "<unset>",
    "modality": "T1w",
    "run_id": 1,
    "session_id": "NAPEN00",
    "subject_id": "3697357"
  },
  "cjv": 0.4454082402770003,
  "cnr": 2.99103356475145,
  "efc": 0.6396719313987265,
  "fber": 110.6159439086914,
  "fwhm_avg": 3.44674,
  "fwhm_x": 3.45075,
  "fwhm_y": 3.62379,
  "fwhm_z": 3.26568,
  "icvs_csf": 0.21255429823270336,
  "icvs_gm": 0.38862167938508124,
  "icvs_wm": 0.39882402238221537,
  "inu_med": 1.2831473350524902,
  "inu_range": 0.4752334654331207,
  "provenance": {
    "md5sum": "015742085138820db83b4ba4a23e989b",
    "settings": {
      "testing": false
    },
    "software": "mriqc",
    "version": "0.16.1",
    "warnings": {
      "large_rot_frame": false,
      "small_air_mask": false
    },
    "webapi_port": null,
    "webapi_url": "https://mriqc.nimh.nih.gov/api/v1"
  },
  "qi_1": 0.0,
  "qi_2": 0.004437504715169614,
  "rpve_csf": 24.714255108881193,
  "rpve_gm": 13.524150170683127,
  "rpve_wm": 16.3351637149291,
  "size_x": 176,
  "size_y": 240,
  "size_z": 256,
  "snr_csf": 2.509467655086052,
  "snr_gm": 9.595077074805271,
  "snr_total": 9.723620063909642,
  "snr_wm": 17.066315461837604,
  "snrd_csf": 10.134140716466174,
  "snrd_gm": 23.04448653453556,
  "snrd_total": 21.93394243606524,
  "snrd_wm": 32.62320005719399,
  "spacing_x": 1.0,
  "spacing_y": 1.0,
  "spacing_z": 1.0,
  "summary_bg_k": 1677.4886549830408,
  "summary_bg_mad": 20.0819348257907,
  "summary_bg_mean": 67.32355499267578,
  "summary_bg_median": 65.55845642089844,
  "summary_bg_n": 2621527.0,
  "summary_bg_p05": 36.279693603515625,
  "summary_bg_p95": 103.00055236816405,
  "summary_bg_stdv": 27.995742797851562,
  "summary_csf_k": 4.164005683484092,
  "summary_csf_mad": 117.50699422867847,
  "summary_csf_mean": 333.0907287597656,
  "summary_csf_median": 310.6424255371094,
  "summary_csf_n": 11285.0,
  "summary_csf_p05": 170.2083984375,
  "summary_csf_p95": 560.3741088867187,
  "summary_csf_stdv": 123.7826919555664,
  "summary_gm_k": -0.05816318663630193,
  "summary_gm_mad": 74.0261369293656,
  "summary_gm_mean": 705.2355346679688,
  "summary_gm_median": 706.384033203125,
  "summary_gm_n": 12373.0,
  "summary_gm_p05": 583.5870483398437,
  "summary_gm_p95": 825.273876953125,
  "summary_gm_stdv": 73.61644744873047,
  "summary_wm_k": 0.24430034719814486,
  "summary_wm_mad": 56.75324194228374,
  "summary_wm_mean": 1000.1082153320312,
  "summary_wm_median": 1000.0009155273438,
  "summary_wm_n": 231654.0,
  "summary_wm_p05": 903.6207885742188,
  "summary_wm_p95": 1096.364758300781,
  "summary_wm_stdv": 58.59488296508789,
  "tpm_overlap_csf": 0.17024333775043488,
  "tpm_overlap_gm": 0.4165063500404358,
  "tpm_overlap_wm": 0.4972436726093292,
  "wm2max": 0.48725575704491825
}