{
  "bids_meta": {
    "AcquisitionNumber": 1,
    "DeviceSerialNumber": "35442  ",
    "EchoNumber": 1,
    "EchoTime": 0.00298,
    "FlipAngle": 9,
    "ImageOrientationPatientDICOM": [
      "0",
      "0.99999993908387",
      "-0.0003490447892",
      "0",
      "-0.0003490447892",
      "-0.9999999390839  "
    ],
    "ImageType": [
      "ORIGINAL",
      "PRIMARY",
      "M",
      "ND",
      "NORM "
    ],
    "ImagingFrequency": 123.247289,
    "InPlanePhaseEncodingDirectionDICOM": "ROW  ",
    "IntendedFor": [
      "ses-PREEN00/anat/sub-4317780_ses-PREEN00_run-002_T1w.nii.gz",
      "ses-PREEN00/fmap/sub-4317780_ses-PREEN00_run-001_phasediff.nii.gz",
      "ses-PREEN00/fmap/sub-4317780_ses-PREEN00_run-002_phasediff.nii.gz",
      "ses-PREEN00/dwi/sub-4317780_ses-PREEN00_run-001_dwi.nii.gz",
      "ses-PREEN00/anat/sub-4317780_ses-PREEN00_run-001_FLAIR.nii.gz"
    ],
    "InversionTime": 0.9,
    "MRAcquisitionType": "3D ",
    "MagneticFieldStrength": 3,
    "Manufacturer": "SIEMENS  ",
    "ManufacturerModelName": "TrioTim  ",
    "Modality": "MRI__ ",
    "PatientPosition": "HFS  ",
    "PercentPhaseFOV": 93.75,
    "PhaseEncodingSteps": 239,
    "PixelBandwidth": 238,
    "ProtocolName": "MPRAGE ADNI_iPAT2  ",
    "PulseSequenceType": "*tfl3d1_ns ",
    "ReceiveCoilName": "HeadMatrixix\\\\ ",
    "RepetitionTime": 2.3,
    "SAR": 0.10973610602117,
    "ScanningSequence": "GR\\\\IR  ",
    "SequenceName": "*tfl3d1_ns ",
    "SequenceVariant": "SP\\\\MP  ",
    "SeriesDescription": "MPRAGE ADNI_iPAT2  ",
    "SeriesNumber": 4,
    "SliceOrder": "interleaved ",
    "SliceThickness": 1,
    "SliceTiming": null,
    "SoftwareVersions": "syngo MR B17 ",
    "dataset": "<unset>",
    "modality": "T1w",
    "run_id": 1,
    "session_id": "PREEN00",
    "subject_id": "4317780"
  },
  "cjv": 0.4576688693140866,
  "cnr": 3.0662158816309906,
  "efc": 0.5981791782622086,
  "fber": 141.86050415039062,
  "fwhm_avg": 3.01633,
  "fwhm_x": 3.09305,
  "fwhm_y": 3.08068,
  "fwhm_z": 2.87526,
  "icvs_csf": 0.22093368860139478,
  "icvs_gm": 0.4186918712478191,
  "icvs_wm": 0.3603744401507861,
  "inu_med": 1.2199615240097046,
  "inu_range": 0.40346299409866315,
  "provenance": {
    "md5sum": "5651c7bd0195f6ba0163b93a72a33f68",
    "settings": {
      "testing": false
    },
    "software": "mriqc",
    "version": "0.16.1",
    "warnings": {
      "large_rot_frame": false,
      "small_air_mask": false
    },
    "webapi_port": null,
    "webapi_url": "https://mriqc.nimh.nih.gov/api/v1"
  },
  "qi_1": 0.0,
  "qi_2": 0.003939133852519374,
  "rpve_csf": 29.170511289622233,
  "rpve_gm": 15.592099887353866,
  "rpve_wm": 20.887899148884063,
  "size_x": 176,
  "size_y": 240,
  "size_z": 256,
  "snr_csf": 2.412988691418036,
  "snr_gm": 6.4190132307128245,
  "snr_total": 6.774433043033308,
  "snr_wm": 11.491297206969064,
  "snrd_csf": 12.89981871855615,
  "snrd_gm": 26.45614659108081,
  "snrd_total": 27.752059835103392,
  "snrd_wm": 43.90021419567321,
  "spacing_x": 1.0,
  "spacing_y": 1.0,
  "spacing_z": 1.0,
  "summary_bg_k": 837.9255071104783,
  "summary_bg_mad": 14.92264945443151,
  "summary_bg_mean": 46.160579681396484,
  "summary_bg_median": 43.990211486816406,
  "summary_bg_n": 3527844.0,
  "summary_bg_p05": 23.47139959335327,
  "summary_bg_p95": 74.9069438934326,
  "summary_bg_stdv": 20.195941925048828,
  "summary_csf_k": 29.197311785140577,
  "summary_csf_mad": 91.30862394740217,
  "summary_csf_mean": 308.76287841796875,
  "summary_csf_median": 293.8311462402344,
  "summary_csf_n": 23291.0,
  "summary_csf_p05": 163.6266632080078,
  "summary_csf_p95": 491.9490661621094,
  "summary_csf_stdv": 121.76801300048828,
  "summary_gm_k": -0.24233994784677382,
  "summary_gm_mad": 97.6293651376797,
  "summary_gm_mean": 606.9789428710938,
  "summary_gm_median": 602.6162109375,
  "summary_gm_n": 10220.0,
  "summary_gm_p05": 460.31842346191405,
  "summary_gm_p95": 766.66728515625,
  "summary_gm_stdv": 93.87528991699219,
  "summary_wm_k": 0.16413098603599696,
  "summary_wm_mad": 84.22065601703676,
  "summary_wm_mean": 997.9606323242188,
  "summary_wm_median": 999.9559326171875,
  "summary_wm_n": 148580.0,
  "summary_wm_p05": 850.5466949462891,
  "summary_wm_p95": 1139.0629943847657,
  "summary_wm_stdv": 87.01824951171875,
  "tpm_overlap_csf": 0.1571427434682846,
  "tpm_overlap_gm": 0.4004083275794983,
  "tpm_overlap_wm": 0.48169824481010437,
  "wm2max": 0.6481087028021021
}