{
  "bids_meta": {
    "AcquisitionNumber": 1,
    "DeviceSerialNumber": "35442  ",
    "EchoNumber": 1,
    "EchoTime": 0.00298,
    "FlipAngle": 9,
    "ImageOrientationPatientDICOM": [
      "-0.0229166935986",
      "0.9996182636252",
      "-0.0154321800614",
      "0.08813224251019",
      "-0.0133561471447",
      "-0.9960192373461 "
    ],
    "ImageType": [
      "ORIGINAL",
      "PRIMARY",
      "M",
      "ND",
      "NORM "
    ],
    "ImagingFrequency": 123.251357,
    "InPlanePhaseEncodingDirectionDICOM": "ROW  ",
    "IntendedFor": [
      "ses-PREFU24/dwi/sub-4136011_ses-PREFU24_run-001_dwi.nii.gz",
      "ses-PREFU24/fmap/sub-4136011_ses-PREFU24_run-002_phasediff.nii.gz",
      "ses-PREFU24/fmap/sub-4136011_ses-PREFU24_run-001_phasediff.nii.gz",
      "ses-PREFU24/anat/sub-4136011_ses-PREFU24_run-001_T2star.nii.gz",
      "ses-PREFU24/func/sub-4136011_ses-PREFU24_task-retrieval_run-001_bold.nii.gz",
      "ses-PREFU24/anat/sub-4136011_ses-PREFU24_run-001_FLAIR.nii.gz",
      "ses-PREFU24/fmap/sub-4136011_ses-PREFU24_run-004_phasediff.nii.gz",
      "ses-PREFU24/func/sub-4136011_ses-PREFU24_task-rest_run-001_bold.nii.gz",
      "ses-PREFU24/asl/sub-4136011_ses-PREFU24_run-001_asl.nii.gz",
      "ses-PREFU24/func/sub-4136011_ses-PREFU24_task-rest_run-002_bold.nii.gz",
      "ses-PREFU24/fmap/sub-4136011_ses-PREFU24_run-005_phasediff.nii.gz",
      "ses-PREFU24/fmap/sub-4136011_ses-PREFU24_run-003_phasediff.nii.gz",
      "ses-PREFU24/func/sub-4136011_ses-PREFU24_task-encoding_run-001_bold.nii.gz",
      "ses-PREFU24/anat/sub-4136011_ses-PREFU24_run-002_T1w.nii.gz"
    ],
    "InversionTime": 0.9,
    "MRAcquisitionType": "3D ",
    "MagneticFieldStrength": 3,
    "Manufacturer": "SIEMENS  ",
    "ManufacturerModelName": "TrioTim  ",
    "Modality": "MRI__ ",
    "PatientPosition": "HFS  ",
    "PercentPhaseFOV": 93.75,
    "PhaseEncodingSteps": 239,
    "PixelBandwidth": 238,
    "ProtocolName": "MPRAGE ADNI_iPAT2  ",
    "PulseSequenceType": "*tfl3d1_ns ",
    "ReceiveCoilName": "HeadMatrixix\\\\ ",
    "RepetitionTime": 2.3,
    "SAR": 0.07882383928597,
    "ScanningSequence": "GR\\\\IR  ",
    "SequenceName": "*tfl3d1_ns ",
    "SequenceVariant": "SP\\\\MP  ",
    "SeriesDescription": "MPRAGE ADNI_iPAT2  ",
    "SeriesNumber": 12,
    "SliceOrder": "interleaved ",
    "SliceThickness": 1,
    "SliceTiming": null,
    "SoftwareVersions": "syngo MR B17 ",
    "dataset": "<unset>",
    "modality": "T1w",
    "run_id": 1,
    "session_id": "PREFU24",
    "subject_id": "4136011"
  },
  "cjv": 0.43788825273035126,
  "cnr": 3.0624939666615942,
  "efc": 0.6137449845086446,
  "fber": 83.1142349243164,
  "fwhm_avg": 3.204736666666667,
  "fwhm_x": 3.26793,
  "fwhm_y": 3.31265,
  "fwhm_z": 3.03363,
  "icvs_csf": 0.21424961209614607,
  "icvs_gm": 0.4075796990877827,
  "icvs_wm": 0.3781706888160712,
  "inu_med": 1.4173848628997803,
  "inu_range": 0.34701559543609606,
  "provenance": {
    "md5sum": "eee23c90d899b41904c029f06525b108",
    "settings": {
      "testing": false
    },
    "software": "mriqc",
    "version": "0.16.1",
    "warnings": {
      "large_rot_frame": true,
      "small_air_mask": false
    },
    "webapi_port": null,
    "webapi_url": "https://mriqc.nimh.nih.gov/api/v1"
  },
  "qi_1": 0.0,
  "qi_2": 0.005051710303165732,
  "rpve_csf": 29.58834106153558,
  "rpve_gm": 15.782420789717397,
  "rpve_wm": 20.4557219269653,
  "size_x": 176,
  "size_y": 240,
  "size_z": 256,
  "snr_csf": 3.190983227931424,
  "snr_gm": 8.397543362553538,
  "snr_total": 9.216200182803222,
  "snr_wm": 16.0600739579247,
  "snrd_csf": 9.543153389947513,
  "snrd_gm": 22.501528342826795,
  "snrd_total": 21.76055682539693,
  "snrd_wm": 33.23698874341648,
  "spacing_x": 1.0,
  "spacing_y": 1.0,
  "spacing_z": 1.0,
  "summary_bg_k": 1494.214619767678,
  "summary_bg_mad": 19.71096189748245,
  "summary_bg_mean": 65.62923431396484,
  "summary_bg_median": 63.74409103393555,
  "summary_bg_n": 3140191.0,
  "summary_bg_p05": 34.83325958251953,
  "summary_bg_p95": 101.36284637451172,
  "summary_bg_stdv": 27.349018096923828,
  "summary_csf_k": 1.2801689323889658,
  "summary_csf_mad": 78.54178910571521,
  "summary_csf_mean": 301.8941345214844,
  "summary_csf_median": 287.1230163574219,
  "summary_csf_n": 17063.0,
  "summary_csf_p05": 179.91987915039064,
  "summary_csf_p95": 474.39373779296875,
  "summary_csf_stdv": 89.97684478759766,
  "summary_gm_k": -0.14573568719694796,
  "summary_gm_mad": 82.00182017732989,
  "summary_gm_mean": 674.7582397460938,
  "summary_gm_median": 676.9991455078125,
  "summary_gm_n": 7897.0,
  "summary_gm_p05": 536.882470703125,
  "summary_gm_p95": 804.2151123046875,
  "summary_gm_stdv": 80.61360931396484,
  "summary_wm_k": 0.3511548069331587,
  "summary_wm_mad": 59.43421459411879,
  "summary_wm_mean": 1001.307373046875,
  "summary_wm_median": 999.994873046875,
  "summary_wm_n": 167633.0,
  "summary_wm_p05": 901.5339111328125,
  "summary_wm_p95": 1105.9640625,
  "summary_wm_stdv": 62.265708923339844,
  "tpm_overlap_csf": 0.15834259986877441,
  "tpm_overlap_gm": 0.40949755907058716,
  "tpm_overlap_wm": 0.4867470860481262,
  "wm2max": 0.5256429505519951
}