{
  "bids_meta": {
    "AcquisitionNumber": 1,
    "DeviceSerialNumber": "35442  ",
    "EchoNumber": 1,
    "EchoTime": 0.00298,
    "FlipAngle": 9,
    "ImageOrientationPatientDICOM": [
      "-0.0790942839764",
      "0.97386446383179",
      "0.21291336343188",
      "-0.0510310315795",
      "0.20934693270397",
      "-0.9765089326695  "
    ],
    "ImageType": [
      "ORIGINAL",
      "PRIMARY",
      "M",
      "ND",
      "NORM "
    ],
    "ImagingFrequency": 123.251374,
    "InPlanePhaseEncodingDirectionDICOM": "ROW  ",
    "IntendedFor": [
      "ses-NAPFU48/fmap/sub-4541749_ses-NAPFU48_run-001_phasediff.nii.gz",
      "ses-NAPFU48/fmap/sub-4541749_ses-NAPFU48_run-004_phasediff.nii.gz",
      "ses-NAPFU48/fmap/sub-4541749_ses-NAPFU48_run-005_phasediff.nii.gz",
      "ses-NAPFU48/anat/sub-4541749_ses-NAPFU48_run-001_FLAIR.nii.gz",
      "ses-NAPFU48/func/sub-4541749_ses-NAPFU48_task-retrieval_run-001_bold.nii.gz",
      "ses-NAPFU48/func/sub-4541749_ses-NAPFU48_task-rest_run-002_bold.nii.gz",
      "ses-NAPFU48/func/sub-4541749_ses-NAPFU48_task-rest_run-001_bold.nii.gz",
      "ses-NAPFU48/fmap/sub-4541749_ses-NAPFU48_run-002_phasediff.nii.gz",
      "ses-NAPFU48/anat/sub-4541749_ses-NAPFU48_run-001_T2star.nii.gz",
      "ses-NAPFU48/fmap/sub-4541749_ses-NAPFU48_run-003_phasediff.nii.gz",
      "ses-NAPFU48/anat/sub-4541749_ses-NAPFU48_run-001_T1w.nii.gz",
      "ses-NAPFU48/func/sub-4541749_ses-NAPFU48_task-encoding_run-001_bold.nii.gz",
      "ses-NAPFU48/asl/sub-4541749_ses-NAPFU48_run-001_asl.nii.gz",
      "ses-NAPFU48/dwi/sub-4541749_ses-NAPFU48_run-001_dwi.nii.gz"
    ],
    "InversionTime": 0.9,
    "MRAcquisitionType": "3D ",
    "MagneticFieldStrength": 3,
    "Manufacturer": "SIEMENS  ",
    "ManufacturerModelName": "TrioTim  ",
    "Modality": "MRI__ ",
    "PatientPosition": "HFS  ",
    "PercentPhaseFOV": 93.75,
    "PhaseEncodingSteps": 239,
    "PixelBandwidth": 238,
    "ProtocolName": "MPRAGE ADNI_iPAT2  ",
    "PulseSequenceType": "*tfl3d1_ns ",
    "ReceiveCoilName": "HeadMatrixix\\\\ ",
    "RepetitionTime": 2.3,
    "SAR": 0.08333009176467,
    "ScanningSequence": "GR\\\\IR  ",
    "SequenceName": "*tfl3d1_ns ",
    "SequenceVariant": "SP\\\\MP  ",
    "SeriesDescription": "MPRAGE ADNI_iPAT2  ",
    "SeriesNumber": 17,
    "SliceOrder": "interleaved ",
    "SliceThickness": 1,
    "SliceTiming": null,
    "SoftwareVersions": "syngo MR B17 ",
    "dataset": "<unset>",
    "modality": "T1w",
    "run_id": 2,
    "session_id": "NAPFU48",
    "subject_id": "4541749"
  },
  "cjv": 0.44394132330416175,
  "cnr": 2.9947148367842202,
  "efc": 0.607457304216945,
  "fber": 78.8042221069336,
  "fwhm_avg": 3.08677,
  "fwhm_x": 3.0581,
  "fwhm_y": 3.27891,
  "fwhm_z": 2.9233,
  "icvs_csf": 0.21866075246614403,
  "icvs_gm": 0.411781743038177,
  "icvs_wm": 0.3695575044956789,
  "inu_med": 1.3632276058197021,
  "inu_range": 0.3935980081558228,
  "provenance": {
    "md5sum": "cfbfe2b63a5d6e8e3bbd18eab3cd569d",
    "settings": {
      "testing": false
    },
    "software": "mriqc",
    "version": "0.16.1",
    "warnings": {
      "large_rot_frame": true,
      "small_air_mask": false
    },
    "webapi_port": null,
    "webapi_url": "https://mriqc.nimh.nih.gov/api/v1"
  },
  "qi_1": 6.424352450842517e-05,
  "qi_2": 0.004498922980488223,
  "rpve_csf": 31.94110413411671,
  "rpve_gm": 16.94188878483496,
  "rpve_wm": 22.190223449847647,
  "size_x": 176,
  "size_y": 240,
  "size_z": 256,
  "snr_csf": 3.052493822347202,
  "snr_gm": 9.8664383179962,
  "snr_total": 9.942172007027885,
  "snr_wm": 16.907583880740255,
  "snrd_csf": 10.974264188263726,
  "snrd_gm": 21.43086145087416,
  "snrd_total": 20.8476636783593,
  "snrd_wm": 30.137865395940008,
  "spacing_x": 1.0,
  "spacing_y": 1.0,
  "spacing_z": 1.0,
  "summary_bg_k": 1186.027409603896,
  "summary_bg_mad": 21.737759169343565,
  "summary_bg_mean": 72.12773895263672,
  "summary_bg_median": 70.42206573486328,
  "summary_bg_n": 2915011.0,
  "summary_bg_p05": 38.83787155151367,
  "summary_bg_p95": 110.88273620605469,
  "summary_bg_stdv": 24.80170249938965,
  "summary_csf_k": -0.2826325294088363,
  "summary_csf_mad": 125.11157446772603,
  "summary_csf_mean": 379.5730895996094,
  "summary_csf_median": 364.1316833496094,
  "summary_csf_n": 7013.0,
  "summary_csf_p05": 210.21961364746096,
  "summary_csf_p95": 594.5474243164061,
  "summary_csf_stdv": 119.2813949584961,
  "summary_gm_k": 0.17214128632114756,
  "summary_gm_mad": 70.7307313512822,
  "summary_gm_mean": 710.8621826171875,
  "summary_gm_median": 711.0869140625,
  "summary_gm_n": 6481.0,
  "summary_gm_p05": 590.9957885742188,
  "summary_gm_p95": 828.8123779296875,
  "summary_gm_stdv": 72.06572723388672,
  "summary_wm_k": 0.23934611432462694,
  "summary_wm_mad": 57.5251742069909,
  "summary_wm_mean": 999.7909545898438,
  "summary_wm_median": 999.98974609375,
  "summary_wm_n": 139306.0,
  "summary_wm_p05": 902.4706268310547,
  "summary_wm_p95": 1096.9981689453125,
  "summary_wm_stdv": 59.14423751831055,
  "tpm_overlap_csf": 0.14086894690990448,
  "tpm_overlap_gm": 0.3983137905597687,
  "tpm_overlap_wm": 0.46140792965888977,
  "wm2max": 0.4925367930402269
}