{
  "bids_meta": {
    "AcquisitionNumber": 1,
    "DeviceSerialNumber": "35442  ",
    "EchoNumber": 1,
    "EchoTime": 0.00298,
    "FlipAngle": 9,
    "ImageOrientationPatientDICOM": [
      "0.01682237380469",
      "0.99337424210231",
      "0.11368651136889",
      "0.01868098434704",
      "0.11337048904749",
      "-0.9933771454171  "
    ],
    "ImageType": [
      "ORIGINAL",
      "PRIMARY",
      "M",
      "ND",
      "NORM "
    ],
    "ImagingFrequency": 123.251616,
    "InPlanePhaseEncodingDirectionDICOM": "ROW  ",
    "IntendedFor": [
      "ses-NAPFU24/fmap/sub-8504222_ses-NAPFU24_run-001_phasediff.nii.gz",
      "ses-NAPFU24/asl/sub-8504222_ses-NAPFU24_run-001_asl.nii.gz",
      "ses-NAPFU24/func/sub-8504222_ses-NAPFU24_task-retrieval_run-001_bold.nii.gz",
      "ses-NAPFU24/anat/sub-8504222_ses-NAPFU24_run-002_T1w.nii.gz",
      "ses-NAPFU24/func/sub-8504222_ses-NAPFU24_task-rest_run-001_bold.nii.gz",
      "ses-NAPFU24/func/sub-8504222_ses-NAPFU24_task-encoding_run-001_bold.nii.gz",
      "ses-NAPFU24/fmap/sub-8504222_ses-NAPFU24_run-005_phasediff.nii.gz",
      "ses-NAPFU24/dwi/sub-8504222_ses-NAPFU24_run-001_dwi.nii.gz",
      "ses-NAPFU24/anat/sub-8504222_ses-NAPFU24_run-001_FLAIR.nii.gz",
      "ses-NAPFU24/anat/sub-8504222_ses-NAPFU24_run-001_T2star.nii.gz",
      "ses-NAPFU24/func/sub-8504222_ses-NAPFU24_task-rest_run-002_bold.nii.gz",
      "ses-NAPFU24/fmap/sub-8504222_ses-NAPFU24_run-002_phasediff.nii.gz",
      "ses-NAPFU24/fmap/sub-8504222_ses-NAPFU24_run-004_phasediff.nii.gz",
      "ses-NAPFU24/fmap/sub-8504222_ses-NAPFU24_run-003_phasediff.nii.gz"
    ],
    "InversionTime": 0.9,
    "MRAcquisitionType": "3D ",
    "MagneticFieldStrength": 3,
    "Manufacturer": "SIEMENS  ",
    "ManufacturerModelName": "TrioTim  ",
    "Modality": "MRI__ ",
    "PatientPosition": "HFS  ",
    "PercentPhaseFOV": 93.75,
    "PhaseEncodingSteps": 239,
    "PixelBandwidth": 238,
    "ProtocolName": "MPRAGE ADNI_iPAT2  ",
    "PulseSequenceType": "*tfl3d1_ns ",
    "ReceiveCoilName": "HeadMatrixix\\\\ ",
    "RepetitionTime": 2.3,
    "SAR": 0.09560924249788,
    "ScanningSequence": "GR\\\\IR  ",
    "SequenceName": "*tfl3d1_ns ",
    "SequenceVariant": "SP\\\\MP  ",
    "SeriesDescription": "MPRAGE ADNI_iPAT2  ",
    "SeriesNumber": 12,
    "SliceOrder": "interleaved ",
    "SliceThickness": 1,
    "SliceTiming": null,
    "SoftwareVersions": "syngo MR B17 ",
    "dataset": "<unset>",
    "modality": "T1w",
    "run_id": 1,
    "session_id": "NAPFU24",
    "subject_id": "8504222"
  },
  "cjv": 0.5214851947607282,
  "cnr": 2.5189918670258513,
  "efc": 0.6643152694391706,
  "fber": 109.96114349365234,
  "fwhm_avg": 3.2529233333333334,
  "fwhm_x": 3.31344,
  "fwhm_y": 3.37475,
  "fwhm_z": 3.07058,
  "icvs_csf": 0.1999435101234758,
  "icvs_gm": 0.38683605812887856,
  "icvs_wm": 0.4132204317476456,
  "inu_med": 1.1729695796966553,
  "inu_range": 0.4194175869226455,
  "provenance": {
    "md5sum": "1038d9967fb7b5b7f81d83841ca92e10",
    "settings": {
      "testing": false
    },
    "software": "mriqc",
    "version": "0.16.1",
    "warnings": {
      "large_rot_frame": true,
      "small_air_mask": false
    },
    "webapi_port": null,
    "webapi_url": "https://mriqc.nimh.nih.gov/api/v1"
  },
  "qi_1": 0.001975204941328045,
  "qi_2": 0.002021922984043446,
  "rpve_csf": 24.28107694640388,
  "rpve_gm": 12.39111556679568,
  "rpve_wm": 14.2606023126999,
  "size_x": 176,
  "size_y": 240,
  "size_z": 256,
  "snr_csf": 2.9265175632760156,
  "snr_gm": 9.311137695087583,
  "snr_total": 8.961043297954197,
  "snr_wm": 14.64547463549899,
  "snrd_csf": 10.541647675834954,
  "snrd_gm": 22.703709347943146,
  "snrd_total": 21.58011011550036,
  "snrd_wm": 31.494973322722988,
  "spacing_x": 1.0,
  "spacing_y": 1.0,
  "spacing_z": 1.0,
  "summary_bg_k": 635.0518287914601,
  "summary_bg_mad": 20.801902715255128,
  "summary_bg_mean": 70.1580810546875,
  "summary_bg_median": 66.83404541015625,
  "summary_bg_n": 2307513.0,
  "summary_bg_p05": 36.88215560913086,
  "summary_bg_p95": 107.15725555419921,
  "summary_bg_stdv": 40.29632568359375,
  "summary_csf_k": -0.03701280870391921,
  "summary_csf_mad": 119.28260584559233,
  "summary_csf_mean": 347.466064453125,
  "summary_csf_median": 334.7185974121094,
  "summary_csf_n": 16875.0,
  "summary_csf_p05": 180.9456756591797,
  "summary_csf_p95": 548.0693298339842,
  "summary_csf_stdv": 114.37097930908203,
  "summary_gm_k": -0.024649783878313958,
  "summary_gm_mad": 78.24644956771182,
  "summary_gm_mean": 718.8968505859375,
  "summary_gm_median": 720.8886108398438,
  "summary_gm_n": 9252.0,
  "summary_gm_p05": 589.9089416503906,
  "summary_gm_p95": 843.7043762207031,
  "summary_gm_stdv": 77.41799926757812,
  "summary_wm_k": 0.1268628602211872,
  "summary_wm_mad": 67.32112631032318,
  "summary_wm_mean": 1002.21044921875,
  "summary_wm_median": 1000.0289916992188,
  "summary_wm_n": 233061.0,
  "summary_wm_p05": 893.3914794921875,
  "summary_wm_p95": 1118.36474609375,
  "summary_wm_stdv": 68.28231048583984,
  "tpm_overlap_csf": 0.15800218284130096,
  "tpm_overlap_gm": 0.39438143372535706,
  "tpm_overlap_wm": 0.48662155866622925,
  "wm2max": 0.47973167235133074
}