{
  "bids_meta": {
    "AcquisitionNumber": 1,
    "DeviceSerialNumber": "35442  ",
    "EchoNumber": 1,
    "EchoTime": 0.00298,
    "FlipAngle": 9,
    "ImageOrientationPatientDICOM": [
      "0.02505984385499",
      "0.99968595280016",
      "-1.06647847e-008",
      "-0.0232470474476",
      "0.00058273972501",
      "-0.9997295810365  "
    ],
    "ImageType": [
      "ORIGINAL",
      "PRIMARY",
      "M",
      "ND",
      "NORM "
    ],
    "ImagingFrequency": 123.247392,
    "InPlanePhaseEncodingDirectionDICOM": "ROW  ",
    "IntendedFor": [
      "ses-NAPFU03/fmap/sub-6245599_ses-NAPFU03_run-002_phasediff.nii.gz",
      "ses-NAPFU03/fmap/sub-6245599_ses-NAPFU03_run-003_phasediff.nii.gz",
      "ses-NAPFU03/anat/sub-6245599_ses-NAPFU03_run-001_T2star.nii.gz",
      "ses-NAPFU03/func/sub-6245599_ses-NAPFU03_task-rest_run-001_bold.nii.gz",
      "ses-NAPFU03/func/sub-6245599_ses-NAPFU03_task-encoding_run-001_bold.nii.gz",
      "ses-NAPFU03/asl/sub-6245599_ses-NAPFU03_run-001_asl.nii.gz",
      "ses-NAPFU03/func/sub-6245599_ses-NAPFU03_task-rest_run-002_bold.nii.gz",
      "ses-NAPFU03/func/sub-6245599_ses-NAPFU03_task-retrieval_run-001_bold.nii.gz",
      "ses-NAPFU03/fmap/sub-6245599_ses-NAPFU03_run-001_phasediff.nii.gz"
    ],
    "InversionTime": 0.9,
    "MRAcquisitionType": "3D ",
    "MagneticFieldStrength": 3,
    "Manufacturer": "SIEMENS  ",
    "ManufacturerModelName": "TrioTim  ",
    "Modality": "MRI__ ",
    "PatientPosition": "HFS  ",
    "PercentPhaseFOV": 93.75,
    "PhaseEncodingSteps": 239,
    "PixelBandwidth": 238,
    "ProtocolName": "MPRAGE ADNI_iPAT2  ",
    "PulseSequenceType": "*tfl3d1_ns ",
    "ReceiveCoilName": "HeadMatrixix\\\\ ",
    "RepetitionTime": 2.3,
    "SAR": 0.07065894599373,
    "ScanningSequence": "GR\\\\IR  ",
    "SequenceName": "*tfl3d1_ns ",
    "SequenceVariant": "SP\\\\MP  ",
    "SeriesDescription": "MPRAGE ADNI_iPAT2  ",
    "SeriesNumber": 12,
    "SliceOrder": "interleaved ",
    "SliceThickness": 1,
    "SliceTiming": null,
    "SoftwareVersions": "syngo MR B17 ",
    "dataset": "<unset>",
    "modality": "T1w",
    "run_id": 1,
    "session_id": "NAPFU03",
    "subject_id": "6245599"
  },
  "cjv": 0.4616411852359377,
  "cnr": 2.8525784460080543,
  "efc": 0.6318683755000273,
  "fber": 89.99623107910156,
  "fwhm_avg": 3.25269,
  "fwhm_x": 3.29933,
  "fwhm_y": 3.45435,
  "fwhm_z": 3.00439,
  "icvs_csf": 0.203330765274027,
  "icvs_gm": 0.4151741756276571,
  "icvs_wm": 0.3814950590983159,
  "inu_med": 1.308680534362793,
  "inu_range": 0.44619643688201904,
  "provenance": {
    "md5sum": "89a4c1aa4131b8cc6eb02e1b1d3b26a9",
    "settings": {
      "testing": false
    },
    "software": "mriqc",
    "version": "0.16.1",
    "warnings": {
      "large_rot_frame": true,
      "small_air_mask": false
    },
    "webapi_port": null,
    "webapi_url": "https://mriqc.nimh.nih.gov/api/v1"
  },
  "qi_1": 0.0,
  "qi_2": 0.003995868910683261,
  "rpve_csf": 27.152763130274682,
  "rpve_gm": 13.903071191114435,
  "rpve_wm": 18.078256757689118,
  "size_x": 176,
  "size_y": 240,
  "size_z": 256,
  "snr_csf": 2.5846206511636827,
  "snr_gm": 9.097386242920365,
  "snr_total": 9.250027805100432,
  "snr_wm": 16.06807652121725,
  "snrd_csf": 8.699671984025654,
  "snrd_gm": 21.167222467360485,
  "snrd_total": 19.98450058911409,
  "snrd_wm": 30.08660731595614,
  "spacing_x": 1.0,
  "spacing_y": 1.0,
  "spacing_z": 1.0,
  "summary_bg_k": 1983.5028816695515,
  "summary_bg_mad": 21.77536094870809,
  "summary_bg_mean": 73.25495147705078,
  "summary_bg_median": 71.34583282470703,
  "summary_bg_n": 2620076.0,
  "summary_bg_p05": 39.63821601867676,
  "summary_bg_p95": 111.9701919555664,
  "summary_bg_stdv": 30.776485443115234,
  "summary_csf_k": 0.3145771034004521,
  "summary_csf_mad": 101.99362610848976,
  "summary_csf_mean": 313.6529541015625,
  "summary_csf_median": 289.15887451171875,
  "summary_csf_n": 10548.0,
  "summary_csf_p05": 168.37306289672853,
  "summary_csf_p95": 528.8788208007811,
  "summary_csf_stdv": 111.87141418457031,
  "summary_gm_k": 0.027842642077350988,
  "summary_gm_mad": 76.32442374245187,
  "summary_gm_mean": 704.5784912109375,
  "summary_gm_median": 703.5541381835938,
  "summary_gm_n": 14946.0,
  "summary_gm_p05": 576.4228973388672,
  "summary_gm_p95": 832.6542663574219,
  "summary_gm_stdv": 77.33326721191406,
  "summary_wm_k": 0.2120112797524376,
  "summary_wm_mad": 60.53449293730786,
  "summary_wm_mean": 998.9532470703125,
  "summary_wm_median": 1000.0158081054688,
  "summary_wm_n": 190191.0,
  "summary_wm_p05": 894.714599609375,
  "summary_wm_p95": 1099.7108154296875,
  "summary_wm_stdv": 62.23602294921875,
  "tpm_overlap_csf": 0.1639769822359085,
  "tpm_overlap_gm": 0.43304648995399475,
  "tpm_overlap_wm": 0.5012468695640564,
  "wm2max": 0.45926451871248364
}