{
  "bids_meta": {
    "AcquisitionNumber": 1,
    "DeviceSerialNumber": "35442  ",
    "EchoNumber": 1,
    "EchoTime": 0.00298,
    "FlipAngle": 9,
    "ImageOrientationPatientDICOM": [
      "0.01178863251923",
      "0.98144974356587",
      "0.19135681069095",
      "-0.0622143166835",
      "0.19171925403335",
      "-0.9794759345857  "
    ],
    "ImageType": [
      "ORIGINAL",
      "PRIMARY",
      "M",
      "ND",
      "NORM "
    ],
    "ImagingFrequency": 123.247033,
    "InPlanePhaseEncodingDirectionDICOM": "ROW  ",
    "IntendedFor": [
      "ses-PREFU24/dwi/sub-8052813_ses-PREFU24_run-001_dwi.nii.gz",
      "ses-PREFU24/fmap/sub-8052813_ses-PREFU24_run-004_phasediff.nii.gz",
      "ses-PREFU24/anat/sub-8052813_ses-PREFU24_run-001_FLAIR.nii.gz",
      "ses-PREFU24/fmap/sub-8052813_ses-PREFU24_run-005_phasediff.nii.gz"
    ],
    "InversionTime": 0.9,
    "MRAcquisitionType": "3D ",
    "MagneticFieldStrength": 3,
    "Manufacturer": "SIEMENS  ",
    "ManufacturerModelName": "TrioTim  ",
    "Modality": "MRI__ ",
    "PatientPosition": "HFS  ",
    "PercentPhaseFOV": 93.75,
    "PhaseEncodingSteps": 239,
    "PixelBandwidth": 238,
    "ProtocolName": "MPRAGE ADNI_iPAT2  ",
    "PulseSequenceType": "*tfl3d1_ns ",
    "ReceiveCoilName": "HeadMatrixix\\\\ ",
    "RepetitionTime": 2.3,
    "SAR": 0.07705971971223,
    "ScanningSequence": "GR\\\\IR  ",
    "SequenceName": "*tfl3d1_ns ",
    "SequenceVariant": "SP\\\\MP  ",
    "SeriesDescription": "MPRAGE ADNI_iPAT2  ",
    "SeriesNumber": 20,
    "SliceOrder": "interleaved ",
    "SliceThickness": 1,
    "SliceTiming": null,
    "SoftwareVersions": "syngo MR B17 ",
    "dataset": "<unset>",
    "modality": "T1w",
    "run_id": 2,
    "session_id": "PREFU24",
    "subject_id": "8052813"
  },
  "cjv": 0.450191852294321,
  "cnr": 3.065435033661532,
  "efc": 0.6163094449238667,
  "fber": 172.84417724609375,
  "fwhm_avg": 3.214636666666667,
  "fwhm_x": 3.23599,
  "fwhm_y": 3.30434,
  "fwhm_z": 3.10358,
  "icvs_csf": 0.2042654600623185,
  "icvs_gm": 0.3945790967929044,
  "icvs_wm": 0.4011554431447771,
  "inu_med": 1.2629257440567017,
  "inu_range": 0.3397812128067015,
  "provenance": {
    "md5sum": "cb3b860b49b6ed0397af061316f0c444",
    "settings": {
      "testing": false
    },
    "software": "mriqc",
    "version": "0.16.1",
    "warnings": {
      "large_rot_frame": true,
      "small_air_mask": false
    },
    "webapi_port": null,
    "webapi_url": "https://mriqc.nimh.nih.gov/api/v1"
  },
  "qi_1": 0.00015470449434799535,
  "qi_2": 0.004652200628708522,
  "rpve_csf": 29.630807081999045,
  "rpve_gm": 15.465339306742681,
  "rpve_wm": 18.683044337767516,
  "size_x": 176,
  "size_y": 240,
  "size_z": 256,
  "snr_csf": 2.9218060827225254,
  "snr_gm": 7.9937714688609915,
  "snr_total": 8.797293230611961,
  "snr_wm": 15.476302140252365,
  "snrd_csf": 13.538909789730127,
  "snrd_gm": 29.531573325650214,
  "snrd_total": 29.012926422046814,
  "snrd_wm": 43.9682961507601,
  "spacing_x": 1.0,
  "spacing_y": 1.0,
  "spacing_z": 1.0,
  "summary_bg_k": 4.2836260115016,
  "summary_bg_mad": 14.89962094497411,
  "summary_bg_mean": 43.70730972290039,
  "summary_bg_median": 41.58608627319336,
  "summary_bg_n": 2526504.0,
  "summary_bg_p05": 20.773153877258302,
  "summary_bg_p95": 71.1230323791504,
  "summary_bg_stdv": 15.452638626098633,
  "summary_csf_k": 1.6642164489955418,
  "summary_csf_mad": 101.46700324863437,
  "summary_csf_mean": 318.65631103515625,
  "summary_csf_median": 307.91241455078125,
  "summary_csf_n": 14310.0,
  "summary_csf_p05": 169.66410598754882,
  "summary_csf_p95": 506.8521392822265,
  "summary_csf_stdv": 105.3805923461914,
  "summary_gm_k": -0.09485091970483683,
  "summary_gm_mad": 84.41303958127888,
  "summary_gm_mean": 670.4312744140625,
  "summary_gm_median": 671.6300048828125,
  "summary_gm_n": 9763.0,
  "summary_gm_p05": 528.9081176757812,
  "summary_gm_p95": 807.0555908203125,
  "summary_gm_stdv": 84.01486206054688,
  "summary_wm_k": 0.2659000120848116,
  "summary_wm_mad": 63.39898104929485,
  "summary_wm_mean": 1000.193115234375,
  "summary_wm_median": 999.961181640625,
  "summary_wm_n": 194023.0,
  "summary_wm_p05": 894.3466003417968,
  "summary_wm_p95": 1106.0707275390625,
  "summary_wm_stdv": 64.61224365234375,
  "tpm_overlap_csf": 0.1615723967552185,
  "tpm_overlap_gm": 0.4062226712703705,
  "tpm_overlap_wm": 0.4973626434803009,
  "wm2max": 0.6253408683991205
}