{
  "bids_meta": {
    "AcquisitionNumber": 1,
    "DeviceSerialNumber": "35442  ",
    "EchoNumber": 1,
    "EchoTime": 0.00298,
    "FlipAngle": 9,
    "ImageOrientationPatientDICOM": [
      "-0.0215588425706",
      "0.99231201911671",
      "-0.1218690814913",
      "0.00508296016613",
      "-0.1217870464736",
      "-0.9925432377621  "
    ],
    "ImageType": [
      "ORIGINAL",
      "PRIMARY",
      "M",
      "ND",
      "NORM "
    ],
    "ImagingFrequency": 123.251454,
    "InPlanePhaseEncodingDirectionDICOM": "ROW  ",
    "IntendedFor": [
      "ses-PREBL00/fmap/sub-7161471_ses-PREBL00_run-002_phasediff.nii.gz",
      "ses-PREBL00/anat/sub-7161471_ses-PREBL00_run-001_T2star.nii.gz",
      "ses-PREBL00/fmap/sub-7161471_ses-PREBL00_run-001_phasediff.nii.gz",
      "ses-PREBL00/func/sub-7161471_ses-PREBL00_task-rest_run-002_bold.nii.gz",
      "ses-PREBL00/asl/sub-7161471_ses-PREBL00_run-001_asl.nii.gz",
      "ses-PREBL00/func/sub-7161471_ses-PREBL00_task-rest_run-001_bold.nii.gz"
    ],
    "InversionTime": 0.9,
    "MRAcquisitionType": "3D ",
    "MagneticFieldStrength": 3,
    "Manufacturer": "SIEMENS  ",
    "ManufacturerModelName": "TrioTim  ",
    "Modality": "MRI__ ",
    "PatientPosition": "HFS  ",
    "PercentPhaseFOV": 93.75,
    "PhaseEncodingSteps": 239,
    "PixelBandwidth": 238,
    "ProtocolName": "MPRAGE ADNI_iPAT2  ",
    "PulseSequenceType": "*tfl3d1_ns ",
    "ReceiveCoilName": "HeadMatrixix\\\\ ",
    "RepetitionTime": 2.3,
    "SAR": 0.0917696033918,
    "ScanningSequence": "GR\\\\IR  ",
    "SequenceName": "*tfl3d1_ns ",
    "SequenceVariant": "SP\\\\MP  ",
    "SeriesDescription": "MPRAGE ADNI_iPAT2  ",
    "SeriesNumber": 11,
    "SliceOrder": "interleaved ",
    "SliceThickness": 1,
    "SliceTiming": null,
    "SoftwareVersions": "syngo MR B17 ",
    "dataset": "<unset>",
    "modality": "T1w",
    "run_id": 1,
    "session_id": "PREBL00",
    "subject_id": "7161471"
  },
  "cjv": 0.4065666423170466,
  "cnr": 3.405347759702711,
  "efc": 0.6149928337097519,
  "fber": 182.75877380371094,
  "fwhm_avg": 3.270443333333333,
  "fwhm_x": 3.32015,
  "fwhm_y": 3.34881,
  "fwhm_z": 3.14237,
  "icvs_csf": 0.19056272879535424,
  "icvs_gm": 0.4313730191208866,
  "icvs_wm": 0.37806425208375916,
  "inu_med": 1.2673835754394531,
  "inu_range": 0.3266454696655272,
  "provenance": {
    "md5sum": "393d7bee691b8347daf570788c26237c",
    "settings": {
      "testing": false
    },
    "software": "mriqc",
    "version": "0.16.1",
    "warnings": {
      "large_rot_frame": true,
      "small_air_mask": false
    },
    "webapi_port": null,
    "webapi_url": "https://mriqc.nimh.nih.gov/api/v1"
  },
  "qi_1": 3.864051623729693e-05,
  "qi_2": 0.006206831732050965,
  "rpve_csf": 30.14361949867289,
  "rpve_gm": 14.345544835147413,
  "rpve_wm": 19.12700483831346,
  "size_x": 176,
  "size_y": 240,
  "size_z": 256,
  "snr_csf": 2.9290264998992357,
  "snr_gm": 8.034867946063711,
  "snr_total": 9.154161311704817,
  "snr_wm": 16.4985894891515,
  "snrd_csf": 13.892685677482442,
  "snrd_gm": 30.53581910028161,
  "snrd_total": 30.454932959280637,
  "snrd_wm": 46.93629410007785,
  "spacing_x": 1.0,
  "spacing_y": 1.0,
  "spacing_z": 1.0,
  "summary_bg_k": 1182.2878757908647,
  "summary_bg_mad": 13.957660599725388,
  "summary_bg_mean": 43.594444274902344,
  "summary_bg_median": 41.771507263183594,
  "summary_bg_n": 3043332.0,
  "summary_bg_p05": 22.09410362243652,
  "summary_bg_p95": 70.29723472595214,
  "summary_bg_stdv": 17.298728942871094,
  "summary_csf_k": 1.1696860994891214,
  "summary_csf_mad": 90.44785228279157,
  "summary_csf_mean": 314.1695861816406,
  "summary_csf_median": 295.9832458496094,
  "summary_csf_n": 17445.0,
  "summary_csf_p05": 181.47759399414062,
  "summary_csf_p95": 509.2716186523437,
  "summary_csf_stdv": 101.0488510131836,
  "summary_gm_k": -0.19240969556159193,
  "summary_gm_mad": 83.45410795838436,
  "summary_gm_mean": 649.3034057617188,
  "summary_gm_median": 650.564697265625,
  "summary_gm_n": 16425.0,
  "summary_gm_p05": 514.1341186523438,
  "summary_gm_p95": 779.70283203125,
  "summary_gm_stdv": 80.96522521972656,
  "summary_wm_k": 0.2705557978604882,
  "summary_wm_mad": 58.60500161625771,
  "summary_wm_mean": 999.7553100585938,
  "summary_wm_median": 999.976318359375,
  "summary_wm_n": 184128.0,
  "summary_wm_p05": 899.9571350097656,
  "summary_wm_p95": 1099.2832275390624,
  "summary_wm_stdv": 60.609642028808594,
  "tpm_overlap_csf": 0.17031435668468475,
  "tpm_overlap_gm": 0.4314974844455719,
  "tpm_overlap_wm": 0.4994960427284241,
  "wm2max": 0.5766645464559624
}