{
  "bids_meta": {
    "AcquisitionNumber": 1,
    "DeviceSerialNumber": "35442  ",
    "EchoNumber": 1,
    "EchoTime": 0.00298,
    "FlipAngle": 9,
    "ImageOrientationPatientDICOM": [
      "0.00767120564106",
      "0.99997057586912",
      "3.6034679e-009",
      "0.07794093947427",
      "-0.0005979149752",
      "-0.9969577987315  "
    ],
    "ImageType": [
      "ORIGINAL",
      "PRIMARY",
      "M",
      "ND",
      "NORM "
    ],
    "ImagingFrequency": 123.247038,
    "InPlanePhaseEncodingDirectionDICOM": "ROW  ",
    "IntendedFor": [
      "ses-NAPFU03/func/sub-8822042_ses-NAPFU03_task-rest_run-001_bold.nii.gz",
      "ses-NAPFU03/anat/sub-8822042_ses-NAPFU03_run-001_T2star.nii.gz",
      "ses-NAPFU03/fmap/sub-8822042_ses-NAPFU03_run-001_phasediff.nii.gz",
      "ses-NAPFU03/func/sub-8822042_ses-NAPFU03_task-encoding_run-001_bold.nii.gz",
      "ses-NAPFU03/func/sub-8822042_ses-NAPFU03_task-retrieval_run-001_bold.nii.gz",
      "ses-NAPFU03/fmap/sub-8822042_ses-NAPFU03_run-002_phasediff.nii.gz",
      "ses-NAPFU03/func/sub-8822042_ses-NAPFU03_task-rest_run-002_bold.nii.gz",
      "ses-NAPFU03/fmap/sub-8822042_ses-NAPFU03_run-003_phasediff.nii.gz",
      "ses-NAPFU03/asl/sub-8822042_ses-NAPFU03_run-001_asl.nii.gz"
    ],
    "InversionTime": 0.9,
    "MRAcquisitionType": "3D ",
    "MagneticFieldStrength": 3,
    "Manufacturer": "SIEMENS  ",
    "ManufacturerModelName": "TrioTim  ",
    "Modality": "MRI__ ",
    "PatientPosition": "HFS  ",
    "PercentPhaseFOV": 93.75,
    "PhaseEncodingSteps": 239,
    "PixelBandwidth": 238,
    "ProtocolName": "MPRAGE ADNI_iPAT2  ",
    "PulseSequenceType": "*tfl3d1_ns ",
    "ReceiveCoilName": "HeadMatrixix\\\\ ",
    "RepetitionTime": 2.3,
    "SAR": 0.08661953960031,
    "ScanningSequence": "GR\\\\IR  ",
    "SequenceName": "*tfl3d1_ns ",
    "SequenceVariant": "SP\\\\MP  ",
    "SeriesDescription": "MPRAGE ADNI_iPAT2  ",
    "SeriesNumber": 12,
    "SliceOrder": "interleaved ",
    "SliceThickness": 1,
    "SliceTiming": null,
    "SoftwareVersions": "syngo MR B17 ",
    "dataset": "<unset>",
    "modality": "T1w",
    "run_id": 1,
    "session_id": "NAPFU03",
    "subject_id": "8822042"
  },
  "cjv": 0.4688150970122134,
  "cnr": 3.0611651154929276,
  "efc": 0.5956071645896479,
  "fber": 186.7225799560547,
  "fwhm_avg": 3.3325100000000005,
  "fwhm_x": 3.42648,
  "fwhm_y": 3.46733,
  "fwhm_z": 3.10372,
  "icvs_csf": 0.22919620169220828,
  "icvs_gm": 0.4077178260122233,
  "icvs_wm": 0.36308597229556844,
  "inu_med": 1.2877037525177002,
  "inu_range": 0.3915199995040892,
  "provenance": {
    "md5sum": "d33938092879d71f2b4db34749ce10fd",
    "settings": {
      "testing": false
    },
    "software": "mriqc",
    "version": "0.16.1",
    "warnings": {
      "large_rot_frame": false,
      "small_air_mask": false
    },
    "webapi_port": null,
    "webapi_url": "https://mriqc.nimh.nih.gov/api/v1"
  },
  "qi_1": 0.0,
  "qi_2": 0.004684796497130698,
  "rpve_csf": 26.43853406079041,
  "rpve_gm": 14.539091202589324,
  "rpve_wm": 19.1462258937453,
  "size_x": 176,
  "size_y": 240,
  "size_z": 256,
  "snr_csf": 3.4245824834655534,
  "snr_gm": 6.621726343848246,
  "snr_total": 7.218790730975075,
  "snr_wm": 11.610063365611426,
  "snrd_csf": 13.885519441558506,
  "snrd_gm": 30.675153904172532,
  "snrd_total": 31.581886461290633,
  "snrd_wm": 50.184986038140856,
  "spacing_x": 1.0,
  "spacing_y": 1.0,
  "spacing_z": 1.0,
  "summary_bg_k": 280.8624373529774,
  "summary_bg_mad": 13.053801147480197,
  "summary_bg_mean": 38.66670608520508,
  "summary_bg_median": 37.42017364501953,
  "summary_bg_n": 2924322.0,
  "summary_bg_p05": 17.997158336639405,
  "summary_bg_p95": 62.72207603454589,
  "summary_bg_stdv": 13.768763542175293,
  "summary_csf_k": 2.2590876804100324,
  "summary_csf_mad": 68.7488797574853,
  "summary_csf_mean": 286.2041320800781,
  "summary_csf_median": 276.67340087890625,
  "summary_csf_n": 37880.0,
  "summary_csf_p05": 173.69293975830078,
  "summary_csf_p95": 432.60521697998036,
  "summary_csf_stdv": 80.78933715820312,
  "summary_gm_k": -0.3580767282320032,
  "summary_gm_mad": 97.4033189742381,
  "summary_gm_mean": 613.4996337890625,
  "summary_gm_median": 611.2122192382812,
  "summary_gm_n": 8862.0,
  "summary_gm_p05": 466.319287109375,
  "summary_gm_p95": 768.3838653564451,
  "summary_gm_stdv": 92.2988510131836,
  "summary_wm_k": 0.059768943218757364,
  "summary_wm_mad": 84.84368557480111,
  "summary_wm_mean": 1000.2359619140625,
  "summary_wm_median": 999.9518432617188,
  "summary_wm_n": 162819.0,
  "summary_wm_p05": 858.3218139648437,
  "summary_wm_p95": 1143.0907958984374,
  "summary_wm_stdv": 86.12776184082031,
  "tpm_overlap_csf": 0.1610586941242218,
  "tpm_overlap_gm": 0.4098026156425476,
  "tpm_overlap_wm": 0.46841633319854736,
  "wm2max": 0.681104349656861
}