{
  "bids_meta": {
    "AcquisitionNumber": 1,
    "DeviceSerialNumber": "35442  ",
    "EchoNumber": 1,
    "EchoTime": 0.00298,
    "FlipAngle": 9,
    "ImageOrientationPatientDICOM": [
      "-0.0003769877508",
      "0.99999986802371",
      "-0.0003490455569",
      "-0.0052197036088",
      "-0.0003510085911",
      "-0.99998631565  "
    ],
    "ImageType": [
      "ORIGINAL",
      "PRIMARY",
      "M",
      "ND",
      "NORM "
    ],
    "ImagingFrequency": 123.246924,
    "InPlanePhaseEncodingDirectionDICOM": "ROW  ",
    "IntendedFor": [
      "ses-NAPEN00/fmap/sub-9566680_ses-NAPEN00_run-001_phasediff.nii.gz",
      "ses-NAPEN00/fmap/sub-9566680_ses-NAPEN00_run-002_phasediff.nii.gz",
      "ses-NAPEN00/dwi/sub-9566680_ses-NAPEN00_run-001_dwi.nii.gz",
      "ses-NAPEN00/anat/sub-9566680_ses-NAPEN00_run-001_FLAIR.nii.gz"
    ],
    "InversionTime": 0.9,
    "MRAcquisitionType": "3D ",
    "MagneticFieldStrength": 3,
    "Manufacturer": "SIEMENS  ",
    "ManufacturerModelName": "TrioTim  ",
    "Modality": "MRI__ ",
    "PatientPosition": "HFS  ",
    "PercentPhaseFOV": 93.75,
    "PhaseEncodingSteps": 239,
    "PixelBandwidth": 238,
    "ProtocolName": "MPRAGE ADNI_iPAT2  ",
    "PulseSequenceType": "*tfl3d1_ns ",
    "ReceiveCoilName": "HeadMatrixix\\\\ ",
    "RepetitionTime": 2.3,
    "SAR": 0.0913435981229,
    "ScanningSequence": "GR\\\\IR  ",
    "SequenceName": "*tfl3d1_ns ",
    "SequenceVariant": "SP\\\\MP  ",
    "SeriesDescription": "MPRAGE ADNI_iPAT2  ",
    "SeriesNumber": 4,
    "SliceOrder": "interleaved ",
    "SliceThickness": 1,
    "SliceTiming": null,
    "SoftwareVersions": "syngo MR B17 ",
    "dataset": "<unset>",
    "modality": "T1w",
    "run_id": 1,
    "session_id": "NAPEN00",
    "subject_id": "9566680"
  },
  "cjv": 0.4407966163758492,
  "cnr": 3.0246549236580487,
  "efc": 0.6180514823728782,
  "fber": 118.81892395019531,
  "fwhm_avg": 2.9930233333333334,
  "fwhm_x": 3.04774,
  "fwhm_y": 3.07789,
  "fwhm_z": 2.85344,
  "icvs_csf": 0.2010706980062972,
  "icvs_gm": 0.41388228060363114,
  "icvs_wm": 0.38504702139007163,
  "inu_med": 1.4952399730682373,
  "inu_range": 0.4879273235797883,
  "provenance": {
    "md5sum": "9bde6dbf658abc1b0ab171df551135fc",
    "settings": {
      "testing": false
    },
    "software": "mriqc",
    "version": "0.16.1",
    "warnings": {
      "large_rot_frame": false,
      "small_air_mask": false
    },
    "webapi_port": null,
    "webapi_url": "https://mriqc.nimh.nih.gov/api/v1"
  },
  "qi_1": 1.6553880496133827e-05,
  "qi_2": 0.005284305877139874,
  "rpve_csf": 29.23268805851556,
  "rpve_gm": 14.744881274288572,
  "rpve_wm": 19.018090393560307,
  "size_x": 176,
  "size_y": 240,
  "size_z": 256,
  "snr_csf": 1.4645733838410797,
  "snr_gm": 8.875473040019937,
  "snr_total": 9.043468637062345,
  "snr_wm": 16.790359487326015,
  "snrd_csf": 12.781218530259272,
  "snrd_gm": 24.19763910035819,
  "snrd_total": 23.945582864037316,
  "snrd_wm": 34.857890961494476,
  "spacing_x": 1.0,
  "spacing_y": 1.0,
  "spacing_z": 1.0,
  "summary_bg_k": 1540.4634728656983,
  "summary_bg_mad": 18.794521388127173,
  "summary_bg_mean": 62.11481857299805,
  "summary_bg_median": 60.524085998535156,
  "summary_bg_n": 3337055.0,
  "summary_bg_p05": 32.176446533203126,
  "summary_bg_p95": 95.96760635375975,
  "summary_bg_stdv": 23.645597457885742,
  "summary_csf_k": 18.17894785789975,
  "summary_csf_mad": 145.6873857741105,
  "summary_csf_mean": 407.2626953125,
  "summary_csf_median": 366.6669921875,
  "summary_csf_n": 8288.0,
  "summary_csf_p05": 184.37139892578125,
  "summary_csf_p95": 642.355337524414,
  "summary_csf_stdv": 250.34243774414062,
  "summary_gm_k": -0.06379748971249999,
  "summary_gm_mad": 77.31475569309428,
  "summary_gm_mean": 695.350341796875,
  "summary_gm_median": 694.1807250976562,
  "summary_gm_n": 12297.0,
  "summary_gm_p05": 567.8776123046875,
  "summary_gm_p95": 827.8960937500001,
  "summary_gm_stdv": 78.21019744873047,
  "summary_wm_k": 0.30341746000094894,
  "summary_wm_mad": 57.49001850863339,
  "summary_wm_mean": 999.943115234375,
  "summary_wm_median": 1000.0015258789062,
  "summary_wm_n": 183340.0,
  "summary_wm_p05": 902.2042358398437,
  "summary_wm_p95": 1097.8833923339844,
  "summary_wm_stdv": 59.55791473388672,
  "tpm_overlap_csf": 0.13867691159248352,
  "tpm_overlap_gm": 0.39654695987701416,
  "tpm_overlap_wm": 0.47484925389289856,
  "wm2max": 0.5011319249615266
}