{
  "bids_meta": {
    "AcquisitionNumber": 1,
    "DeviceSerialNumber": "35442  ",
    "EchoNumber": 1,
    "EchoTime": 0.00298,
    "FlipAngle": 9,
    "ImageOrientationPatientDICOM": [
      "0.04979665156492",
      "0.98394310851214",
      "0.17139501948538",
      "0.02413466808624",
      "0.17037234166504",
      "-0.9850841502085  "
    ],
    "ImageType": [
      "ORIGINAL",
      "PRIMARY",
      "M",
      "ND",
      "NORM "
    ],
    "ImagingFrequency": 123.247151,
    "InPlanePhaseEncodingDirectionDICOM": "ROW  ",
    "IntendedFor": [
      "ses-NAPFU12/func/sub-4360628_ses-NAPFU12_task-retrieval_run-001_bold.nii.gz",
      "ses-NAPFU12/asl/sub-4360628_ses-NAPFU12_run-001_asl.nii.gz",
      "ses-NAPFU12/fmap/sub-4360628_ses-NAPFU12_run-002_phasediff.nii.gz",
      "ses-NAPFU12/func/sub-4360628_ses-NAPFU12_task-rest_run-002_bold.nii.gz",
      "ses-NAPFU12/func/sub-4360628_ses-NAPFU12_task-rest_run-001_bold.nii.gz",
      "ses-NAPFU12/anat/sub-4360628_ses-NAPFU12_run-001_T2star.nii.gz",
      "ses-NAPFU12/func/sub-4360628_ses-NAPFU12_task-encoding_run-001_bold.nii.gz",
      "ses-NAPFU12/fmap/sub-4360628_ses-NAPFU12_run-003_phasediff.nii.gz",
      "ses-NAPFU12/fmap/sub-4360628_ses-NAPFU12_run-001_phasediff.nii.gz"
    ],
    "InversionTime": 0.9,
    "MRAcquisitionType": "3D ",
    "MagneticFieldStrength": 3,
    "Manufacturer": "SIEMENS  ",
    "ManufacturerModelName": "TrioTim  ",
    "Modality": "MRI__ ",
    "PatientPosition": "HFS  ",
    "PercentPhaseFOV": 93.75,
    "PhaseEncodingSteps": 239,
    "PixelBandwidth": 238,
    "ProtocolName": "MPRAGE ADNI_iPAT2  ",
    "PulseSequenceType": "*tfl3d1_ns ",
    "ReceiveCoilName": "HeadMatrixix\\\\ ",
    "RepetitionTime": 2.3,
    "SAR": 0.08761729242728,
    "ScanningSequence": "GR\\\\IR  ",
    "SequenceName": "*tfl3d1_ns ",
    "SequenceVariant": "SP\\\\MP  ",
    "SeriesDescription": "MPRAGE ADNI_iPAT2  ",
    "SeriesNumber": 12,
    "SliceOrder": "interleaved ",
    "SliceThickness": 1,
    "SliceTiming": null,
    "SoftwareVersions": "syngo MR B17 ",
    "dataset": "<unset>",
    "modality": "T1w",
    "run_id": 1,
    "session_id": "NAPFU12",
    "subject_id": "4360628"
  },
  "cjv": 0.47059657994675763,
  "cnr": 2.8597215180372,
  "efc": 0.6250532310271557,
  "fber": 85.93095397949219,
  "fwhm_avg": 3.252243333333334,
  "fwhm_x": 3.28369,
  "fwhm_y": 3.36955,
  "fwhm_z": 3.10349,
  "icvs_csf": 0.19376692395807563,
  "icvs_gm": 0.4103023943593058,
  "icvs_wm": 0.3959306816826185,
  "inu_med": 1.3161457777023315,
  "inu_range": 0.49771617650985744,
  "provenance": {
    "md5sum": "ae814edad445ee8751cd31495f5bce7d",
    "settings": {
      "testing": false
    },
    "software": "mriqc",
    "version": "0.16.1",
    "warnings": {
      "large_rot_frame": true,
      "small_air_mask": false
    },
    "webapi_port": null,
    "webapi_url": "https://mriqc.nimh.nih.gov/api/v1"
  },
  "qi_1": 0.0,
  "qi_2": 0.003695381974827123,
  "rpve_csf": 28.66893920991306,
  "rpve_gm": 14.111576511043513,
  "rpve_wm": 17.61373803698286,
  "size_x": 176,
  "size_y": 240,
  "size_z": 256,
  "snr_csf": 2.8581956748652897,
  "snr_gm": 8.699358109690776,
  "snr_total": 9.504296531689898,
  "snr_wm": 16.955335810513628,
  "snrd_csf": 8.673668447723866,
  "snrd_gm": 20.284780947232502,
  "snrd_total": 19.235247748991142,
  "snrd_wm": 28.74729385201705,
  "spacing_x": 1.0,
  "spacing_y": 1.0,
  "spacing_z": 1.0,
  "summary_bg_k": 4.736299716969551,
  "summary_bg_mad": 22.78982285222089,
  "summary_bg_mean": 75.9034652709961,
  "summary_bg_median": 74.12841033935547,
  "summary_bg_n": 2657951.0,
  "summary_bg_p05": 41.212575912475586,
  "summary_bg_p95": 116.60956573486328,
  "summary_bg_stdv": 23.223848342895508,
  "summary_csf_k": 2.1595020293893636,
  "summary_csf_mad": 96.04414628613056,
  "summary_csf_mean": 322.3514709472656,
  "summary_csf_median": 301.72552490234375,
  "summary_csf_n": 13351.0,
  "summary_csf_p05": 182.90560913085938,
  "summary_csf_p95": 521.326904296875,
  "summary_csf_stdv": 105.56108093261719,
  "summary_gm_k": -0.11996372949144574,
  "summary_gm_mad": 80.93457099733385,
  "summary_gm_mean": 708.6113891601562,
  "summary_gm_median": 705.6340942382812,
  "summary_gm_n": 11139.0,
  "summary_gm_p05": 577.8862365722656,
  "summary_gm_p95": 849.3494079589844,
  "summary_gm_stdv": 81.10971069335938,
  "summary_wm_k": 0.19581814763188188,
  "summary_wm_mad": 57.59973867403488,
  "summary_wm_mean": 999.3955078125,
  "summary_wm_median": 1000.0142822265625,
  "summary_wm_n": 206164.0,
  "summary_wm_p05": 901.2193176269532,
  "summary_wm_p95": 1095.0590332031247,
  "summary_wm_stdv": 58.979183197021484,
  "tpm_overlap_csf": 0.1797349900007248,
  "tpm_overlap_gm": 0.43474721908569336,
  "tpm_overlap_wm": 0.5133996605873108,
  "wm2max": 0.44427563609371507
}