{
  "bids_meta": {
    "AcquisitionNumber": 1,
    "DeviceSerialNumber": "35442  ",
    "EchoNumber": 1,
    "EchoTime": 0.00298,
    "FlipAngle": 9,
    "ImageOrientationPatientDICOM": [
      "0.0014889280253",
      "0.9914606456098",
      "-0.1303977426965",
      "-0.0449308113307",
      "-0.1301998706488",
      "-0.9904691897662  "
    ],
    "ImageType": [
      "ORIGINAL",
      "PRIMARY",
      "M",
      "ND",
      "NORM "
    ],
    "ImagingFrequency": 123.247386,
    "InPlanePhaseEncodingDirectionDICOM": "ROW  ",
    "IntendedFor": [
      "ses-NAPFU24/fmap/sub-6605596_ses-NAPFU24_run-002_phasediff.nii.gz",
      "ses-NAPFU24/func/sub-6605596_ses-NAPFU24_task-rest_run-002_bold.nii.gz",
      "ses-NAPFU24/func/sub-6605596_ses-NAPFU24_task-retrieval_run-001_bold.nii.gz",
      "ses-NAPFU24/anat/sub-6605596_ses-NAPFU24_run-001_T2star.nii.gz",
      "ses-NAPFU24/fmap/sub-6605596_ses-NAPFU24_run-001_phasediff.nii.gz",
      "ses-NAPFU24/func/sub-6605596_ses-NAPFU24_task-encoding_run-001_bold.nii.gz",
      "ses-NAPFU24/asl/sub-6605596_ses-NAPFU24_run-001_asl.nii.gz",
      "ses-NAPFU24/func/sub-6605596_ses-NAPFU24_task-rest_run-001_bold.nii.gz",
      "ses-NAPFU24/fmap/sub-6605596_ses-NAPFU24_run-003_phasediff.nii.gz"
    ],
    "InversionTime": 0.9,
    "MRAcquisitionType": "3D ",
    "MagneticFieldStrength": 3,
    "Manufacturer": "SIEMENS  ",
    "ManufacturerModelName": "TrioTim  ",
    "Modality": "MRI__ ",
    "PatientPosition": "HFS  ",
    "PercentPhaseFOV": 93.75,
    "PhaseEncodingSteps": 239,
    "PixelBandwidth": 238,
    "ProtocolName": "MPRAGE ADNI_iPAT2  ",
    "PulseSequenceType": "*tfl3d1_ns ",
    "ReceiveCoilName": "HeadMatrixix\\\\ ",
    "RepetitionTime": 2.3,
    "SAR": 0.0933688513969,
    "ScanningSequence": "GR\\\\IR  ",
    "SequenceName": "*tfl3d1_ns ",
    "SequenceVariant": "SP\\\\MP  ",
    "SeriesDescription": "MPRAGE ADNI_iPAT2  ",
    "SeriesNumber": 12,
    "SliceOrder": "interleaved ",
    "SliceThickness": 1,
    "SliceTiming": null,
    "SoftwareVersions": "syngo MR B17 ",
    "dataset": "<unset>",
    "modality": "T1w",
    "run_id": 1,
    "session_id": "NAPFU24",
    "subject_id": "6605596"
  },
  "cjv": 0.4890655317729424,
  "cnr": 2.7391891102871693,
  "efc": 0.6873689300774249,
  "fber": 79.0567626953125,
  "fwhm_avg": 3.2515766666666663,
  "fwhm_x": 3.33664,
  "fwhm_y": 3.31939,
  "fwhm_z": 3.0987,
  "icvs_csf": 0.2045252540186825,
  "icvs_gm": 0.40673118351589194,
  "icvs_wm": 0.3887435624654256,
  "inu_med": 1.3792444467544556,
  "inu_range": 0.6272953510284425,
  "provenance": {
    "md5sum": "adee488b6ea89d1d24a4936f0c40717a",
    "settings": {
      "testing": false
    },
    "software": "mriqc",
    "version": "0.16.1",
    "warnings": {
      "large_rot_frame": true,
      "small_air_mask": false
    },
    "webapi_port": null,
    "webapi_url": "https://mriqc.nimh.nih.gov/api/v1"
  },
  "qi_1": 0.0,
  "qi_2": 0.005199908292357283,
  "rpve_csf": 24.429607975721314,
  "rpve_gm": 12.602971223591851,
  "rpve_wm": 15.880673755979481,
  "size_x": 176,
  "size_y": 240,
  "size_z": 256,
  "snr_csf": 2.4773810381928887,
  "snr_gm": 8.805660396707731,
  "snr_total": 8.56429959347308,
  "snr_wm": 14.409857345518619,
  "snrd_csf": 8.803607944185094,
  "snrd_gm": 19.156642498457153,
  "snrd_total": 18.409573829224993,
  "snrd_wm": 27.26847104503273,
  "spacing_x": 1.0,
  "spacing_y": 1.0,
  "spacing_z": 1.0,
  "summary_bg_k": 2.788097081591377,
  "summary_bg_mad": 24.025877072254985,
  "summary_bg_mean": 80.35887908935547,
  "summary_bg_median": 78.30432891845703,
  "summary_bg_n": 2857455.0,
  "summary_bg_p05": 43.51450080871582,
  "summary_bg_p95": 123.79626998901367,
  "summary_bg_stdv": 24.779277801513672,
  "summary_csf_k": -0.09416875002092961,
  "summary_csf_mad": 131.96825907623946,
  "summary_csf_mean": 345.2361755371094,
  "summary_csf_median": 322.85552978515625,
  "summary_csf_n": 13018.0,
  "summary_csf_p05": 166.43535003662112,
  "summary_csf_p95": 582.5937744140624,
  "summary_csf_stdv": 130.31629943847656,
  "summary_gm_k": 0.14345714057440828,
  "summary_gm_mad": 77.14087750932606,
  "summary_gm_mean": 703.658203125,
  "summary_gm_median": 702.5333251953125,
  "summary_gm_n": 11878.0,
  "summary_gm_p05": 573.0874267578125,
  "summary_gm_p95": 838.7052520751953,
  "summary_gm_stdv": 79.77865600585938,
  "summary_wm_k": 0.07889026338627314,
  "summary_wm_mad": 68.34919294877791,
  "summary_wm_mean": 1000.2088012695312,
  "summary_wm_median": 1000.0191650390625,
  "summary_wm_n": 227476.0,
  "summary_wm_p05": 886.405517578125,
  "summary_wm_p95": 1114.9197387695312,
  "summary_wm_stdv": 69.39811706542969,
  "tpm_overlap_csf": 0.16420240700244904,
  "tpm_overlap_gm": 0.4273604154586792,
  "tpm_overlap_wm": 0.4951336085796356,
  "wm2max": 0.47157277746393034
}