{
  "bids_meta": {
    "AcquisitionNumber": 1,
    "DeviceSerialNumber": "35442  ",
    "EchoNumber": 1,
    "EchoTime": 0.00298,
    "FlipAngle": 9,
    "ImageOrientationPatientDICOM": [
      "0.02817359565605",
      "0.9978681844307",
      "0.05886709614706",
      "-0.0227892528493",
      "0.05951636186676",
      "-0.9979671600933 "
    ],
    "ImageType": [
      "ORIGINAL",
      "PRIMARY",
      "M",
      "ND",
      "NORM "
    ],
    "ImagingFrequency": 123.251525,
    "InPlanePhaseEncodingDirectionDICOM": "ROW  ",
    "IntendedFor": [
      "ses-PREFU48/anat/sub-3165520_ses-PREFU48_run-001_T2star.nii.gz",
      "ses-PREFU48/anat/sub-3165520_ses-PREFU48_run-002_T2star.nii.gz",
      "ses-PREFU48/fmap/sub-3165520_ses-PREFU48_run-003_phasediff.nii.gz",
      "ses-PREFU48/asl/sub-3165520_ses-PREFU48_run-001_asl.nii.gz",
      "ses-PREFU48/anat/sub-3165520_ses-PREFU48_run-002_T1w.nii.gz",
      "ses-PREFU48/fmap/sub-3165520_ses-PREFU48_run-001_phasediff.nii.gz",
      "ses-PREFU48/anat/sub-3165520_ses-PREFU48_run-001_FLAIR.nii.gz",
      "ses-PREFU48/func/sub-3165520_ses-PREFU48_task-encoding_run-001_bold.nii.gz",
      "ses-PREFU48/func/sub-3165520_ses-PREFU48_task-retrieval_run-001_bold.nii.gz",
      "ses-PREFU48/func/sub-3165520_ses-PREFU48_task-rest_run-001_bold.nii.gz",
      "ses-PREFU48/fmap/sub-3165520_ses-PREFU48_run-005_phasediff.nii.gz",
      "ses-PREFU48/fmap/sub-3165520_ses-PREFU48_run-002_phasediff.nii.gz",
      "ses-PREFU48/dwi/sub-3165520_ses-PREFU48_run-001_dwi.nii.gz",
      "ses-PREFU48/fmap/sub-3165520_ses-PREFU48_run-004_phasediff.nii.gz",
      "ses-PREFU48/func/sub-3165520_ses-PREFU48_task-rest_run-002_bold.nii.gz"
    ],
    "InversionTime": 0.9,
    "MRAcquisitionType": "3D ",
    "MagneticFieldStrength": 3,
    "Manufacturer": "SIEMENS  ",
    "ManufacturerModelName": "TrioTim  ",
    "Modality": "MRI__ ",
    "PatientPosition": "HFS  ",
    "PercentPhaseFOV": 93.75,
    "PhaseEncodingSteps": 239,
    "PixelBandwidth": 238,
    "ProtocolName": "MPRAGE ADNI_iPAT2  ",
    "PulseSequenceType": "*tfl3d1_ns ",
    "ReceiveCoilName": "HeadMatrixix\\\\ ",
    "RepetitionTime": 2.3,
    "SAR": 0.07980976573119,
    "ScanningSequence": "GR\\\\IR  ",
    "SequenceName": "*tfl3d1_ns ",
    "SequenceVariant": "SP\\\\MP  ",
    "SeriesDescription": "MPRAGE ADNI_iPAT2  ",
    "SeriesNumber": 12,
    "SliceOrder": "interleaved ",
    "SliceThickness": 1,
    "SliceTiming": null,
    "SoftwareVersions": "syngo MR B17 ",
    "dataset": "<unset>",
    "modality": "T1w",
    "run_id": 1,
    "session_id": "PREFU48",
    "subject_id": "3165520"
  },
  "cjv": 0.5400290221295614,
  "cnr": 2.440098662259874,
  "efc": 0.674436703532792,
  "fber": 82.90736389160156,
  "fwhm_avg": 2.740576666666666,
  "fwhm_x": 2.79913,
  "fwhm_y": 2.73377,
  "fwhm_z": 2.68883,
  "icvs_csf": 0.21654301489175504,
  "icvs_gm": 0.4183732191285039,
  "icvs_wm": 0.36508376597974107,
  "inu_med": 1.251993179321289,
  "inu_range": 0.3440450429916382,
  "provenance": {
    "md5sum": "9b57a015baa82b5876cf11ff44cd8d9d",
    "settings": {
      "testing": false
    },
    "software": "mriqc",
    "version": "0.16.1",
    "warnings": {
      "large_rot_frame": true,
      "small_air_mask": false
    },
    "webapi_port": null,
    "webapi_url": "https://mriqc.nimh.nih.gov/api/v1"
  },
  "qi_1": 9.568916625661406e-06,
  "qi_2": 0.002107623857131012,
  "rpve_csf": 25.298224874365943,
  "rpve_gm": 12.841085486062264,
  "rpve_wm": 16.728972982920737,
  "size_x": 176,
  "size_y": 240,
  "size_z": 256,
  "snr_csf": 1.157568472621302,
  "snr_gm": 6.900323849542456,
  "snr_total": 6.272249534611507,
  "snr_wm": 10.75885628167076,
  "snrd_csf": 8.369222170918519,
  "snrd_gm": 18.91737264273488,
  "snrd_total": 18.630198482790007,
  "snrd_wm": 28.60400063471662,
  "spacing_x": 1.0,
  "spacing_y": 1.0,
  "spacing_z": 1.0,
  "summary_bg_k": 372.982005394356,
  "summary_bg_mad": 22.90348219778744,
  "summary_bg_mean": 72.75621032714844,
  "summary_bg_median": 68.06787109375,
  "summary_bg_n": 2502130.0,
  "summary_bg_p05": 36.166106605529784,
  "summary_bg_p95": 118.66574935913086,
  "summary_bg_stdv": 37.90571212768555,
  "summary_csf_k": 22.668187626745386,
  "summary_csf_mad": 86.44582621680806,
  "summary_csf_mean": 343.7432556152344,
  "summary_csf_median": 292.5869140625,
  "summary_csf_n": 39612.0,
  "summary_csf_p05": 167.88472595214844,
  "summary_csf_p95": 585.0022064208983,
  "summary_csf_stdv": 252.75672912597656,
  "summary_gm_k": 0.02084211854570306,
  "summary_gm_mad": 94.09506369430974,
  "summary_gm_mean": 662.6002807617188,
  "summary_gm_median": 661.348876953125,
  "summary_gm_n": 8868.0,
  "summary_gm_p05": 506.86309814453125,
  "summary_gm_p95": 825.3691436767577,
  "summary_gm_stdv": 95.83776092529297,
  "summary_wm_k": 0.4423237759713361,
  "summary_wm_mad": 88.78211919028081,
  "summary_wm_mean": 1006.6542358398438,
  "summary_wm_median": 999.9921264648438,
  "summary_wm_n": 149806.0,
  "summary_wm_p05": 866.0468292236328,
  "summary_wm_p95": 1171.8392944335938,
  "summary_wm_stdv": 92.94564056396484,
  "tpm_overlap_csf": 0.12823107838630676,
  "tpm_overlap_gm": 0.36163491010665894,
  "tpm_overlap_wm": 0.41128188371658325,
  "wm2max": 0.5192076444712325
}