{
  "bids_meta": {
    "AcquisitionNumber": 1,
    "DeviceSerialNumber": "35442  ",
    "EchoNumber": 1,
    "EchoTime": 0.00298,
    "FlipAngle": 9,
    "ImageOrientationPatientDICOM": [
      "-0.0216028181827",
      "0.99976657101217",
      "-0.0003489027502",
      "0.02875535956326",
      "0.0002725019556",
      "-0.9995864420044 "
    ],
    "ImageType": [
      "ORIGINAL",
      "PRIMARY",
      "M",
      "ND",
      "NORM "
    ],
    "ImagingFrequency": 123.247482,
    "InPlanePhaseEncodingDirectionDICOM": "ROW  ",
    "IntendedFor": [
      "ses-NAPEN00/dwi/sub-2332918_ses-NAPEN00_run-001_dwi.nii.gz",
      "ses-NAPEN00/anat/sub-2332918_ses-NAPEN00_run-001_FLAIR.nii.gz",
      "ses-NAPEN00/fmap/sub-2332918_ses-NAPEN00_run-001_phasediff.nii.gz",
      "ses-NAPEN00/fmap/sub-2332918_ses-NAPEN00_run-002_phasediff.nii.gz"
    ],
    "InversionTime": 0.9,
    "MRAcquisitionType": "3D ",
    "MagneticFieldStrength": 3,
    "Manufacturer": "SIEMENS  ",
    "ManufacturerModelName": "TrioTim  ",
    "Modality": "MRI__ ",
    "PatientPosition": "HFS  ",
    "PercentPhaseFOV": 93.75,
    "PhaseEncodingSteps": 239,
    "PixelBandwidth": 238,
    "ProtocolName": "MPRAGE ADNI_iPAT2  ",
    "PulseSequenceType": "*tfl3d1_ns ",
    "ReceiveCoilName": "HeadMatrixix\\\\ ",
    "RepetitionTime": 2.3,
    "SAR": 0.21996689801604,
    "ScanningSequence": "GR\\\\IR  ",
    "SequenceName": "*tfl3d1_ns ",
    "SequenceVariant": "SP\\\\MP  ",
    "SeriesDescription": "MPRAGE ADNI_iPAT2  ",
    "SeriesNumber": 4,
    "SliceOrder": "interleaved ",
    "SliceThickness": 1,
    "SliceTiming": null,
    "SoftwareVersions": "syngo MR B17 ",
    "dataset": "<unset>",
    "modality": "T1w",
    "run_id": 1,
    "session_id": "NAPEN00",
    "subject_id": "2332918"
  },
  "cjv": 0.5278400280583052,
  "cnr": 2.789904791322589,
  "efc": 0.604903283642998,
  "fber": 167.69557189941406,
  "fwhm_avg": 2.918946666666667,
  "fwhm_x": 2.97998,
  "fwhm_y": 2.9205,
  "fwhm_z": 2.85636,
  "icvs_csf": 0.18759761521190293,
  "icvs_gm": 0.4351246585363318,
  "icvs_wm": 0.37727772625176526,
  "inu_med": 1.273033618927002,
  "inu_range": 0.3190762996673584,
  "provenance": {
    "md5sum": "0cca617ae0746c1295e7d586d2a18eb1",
    "settings": {
      "testing": false
    },
    "software": "mriqc",
    "version": "0.16.1",
    "warnings": {
      "large_rot_frame": false,
      "small_air_mask": false
    },
    "webapi_port": null,
    "webapi_url": "https://mriqc.nimh.nih.gov/api/v1"
  },
  "qi_1": 1.2283036249579599e-05,
  "qi_2": 0.004821520044800719,
  "rpve_csf": 33.5589818985457,
  "rpve_gm": 15.65909536934789,
  "rpve_wm": 21.302781519930264,
  "size_x": 176,
  "size_y": 240,
  "size_z": 256,
  "snr_csf": 1.4209497610789037,
  "snr_gm": 6.476915340516194,
  "snr_total": 6.395149187552268,
  "snr_wm": 11.287582461061707,
  "snrd_csf": 15.514575298603846,
  "snrd_gm": 30.354747387265533,
  "snrd_total": 31.358532544112844,
  "snrd_wm": 48.20627494646915,
  "spacing_x": 1.0,
  "spacing_y": 1.0,
  "spacing_z": 1.0,
  "summary_bg_k": 1262.4575490031177,
  "summary_bg_mad": 13.589306250622338,
  "summary_bg_mean": 40.48517608642578,
  "summary_bg_median": 39.29309844970703,
  "summary_bg_n": 3194029.0,
  "summary_bg_p05": 20.873031997680666,
  "summary_bg_p95": 64.79468078613279,
  "summary_bg_stdv": 17.8576717376709,
  "summary_csf_k": 20.034925380115386,
  "summary_csf_mad": 94.35339247136534,
  "summary_csf_mean": 364.894287109375,
  "summary_csf_median": 321.81439208984375,
  "summary_csf_n": 8880.0,
  "summary_csf_p05": 178.4865768432617,
  "summary_csf_p95": 610.1574523925776,
  "summary_csf_stdv": 226.4656219482422,
  "summary_gm_k": -0.45833219661020275,
  "summary_gm_mad": 104.84537763220436,
  "summary_gm_mean": 632.4686279296875,
  "summary_gm_median": 629.6398315429688,
  "summary_gm_n": 9856.0,
  "summary_gm_p05": 478.0982666015625,
  "summary_gm_p95": 792.9335174560547,
  "summary_gm_stdv": 97.2079849243164,
  "summary_wm_k": -0.1830309407744677,
  "summary_wm_mad": 90.60804372427775,
  "summary_wm_mean": 999.2127685546875,
  "summary_wm_median": 999.928955078125,
  "summary_wm_n": 159012.0,
  "summary_wm_p05": 851.7171356201172,
  "summary_wm_p95": 1144.1985107421874,
  "summary_wm_stdv": 88.58635711669922,
  "tpm_overlap_csf": 0.1462428718805313,
  "tpm_overlap_gm": 0.4046991765499115,
  "tpm_overlap_wm": 0.5040889382362366,
  "wm2max": 0.6328965741705719
}