{
  "bids_meta": {
    "AcquisitionNumber": 1,
    "DeviceSerialNumber": "35442  ",
    "EchoNumber": 1,
    "EchoTime": 0.00298,
    "FlipAngle": 9,
    "ImageOrientationPatientDICOM": [
      "0.06164261463002",
      "0.99459103078348",
      "0.08359945900919",
      "0.03347611839008",
      "0.08165139758104",
      "-0.9960985888809  "
    ],
    "ImageType": [
      "ORIGINAL",
      "PRIMARY",
      "M",
      "ND",
      "NORM "
    ],
    "ImagingFrequency": 123.247105,
    "InPlanePhaseEncodingDirectionDICOM": "ROW  ",
    "IntendedFor": [
      "ses-PREBL00/func/sub-7672530_ses-PREBL00_task-encoding_run-001_bold.nii.gz",
      "ses-PREBL00/fmap/sub-7672530_ses-PREBL00_run-001_phasediff.nii.gz",
      "ses-PREBL00/func/sub-7672530_ses-PREBL00_task-rest_run-002_bold.nii.gz",
      "ses-PREBL00/anat/sub-7672530_ses-PREBL00_run-002_T1w.nii.gz",
      "ses-PREBL00/fmap/sub-7672530_ses-PREBL00_run-003_phasediff.nii.gz",
      "ses-PREBL00/anat/sub-7672530_ses-PREBL00_run-001_T2star.nii.gz",
      "ses-PREBL00/func/sub-7672530_ses-PREBL00_task-rest_run-001_bold.nii.gz",
      "ses-PREBL00/asl/sub-7672530_ses-PREBL00_run-001_asl.nii.gz",
      "ses-PREBL00/fmap/sub-7672530_ses-PREBL00_run-002_phasediff.nii.gz",
      "ses-PREBL00/func/sub-7672530_ses-PREBL00_task-retrieval_run-001_bold.nii.gz"
    ],
    "InversionTime": 0.9,
    "MRAcquisitionType": "3D ",
    "MagneticFieldStrength": 3,
    "Manufacturer": "SIEMENS  ",
    "ManufacturerModelName": "TrioTim  ",
    "Modality": "MRI__ ",
    "PatientPosition": "HFS  ",
    "PercentPhaseFOV": 93.75,
    "PhaseEncodingSteps": 239,
    "PixelBandwidth": 238,
    "ProtocolName": "MPRAGE ADNI_iPAT2  ",
    "PulseSequenceType": "*tfl3d1_ns ",
    "ReceiveCoilName": "HeadMatrixix\\\\ ",
    "RepetitionTime": 2.3,
    "SAR": 0.1213410483798,
    "ScanningSequence": "GR\\\\IR  ",
    "SequenceName": "*tfl3d1_ns ",
    "SequenceVariant": "SP\\\\MP  ",
    "SeriesDescription": "MPRAGE ADNI_iPAT2  ",
    "SeriesNumber": 12,
    "SliceOrder": "interleaved ",
    "SliceThickness": 1,
    "SliceTiming": null,
    "SoftwareVersions": "syngo MR B17 ",
    "dataset": "<unset>",
    "modality": "T1w",
    "run_id": 1,
    "session_id": "PREBL00",
    "subject_id": "7672530"
  },
  "cjv": 0.473782559155175,
  "cnr": 2.82676001757146,
  "efc": 0.6421834926674795,
  "fber": 128.22642517089844,
  "fwhm_avg": 3.2145799999999998,
  "fwhm_x": 3.20796,
  "fwhm_y": 3.40682,
  "fwhm_z": 3.02896,
  "icvs_csf": 0.21800041918360213,
  "icvs_gm": 0.4113920843285864,
  "icvs_wm": 0.37060749648781144,
  "inu_med": 1.1388795375823975,
  "inu_range": 0.25534121394157405,
  "provenance": {
    "md5sum": "275713ecdc6a1b36dcd377802b62139e",
    "settings": {
      "testing": false
    },
    "software": "mriqc",
    "version": "0.16.1",
    "warnings": {
      "large_rot_frame": true,
      "small_air_mask": false
    },
    "webapi_port": null,
    "webapi_url": "https://mriqc.nimh.nih.gov/api/v1"
  },
  "qi_1": 0.0,
  "qi_2": 0.0019878359525216252,
  "rpve_csf": 31.065404087105275,
  "rpve_gm": 16.02050072215215,
  "rpve_wm": 20.59876401176547,
  "size_x": 176,
  "size_y": 240,
  "size_z": 256,
  "snr_csf": 3.111690991047711,
  "snr_gm": 7.11030885079233,
  "snr_total": 7.035823290161468,
  "snr_wm": 10.885470028644365,
  "snrd_csf": 11.081932858536229,
  "snrd_gm": 22.81537899176203,
  "snrd_total": 23.401543561754163,
  "snrd_wm": 36.30731883496423,
  "spacing_x": 1.0,
  "spacing_y": 1.0,
  "spacing_z": 1.0,
  "summary_bg_k": 532.8182332859432,
  "summary_bg_mad": 18.043879925618675,
  "summary_bg_mean": 53.33683395385742,
  "summary_bg_median": 48.58071517944336,
  "summary_bg_n": 2808386.0,
  "summary_bg_p05": 23.493172645568848,
  "summary_bg_p95": 92.94829559326172,
  "summary_bg_stdv": 32.1306037902832,
  "summary_csf_k": 0.5567039315051554,
  "summary_csf_mad": 95.94298881817328,
  "summary_csf_mean": 312.4382019042969,
  "summary_csf_median": 305.22052001953125,
  "summary_csf_n": 26744.0,
  "summary_csf_p05": 164.3903205871582,
  "summary_csf_p95": 482.30480041503904,
  "summary_csf_stdv": 98.08647918701172,
  "summary_gm_k": 0.06192482000241428,
  "summary_gm_mad": 87.62881320426678,
  "summary_gm_mean": 633.883056640625,
  "summary_gm_median": 628.3851318359375,
  "summary_gm_n": 9807.0,
  "summary_gm_p05": 498.46404418945315,
  "summary_gm_p95": 788.4090087890622,
  "summary_gm_stdv": 88.37212371826172,
  "summary_wm_k": 0.27617043657934426,
  "summary_wm_mad": 88.4275307629606,
  "summary_wm_mean": 1005.1619262695312,
  "summary_wm_median": 999.9824829101562,
  "summary_wm_n": 146252.0,
  "summary_wm_p05": 862.6153533935546,
  "summary_wm_p95": 1165.5457824707028,
  "summary_wm_stdv": 91.86365509033203,
  "tpm_overlap_csf": 0.1644071340560913,
  "tpm_overlap_gm": 0.4196890890598297,
  "tpm_overlap_wm": 0.48506778478622437,
  "wm2max": 0.5488164728022579
}