{
  "bids_meta": {
    "AcquisitionNumber": 1,
    "DeviceSerialNumber": "35442  ",
    "EchoNumber": 1,
    "EchoTime": 0.00298,
    "FlipAngle": 9,
    "ImageOrientationPatientDICOM": [
      "0.00653411336873",
      "0.99906211114341",
      "0.04280424558559",
      "0.04836739334828",
      "0.04243930351271",
      "-0.9979276029743  "
    ],
    "ImageType": [
      "ORIGINAL",
      "PRIMARY",
      "M",
      "ND",
      "NORM "
    ],
    "ImagingFrequency": 123.247122,
    "InPlanePhaseEncodingDirectionDICOM": "ROW  ",
    "IntendedFor": [
      "ses-NAPFU24/anat/sub-6034555_ses-NAPFU24_run-001_FLAIR.nii.gz",
      "ses-NAPFU24/fmap/sub-6034555_ses-NAPFU24_run-004_phasediff.nii.gz",
      "ses-NAPFU24/fmap/sub-6034555_ses-NAPFU24_run-005_phasediff.nii.gz",
      "ses-NAPFU24/dwi/sub-6034555_ses-NAPFU24_run-001_dwi.nii.gz"
    ],
    "InversionTime": 0.9,
    "MRAcquisitionType": "3D ",
    "MagneticFieldStrength": 3,
    "Manufacturer": "SIEMENS  ",
    "ManufacturerModelName": "TrioTim  ",
    "Modality": "MRI__ ",
    "PatientPosition": "HFS  ",
    "PercentPhaseFOV": 93.75,
    "PhaseEncodingSteps": 239,
    "PixelBandwidth": 238,
    "ProtocolName": "MPRAGE ADNI_iPAT2  ",
    "PulseSequenceType": "*tfl3d1_ns ",
    "ReceiveCoilName": "HeadMatrixix\\\\ ",
    "RepetitionTime": 2.3,
    "SAR": 0.09673025470274,
    "ScanningSequence": "GR\\\\IR  ",
    "SequenceName": "*tfl3d1_ns ",
    "SequenceVariant": "SP\\\\MP  ",
    "SeriesDescription": "MPRAGE ADNI_iPAT2  ",
    "SeriesNumber": 20,
    "SliceOrder": "interleaved ",
    "SliceThickness": 1,
    "SliceTiming": null,
    "SoftwareVersions": "syngo MR B17 ",
    "dataset": "<unset>",
    "modality": "T1w",
    "run_id": 2,
    "session_id": "NAPFU24",
    "subject_id": "6034555"
  },
  "cjv": 0.5203130533970197,
  "cnr": 2.557670559242722,
  "efc": 0.6323410892705045,
  "fber": 104.18138122558594,
  "fwhm_avg": 2.9858766666666665,
  "fwhm_x": 3.05565,
  "fwhm_y": 3.06167,
  "fwhm_z": 2.84031,
  "icvs_csf": 0.22061406185970564,
  "icvs_gm": 0.4069363348701412,
  "icvs_wm": 0.37244960327015314,
  "inu_med": 1.364630103111267,
  "inu_range": 0.5295778036117553,
  "provenance": {
    "md5sum": "ac8fc424497a2510510fb902bfab2347",
    "settings": {
      "testing": false
    },
    "software": "mriqc",
    "version": "0.16.1",
    "warnings": {
      "large_rot_frame": true,
      "small_air_mask": false
    },
    "webapi_port": null,
    "webapi_url": "https://mriqc.nimh.nih.gov/api/v1"
  },
  "qi_1": 0.0,
  "qi_2": 0.004901857067254808,
  "rpve_csf": 25.141712950935165,
  "rpve_gm": 13.086489287376306,
  "rpve_wm": 16.55451498924874,
  "size_x": 176,
  "size_y": 240,
  "size_z": 256,
  "snr_csf": 2.770658571550866,
  "snr_gm": 8.562568749868118,
  "snr_total": 7.853913341430183,
  "snr_wm": 12.228512702871564,
  "snrd_csf": 8.944474913436292,
  "snrd_gm": 20.780353098290664,
  "snrd_total": 19.8321285758028,
  "snrd_wm": 29.771557715681446,
  "spacing_x": 1.0,
  "spacing_y": 1.0,
  "spacing_z": 1.0,
  "summary_bg_k": 5.220007646870892,
  "summary_bg_mad": 22.00546788940526,
  "summary_bg_mean": 67.78504180908203,
  "summary_bg_median": 64.69874572753906,
  "summary_bg_n": 2822714.0,
  "summary_bg_p05": 33.942370033264154,
  "summary_bg_p95": 110.14151153564454,
  "summary_bg_stdv": 24.726301193237305,
  "summary_csf_k": 21.8178460894573,
  "summary_csf_mad": 87.11287957702008,
  "summary_csf_mean": 315.75579833984375,
  "summary_csf_median": 300.4372253417969,
  "summary_csf_n": 27212.0,
  "summary_csf_p05": 175.6331527709961,
  "summary_csf_p95": 508.8520751953124,
  "summary_csf_stdv": 108.43331909179688,
  "summary_gm_k": 0.062333350552995714,
  "summary_gm_mad": 80.243401823448,
  "summary_gm_mean": 697.0628662109375,
  "summary_gm_median": 697.9942016601562,
  "summary_gm_n": 6153.0,
  "summary_gm_p05": 560.1697509765625,
  "summary_gm_p95": 828.2334716796875,
  "summary_gm_stdv": 81.51029205322266,
  "summary_wm_k": 0.6403625636629156,
  "summary_wm_mad": 76.89469712996544,
  "summary_wm_mean": 1004.5743408203125,
  "summary_wm_median": 1000.0010375976562,
  "summary_wm_n": 156391.0,
  "summary_wm_p05": 878.2539672851562,
  "summary_wm_p95": 1147.2313842773438,
  "summary_wm_stdv": 81.77591705322266,
  "tpm_overlap_csf": 0.14785772562026978,
  "tpm_overlap_gm": 0.37291887402534485,
  "tpm_overlap_wm": 0.4367908239364624,
  "wm2max": 0.4858328593903855
}