{
  "bids_meta": {
    "AcquisitionNumber": 1,
    "DeviceSerialNumber": "35442  ",
    "EchoNumber": 1,
    "EchoTime": 0.00298,
    "FlipAngle": 9,
    "ImageOrientationPatientDICOM": [
      "0.07307003883298",
      "0.99566633787047",
      "-0.0575266291082",
      "0.03178920885124",
      "-0.0599766991592",
      "-0.9976934608178  "
    ],
    "ImageType": [
      "ORIGINAL",
      "PRIMARY",
      "M",
      "ND",
      "NORM "
    ],
    "ImagingFrequency": 123.247097,
    "InPlanePhaseEncodingDirectionDICOM": "ROW  ",
    "IntendedFor": [
      "ses-NAPFU36/fmap/sub-9023102_ses-NAPFU36_run-001_phasediff.nii.gz",
      "ses-NAPFU36/anat/sub-9023102_ses-NAPFU36_run-001_T2star.nii.gz",
      "ses-NAPFU36/fmap/sub-9023102_ses-NAPFU36_run-002_phasediff.nii.gz",
      "ses-NAPFU36/fmap/sub-9023102_ses-NAPFU36_run-004_phasediff.nii.gz",
      "ses-NAPFU36/func/sub-9023102_ses-NAPFU36_task-rest_run-001_bold.nii.gz",
      "ses-NAPFU36/anat/sub-9023102_ses-NAPFU36_run-001_FLAIR.nii.gz",
      "ses-NAPFU36/dwi/sub-9023102_ses-NAPFU36_run-001_dwi.nii.gz",
      "ses-NAPFU36/func/sub-9023102_ses-NAPFU36_task-rest_run-002_bold.nii.gz",
      "ses-NAPFU36/fmap/sub-9023102_ses-NAPFU36_run-003_phasediff.nii.gz"
    ],
    "InversionTime": 0.9,
    "MRAcquisitionType": "3D ",
    "MagneticFieldStrength": 3,
    "Manufacturer": "SIEMENS  ",
    "ManufacturerModelName": "TrioTim  ",
    "Modality": "MRI__ ",
    "PatientPosition": "HFS  ",
    "PercentPhaseFOV": 93.75,
    "PhaseEncodingSteps": 239,
    "PixelBandwidth": 238,
    "ProtocolName": "MPRAGE ADNI_iPAT2  ",
    "PulseSequenceType": "*tfl3d1_ns ",
    "ReceiveCoilName": "HeadMatrixix\\\\ ",
    "RepetitionTime": 2.3,
    "SAR": 0.11765257597255,
    "ScanningSequence": "GR\\\\IR  ",
    "SequenceName": "*tfl3d1_ns ",
    "SequenceVariant": "SP\\\\MP  ",
    "SeriesDescription": "MPRAGE ADNI_iPAT2  ",
    "SeriesNumber": 4,
    "SliceOrder": "interleaved ",
    "SliceThickness": 1,
    "SliceTiming": null,
    "SoftwareVersions": "syngo MR B17 ",
    "dataset": "<unset>",
    "modality": "T1w",
    "run_id": 1,
    "session_id": "NAPFU36",
    "subject_id": "9023102"
  },
  "cjv": 0.5332799033847319,
  "cnr": 2.4515012261695226,
  "efc": 0.6824992200376653,
  "fber": 72.55537414550781,
  "fwhm_avg": 3.03396,
  "fwhm_x": 3.11513,
  "fwhm_y": 3.17377,
  "fwhm_z": 2.81298,
  "icvs_csf": 0.22695428267028137,
  "icvs_gm": 0.38725646674340564,
  "icvs_wm": 0.38578925058631297,
  "inu_med": 1.2080210447311401,
  "inu_range": 0.2835055112838747,
  "provenance": {
    "md5sum": "ac00c0e8f4944778daf457d2ed36233f",
    "settings": {
      "testing": false
    },
    "software": "mriqc",
    "version": "0.16.1",
    "warnings": {
      "large_rot_frame": true,
      "small_air_mask": false
    },
    "webapi_port": null,
    "webapi_url": "https://mriqc.nimh.nih.gov/api/v1"
  },
  "qi_1": 7.719590777475076e-05,
  "qi_2": 0.0026470735391292553,
  "rpve_csf": 25.251404282945373,
  "rpve_gm": 14.16503208492208,
  "rpve_wm": 17.44581179139059,
  "size_x": 176,
  "size_y": 240,
  "size_z": 256,
  "snr_csf": 3.067815531365897,
  "snr_gm": 8.55627307088766,
  "snr_total": 8.256532310424367,
  "snr_wm": 13.145508329019542,
  "snrd_csf": 8.502133372505583,
  "snrd_gm": 18.791641902314,
  "snrd_total": 17.93649342110346,
  "snrd_wm": 26.51570498849079,
  "spacing_x": 1.0,
  "spacing_y": 1.0,
  "spacing_z": 1.0,
  "summary_bg_k": 523.7482275464323,
  "summary_bg_mad": 24.70776527751074,
  "summary_bg_mean": 81.04960632324219,
  "summary_bg_median": 76.55659484863281,
  "summary_bg_n": 2628689.0,
  "summary_bg_p05": 41.95528030395508,
  "summary_bg_p95": 130.5104919433594,
  "summary_bg_stdv": 38.39107894897461,
  "summary_csf_k": 0.4262847689343312,
  "summary_csf_mad": 98.75213045909743,
  "summary_csf_mean": 333.0313720703125,
  "summary_csf_median": 320.6488342285156,
  "summary_csf_n": 16679.0,
  "summary_csf_p05": 180.1135513305664,
  "summary_csf_p95": 523.6806274414062,
  "summary_csf_stdv": 104.5171127319336,
  "summary_gm_k": -0.02278732385429505,
  "summary_gm_mad": 82.01679641433932,
  "summary_gm_mean": 710.236328125,
  "summary_gm_median": 708.7066040039062,
  "summary_gm_n": 4250.0,
  "summary_gm_p05": 574.4648315429688,
  "summary_gm_p95": 848.8336212158204,
  "summary_gm_stdv": 82.81914520263672,
  "summary_wm_k": 0.41141672699314613,
  "summary_wm_mad": 73.33017174000241,
  "summary_wm_mean": 1003.69140625,
  "summary_wm_median": 1000.0113525390625,
  "summary_wm_n": 188620.0,
  "summary_wm_p05": 885.7311920166015,
  "summary_wm_p95": 1135.0669006347657,
  "summary_wm_stdv": 76.07227325439453,
  "tpm_overlap_csf": 0.15631337463855743,
  "tpm_overlap_gm": 0.38632431626319885,
  "tpm_overlap_wm": 0.47117480635643005,
  "wm2max": 0.48516180520875746
}