{
  "bids_meta": {
    "AcquisitionNumber": 1,
    "DeviceSerialNumber": "35442  ",
    "EchoNumber": 1,
    "EchoTime": 0.00298,
    "FlipAngle": 9,
    "ImageOrientationPatientDICOM": [
      "0.00368362041914",
      "0.97704805395203",
      "0.21298716207593",
      "-0.0197972803304",
      "0.21301811674013",
      "-0.9768476593779  "
    ],
    "ImageType": [
      "ORIGINAL",
      "PRIMARY",
      "M",
      "ND",
      "NORM "
    ],
    "ImagingFrequency": 123.247101,
    "InPlanePhaseEncodingDirectionDICOM": "ROW  ",
    "IntendedFor": [
      "ses-NAPBL00/func/sub-7917918_ses-NAPBL00_task-retrieval_run-001_bold.nii.gz",
      "ses-NAPBL00/func/sub-7917918_ses-NAPBL00_task-encoding_run-001_bold.nii.gz",
      "ses-NAPBL00/asl/sub-7917918_ses-NAPBL00_run-001_asl.nii.gz",
      "ses-NAPBL00/fmap/sub-7917918_ses-NAPBL00_run-002_phasediff.nii.gz",
      "ses-NAPBL00/anat/sub-7917918_ses-NAPBL00_run-001_T2star.nii.gz",
      "ses-NAPBL00/fmap/sub-7917918_ses-NAPBL00_run-003_phasediff.nii.gz",
      "ses-NAPBL00/fmap/sub-7917918_ses-NAPBL00_run-001_phasediff.nii.gz",
      "ses-NAPBL00/func/sub-7917918_ses-NAPBL00_task-rest_run-001_bold.nii.gz",
      "ses-NAPBL00/func/sub-7917918_ses-NAPBL00_task-rest_run-002_bold.nii.gz"
    ],
    "InversionTime": 0.9,
    "MRAcquisitionType": "3D ",
    "MagneticFieldStrength": 3,
    "Manufacturer": "SIEMENS  ",
    "ManufacturerModelName": "TrioTim  ",
    "Modality": "MRI__ ",
    "PatientPosition": "HFS  ",
    "PercentPhaseFOV": 93.75,
    "PhaseEncodingSteps": 239,
    "PixelBandwidth": 238,
    "ProtocolName": "MPRAGE ADNI_iPAT2  ",
    "PulseSequenceType": "*tfl3d1_ns ",
    "ReceiveCoilName": "HeadMatrixix\\\\ ",
    "RepetitionTime": 2.3,
    "SAR": 0.09201841665512,
    "ScanningSequence": "GR\\\\IR  ",
    "SequenceName": "*tfl3d1_ns ",
    "SequenceVariant": "SP\\\\MP  ",
    "SeriesDescription": "MPRAGE ADNI_iPAT2  ",
    "SeriesNumber": 12,
    "SliceOrder": "interleaved ",
    "SliceThickness": 1,
    "SliceTiming": null,
    "SoftwareVersions": "syngo MR B17 ",
    "dataset": "<unset>",
    "modality": "T1w",
    "run_id": 1,
    "session_id": "NAPBL00",
    "subject_id": "7917918"
  },
  "cjv": 0.4046716520610689,
  "cnr": 3.2950639531834947,
  "efc": 0.6064968808391579,
  "fber": 108.68347930908203,
  "fwhm_avg": 3.3366000000000002,
  "fwhm_x": 3.37668,
  "fwhm_y": 3.46712,
  "fwhm_z": 3.166,
  "icvs_csf": 0.20012288454274504,
  "icvs_gm": 0.4025747235171988,
  "icvs_wm": 0.3973023919400562,
  "inu_med": 1.3484723567962646,
  "inu_range": 0.4451041698455811,
  "provenance": {
    "md5sum": "3f5ec250fbf46ce850c786668b667d29",
    "settings": {
      "testing": false
    },
    "software": "mriqc",
    "version": "0.16.1",
    "warnings": {
      "large_rot_frame": true,
      "small_air_mask": false
    },
    "webapi_port": null,
    "webapi_url": "https://mriqc.nimh.nih.gov/api/v1"
  },
  "qi_1": 0.0001532189608630249,
  "qi_2": 0.004370415338059723,
  "rpve_csf": 27.86236751134134,
  "rpve_gm": 14.291108949468477,
  "rpve_wm": 17.788418036994717,
  "size_x": 176,
  "size_y": 240,
  "size_z": 256,
  "snr_csf": 2.7320697487885757,
  "snr_gm": 9.378408265798829,
  "snr_total": 10.255499678737033,
  "snr_wm": 18.656021021623694,
  "snrd_csf": 11.362140623083015,
  "snrd_gm": 24.71781793016684,
  "snrd_total": 23.916762536064443,
  "snrd_wm": 35.67032905494347,
  "spacing_x": 1.0,
  "spacing_y": 1.0,
  "spacing_z": 1.0,
  "summary_bg_k": 0.7801758073960032,
  "summary_bg_mad": 18.36628471370088,
  "summary_bg_mean": 61.65416717529297,
  "summary_bg_median": 60.28733825683594,
  "summary_bg_n": 2789027.0,
  "summary_bg_p05": 33.42446632385254,
  "summary_bg_p95": 94.48992843627924,
  "summary_bg_stdv": 18.739953994750977,
  "summary_csf_k": -0.30828052167170217,
  "summary_csf_mad": 127.0228771263055,
  "summary_csf_mean": 335.77020263671875,
  "summary_csf_median": 318.5295715332031,
  "summary_csf_n": 9867.0,
  "summary_csf_p05": 173.31044006347656,
  "summary_csf_p95": 541.1198974609374,
  "summary_csf_stdv": 116.58319854736328,
  "summary_gm_k": -0.04154815160803871,
  "summary_gm_mad": 72.77053102831127,
  "summary_gm_mean": 692.072998046875,
  "summary_gm_median": 692.946533203125,
  "summary_gm_n": 11532.0,
  "summary_gm_p05": 567.0303649902344,
  "summary_gm_p95": 813.3593627929688,
  "summary_gm_stdv": 73.88423156738281,
  "summary_wm_k": 0.3534341420055309,
  "summary_wm_mad": 51.48223995096704,
  "summary_wm_mean": 999.5950927734375,
  "summary_wm_median": 999.992431640625,
  "summary_wm_n": 201908.0,
  "summary_wm_p05": 910.4376525878906,
  "summary_wm_p95": 1086.79970703125,
  "summary_wm_stdv": 53.60145950317383,
  "tpm_overlap_csf": 0.17669686675071716,
  "tpm_overlap_gm": 0.432015985250473,
  "tpm_overlap_wm": 0.5203377604484558,
  "wm2max": 0.5156498611280239
}