{
  "bids_meta": {
    "AcquisitionNumber": 1,
    "DeviceSerialNumber": "35442  ",
    "EchoNumber": 1,
    "EchoTime": 0.00298,
    "FlipAngle": 9,
    "ImageOrientationPatientDICOM": [
      "-0.0024184013353",
      "0.99865474170424",
      "0.05179631460455",
      "0.06300442056975",
      "0.0518457246226",
      "-0.9966656730454 "
    ],
    "ImageType": [
      "ORIGINAL",
      "PRIMARY",
      "M",
      "ND",
      "NORM "
    ],
    "ImagingFrequency": 123.24712,
    "InPlanePhaseEncodingDirectionDICOM": "ROW  ",
    "IntendedFor": [
      "ses-NAPFU24/anat/sub-9851361_ses-NAPFU24_run-002_T1w.nii.gz",
      "ses-NAPFU24/func/sub-9851361_ses-NAPFU24_task-rest_run-002_bold.nii.gz",
      "ses-NAPFU24/anat/sub-9851361_ses-NAPFU24_run-001_T1w.nii.gz",
      "ses-NAPFU24/fmap/sub-9851361_ses-NAPFU24_run-005_phasediff.nii.gz",
      "ses-NAPFU24/func/sub-9851361_ses-NAPFU24_task-retrieval_run-001_bold.nii.gz",
      "ses-NAPFU24/dwi/sub-9851361_ses-NAPFU24_run-001_dwi.nii.gz",
      "ses-NAPFU24/anat/sub-9851361_ses-NAPFU24_run-001_FLAIR.nii.gz",
      "ses-NAPFU24/fmap/sub-9851361_ses-NAPFU24_run-001_phasediff.nii.gz",
      "ses-NAPFU24/fmap/sub-9851361_ses-NAPFU24_run-003_phasediff.nii.gz",
      "ses-NAPFU24/fmap/sub-9851361_ses-NAPFU24_run-002_phasediff.nii.gz",
      "ses-NAPFU24/func/sub-9851361_ses-NAPFU24_task-rest_run-001_bold.nii.gz",
      "ses-NAPFU24/anat/sub-9851361_ses-NAPFU24_run-001_T2star.nii.gz",
      "ses-NAPFU24/func/sub-9851361_ses-NAPFU24_task-encoding_run-001_bold.nii.gz",
      "ses-NAPFU24/asl/sub-9851361_ses-NAPFU24_run-001_asl.nii.gz",
      "ses-NAPFU24/fmap/sub-9851361_ses-NAPFU24_run-004_phasediff.nii.gz"
    ],
    "InversionTime": 0.9,
    "MRAcquisitionType": "3D ",
    "MagneticFieldStrength": 3,
    "Manufacturer": "SIEMENS  ",
    "ManufacturerModelName": "TrioTim  ",
    "Modality": "MRI__ ",
    "PatientPosition": "HFS  ",
    "PercentPhaseFOV": 93.75,
    "PhaseEncodingSteps": 239,
    "PixelBandwidth": 238,
    "ProtocolName": "MPRAGE ADNI_iPAT2  ",
    "PulseSequenceType": "*tfl3d1_ns ",
    "ReceiveCoilName": "HeadMatrixix\\\\ ",
    "RepetitionTime": 2.3,
    "SAR": 0.07958071009013,
    "ScanningSequence": "GR\\\\IR  ",
    "SequenceName": "*tfl3d1_ns ",
    "SequenceVariant": "SP\\\\MP  ",
    "SeriesDescription": "MPRAGE ADNI_iPAT2  ",
    "SeriesNumber": 19,
    "SliceOrder": "interleaved ",
    "SliceThickness": 1,
    "SliceTiming": null,
    "SoftwareVersions": "syngo MR B17 ",
    "dataset": "<unset>",
    "modality": "T1w",
    "run_id": 3,
    "session_id": "NAPFU24",
    "subject_id": "9851361"
  },
  "cjv": 0.48439081852035254,
  "cnr": 2.8170632793520265,
  "efc": 0.6541958185017532,
  "fber": 77.84901428222656,
  "fwhm_avg": 3.24456,
  "fwhm_x": 3.32872,
  "fwhm_y": 3.35002,
  "fwhm_z": 3.05494,
  "icvs_csf": 0.2066511835386922,
  "icvs_gm": 0.396046817623069,
  "icvs_wm": 0.39730199883823886,
  "inu_med": 1.3954479694366455,
  "inu_range": 0.5238526463508606,
  "provenance": {
    "md5sum": "d91ad2641aaada3a4120a7f86b48764f",
    "settings": {
      "testing": false
    },
    "software": "mriqc",
    "version": "0.16.1",
    "warnings": {
      "large_rot_frame": true,
      "small_air_mask": false
    },
    "webapi_port": null,
    "webapi_url": "https://mriqc.nimh.nih.gov/api/v1"
  },
  "qi_1": 0.0,
  "qi_2": 0.004551452027918766,
  "rpve_csf": 23.91197713077779,
  "rpve_gm": 12.653356996729839,
  "rpve_wm": 15.673658798753364,
  "size_x": 176,
  "size_y": 240,
  "size_z": 256,
  "snr_csf": 2.650117395953383,
  "snr_gm": 9.517516206586004,
  "snr_total": 9.346206449670442,
  "snr_wm": 15.870985746471943,
  "snrd_csf": 10.018614531029728,
  "snrd_gm": 20.243323287802976,
  "snrd_total": 19.51696398779339,
  "snrd_wm": 28.288954144547468,
  "spacing_x": 1.0,
  "spacing_y": 1.0,
  "spacing_z": 1.0,
  "summary_bg_k": 14.477683600883907,
  "summary_bg_mad": 23.159362065996703,
  "summary_bg_mean": 78.18557739257812,
  "summary_bg_median": 76.43397521972656,
  "summary_bg_n": 2632686.0,
  "summary_bg_p05": 42.60149669647217,
  "summary_bg_p95": 119.59603691101074,
  "summary_bg_stdv": 23.882102966308594,
  "summary_csf_k": -0.585025679694748,
  "summary_csf_mad": 154.86474237172357,
  "summary_csf_mean": 376.11834716796875,
  "summary_csf_median": 354.1624755859375,
  "summary_csf_n": 11884.0,
  "summary_csf_p05": 190.45912857055663,
  "summary_csf_p95": 600.4607208251953,
  "summary_csf_stdv": 133.63467407226562,
  "summary_gm_k": -0.11850209159284342,
  "summary_gm_mad": 75.82925776713067,
  "summary_gm_mean": 714.5868530273438,
  "summary_gm_median": 715.6104736328125,
  "summary_gm_n": 9829.0,
  "summary_gm_p05": 590.1487670898438,
  "summary_gm_p95": 837.4236694335938,
  "summary_gm_stdv": 75.1849594116211,
  "summary_wm_k": 0.17789517704522728,
  "summary_wm_mad": 61.93954449045339,
  "summary_wm_mean": 1000.1068725585938,
  "summary_wm_median": 1000.027099609375,
  "summary_wm_n": 222468.0,
  "summary_wm_p05": 896.6917846679687,
  "summary_wm_p95": 1103.5520202636717,
  "summary_wm_stdv": 63.00962448120117,
  "tpm_overlap_csf": 0.17318777740001678,
  "tpm_overlap_gm": 0.423583060503006,
  "tpm_overlap_wm": 0.50745689868927,
  "wm2max": 0.45687587786819933
}