{
  "bids_meta": {
    "AcquisitionNumber": 1,
    "DeviceSerialNumber": "35442  ",
    "EchoNumber": 1,
    "EchoTime": 0.00298,
    "FlipAngle": 9,
    "ImageOrientationPatientDICOM": [
      "0.00178913533606",
      "0.99835253518553",
      "0.05734993010783",
      "0.0062556638976",
      "0.05733772590721",
      "-0.9983352402159 "
    ],
    "ImageType": [
      "ORIGINAL",
      "PRIMARY",
      "M",
      "ND",
      "NORM "
    ],
    "ImagingFrequency": 123.251448,
    "InPlanePhaseEncodingDirectionDICOM": "ROW  ",
    "IntendedFor": [
      "ses-PREFU36/fmap/sub-4317780_ses-PREFU36_run-001_phasediff.nii.gz",
      "ses-PREFU36/fmap/sub-4317780_ses-PREFU36_run-002_phasediff.nii.gz",
      "ses-PREFU36/fmap/sub-4317780_ses-PREFU36_run-004_phasediff.nii.gz",
      "ses-PREFU36/dwi/sub-4317780_ses-PREFU36_run-001_dwi.nii.gz",
      "ses-PREFU36/func/sub-4317780_ses-PREFU36_task-rest_run-002_bold.nii.gz",
      "ses-PREFU36/asl/sub-4317780_ses-PREFU36_run-001_asl.nii.gz",
      "ses-PREFU36/func/sub-4317780_ses-PREFU36_task-rest_run-001_bold.nii.gz",
      "ses-PREFU36/fmap/sub-4317780_ses-PREFU36_run-003_phasediff.nii.gz",
      "ses-PREFU36/anat/sub-4317780_ses-PREFU36_run-001_T2star.nii.gz",
      "ses-PREFU36/anat/sub-4317780_ses-PREFU36_run-001_FLAIR.nii.gz"
    ],
    "InversionTime": 0.9,
    "MRAcquisitionType": "3D ",
    "MagneticFieldStrength": 3,
    "Manufacturer": "SIEMENS  ",
    "ManufacturerModelName": "TrioTim  ",
    "Modality": "MRI__ ",
    "PatientPosition": "HFS  ",
    "PercentPhaseFOV": 93.75,
    "PhaseEncodingSteps": 239,
    "PixelBandwidth": 238,
    "ProtocolName": "MPRAGE ADNI_iPAT2  ",
    "PulseSequenceType": "*tfl3d1_ns ",
    "ReceiveCoilName": "HeadMatrixix\\\\ ",
    "RepetitionTime": 2.3,
    "SAR": 0.09686914957378,
    "ScanningSequence": "GR\\\\IR  ",
    "SequenceName": "*tfl3d1_ns ",
    "SequenceVariant": "SP\\\\MP  ",
    "SeriesDescription": "MPRAGE ADNI_iPAT2  ",
    "SeriesNumber": 5,
    "SliceOrder": "interleaved ",
    "SliceThickness": 1,
    "SliceTiming": null,
    "SoftwareVersions": "syngo MR B17 ",
    "dataset": "<unset>",
    "modality": "T1w",
    "run_id": 1,
    "session_id": "PREFU36",
    "subject_id": "4317780"
  },
  "cjv": 0.4750262940410157,
  "cnr": 2.92786724094186,
  "efc": 0.6088560755223383,
  "fber": 165.55987548828125,
  "fwhm_avg": 3.0126399999999998,
  "fwhm_x": 3.09291,
  "fwhm_y": 3.06607,
  "fwhm_z": 2.87894,
  "icvs_csf": 0.22144200217956042,
  "icvs_gm": 0.4206625470963247,
  "icvs_wm": 0.3578954507241149,
  "inu_med": 1.2741321325302124,
  "inu_range": 0.3722928762435913,
  "provenance": {
    "md5sum": "ec25f3d49914af59d88800f6d60c3594",
    "settings": {
      "testing": false
    },
    "software": "mriqc",
    "version": "0.16.1",
    "warnings": {
      "large_rot_frame": true,
      "small_air_mask": false
    },
    "webapi_port": null,
    "webapi_url": "https://mriqc.nimh.nih.gov/api/v1"
  },
  "qi_1": 0.0,
  "qi_2": 0.004288593642326791,
  "rpve_csf": 29.78991114694417,
  "rpve_gm": 15.844386114165959,
  "rpve_wm": 21.378178288483074,
  "size_x": 176,
  "size_y": 240,
  "size_z": 256,
  "snr_csf": 2.160463219380604,
  "snr_gm": 6.420791518200775,
  "snr_total": 6.5817803236704755,
  "snr_wm": 11.164086233430046,
  "snrd_csf": 13.321735574817758,
  "snrd_gm": 27.594965219083566,
  "snrd_total": 28.66579044395701,
  "snrd_wm": 45.08067053796971,
  "spacing_x": 1.0,
  "spacing_y": 1.0,
  "spacing_z": 1.0,
  "summary_bg_k": 1145.630787904226,
  "summary_bg_mad": 14.532008903691109,
  "summary_bg_mean": 42.25798416137695,
  "summary_bg_median": 40.027854919433594,
  "summary_bg_n": 3011846.0,
  "summary_bg_p05": 19.58634853363037,
  "summary_bg_p95": 70.51274490356445,
  "summary_bg_stdv": 20.956787109375,
  "summary_csf_k": 39.34892819052187,
  "summary_csf_mad": 83.9073087982788,
  "summary_csf_mean": 313.2127990722656,
  "summary_csf_median": 295.4981384277344,
  "summary_csf_n": 27819.0,
  "summary_csf_p05": 171.621826171875,
  "summary_csf_p95": 489.5924530029295,
  "summary_csf_stdv": 136.7729034423828,
  "summary_gm_k": -0.23132175827176527,
  "summary_gm_mad": 98.18633636905798,
  "summary_gm_mean": 615.0872802734375,
  "summary_gm_median": 612.1019897460938,
  "summary_gm_n": 9616.0,
  "summary_gm_p05": 461.6445083618164,
  "summary_gm_p95": 774.5176849365234,
  "summary_gm_stdv": 95.32627868652344,
  "summary_wm_k": 0.20672424206257167,
  "summary_wm_mad": 86.05825387172385,
  "summary_wm_mean": 1000.6032104492188,
  "summary_wm_median": 999.9638671875,
  "summary_wm_n": 143645.0,
  "summary_wm_p05": 853.6432006835937,
  "summary_wm_p95": 1150.9829345703124,
  "summary_wm_stdv": 89.56938934326172,
  "tpm_overlap_csf": 0.1571764200925827,
  "tpm_overlap_gm": 0.4021081030368805,
  "tpm_overlap_wm": 0.4757918417453766,
  "wm2max": 0.5854067614659316
}