{
  "bids_meta": {
    "AcquisitionNumber": 1,
    "DeviceSerialNumber": "35442  ",
    "EchoNumber": 1,
    "EchoTime": 0.00298,
    "FlipAngle": 9,
    "ImageOrientationPatientDICOM": [
      "0.04914102360615",
      "0.98273742840751",
      "-0.178360047673",
      "0.06245815694011",
      "-0.181249870775",
      "-0.9814517119939  "
    ],
    "ImageType": [
      "ORIGINAL",
      "PRIMARY",
      "M",
      "ND",
      "NORM "
    ],
    "ImagingFrequency": 123.246931,
    "InPlanePhaseEncodingDirectionDICOM": "ROW  ",
    "IntendedFor": [
      "ses-PREFU24/fmap/sub-9909448_ses-PREFU24_run-004_phasediff.nii.gz",
      "ses-PREFU24/fmap/sub-9909448_ses-PREFU24_run-005_phasediff.nii.gz",
      "ses-PREFU24/dwi/sub-9909448_ses-PREFU24_run-001_dwi.nii.gz",
      "ses-PREFU24/anat/sub-9909448_ses-PREFU24_run-001_FLAIR.nii.gz"
    ],
    "InversionTime": 0.9,
    "MRAcquisitionType": "3D ",
    "MagneticFieldStrength": 3,
    "Manufacturer": "SIEMENS  ",
    "ManufacturerModelName": "TrioTim  ",
    "Modality": "MRI__ ",
    "PatientPosition": "HFS  ",
    "PercentPhaseFOV": 93.75,
    "PhaseEncodingSteps": 239,
    "PixelBandwidth": 238,
    "ProtocolName": "MPRAGE ADNI_iPAT2  ",
    "PulseSequenceType": "*tfl3d1_ns ",
    "ReceiveCoilName": "HeadMatrixix\\\\ ",
    "RepetitionTime": 2.3,
    "SAR": 0.09471048376747,
    "ScanningSequence": "GR\\\\IR  ",
    "SequenceName": "*tfl3d1_ns ",
    "SequenceVariant": "SP\\\\MP  ",
    "SeriesDescription": "MPRAGE ADNI_iPAT2  ",
    "SeriesNumber": 20,
    "SliceOrder": "interleaved ",
    "SliceThickness": 1,
    "SliceTiming": null,
    "SoftwareVersions": "syngo MR B17 ",
    "dataset": "<unset>",
    "modality": "T1w",
    "run_id": 2,
    "session_id": "PREFU24",
    "subject_id": "9909448"
  },
  "cjv": 0.4722045924459394,
  "cnr": 2.826170048167245,
  "efc": 0.6704371316238303,
  "fber": 92.47563171386719,
  "fwhm_avg": 3.1546333333333334,
  "fwhm_x": 3.22995,
  "fwhm_y": 3.25807,
  "fwhm_z": 2.97588,
  "icvs_csf": 0.21631364834870917,
  "icvs_gm": 0.37976770930665177,
  "icvs_wm": 0.4039186423446391,
  "inu_med": 1.3628963232040405,
  "inu_range": 0.6033765316009521,
  "provenance": {
    "md5sum": "fc5a2aba08fc345638f2aa3f8818ab7b",
    "settings": {
      "testing": false
    },
    "software": "mriqc",
    "version": "0.16.1",
    "warnings": {
      "large_rot_frame": true,
      "small_air_mask": false
    },
    "webapi_port": null,
    "webapi_url": "https://mriqc.nimh.nih.gov/api/v1"
  },
  "qi_1": 0.0,
  "qi_2": 0.003928522852020269,
  "rpve_csf": 25.44169925346605,
  "rpve_gm": 14.090000515512294,
  "rpve_wm": 16.484540483433324,
  "size_x": 176,
  "size_y": 240,
  "size_z": 256,
  "snr_csf": 2.8250350863687435,
  "snr_gm": 9.116846554675718,
  "snr_total": 9.165014098633081,
  "snr_wm": 15.55316065485478,
  "snrd_csf": 12.805334950271146,
  "snrd_gm": 21.864780204969094,
  "snrd_total": 21.857251021075196,
  "snrd_wm": 30.90163790798535,
  "spacing_x": 1.0,
  "spacing_y": 1.0,
  "spacing_z": 1.0,
  "summary_bg_k": 115.68813028398263,
  "summary_bg_mad": 21.20090518684842,
  "summary_bg_mean": 71.72303771972656,
  "summary_bg_median": 69.99639129638672,
  "summary_bg_n": 2553569.0,
  "summary_bg_p05": 38.838033294677736,
  "summary_bg_p95": 109.83161163330078,
  "summary_bg_stdv": 23.47425079345703,
  "summary_csf_k": 17.047559739524033,
  "summary_csf_mad": 133.38065170024535,
  "summary_csf_mean": 419.21575927734375,
  "summary_csf_median": 414.3941650390625,
  "summary_csf_n": 10790.0,
  "summary_csf_p05": 202.24329986572263,
  "summary_csf_p95": 641.7713836669922,
  "summary_csf_stdv": 146.67958068847656,
  "summary_gm_k": 0.08646301011851065,
  "summary_gm_mad": 74.9015454902679,
  "summary_gm_mean": 704.1383056640625,
  "summary_gm_median": 707.5673828125,
  "summary_gm_n": 5486.0,
  "summary_gm_p05": 572.7437286376953,
  "summary_gm_p95": 829.1900177001953,
  "summary_gm_stdv": 77.6039047241211,
  "summary_wm_k": 0.20313644301033706,
  "summary_wm_mad": 63.19103305746587,
  "summary_wm_mean": 1000.5877685546875,
  "summary_wm_median": 1000.0096435546875,
  "summary_wm_n": 201900.0,
  "summary_wm_p05": 895.53466796875,
  "summary_wm_p95": 1107.0779785156249,
  "summary_wm_stdv": 64.29607391357422,
  "tpm_overlap_csf": 0.14394789934158325,
  "tpm_overlap_gm": 0.39637428522109985,
  "tpm_overlap_wm": 0.4977649748325348,
  "wm2max": 0.4865089396115862
}