{
  "bids_meta": {
    "AcquisitionNumber": 1,
    "DeviceSerialNumber": "35442  ",
    "EchoNumber": 1,
    "EchoTime": 0.00298,
    "FlipAngle": 9,
    "ImageOrientationPatientDICOM": [
      "0.01019091437413",
      "0.98391985097807",
      "0.17831957860964",
      "-0.0155061533547",
      "0.17846289373264",
      "-0.9838244532277  "
    ],
    "ImageType": [
      "ORIGINAL",
      "PRIMARY",
      "M",
      "ND",
      "NORM "
    ],
    "ImagingFrequency": 123.247164,
    "InPlanePhaseEncodingDirectionDICOM": "ROW  ",
    "IntendedFor": [
      "ses-NAPFU24/anat/sub-6360867_ses-NAPFU24_run-001_T2star.nii.gz",
      "ses-NAPFU24/func/sub-6360867_ses-NAPFU24_task-retrieval_run-001_bold.nii.gz",
      "ses-NAPFU24/func/sub-6360867_ses-NAPFU24_task-rest_run-002_bold.nii.gz",
      "ses-NAPFU24/fmap/sub-6360867_ses-NAPFU24_run-002_phasediff.nii.gz",
      "ses-NAPFU24/fmap/sub-6360867_ses-NAPFU24_run-001_phasediff.nii.gz",
      "ses-NAPFU24/fmap/sub-6360867_ses-NAPFU24_run-003_phasediff.nii.gz",
      "ses-NAPFU24/func/sub-6360867_ses-NAPFU24_task-encoding_run-001_bold.nii.gz",
      "ses-NAPFU24/asl/sub-6360867_ses-NAPFU24_run-001_asl.nii.gz",
      "ses-NAPFU24/func/sub-6360867_ses-NAPFU24_task-rest_run-001_bold.nii.gz"
    ],
    "InversionTime": 0.9,
    "MRAcquisitionType": "3D ",
    "MagneticFieldStrength": 3,
    "Manufacturer": "SIEMENS  ",
    "ManufacturerModelName": "TrioTim  ",
    "Modality": "MRI__ ",
    "PatientPosition": "HFS  ",
    "PercentPhaseFOV": 93.75,
    "PhaseEncodingSteps": 239,
    "PixelBandwidth": 238,
    "ProtocolName": "MPRAGE ADNI_iPAT2  ",
    "PulseSequenceType": "*tfl3d1_ns ",
    "ReceiveCoilName": "HeadMatrixix\\\\ ",
    "RepetitionTime": 2.3,
    "SAR": 0.09145891575526,
    "ScanningSequence": "GR\\\\IR  ",
    "SequenceName": "*tfl3d1_ns ",
    "SequenceVariant": "SP\\\\MP  ",
    "SeriesDescription": "MPRAGE ADNI_iPAT2  ",
    "SeriesNumber": 12,
    "SliceOrder": "interleaved ",
    "SliceThickness": 1,
    "SliceTiming": null,
    "SoftwareVersions": "syngo MR B17 ",
    "dataset": "<unset>",
    "modality": "T1w",
    "run_id": 1,
    "session_id": "NAPFU24",
    "subject_id": "6360867"
  },
  "cjv": 0.4310101256622966,
  "cnr": 3.1200829439269384,
  "efc": 0.5977998940617839,
  "fber": 145.9324951171875,
  "fwhm_avg": 2.87148,
  "fwhm_x": 2.93756,
  "fwhm_y": 2.92913,
  "fwhm_z": 2.74775,
  "icvs_csf": 0.19785962385648054,
  "icvs_gm": 0.4260894914532053,
  "icvs_wm": 0.37605088469031417,
  "inu_med": 1.4889616966247559,
  "inu_range": 0.30985974669456473,
  "provenance": {
    "md5sum": "ff6016b4ec29563858f8cfebcf0c663a",
    "settings": {
      "testing": false
    },
    "software": "mriqc",
    "version": "0.16.1",
    "warnings": {
      "large_rot_frame": true,
      "small_air_mask": false
    },
    "webapi_port": null,
    "webapi_url": "https://mriqc.nimh.nih.gov/api/v1"
  },
  "qi_1": 0.0,
  "qi_2": 0.005813430152922792,
  "rpve_csf": 30.140481197947338,
  "rpve_gm": 14.850790884606726,
  "rpve_wm": 19.663860841820632,
  "size_x": 176,
  "size_y": 240,
  "size_z": 256,
  "snr_csf": 1.0728624267229634,
  "snr_gm": 8.161581746790207,
  "snr_total": 8.58490264017837,
  "snr_wm": 16.520263747021943,
  "snrd_csf": 13.376139541692245,
  "snrd_gm": 25.994533701825752,
  "snrd_total": 25.950228447779022,
  "snrd_wm": 38.480012099819064,
  "spacing_x": 1.0,
  "spacing_y": 1.0,
  "spacing_z": 1.0,
  "summary_bg_k": 21.081635590270626,
  "summary_bg_mad": 17.024975486542843,
  "summary_bg_mean": 51.532508850097656,
  "summary_bg_median": 50.308128356933594,
  "summary_bg_n": 3182436.0,
  "summary_bg_p05": 25.574252128601074,
  "summary_bg_p95": 81.83582496643066,
  "summary_bg_stdv": 17.322254180908203,
  "summary_csf_k": 10.474804303656372,
  "summary_csf_mad": 111.90628879600891,
  "summary_csf_mean": 429.07916259765625,
  "summary_csf_median": 347.6046447753906,
  "summary_csf_n": 14703.0,
  "summary_csf_p05": 195.28459930419922,
  "summary_csf_p95": 1307.0725830078122,
  "summary_csf_stdv": 323.98638916015625,
  "summary_gm_k": 0.08982009915109446,
  "summary_gm_mad": 81.19550138655876,
  "summary_gm_mean": 677.1771850585938,
  "summary_gm_median": 675.517822265625,
  "summary_gm_n": 14594.0,
  "summary_gm_p05": 543.5347625732422,
  "summary_gm_p95": 815.1287048339843,
  "summary_gm_stdv": 82.76516723632812,
  "summary_wm_k": 0.33530153953294306,
  "summary_wm_mad": 58.64965885471184,
  "summary_wm_mean": 1000.3229370117188,
  "summary_wm_median": 999.9769287109375,
  "summary_wm_n": 170849.0,
  "summary_wm_p05": 901.8490356445312,
  "summary_wm_p95": 1100.2549072265624,
  "summary_wm_stdv": 60.530147552490234,
  "tpm_overlap_csf": 0.1567535400390625,
  "tpm_overlap_gm": 0.4227975308895111,
  "tpm_overlap_wm": 0.49581778049468994,
  "wm2max": 0.5446250861184888
}