{
  "bids_meta": {
    "AcquisitionNumber": 1,
    "DeviceSerialNumber": "35442  ",
    "EchoNumber": 1,
    "EchoTime": 0.00298,
    "FlipAngle": 9,
    "ImageOrientationPatientDICOM": [
      "0.01108601282461",
      "0.99993848762656",
      "-0.0003482567379",
      "0.06886972836612",
      "-0.0011109886745",
      "-0.9976250428989  "
    ],
    "ImageType": [
      "ORIGINAL",
      "PRIMARY",
      "M",
      "ND",
      "NORM "
    ],
    "ImagingFrequency": 123.246919,
    "InPlanePhaseEncodingDirectionDICOM": "ROW  ",
    "IntendedFor": [
      "ses-PREEN00/anat/sub-9742226_ses-PREEN00_run-001_FLAIR.nii.gz",
      "ses-PREEN00/dwi/sub-9742226_ses-PREEN00_run-001_dwi.nii.gz",
      "ses-PREEN00/fmap/sub-9742226_ses-PREEN00_run-001_phasediff.nii.gz",
      "ses-PREEN00/fmap/sub-9742226_ses-PREEN00_run-002_phasediff.nii.gz"
    ],
    "InversionTime": 0.9,
    "MRAcquisitionType": "3D ",
    "MagneticFieldStrength": 3,
    "Manufacturer": "SIEMENS  ",
    "ManufacturerModelName": "TrioTim  ",
    "Modality": "MRI__ ",
    "PatientPosition": "HFS  ",
    "PercentPhaseFOV": 93.75,
    "PhaseEncodingSteps": 239,
    "PixelBandwidth": 238,
    "ProtocolName": "MPRAGE ADNI_iPAT2  ",
    "PulseSequenceType": "*tfl3d1_ns ",
    "ReceiveCoilName": "HeadMatrixix\\\\ ",
    "RepetitionTime": 2.3,
    "SAR": 0.1160558327394,
    "ScanningSequence": "GR\\\\IR  ",
    "SequenceName": "*tfl3d1_ns ",
    "SequenceVariant": "SP\\\\MP  ",
    "SeriesDescription": "MPRAGE ADNI_iPAT2  ",
    "SeriesNumber": 4,
    "SliceOrder": "interleaved ",
    "SliceThickness": 1,
    "SliceTiming": null,
    "SoftwareVersions": "syngo MR B17 ",
    "dataset": "<unset>",
    "modality": "T1w",
    "run_id": 1,
    "session_id": "PREEN00",
    "subject_id": "9742226"
  },
  "cjv": 0.4554101234890733,
  "cnr": 2.984548312661887,
  "efc": 0.6076281087244436,
  "fber": 170.62374877929688,
  "fwhm_avg": 3.2312733333333328,
  "fwhm_x": 3.27791,
  "fwhm_y": 3.35686,
  "fwhm_z": 3.05905,
  "icvs_csf": 0.20056307552537944,
  "icvs_gm": 0.40806280233653586,
  "icvs_wm": 0.3913741221380847,
  "inu_med": 1.3285410404205322,
  "inu_range": 0.34362230300903307,
  "provenance": {
    "md5sum": "5f57711671ef619fedbdafdc8f445e4b",
    "settings": {
      "testing": false
    },
    "software": "mriqc",
    "version": "0.16.1",
    "warnings": {
      "large_rot_frame": false,
      "small_air_mask": false
    },
    "webapi_port": null,
    "webapi_url": "https://mriqc.nimh.nih.gov/api/v1"
  },
  "qi_1": 0.0,
  "qi_2": 0.007115318216597294,
  "rpve_csf": 28.018740001722378,
  "rpve_gm": 14.21552428409789,
  "rpve_wm": 17.973413066248145,
  "size_x": 176,
  "size_y": 240,
  "size_z": 256,
  "snr_csf": 2.9675263602544404,
  "snr_gm": 8.195118028030754,
  "snr_total": 9.048096820140207,
  "snr_wm": 15.981646072135424,
  "snrd_csf": 13.894759824619358,
  "snrd_gm": 29.242666052659512,
  "snrd_total": 28.650273101813365,
  "snrd_wm": 42.81339342816123,
  "spacing_x": 1.0,
  "spacing_y": 1.0,
  "spacing_z": 1.0,
  "summary_bg_k": 1428.705674099712,
  "summary_bg_mad": 15.301947541681564,
  "summary_bg_mean": 47.418880462646484,
  "summary_bg_median": 45.1831169128418,
  "summary_bg_n": 3266532.0,
  "summary_bg_p05": 24.73939256668091,
  "summary_bg_p95": 76.05021820068356,
  "summary_bg_stdv": 20.457897186279297,
  "summary_csf_k": 0.8030503948874852,
  "summary_csf_mad": 105.23733878390462,
  "summary_csf_mean": 343.79534912109375,
  "summary_csf_median": 324.5383605957031,
  "summary_csf_n": 10903.0,
  "summary_csf_p05": 193.5320983886719,
  "summary_csf_p95": 546.1771423339844,
  "summary_csf_stdv": 109.35824584960938,
  "summary_gm_k": -0.1281778402311069,
  "summary_gm_mad": 83.44103202939425,
  "summary_gm_mean": 680.7479248046875,
  "summary_gm_median": 683.0177001953125,
  "summary_gm_n": 9680.0,
  "summary_gm_p05": 539.5237884521484,
  "summary_gm_p95": 815.4028259277343,
  "summary_gm_stdv": 83.34015655517578,
  "summary_wm_k": 0.21146747219478268,
  "summary_wm_mad": 60.910301470843855,
  "summary_wm_mean": 1001.0477294921875,
  "summary_wm_median": 999.9876708984375,
  "summary_wm_n": 201139.0,
  "summary_wm_p05": 900.3037109375,
  "summary_wm_p95": 1105.7817504882812,
  "summary_wm_stdv": 62.57085037231445,
  "tpm_overlap_csf": 0.17521977424621582,
  "tpm_overlap_gm": 0.4199143052101135,
  "tpm_overlap_wm": 0.5118977427482605,
  "wm2max": 0.5655459765683682
}