{
  "bids_meta": {
    "AcquisitionNumber": 1,
    "DeviceSerialNumber": "35442  ",
    "EchoNumber": 1,
    "EchoTime": 0.00298,
    "FlipAngle": 9,
    "ImageOrientationPatientDICOM": [
      "0.02053669121335",
      "0.99978903922621",
      "-0.0003483635184",
      "0.06367467788602",
      "-0.0016556725888",
      "-0.9979693352726  "
    ],
    "ImageType": [
      "ORIGINAL",
      "PRIMARY",
      "M",
      "ND",
      "NORM "
    ],
    "ImagingFrequency": 123.251347,
    "InPlanePhaseEncodingDirectionDICOM": "ROW  ",
    "InversionTime": 0.9,
    "MRAcquisitionType": "3D ",
    "MagneticFieldStrength": 3,
    "Manufacturer": "SIEMENS  ",
    "ManufacturerModelName": "TrioTim  ",
    "Modality": "MRI__ ",
    "PatientPosition": "HFS  ",
    "PercentPhaseFOV": 93.75,
    "PhaseEncodingSteps": 239,
    "PixelBandwidth": 238,
    "ProtocolName": "MPRAGE ADNI_iPAT2  ",
    "PulseSequenceType": "*tfl3d1_ns ",
    "ReceiveCoilName": "32Ch_Headad\\\\  ",
    "RepetitionTime": 2.3,
    "SAR": 0.08546800016276,
    "ScanningSequence": "GR\\\\IR  ",
    "SequenceName": "*tfl3d1_ns ",
    "SequenceVariant": "SP\\\\MP  ",
    "SeriesDescription": "MPRAGE ADNI_iPAT2  ",
    "SeriesNumber": 4,
    "SliceOrder": "interleaved ",
    "SliceThickness": 1,
    "SliceTiming": null,
    "SoftwareVersions": "syngo MR B17 ",
    "dataset": "<unset>",
    "modality": "T1w",
    "run_id": 1,
    "session_id": "PREEN00",
    "subject_id": "7568597"
  },
  "cjv": 0.3974142904707833,
  "cnr": 3.1419324350508724,
  "efc": 0.600587305640959,
  "fber": 148.68505859375,
  "fwhm_avg": 3.1153,
  "fwhm_x": 3.17489,
  "fwhm_y": 3.2242,
  "fwhm_z": 2.94681,
  "icvs_csf": 0.21440276295702976,
  "icvs_gm": 0.41049124415593174,
  "icvs_wm": 0.3751059928870385,
  "inu_med": 1.6265054941177368,
  "inu_range": 0.44441030025482164,
  "provenance": {
    "md5sum": "05eb45738daaa44a0ec889ebd4326a60",
    "settings": {
      "testing": false
    },
    "software": "mriqc",
    "version": "0.16.1",
    "warnings": {
      "large_rot_frame": false,
      "small_air_mask": false
    },
    "webapi_port": null,
    "webapi_url": "https://mriqc.nimh.nih.gov/api/v1"
  },
  "qi_1": 0.0,
  "qi_2": 0.010033168484652726,
  "rpve_csf": 25.617111284395573,
  "rpve_gm": 13.267675341301706,
  "rpve_wm": 16.96012554503201,
  "size_x": 176,
  "size_y": 240,
  "size_z": 256,
  "snr_csf": 3.179693555816204,
  "snr_gm": 11.110707573563541,
  "snr_total": 10.653115191208167,
  "snr_wm": 17.668944444244755,
  "snrd_csf": 20.66617350989908,
  "snrd_gm": 48.25618790289518,
  "snrd_total": 45.471286245443814,
  "snrd_wm": 67.49149732353717,
  "spacing_x": 1.0,
  "spacing_y": 1.0,
  "spacing_z": 1.0,
  "summary_bg_k": 8576.834264265639,
  "summary_bg_mad": 9.706875164926437,
  "summary_bg_mean": 49.93019485473633,
  "summary_bg_median": 49.57106018066406,
  "summary_bg_n": 3222946.0,
  "summary_bg_p05": 32.297386169433594,
  "summary_bg_p95": 66.6797103881836,
  "summary_bg_stdv": 29.738494873046875,
  "summary_csf_k": 0.9728208885769449,
  "summary_csf_mad": 81.32476757730188,
  "summary_csf_mean": 324.68951416015625,
  "summary_csf_median": 306.20184326171875,
  "summary_csf_n": 26023.0,
  "summary_csf_p05": 199.7162078857422,
  "summary_csf_p95": 515.6864257812499,
  "summary_csf_stdv": 96.29731750488281,
  "summary_gm_k": 0.4344221059857514,
  "summary_gm_mad": 60.906410363947145,
  "summary_gm_mean": 716.9063720703125,
  "summary_gm_median": 714.9912719726562,
  "summary_gm_n": 8597.0,
  "summary_gm_p05": 613.7774780273437,
  "summary_gm_p95": 825.3966552734374,
  "summary_gm_stdv": 64.34780883789062,
  "summary_wm_k": 0.6595582092077925,
  "summary_wm_mad": 52.357196057579024,
  "summary_wm_mean": 999.2131958007812,
  "summary_wm_median": 999.9926147460938,
  "summary_wm_n": 147833.0,
  "summary_wm_p05": 904.6739013671875,
  "summary_wm_p95": 1090.83876953125,
  "summary_wm_stdv": 56.59586715698242,
  "tpm_overlap_csf": 0.1583816558122635,
  "tpm_overlap_gm": 0.40687495470046997,
  "tpm_overlap_wm": 0.4559723138809204,
  "wm2max": 0.42303548489077847
}