{
  "bids_meta": {
    "AcquisitionNumber": 1,
    "DeviceSerialNumber": "35442  ",
    "EchoNumber": 1,
    "EchoTime": 0.00298,
    "FlipAngle": 9,
    "ImageOrientationPatientDICOM": [
      "0.03593929074099",
      "0.98938563293302",
      "0.14079927814714",
      "0.0968657072435",
      "0.13677810796258",
      "-0.9858543421532 "
    ],
    "ImageType": [
      "ORIGINAL",
      "PRIMARY",
      "M",
      "ND",
      "NORM "
    ],
    "ImagingFrequency": 123.247051,
    "InPlanePhaseEncodingDirectionDICOM": "ROW  ",
    "IntendedFor": [
      "ses-NAPFU24/anat/sub-1322140_ses-NAPFU24_run-001_T2star.nii.gz",
      "ses-NAPFU24/func/sub-1322140_ses-NAPFU24_task-rest_run-001_bold.nii.gz",
      "ses-NAPFU24/fmap/sub-1322140_ses-NAPFU24_run-005_phasediff.nii.gz",
      "ses-NAPFU24/func/sub-1322140_ses-NAPFU24_task-rest_run-002_bold.nii.gz",
      "ses-NAPFU24/func/sub-1322140_ses-NAPFU24_task-encoding_run-001_bold.nii.gz",
      "ses-NAPFU24/dwi/sub-1322140_ses-NAPFU24_run-001_dwi.nii.gz",
      "ses-NAPFU24/asl/sub-1322140_ses-NAPFU24_run-001_asl.nii.gz",
      "ses-NAPFU24/anat/sub-1322140_ses-NAPFU24_run-002_T1w.nii.gz",
      "ses-NAPFU24/fmap/sub-1322140_ses-NAPFU24_run-003_phasediff.nii.gz",
      "ses-NAPFU24/func/sub-1322140_ses-NAPFU24_task-retrieval_run-001_bold.nii.gz",
      "ses-NAPFU24/anat/sub-1322140_ses-NAPFU24_run-001_FLAIR.nii.gz",
      "ses-NAPFU24/fmap/sub-1322140_ses-NAPFU24_run-004_phasediff.nii.gz",
      "ses-NAPFU24/fmap/sub-1322140_ses-NAPFU24_run-001_phasediff.nii.gz",
      "ses-NAPFU24/fmap/sub-1322140_ses-NAPFU24_run-002_phasediff.nii.gz"
    ],
    "InversionTime": 0.9,
    "MRAcquisitionType": "3D ",
    "MagneticFieldStrength": 3,
    "Manufacturer": "SIEMENS  ",
    "ManufacturerModelName": "TrioTim  ",
    "Modality": "MRI__ ",
    "PatientPosition": "HFS  ",
    "PercentPhaseFOV": 93.75,
    "PhaseEncodingSteps": 239,
    "PixelBandwidth": 238,
    "ProtocolName": "MPRAGE ADNI_iPAT2  ",
    "PulseSequenceType": "*tfl3d1_ns ",
    "ReceiveCoilName": "HeadMatrixix\\\\ ",
    "RepetitionTime": 2.3,
    "SAR": 0.08489558878284,
    "ScanningSequence": "GR\\\\IR  ",
    "SequenceName": "*tfl3d1_ns ",
    "SequenceVariant": "SP\\\\MP  ",
    "SeriesDescription": "MPRAGE ADNI_iPAT2  ",
    "SeriesNumber": 12,
    "SliceOrder": "interleaved ",
    "SliceThickness": 1,
    "SliceTiming": null,
    "SoftwareVersions": "syngo MR B17 ",
    "dataset": "<unset>",
    "modality": "T1w",
    "run_id": 1,
    "session_id": "NAPFU24",
    "subject_id": "1322140"
  },
  "cjv": 0.43069733386286013,
  "cnr": 3.0897072499478373,
  "efc": 0.5872316158149808,
  "fber": 109.68204498291016,
  "fwhm_avg": 3.0317233333333333,
  "fwhm_x": 3.1064,
  "fwhm_y": 3.10585,
  "fwhm_z": 2.88292,
  "icvs_csf": 0.21232987088069438,
  "icvs_gm": 0.4183770283165169,
  "icvs_wm": 0.36929310080278865,
  "inu_med": 1.3459875583648682,
  "inu_range": 0.3940335512161255,
  "provenance": {
    "md5sum": "2bf8edbe61914188985f79c690ff6034",
    "settings": {
      "testing": false
    },
    "software": "mriqc",
    "version": "0.16.1",
    "warnings": {
      "large_rot_frame": true,
      "small_air_mask": false
    },
    "webapi_port": null,
    "webapi_url": "https://mriqc.nimh.nih.gov/api/v1"
  },
  "qi_1": 0.0,
  "qi_2": 0.004522296861194928,
  "rpve_csf": 30.52668365014044,
  "rpve_gm": 15.864961065871855,
  "rpve_wm": 21.174146227130468,
  "size_x": 176,
  "size_y": 240,
  "size_z": 256,
  "snr_csf": 2.9722405866394195,
  "snr_gm": 9.299941062641482,
  "snr_total": 9.772926965439412,
  "snr_wm": 17.04659924703734,
  "snrd_csf": 10.649386004676684,
  "snrd_gm": 23.42151061756446,
  "snrd_total": 22.58191959567286,
  "snrd_wm": 33.674862164777444,
  "spacing_x": 1.0,
  "spacing_y": 1.0,
  "spacing_z": 1.0,
  "summary_bg_k": 1602.6670399961638,
  "summary_bg_mad": 19.454898219717748,
  "summary_bg_mean": 64.46217346191406,
  "summary_bg_median": 62.77330780029297,
  "summary_bg_n": 3087752.0,
  "summary_bg_p05": 34.590032768249515,
  "summary_bg_p95": 99.23671417236326,
  "summary_bg_stdv": 26.031139373779297,
  "summary_csf_k": 5.37132903094191,
  "summary_csf_mad": 93.69586327396443,
  "summary_csf_mean": 336.12762451171875,
  "summary_csf_median": 316.24365234375,
  "summary_csf_n": 15235.0,
  "summary_csf_p05": 197.79710845947264,
  "summary_csf_p95": 534.3435729980469,
  "summary_csf_stdv": 106.39558410644531,
  "summary_gm_k": -0.0748148374180051,
  "summary_gm_mad": 74.56600538856998,
  "summary_gm_mean": 694.5946655273438,
  "summary_gm_median": 695.5240478515625,
  "summary_gm_n": 9471.0,
  "summary_gm_p05": 567.3688354492188,
  "summary_gm_p95": 818.8115539550781,
  "summary_gm_stdv": 74.7840576171875,
  "summary_wm_k": 0.37121954739446217,
  "summary_wm_mad": 56.574024797889805,
  "summary_wm_mean": 1000.262451171875,
  "summary_wm_median": 1000.007080078125,
  "summary_wm_n": 148390.0,
  "summary_wm_p05": 904.7283966064454,
  "summary_wm_p95": 1096.7378784179687,
  "summary_wm_stdv": 58.66294479370117,
  "tpm_overlap_csf": 0.161652609705925,
  "tpm_overlap_gm": 0.4136253893375397,
  "tpm_overlap_wm": 0.4836105704307556,
  "wm2max": 0.4801775616151242
}