{
  "bids_meta": {
    "AcquisitionNumber": 1,
    "DeviceSerialNumber": "35442  ",
    "EchoNumber": 1,
    "EchoTime": 0.00298,
    "FlipAngle": 9,
    "ImageOrientationPatientDICOM": [
      "0.00766221652271",
      "0.9988639806487",
      "-0.0470323144296",
      "0.05578756686764",
      "-0.0473874392904",
      "-0.9973174910631 "
    ],
    "ImageType": [
      "ORIGINAL",
      "PRIMARY",
      "M",
      "ND",
      "NORM "
    ],
    "ImagingFrequency": 123.247168,
    "InPlanePhaseEncodingDirectionDICOM": "ROW  ",
    "IntendedFor": [
      "ses-NAPFU24/fmap/sub-9249727_ses-NAPFU24_run-003_phasediff.nii.gz",
      "ses-NAPFU24/anat/sub-9249727_ses-NAPFU24_run-001_T2star.nii.gz",
      "ses-NAPFU24/func/sub-9249727_ses-NAPFU24_task-rest_run-001_bold.nii.gz",
      "ses-NAPFU24/fmap/sub-9249727_ses-NAPFU24_run-002_phasediff.nii.gz",
      "ses-NAPFU24/fmap/sub-9249727_ses-NAPFU24_run-001_phasediff.nii.gz",
      "ses-NAPFU24/func/sub-9249727_ses-NAPFU24_task-rest_run-002_bold.nii.gz",
      "ses-NAPFU24/asl/sub-9249727_ses-NAPFU24_run-001_asl.nii.gz",
      "ses-NAPFU24/func/sub-9249727_ses-NAPFU24_task-retrieval_run-001_bold.nii.gz",
      "ses-NAPFU24/func/sub-9249727_ses-NAPFU24_task-encoding_run-001_bold.nii.gz"
    ],
    "InversionTime": 0.9,
    "MRAcquisitionType": "3D ",
    "MagneticFieldStrength": 3,
    "Manufacturer": "SIEMENS  ",
    "ManufacturerModelName": "TrioTim  ",
    "Modality": "MRI__ ",
    "PatientPosition": "HFS  ",
    "PercentPhaseFOV": 93.75,
    "PhaseEncodingSteps": 239,
    "PixelBandwidth": 238,
    "ProtocolName": "MPRAGE ADNI_iPAT2  ",
    "PulseSequenceType": "*tfl3d1_ns ",
    "ReceiveCoilName": "HeadMatrixix\\\\ ",
    "RepetitionTime": 2.3,
    "SAR": 0.09610445161494,
    "ScanningSequence": "GR\\\\IR  ",
    "SequenceName": "*tfl3d1_ns ",
    "SequenceVariant": "SP\\\\MP  ",
    "SeriesDescription": "MPRAGE ADNI_iPAT2  ",
    "SeriesNumber": 12,
    "SliceOrder": "interleaved ",
    "SliceThickness": 1,
    "SliceTiming": null,
    "SoftwareVersions": "syngo MR B17 ",
    "dataset": "<unset>",
    "modality": "T1w",
    "run_id": 1,
    "session_id": "NAPFU24",
    "subject_id": "9249727"
  },
  "cjv": 0.4615768501388581,
  "cnr": 2.919387369365082,
  "efc": 0.6293290944780798,
  "fber": 112.6513671875,
  "fwhm_avg": 3.217446666666667,
  "fwhm_x": 3.23513,
  "fwhm_y": 3.34191,
  "fwhm_z": 3.0753,
  "icvs_csf": 0.19393307177775448,
  "icvs_gm": 0.4053501255913154,
  "icvs_wm": 0.4007168026309301,
  "inu_med": 1.2064623832702637,
  "inu_range": 0.34138085246086103,
  "provenance": {
    "md5sum": "b467558d36299fb97d5d7e1b962eb8c7",
    "settings": {
      "testing": false
    },
    "software": "mriqc",
    "version": "0.16.1",
    "warnings": {
      "large_rot_frame": true,
      "small_air_mask": false
    },
    "webapi_port": null,
    "webapi_url": "https://mriqc.nimh.nih.gov/api/v1"
  },
  "qi_1": 9.567676649187023e-05,
  "qi_2": 0.004537966672084447,
  "rpve_csf": 28.268175248966095,
  "rpve_gm": 14.206298053372521,
  "rpve_wm": 17.5083485129415,
  "size_x": 176,
  "size_y": 240,
  "size_z": 256,
  "snr_csf": 3.2669522171151932,
  "snr_gm": 9.841068185661323,
  "snr_total": 10.322477680608449,
  "snr_wm": 17.859412639048827,
  "snrd_csf": 13.2928600401959,
  "snrd_gm": 24.761065976830746,
  "snrd_total": 24.095523646940702,
  "snrd_wm": 34.23264492379546,
  "spacing_x": 1.0,
  "spacing_y": 1.0,
  "spacing_z": 1.0,
  "summary_bg_k": 737.6719852460651,
  "summary_bg_mad": 19.137764524117717,
  "summary_bg_mean": 63.14870071411133,
  "summary_bg_median": 61.43516540527344,
  "summary_bg_n": 2517661.0,
  "summary_bg_p05": 34.27311706542969,
  "summary_bg_p95": 97.8371810913086,
  "summary_bg_stdv": 21.096981048583984,
  "summary_csf_k": 0.6972082369193613,
  "summary_csf_mad": 137.37720306931607,
  "summary_csf_mean": 385.968994140625,
  "summary_csf_median": 388.3094177246094,
  "summary_csf_n": 12545.0,
  "summary_csf_p05": 202.24632263183594,
  "summary_csf_p95": 575.3121582031249,
  "summary_csf_stdv": 118.8551025390625,
  "summary_gm_k": -0.09414918777403036,
  "summary_gm_mad": 73.29596619565457,
  "summary_gm_mean": 723.6776123046875,
  "summary_gm_median": 723.3172607421875,
  "summary_gm_n": 15373.0,
  "summary_gm_p05": 601.7181518554687,
  "summary_gm_p95": 847.1630493164062,
  "summary_gm_stdv": 73.49748229980469,
  "summary_wm_k": 0.22644320195070833,
  "summary_wm_mad": 54.41432473392716,
  "summary_wm_mean": 999.822265625,
  "summary_wm_median": 999.9998779296875,
  "summary_wm_n": 212759.0,
  "summary_wm_p05": 906.8746154785156,
  "summary_wm_p95": 1091.1962280273435,
  "summary_wm_stdv": 55.99274444580078,
  "tpm_overlap_csf": 0.16929389536380768,
  "tpm_overlap_gm": 0.42941996455192566,
  "tpm_overlap_wm": 0.5100958943367004,
  "wm2max": 0.4529512513749378
}