{
  "bids_meta": {
    "AcquisitionNumber": 1,
    "DeviceSerialNumber": "35442  ",
    "EchoNumber": 1,
    "EchoTime": 0.00298,
    "FlipAngle": 9,
    "ImageOrientationPatientDICOM": [
      "-0.0577934316101",
      "0.99832850175654",
      "-0.0003490605463",
      "-0.0009198510881",
      "-0.0004028951598",
      "-0.9999994957746  "
    ],
    "ImageType": [
      "ORIGINAL",
      "PRIMARY",
      "M",
      "ND",
      "NORM "
    ],
    "ImagingFrequency": 123.247291,
    "InPlanePhaseEncodingDirectionDICOM": "ROW  ",
    "IntendedFor": [
      "ses-NAPEN00/anat/sub-4538817_ses-NAPEN00_run-001_FLAIR.nii.gz",
      "ses-NAPEN00/dwi/sub-4538817_ses-NAPEN00_run-001_dwi.nii.gz",
      "ses-NAPEN00/fmap/sub-4538817_ses-NAPEN00_run-002_phasediff.nii.gz",
      "ses-NAPEN00/fmap/sub-4538817_ses-NAPEN00_run-001_phasediff.nii.gz"
    ],
    "InversionTime": 0.9,
    "MRAcquisitionType": "3D ",
    "MagneticFieldStrength": 3,
    "Manufacturer": "SIEMENS  ",
    "ManufacturerModelName": "TrioTim  ",
    "Modality": "MRI__ ",
    "PatientPosition": "HFS  ",
    "PercentPhaseFOV": 93.75,
    "PhaseEncodingSteps": 239,
    "PixelBandwidth": 238,
    "ProtocolName": "MPRAGE ADNI_iPAT2  ",
    "PulseSequenceType": "*tfl3d1_ns ",
    "ReceiveCoilName": "HeadMatrixix\\\\ ",
    "RepetitionTime": 2.3,
    "SAR": 0.07084212314625,
    "ScanningSequence": "GR\\\\IR  ",
    "SequenceName": "*tfl3d1_ns ",
    "SequenceVariant": "SP\\\\MP  ",
    "SeriesDescription": "MPRAGE ADNI_iPAT2  ",
    "SeriesNumber": 4,
    "SliceOrder": "interleaved ",
    "SliceThickness": 1,
    "SliceTiming": null,
    "SoftwareVersions": "syngo MR B17 ",
    "dataset": "<unset>",
    "modality": "T1w",
    "run_id": 1,
    "session_id": "NAPEN00",
    "subject_id": "4538817"
  },
  "cjv": 0.4062938845887713,
  "cnr": 3.328395974839085,
  "efc": 0.6095781787373918,
  "fber": 95.60021209716797,
  "fwhm_avg": 3.2906333333333335,
  "fwhm_x": 3.37238,
  "fwhm_y": 3.41445,
  "fwhm_z": 3.08507,
  "icvs_csf": 0.2208833233227726,
  "icvs_gm": 0.4098500897789112,
  "icvs_wm": 0.3692665868983162,
  "inu_med": 1.2870445251464844,
  "inu_range": 0.37838369607925415,
  "provenance": {
    "md5sum": "de42c4b3797f057e5fc7f76906e138ea",
    "settings": {
      "testing": false
    },
    "software": "mriqc",
    "version": "0.16.1",
    "warnings": {
      "large_rot_frame": true,
      "small_air_mask": false
    },
    "webapi_port": null,
    "webapi_url": "https://mriqc.nimh.nih.gov/api/v1"
  },
  "qi_1": 0.0,
  "qi_2": 0.0040233078794374485,
  "rpve_csf": 24.978350817749398,
  "rpve_gm": 13.550493708065954,
  "rpve_wm": 17.941195634196013,
  "size_x": 176,
  "size_y": 240,
  "size_z": 256,
  "snr_csf": 2.9612906740145437,
  "snr_gm": 8.80077727228421,
  "snr_total": 9.510343026769652,
  "snr_wm": 16.768961134010205,
  "snrd_csf": 11.251453044972566,
  "snrd_gm": 22.671556293070143,
  "snrd_total": 22.62707426396815,
  "snrd_wm": 33.95821345386174,
  "spacing_x": 1.0,
  "spacing_y": 1.0,
  "spacing_z": 1.0,
  "summary_bg_k": 1560.6080494759497,
  "summary_bg_mad": 19.292294631296325,
  "summary_bg_mean": 64.48701477050781,
  "summary_bg_median": 62.646305084228516,
  "summary_bg_n": 3265203.0,
  "summary_bg_p05": 34.722419357299806,
  "summary_bg_p95": 99.42275161743163,
  "summary_bg_stdv": 25.714155197143555,
  "summary_csf_k": -0.4662853191041427,
  "summary_csf_mad": 123.75595354579744,
  "summary_csf_mean": 343.8561096191406,
  "summary_csf_median": 331.33001708984375,
  "summary_csf_n": 18390.0,
  "summary_csf_p05": 182.30316848754882,
  "summary_csf_p95": 536.9479431152344,
  "summary_csf_stdv": 111.88398742675781,
  "summary_gm_k": -0.11950330069461579,
  "summary_gm_mad": 76.97125239588681,
  "summary_gm_mean": 666.77978515625,
  "summary_gm_median": 667.6264038085938,
  "summary_gm_n": 11821.0,
  "summary_gm_p05": 539.6083984375,
  "summary_gm_p95": 788.710205078125,
  "summary_gm_stdv": 75.85672760009766,
  "summary_wm_k": 0.20446959684053923,
  "summary_wm_mad": 58.06730493764685,
  "summary_wm_mean": 999.2493896484375,
  "summary_wm_median": 999.9931030273438,
  "summary_wm_n": 178010.0,
  "summary_wm_p05": 900.095816040039,
  "summary_wm_p95": 1096.4499755859374,
  "summary_wm_stdv": 59.63340759277344,
  "tpm_overlap_csf": 0.17149490118026733,
  "tpm_overlap_gm": 0.430360347032547,
  "tpm_overlap_wm": 0.5021296739578247,
  "wm2max": 0.5141772250266188
}