{
  "bids_meta": {
    "AcquisitionNumber": 1,
    "DeviceSerialNumber": "35442  ",
    "EchoNumber": 1,
    "EchoTime": 0.00298,
    "FlipAngle": 9,
    "ImageOrientationPatientDICOM": [
      "-0.0714899308339",
      "0.99060089879898",
      "0.11661496082412",
      "0.02265800747156",
      "0.1184967748312",
      "-0.992695889511  "
    ],
    "ImageType": [
      "ORIGINAL",
      "PRIMARY",
      "M",
      "ND",
      "NORM "
    ],
    "ImagingFrequency": 123.247318,
    "InPlanePhaseEncodingDirectionDICOM": "ROW  ",
    "IntendedFor": [
      "ses-NAPBL00/func/sub-7658604_ses-NAPBL00_task-rest_run-002_bold.nii.gz",
      "ses-NAPBL00/asl/sub-7658604_ses-NAPBL00_run-001_asl.nii.gz",
      "ses-NAPBL00/func/sub-7658604_ses-NAPBL00_task-encoding_run-001_bold.nii.gz",
      "ses-NAPBL00/fmap/sub-7658604_ses-NAPBL00_run-002_phasediff.nii.gz",
      "ses-NAPBL00/anat/sub-7658604_ses-NAPBL00_run-001_T2star.nii.gz",
      "ses-NAPBL00/func/sub-7658604_ses-NAPBL00_task-rest_run-001_bold.nii.gz",
      "ses-NAPBL00/fmap/sub-7658604_ses-NAPBL00_run-003_phasediff.nii.gz",
      "ses-NAPBL00/func/sub-7658604_ses-NAPBL00_task-retrieval_run-001_bold.nii.gz",
      "ses-NAPBL00/fmap/sub-7658604_ses-NAPBL00_run-001_phasediff.nii.gz"
    ],
    "InversionTime": 0.9,
    "MRAcquisitionType": "3D ",
    "MagneticFieldStrength": 3,
    "Manufacturer": "SIEMENS  ",
    "ManufacturerModelName": "TrioTim  ",
    "Modality": "MRI__ ",
    "PatientPosition": "HFS  ",
    "PercentPhaseFOV": 93.75,
    "PhaseEncodingSteps": 239,
    "PixelBandwidth": 238,
    "ProtocolName": "MPRAGE ADNI_iPAT2  ",
    "PulseSequenceType": "*tfl3d1_ns ",
    "ReceiveCoilName": "HeadMatrixix\\\\ ",
    "RepetitionTime": 2.3,
    "SAR": 0.08030612365929,
    "ScanningSequence": "GR\\\\IR  ",
    "SequenceName": "*tfl3d1_ns ",
    "SequenceVariant": "SP\\\\MP  ",
    "SeriesDescription": "MPRAGE ADNI_iPAT2  ",
    "SeriesNumber": 12,
    "SliceOrder": "interleaved ",
    "SliceThickness": 1,
    "SliceTiming": null,
    "SoftwareVersions": "syngo MR B17 ",
    "dataset": "<unset>",
    "modality": "T1w",
    "run_id": 1,
    "session_id": "NAPBL00",
    "subject_id": "7658604"
  },
  "cjv": 0.43126550549208087,
  "cnr": 3.0819140233709983,
  "efc": 0.6242602899296104,
  "fber": 115.78028106689453,
  "fwhm_avg": 3.2761266666666664,
  "fwhm_x": 3.33574,
  "fwhm_y": 3.39181,
  "fwhm_z": 3.10083,
  "icvs_csf": 0.22152802266895413,
  "icvs_gm": 0.3939205656806639,
  "icvs_wm": 0.384551411650382,
  "inu_med": 1.2134593725204468,
  "inu_range": 0.3424329459667206,
  "provenance": {
    "md5sum": "380c5b1afd0beacca11e72fd9f827521",
    "settings": {
      "testing": false
    },
    "software": "mriqc",
    "version": "0.16.1",
    "warnings": {
      "large_rot_frame": true,
      "small_air_mask": false
    },
    "webapi_port": null,
    "webapi_url": "https://mriqc.nimh.nih.gov/api/v1"
  },
  "qi_1": 0.0,
  "qi_2": 0.005354637397253954,
  "rpve_csf": 23.827571040145013,
  "rpve_gm": 13.292661810551634,
  "rpve_wm": 16.940122329368197,
  "size_x": 176,
  "size_y": 240,
  "size_z": 256,
  "snr_csf": 2.898582123791442,
  "snr_gm": 9.367835622771008,
  "snr_total": 9.940465367844013,
  "snr_wm": 17.55497835696959,
  "snrd_csf": 11.911865547804227,
  "snrd_gm": 25.07581881892865,
  "snrd_total": 24.28612747825378,
  "snrd_wm": 35.87069806802846,
  "spacing_x": 1.0,
  "spacing_y": 1.0,
  "spacing_z": 1.0,
  "summary_bg_k": 1907.0649463806851,
  "summary_bg_mad": 18.26389147996318,
  "summary_bg_mean": 61.27394104003906,
  "summary_bg_median": 59.631927490234375,
  "summary_bg_n": 2279600.0,
  "summary_bg_p05": 33.056612968444824,
  "summary_bg_p95": 93.68165206909177,
  "summary_bg_stdv": 26.86507797241211,
  "summary_csf_k": -0.32624030541924176,
  "summary_csf_mad": 119.68078824378443,
  "summary_csf_mean": 349.50140380859375,
  "summary_csf_median": 332.0789794921875,
  "summary_csf_n": 15334.0,
  "summary_csf_p05": 187.11232376098633,
  "summary_csf_p95": 554.6448364257811,
  "summary_csf_stdv": 114.56227111816406,
  "summary_gm_k": -0.05866768357798513,
  "summary_gm_mad": 74.87466970542317,
  "summary_gm_mean": 696.788818359375,
  "summary_gm_median": 699.0636596679688,
  "summary_gm_n": 13813.0,
  "summary_gm_p05": 570.69599609375,
  "summary_gm_p95": 816.1720947265626,
  "summary_gm_stdv": 74.6211166381836,
  "summary_wm_k": 0.3049312798104946,
  "summary_wm_mad": 54.91021463611287,
  "summary_wm_mean": 1001.1803588867188,
  "summary_wm_median": 1000.0032958984375,
  "summary_wm_n": 211237.0,
  "summary_wm_p05": 909.4722778320313,
  "summary_wm_p95": 1096.5921142578125,
  "summary_wm_stdv": 56.963951110839844,
  "tpm_overlap_csf": 0.16370749473571777,
  "tpm_overlap_gm": 0.4168912470340729,
  "tpm_overlap_wm": 0.4989798963069916,
  "wm2max": 0.5041686288847937
}