{
  "bids_meta": {
    "AcquisitionNumber": 1,
    "DeviceSerialNumber": "35442  ",
    "EchoNumber": 1,
    "EchoTime": 0.00298,
    "FlipAngle": 9,
    "ImageOrientationPatientDICOM": [
      "0.02415695718733",
      "0.99515042597141",
      "0.09535235240078",
      "0.04752747805674",
      "0.09412911875226",
      "-0.9944248829512  "
    ],
    "ImageType": [
      "ORIGINAL",
      "PRIMARY",
      "M",
      "ND",
      "NORM "
    ],
    "ImagingFrequency": 123.247148,
    "InPlanePhaseEncodingDirectionDICOM": "ROW  ",
    "IntendedFor": [
      "ses-PREFU36/fmap/sub-4052945_ses-PREFU36_run-002_phasediff.nii.gz",
      "ses-PREFU36/fmap/sub-4052945_ses-PREFU36_run-004_phasediff.nii.gz",
      "ses-PREFU36/anat/sub-4052945_ses-PREFU36_run-001_FLAIR.nii.gz",
      "ses-PREFU36/fmap/sub-4052945_ses-PREFU36_run-001_phasediff.nii.gz",
      "ses-PREFU36/anat/sub-4052945_ses-PREFU36_run-001_T2star.nii.gz",
      "ses-PREFU36/func/sub-4052945_ses-PREFU36_task-rest_run-001_bold.nii.gz",
      "ses-PREFU36/dwi/sub-4052945_ses-PREFU36_run-001_dwi.nii.gz",
      "ses-PREFU36/func/sub-4052945_ses-PREFU36_task-rest_run-002_bold.nii.gz",
      "ses-PREFU36/fmap/sub-4052945_ses-PREFU36_run-003_phasediff.nii.gz"
    ],
    "InversionTime": 0.9,
    "MRAcquisitionType": "3D ",
    "MagneticFieldStrength": 3,
    "Manufacturer": "SIEMENS  ",
    "ManufacturerModelName": "TrioTim  ",
    "Modality": "MRI__ ",
    "PatientPosition": "HFS  ",
    "PercentPhaseFOV": 93.75,
    "PhaseEncodingSteps": 239,
    "PixelBandwidth": 238,
    "ProtocolName": "MPRAGE ADNI_iPAT2  ",
    "PulseSequenceType": "*tfl3d1_ns ",
    "ReceiveCoilName": "HeadMatrixix\\\\ ",
    "RepetitionTime": 2.3,
    "SAR": 0.08481308975985,
    "ScanningSequence": "GR\\\\IR  ",
    "SequenceName": "*tfl3d1_ns ",
    "SequenceVariant": "SP\\\\MP  ",
    "SeriesDescription": "MPRAGE ADNI_iPAT2  ",
    "SeriesNumber": 4,
    "SliceOrder": "interleaved ",
    "SliceThickness": 1,
    "SliceTiming": null,
    "SoftwareVersions": "syngo MR B17 ",
    "dataset": "<unset>",
    "modality": "T1w",
    "run_id": 1,
    "session_id": "PREFU36",
    "subject_id": "4052945"
  },
  "cjv": 0.3997385312930698,
  "cnr": 3.442767365943266,
  "efc": 0.5733722667699692,
  "fber": 154.1376190185547,
  "fwhm_avg": 3.174726666666667,
  "fwhm_x": 3.26379,
  "fwhm_y": 3.24962,
  "fwhm_z": 3.01077,
  "icvs_csf": 0.2092604935742268,
  "icvs_gm": 0.4271413438490636,
  "icvs_wm": 0.3635981625767096,
  "inu_med": 1.3561036586761475,
  "inu_range": 0.32968688011169434,
  "provenance": {
    "md5sum": "755d919a7af0599d11287647089e5dee",
    "settings": {
      "testing": false
    },
    "software": "mriqc",
    "version": "0.16.1",
    "warnings": {
      "large_rot_frame": true,
      "small_air_mask": false
    },
    "webapi_port": null,
    "webapi_url": "https://mriqc.nimh.nih.gov/api/v1"
  },
  "qi_1": 0.0,
  "qi_2": 0.005337948442285839,
  "rpve_csf": 33.581556629696244,
  "rpve_gm": 17.25737588034701,
  "rpve_wm": 23.29429934194851,
  "size_x": 176,
  "size_y": 240,
  "size_z": 256,
  "snr_csf": 1.778879972047163,
  "snr_gm": 8.592148758633748,
  "snr_total": 8.971908765707106,
  "snr_wm": 16.544697566440405,
  "snrd_csf": 13.848682309156501,
  "snrd_gm": 28.880717151235498,
  "snrd_total": 28.90634675450919,
  "snrd_wm": 43.98964080313557,
  "spacing_x": 1.0,
  "spacing_y": 1.0,
  "spacing_z": 1.0,
  "summary_bg_k": 2200.363212000071,
  "summary_bg_mad": 14.892793126949318,
  "summary_bg_mean": 48.61602020263672,
  "summary_bg_median": 46.99006652832031,
  "summary_bg_n": 3192060.0,
  "summary_bg_p05": 25.588621139526367,
  "summary_bg_p95": 75.80465965270994,
  "summary_bg_stdv": 21.480422973632812,
  "summary_csf_k": 22.65667305295388,
  "summary_csf_mad": 107.9355725669152,
  "summary_csf_mean": 347.5898742675781,
  "summary_csf_median": 314.81317138671875,
  "summary_csf_n": 18760.0,
  "summary_csf_p05": 174.73383712768555,
  "summary_csf_p95": 567.2040100097656,
  "summary_csf_stdv": 176.9679718017578,
  "summary_gm_k": -0.16930358398328815,
  "summary_gm_mad": 78.42525950324448,
  "summary_gm_mean": 656.7807006835938,
  "summary_gm_median": 656.5267333984375,
  "summary_gm_n": 15390.0,
  "summary_gm_p05": 529.9079803466797,
  "summary_gm_p95": 781.3696472167969,
  "summary_gm_stdv": 76.4075927734375,
  "summary_wm_k": 0.22319124171891191,
  "summary_wm_mad": 58.8695063943761,
  "summary_wm_mean": 1000.5264892578125,
  "summary_wm_median": 999.9881591796875,
  "summary_wm_n": 148266.0,
  "summary_wm_p05": 902.3121643066406,
  "summary_wm_p95": 1100.8905029296875,
  "summary_wm_stdv": 60.44140625,
  "tpm_overlap_csf": 0.16318368911743164,
  "tpm_overlap_gm": 0.43003520369529724,
  "tpm_overlap_wm": 0.49344855546951294,
  "wm2max": 0.5855635868646825
}