{
  "bids_meta": {
    "AcquisitionNumber": 1,
    "DeviceSerialNumber": "35442  ",
    "EchoNumber": 1,
    "EchoTime": 0.00298,
    "FlipAngle": 9,
    "ImageOrientationPatientDICOM": [
      "0.00153149217016",
      "0.99999876635933",
      "-0.0003490151132",
      "0.01912877290376",
      "-0.0003782472609",
      "-0.9998169567357  "
    ],
    "ImageType": [
      "ORIGINAL",
      "PRIMARY",
      "M",
      "ND",
      "NORM "
    ],
    "ImagingFrequency": 123.247166,
    "InPlanePhaseEncodingDirectionDICOM": "ROW  ",
    "IntendedFor": [
      "ses-NAPEN00/anat/sub-5817042_ses-NAPEN00_run-001_FLAIR.nii.gz",
      "ses-NAPEN00/fmap/sub-5817042_ses-NAPEN00_run-002_phasediff.nii.gz",
      "ses-NAPEN00/dwi/sub-5817042_ses-NAPEN00_run-001_dwi.nii.gz",
      "ses-NAPEN00/fmap/sub-5817042_ses-NAPEN00_run-001_phasediff.nii.gz"
    ],
    "InversionTime": 0.9,
    "MRAcquisitionType": "3D ",
    "MagneticFieldStrength": 3,
    "Manufacturer": "SIEMENS  ",
    "ManufacturerModelName": "TrioTim  ",
    "Modality": "MRI__ ",
    "PatientPosition": "HFS  ",
    "PercentPhaseFOV": 93.75,
    "PhaseEncodingSteps": 239,
    "PixelBandwidth": 238,
    "ProtocolName": "MPRAGE ADNI_iPAT2  ",
    "PulseSequenceType": "*tfl3d1_ns ",
    "ReceiveCoilName": "HeadMatrixix\\\\ ",
    "RepetitionTime": 2.3,
    "SAR": 0.08659233847325,
    "ScanningSequence": "GR\\\\IR  ",
    "SequenceName": "*tfl3d1_ns ",
    "SequenceVariant": "SP\\\\MP  ",
    "SeriesDescription": "MPRAGE ADNI_iPAT2  ",
    "SeriesNumber": 4,
    "SliceOrder": "interleaved ",
    "SliceThickness": 1,
    "SliceTiming": null,
    "SoftwareVersions": "syngo MR B17 ",
    "dataset": "<unset>",
    "modality": "T1w",
    "run_id": 1,
    "session_id": "NAPEN00",
    "subject_id": "5817042"
  },
  "cjv": 0.4022950133108081,
  "cnr": 3.300985258260076,
  "efc": 0.5853266642911092,
  "fber": 117.38892364501953,
  "fwhm_avg": 3.1751566666666666,
  "fwhm_x": 3.26314,
  "fwhm_y": 3.29912,
  "fwhm_z": 2.96321,
  "icvs_csf": 0.20886465751975944,
  "icvs_gm": 0.4203887171815088,
  "icvs_wm": 0.3707466252987318,
  "inu_med": 1.4263877868652344,
  "inu_range": 0.36600854992866494,
  "provenance": {
    "md5sum": "95c649a95982efda301342aba3167694",
    "settings": {
      "testing": false
    },
    "software": "mriqc",
    "version": "0.16.1",
    "warnings": {
      "large_rot_frame": false,
      "small_air_mask": false
    },
    "webapi_port": null,
    "webapi_url": "https://mriqc.nimh.nih.gov/api/v1"
  },
  "qi_1": 0.0,
  "qi_2": 0.0051622090740812195,
  "rpve_csf": 28.83928178131127,
  "rpve_gm": 15.097695145002424,
  "rpve_wm": 20.975290076827207,
  "size_x": 176,
  "size_y": 240,
  "size_z": 256,
  "snr_csf": 3.2917770357374585,
  "snr_gm": 9.61477218529995,
  "snr_total": 10.467376464166984,
  "snr_wm": 18.495580171463548,
  "snrd_csf": 12.85202549218838,
  "snrd_gm": 25.743702356750763,
  "snrd_total": 25.271836864836626,
  "snrd_wm": 37.219782745570726,
  "spacing_x": 1.0,
  "spacing_y": 1.0,
  "spacing_z": 1.0,
  "summary_bg_k": 1856.12423590377,
  "summary_bg_mad": 17.60145315351236,
  "summary_bg_mean": 58.72289276123047,
  "summary_bg_median": 57.082359313964844,
  "summary_bg_n": 3252248.0,
  "summary_bg_p05": 31.245720005035402,
  "summary_bg_p95": 90.11400184631347,
  "summary_bg_stdv": 25.036815643310547,
  "summary_csf_k": -0.24812365703130723,
  "summary_csf_mad": 113.913851104853,
  "summary_csf_mean": 353.18890380859375,
  "summary_csf_median": 345.2934875488281,
  "summary_csf_n": 8866.0,
  "summary_csf_p05": 197.21110153198242,
  "summary_csf_p95": 530.9474487304688,
  "summary_csf_stdv": 104.88985443115234,
  "summary_gm_k": 0.007729925448150876,
  "summary_gm_mad": 71.72884551571805,
  "summary_gm_mean": 691.0713500976562,
  "summary_gm_median": 691.6522827148438,
  "summary_gm_n": 12203.0,
  "summary_gm_p05": 570.23095703125,
  "summary_gm_p95": 807.7374572753906,
  "summary_gm_stdv": 71.9334716796875,
  "summary_wm_k": 0.27953683828143383,
  "summary_wm_mad": 52.30923590280559,
  "summary_wm_mean": 999.9841918945312,
  "summary_wm_median": 999.9784545898438,
  "summary_wm_n": 169853.0,
  "summary_wm_p05": 911.314013671875,
  "summary_wm_p95": 1089.083740234375,
  "summary_wm_stdv": 54.06564712524414,
  "tpm_overlap_csf": 0.17935515940189362,
  "tpm_overlap_gm": 0.4373777210712433,
  "tpm_overlap_wm": 0.5154909491539001,
  "wm2max": 0.5148164256815205
}