{
  "bids_meta": {
    "AcquisitionNumber": 1,
    "DeviceSerialNumber": "35442  ",
    "EchoNumber": 1,
    "EchoTime": 0.00298,
    "FlipAngle": 9,
    "ImageOrientationPatientDICOM": [
      "-0.0544889070984",
      "0.99851431509857",
      "-0.000348635129",
      "-0.0487653638066",
      "-0.0030098618478",
      "-0.9988057268681 "
    ],
    "ImageType": [
      "ORIGINAL",
      "PRIMARY",
      "M",
      "ND",
      "NORM "
    ],
    "ImagingFrequency": 123.247368,
    "InPlanePhaseEncodingDirectionDICOM": "ROW  ",
    "IntendedFor": [
      "ses-NAPFU03/func/sub-5458966_ses-NAPFU03_task-retrieval_run-001_bold.nii.gz",
      "ses-NAPFU03/fmap/sub-5458966_ses-NAPFU03_run-002_phasediff.nii.gz",
      "ses-NAPFU03/asl/sub-5458966_ses-NAPFU03_run-001_asl.nii.gz",
      "ses-NAPFU03/func/sub-5458966_ses-NAPFU03_task-rest_run-001_bold.nii.gz",
      "ses-NAPFU03/func/sub-5458966_ses-NAPFU03_task-rest_run-002_bold.nii.gz",
      "ses-NAPFU03/anat/sub-5458966_ses-NAPFU03_run-002_T1w.nii.gz",
      "ses-NAPFU03/fmap/sub-5458966_ses-NAPFU03_run-003_phasediff.nii.gz",
      "ses-NAPFU03/func/sub-5458966_ses-NAPFU03_task-encoding_run-001_bold.nii.gz",
      "ses-NAPFU03/anat/sub-5458966_ses-NAPFU03_run-001_T2star.nii.gz",
      "ses-NAPFU03/fmap/sub-5458966_ses-NAPFU03_run-001_phasediff.nii.gz"
    ],
    "InversionTime": 0.9,
    "MRAcquisitionType": "3D ",
    "MagneticFieldStrength": 3,
    "Manufacturer": "SIEMENS  ",
    "ManufacturerModelName": "TrioTim  ",
    "Modality": "MRI__ ",
    "PatientPosition": "HFS  ",
    "PercentPhaseFOV": 93.75,
    "PhaseEncodingSteps": 239,
    "PixelBandwidth": 238,
    "ProtocolName": "MPRAGE ADNI_iPAT2  ",
    "PulseSequenceType": "*tfl3d1_ns ",
    "ReceiveCoilName": "HeadMatrixix\\\\ ",
    "RepetitionTime": 2.3,
    "SAR": 0.06922178597323,
    "ScanningSequence": "GR\\\\IR  ",
    "SequenceName": "*tfl3d1_ns ",
    "SequenceVariant": "SP\\\\MP  ",
    "SeriesDescription": "MPRAGE ADNI_iPAT2  ",
    "SeriesNumber": 12,
    "SliceOrder": "interleaved ",
    "SliceThickness": 1,
    "SliceTiming": null,
    "SoftwareVersions": "syngo MR B17 ",
    "dataset": "<unset>",
    "modality": "T1w",
    "run_id": 1,
    "session_id": "NAPFU03",
    "subject_id": "5458966"
  },
  "cjv": 0.5357665743752552,
  "cnr": 2.510975677063949,
  "efc": 0.6456849938664271,
  "fber": 78.30331420898438,
  "fwhm_avg": 3.1944133333333333,
  "fwhm_x": 3.28694,
  "fwhm_y": 3.25844,
  "fwhm_z": 3.03786,
  "icvs_csf": 0.21268832141147198,
  "icvs_gm": 0.3992220086684067,
  "icvs_wm": 0.38808966992012134,
  "inu_med": 1.3093615770339966,
  "inu_range": 0.42786410450935364,
  "provenance": {
    "md5sum": "46c07b63f65fac0e9c04ca537a3c82d6",
    "settings": {
      "testing": false
    },
    "software": "mriqc",
    "version": "0.16.1",
    "warnings": {
      "large_rot_frame": true,
      "small_air_mask": false
    },
    "webapi_port": null,
    "webapi_url": "https://mriqc.nimh.nih.gov/api/v1"
  },
  "qi_1": 0.0,
  "qi_2": 0.0032675271915362175,
  "rpve_csf": 25.92428671782777,
  "rpve_gm": 13.72360329982883,
  "rpve_wm": 16.90414382127212,
  "size_x": 176,
  "size_y": 240,
  "size_z": 256,
  "snr_csf": 2.698382004056978,
  "snr_gm": 9.004784451379965,
  "snr_total": 8.74749330832199,
  "snr_wm": 14.539313469529027,
  "snrd_csf": 8.188389832851886,
  "snrd_gm": 18.741945929245563,
  "snrd_total": 17.608647861918325,
  "snrd_wm": 25.895607823657524,
  "spacing_x": 1.0,
  "spacing_y": 1.0,
  "spacing_z": 1.0,
  "summary_bg_k": 556.8625904230332,
  "summary_bg_mad": 25.29950479326046,
  "summary_bg_mean": 81.97189331054688,
  "summary_bg_median": 78.76618957519531,
  "summary_bg_n": 2813612.0,
  "summary_bg_p05": 43.079999923706055,
  "summary_bg_p95": 131.08377304077146,
  "summary_bg_stdv": 30.232912063598633,
  "summary_csf_k": 0.18228517339155026,
  "summary_csf_mad": 110.1889985371167,
  "summary_csf_mean": 336.987060546875,
  "summary_csf_median": 316.21234130859375,
  "summary_csf_n": 17772.0,
  "summary_csf_p05": 175.7512176513672,
  "summary_csf_p95": 555.6306121826174,
  "summary_csf_stdv": 117.18260955810547,
  "summary_gm_k": -0.08580888065296177,
  "summary_gm_mad": 80.71395428537605,
  "summary_gm_mean": 722.46826171875,
  "summary_gm_median": 723.7606811523438,
  "summary_gm_n": 8449.0,
  "summary_gm_p05": 586.4951049804688,
  "summary_gm_p95": 853.3531982421873,
  "summary_gm_stdv": 80.37036895751953,
  "summary_wm_k": 0.16706120640998945,
  "summary_wm_mad": 67.2937528257591,
  "summary_wm_mean": 1001.6219482421875,
  "summary_wm_median": 1000.0147705078125,
  "summary_wm_n": 202292.0,
  "summary_wm_p05": 891.3958831787108,
  "summary_wm_p95": 1117.617901611328,
  "summary_wm_stdv": 68.7798843383789,
  "tpm_overlap_csf": 0.1589452177286148,
  "tpm_overlap_gm": 0.4043169319629669,
  "tpm_overlap_wm": 0.4718964695930481,
  "wm2max": 0.4596691886091697
}