{
  "bids_meta": {
    "AcquisitionNumber": 1,
    "DeviceSerialNumber": "35442  ",
    "EchoNumber": 1,
    "EchoTime": 0.00298,
    "FlipAngle": 9,
    "ImageOrientationPatientDICOM": [
      "-0.0624163013405",
      "0.98936949309437",
      "-0.1313476739846",
      "-0.0107901475",
      "-0.1322655120689",
      "-0.9911555917383 "
    ],
    "ImageType": [
      "ORIGINAL",
      "PRIMARY",
      "M",
      "ND",
      "NORM "
    ],
    "ImagingFrequency": 123.251247,
    "InPlanePhaseEncodingDirectionDICOM": "ROW  ",
    "IntendedFor": [
      "ses-NAPFU48/fmap/sub-9650197_ses-NAPFU48_run-005_phasediff.nii.gz",
      "ses-NAPFU48/asl/sub-9650197_ses-NAPFU48_run-001_asl.nii.gz",
      "ses-NAPFU48/fmap/sub-9650197_ses-NAPFU48_run-001_phasediff.nii.gz",
      "ses-NAPFU48/dwi/sub-9650197_ses-NAPFU48_run-001_dwi.nii.gz",
      "ses-NAPFU48/func/sub-9650197_ses-NAPFU48_task-rest_run-001_bold.nii.gz",
      "ses-NAPFU48/fmap/sub-9650197_ses-NAPFU48_run-002_phasediff.nii.gz",
      "ses-NAPFU48/fmap/sub-9650197_ses-NAPFU48_run-003_phasediff.nii.gz",
      "ses-NAPFU48/anat/sub-9650197_ses-NAPFU48_run-001_FLAIR.nii.gz",
      "ses-NAPFU48/func/sub-9650197_ses-NAPFU48_task-encoding_run-001_bold.nii.gz",
      "ses-NAPFU48/func/sub-9650197_ses-NAPFU48_task-retrieval_run-001_bold.nii.gz",
      "ses-NAPFU48/func/sub-9650197_ses-NAPFU48_task-rest_run-002_bold.nii.gz",
      "ses-NAPFU48/anat/sub-9650197_ses-NAPFU48_run-002_T1w.nii.gz",
      "ses-NAPFU48/anat/sub-9650197_ses-NAPFU48_run-001_T2star.nii.gz",
      "ses-NAPFU48/fmap/sub-9650197_ses-NAPFU48_run-004_phasediff.nii.gz"
    ],
    "InversionTime": 0.9,
    "MRAcquisitionType": "3D ",
    "MagneticFieldStrength": 3,
    "Manufacturer": "SIEMENS  ",
    "ManufacturerModelName": "TrioTim  ",
    "Modality": "MRI__ ",
    "PatientPosition": "HFS  ",
    "PercentPhaseFOV": 93.75,
    "PhaseEncodingSteps": 239,
    "PixelBandwidth": 238,
    "ProtocolName": "MPRAGE ADNI_iPAT2  ",
    "PulseSequenceType": "*tfl3d1_ns ",
    "ReceiveCoilName": "HeadMatrixix\\\\ ",
    "RepetitionTime": 2.3,
    "SAR": 0.07138758313654,
    "ScanningSequence": "GR\\\\IR  ",
    "SequenceName": "*tfl3d1_ns ",
    "SequenceVariant": "SP\\\\MP  ",
    "SeriesDescription": "MPRAGE ADNI_iPAT2  ",
    "SeriesNumber": 12,
    "SliceOrder": "interleaved ",
    "SliceThickness": 1,
    "SliceTiming": null,
    "SoftwareVersions": "syngo MR B17 ",
    "dataset": "<unset>",
    "modality": "T1w",
    "run_id": 1,
    "session_id": "NAPFU48",
    "subject_id": "9650197"
  },
  "cjv": 0.4432019750011505,
  "cnr": 2.999691314355703,
  "efc": 0.6053857943034359,
  "fber": 80.71903228759766,
  "fwhm_avg": 3.1588833333333333,
  "fwhm_x": 3.20018,
  "fwhm_y": 3.28145,
  "fwhm_z": 2.99502,
  "icvs_csf": 0.21361893946398042,
  "icvs_gm": 0.4356042735561989,
  "icvs_wm": 0.3507767869798207,
  "inu_med": 1.3684649467468262,
  "inu_range": 0.4039433658123015,
  "provenance": {
    "md5sum": "4218101e4ca8bb56f7ddb6863b17bd88",
    "settings": {
      "testing": false
    },
    "software": "mriqc",
    "version": "0.16.1",
    "warnings": {
      "large_rot_frame": true,
      "small_air_mask": false
    },
    "webapi_port": null,
    "webapi_url": "https://mriqc.nimh.nih.gov/api/v1"
  },
  "qi_1": 5.049121604012207e-05,
  "qi_2": 0.004325365003736475,
  "rpve_csf": 27.014852381359468,
  "rpve_gm": 13.875206946649998,
  "rpve_wm": 19.604836575783178,
  "size_x": 176,
  "size_y": 240,
  "size_z": 256,
  "snr_csf": 2.8912130578345816,
  "snr_gm": 9.46558708077414,
  "snr_total": 9.533660667874763,
  "snr_wm": 16.244181865015566,
  "snrd_csf": 9.033382137733208,
  "snrd_gm": 21.627668097908533,
  "snrd_total": 20.470175915371076,
  "snrd_wm": 30.749477510471493,
  "spacing_x": 1.0,
  "spacing_y": 1.0,
  "spacing_z": 1.0,
  "summary_bg_k": 0.48808311570250895,
  "summary_bg_mad": 21.30560876530604,
  "summary_bg_mean": 71.24249267578125,
  "summary_bg_median": 69.62207794189453,
  "summary_bg_n": 3084674.0,
  "summary_bg_p05": 38.711484527587885,
  "summary_bg_p95": 109.2276912689209,
  "summary_bg_stdv": 21.662260055541992,
  "summary_csf_k": 0.8310711292530666,
  "summary_csf_mad": 89.20432691128865,
  "summary_csf_mean": 313.26129150390625,
  "summary_csf_median": 293.77349853515625,
  "summary_csf_n": 17602.0,
  "summary_csf_p05": 179.2686279296875,
  "summary_csf_p95": 510.5971755981449,
  "summary_csf_stdv": 101.60619354248047,
  "summary_gm_k": 0.179517885389183,
  "summary_gm_mad": 72.34002077107613,
  "summary_gm_mean": 702.0631103515625,
  "summary_gm_median": 703.3507080078125,
  "summary_gm_n": 12422.0,
  "summary_gm_p05": 576.9086059570312,
  "summary_gm_p95": 822.3230926513672,
  "summary_gm_stdv": 74.30309295654297,
  "summary_wm_k": 0.3483293326087784,
  "summary_wm_mad": 59.13550427165255,
  "summary_wm_mean": 999.4259033203125,
  "summary_wm_median": 999.9999389648438,
  "summary_wm_n": 166679.0,
  "summary_wm_p05": 896.8623657226562,
  "summary_wm_p95": 1099.0034545898438,
  "summary_wm_stdv": 61.5603141784668,
  "tpm_overlap_csf": 0.15299411118030548,
  "tpm_overlap_gm": 0.42033642530441284,
  "tpm_overlap_wm": 0.4722212553024292,
  "wm2max": 0.4385336955288973
}