{
  "bids_meta": {
    "AcquisitionNumber": 1,
    "DeviceSerialNumber": "35442  ",
    "EchoNumber": 1,
    "EchoTime": 0.00298,
    "FlipAngle": 9,
    "ImageOrientationPatientDICOM": [
      "-0.0147843351514",
      "0.99650891264142",
      "0.08216696696575",
      "-0.0189695207997",
      "0.08188162478205",
      "-0.9964615179743  "
    ],
    "ImageType": [
      "ORIGINAL",
      "PRIMARY",
      "M",
      "ND",
      "NORM "
    ],
    "ImagingFrequency": 123.247166,
    "InPlanePhaseEncodingDirectionDICOM": "ROW  ",
    "IntendedFor": [
      "ses-PREFU24/func/sub-7755697_ses-PREFU24_task-encoding_run-001_bold.nii.gz",
      "ses-PREFU24/func/sub-7755697_ses-PREFU24_task-retrieval_run-001_bold.nii.gz",
      "ses-PREFU24/dwi/sub-7755697_ses-PREFU24_run-001_dwi.nii.gz",
      "ses-PREFU24/fmap/sub-7755697_ses-PREFU24_run-002_phasediff.nii.gz",
      "ses-PREFU24/fmap/sub-7755697_ses-PREFU24_run-001_phasediff.nii.gz",
      "ses-PREFU24/asl/sub-7755697_ses-PREFU24_run-001_asl.nii.gz",
      "ses-PREFU24/anat/sub-7755697_ses-PREFU24_run-001_T2star.nii.gz",
      "ses-PREFU24/func/sub-7755697_ses-PREFU24_task-rest_run-002_bold.nii.gz",
      "ses-PREFU24/anat/sub-7755697_ses-PREFU24_run-002_T1w.nii.gz",
      "ses-PREFU24/func/sub-7755697_ses-PREFU24_task-rest_run-001_bold.nii.gz",
      "ses-PREFU24/fmap/sub-7755697_ses-PREFU24_run-003_phasediff.nii.gz",
      "ses-PREFU24/fmap/sub-7755697_ses-PREFU24_run-005_phasediff.nii.gz",
      "ses-PREFU24/fmap/sub-7755697_ses-PREFU24_run-004_phasediff.nii.gz",
      "ses-PREFU24/anat/sub-7755697_ses-PREFU24_run-001_FLAIR.nii.gz"
    ],
    "InversionTime": 0.9,
    "MRAcquisitionType": "3D ",
    "MagneticFieldStrength": 3,
    "Manufacturer": "SIEMENS  ",
    "ManufacturerModelName": "TrioTim  ",
    "Modality": "MRI__ ",
    "PatientPosition": "HFS  ",
    "PercentPhaseFOV": 93.75,
    "PhaseEncodingSteps": 239,
    "PixelBandwidth": 238,
    "ProtocolName": "MPRAGE ADNI_iPAT2  ",
    "PulseSequenceType": "*tfl3d1_ns ",
    "ReceiveCoilName": "HeadMatrixix\\\\ ",
    "RepetitionTime": 2.3,
    "SAR": 0.08423922965651,
    "ScanningSequence": "GR\\\\IR  ",
    "SequenceName": "*tfl3d1_ns ",
    "SequenceVariant": "SP\\\\MP  ",
    "SeriesDescription": "MPRAGE ADNI_iPAT2  ",
    "SeriesNumber": 12,
    "SliceOrder": "interleaved ",
    "SliceThickness": 1,
    "SliceTiming": null,
    "SoftwareVersions": "syngo MR B17 ",
    "dataset": "<unset>",
    "modality": "T1w",
    "run_id": 1,
    "session_id": "PREFU24",
    "subject_id": "7755697"
  },
  "cjv": 0.41964480654350705,
  "cnr": 3.203244080795291,
  "efc": 0.6206199272862715,
  "fber": 98.29683685302734,
  "fwhm_avg": 3.28635,
  "fwhm_x": 3.31906,
  "fwhm_y": 3.48484,
  "fwhm_z": 3.05515,
  "icvs_csf": 0.2232126452957819,
  "icvs_gm": 0.40800028286380136,
  "icvs_wm": 0.36878707184041676,
  "inu_med": 1.2704445123672485,
  "inu_range": 0.41499419212341304,
  "provenance": {
    "md5sum": "71bdf891a0a3de8103e1c665171e519f",
    "settings": {
      "testing": false
    },
    "software": "mriqc",
    "version": "0.16.1",
    "warnings": {
      "large_rot_frame": true,
      "small_air_mask": false
    },
    "webapi_port": null,
    "webapi_url": "https://mriqc.nimh.nih.gov/api/v1"
  },
  "qi_1": 0.0002844259843452841,
  "qi_2": 0.004200869048904788,
  "rpve_csf": 27.2152697364587,
  "rpve_gm": 14.92977177610671,
  "rpve_wm": 19.595595504306367,
  "size_x": 176,
  "size_y": 240,
  "size_z": 256,
  "snr_csf": 3.477108205355354,
  "snr_gm": 10.16882486730808,
  "snr_total": 10.125131253773132,
  "snr_wm": 16.729460688655962,
  "snrd_csf": 13.638589849191915,
  "snrd_gm": 22.751191359793776,
  "snrd_total": 22.98572021928015,
  "snrd_wm": 32.56737944885475,
  "spacing_x": 1.0,
  "spacing_y": 1.0,
  "spacing_z": 1.0,
  "summary_bg_k": 159.31302785794435,
  "summary_bg_mad": 20.116570201714346,
  "summary_bg_mean": 67.13206481933594,
  "summary_bg_median": 65.28792572021484,
  "summary_bg_n": 2445249.0,
  "summary_bg_p05": 35.937049865722656,
  "summary_bg_p95": 103.21353607177734,
  "summary_bg_stdv": 23.7049503326416,
  "summary_csf_k": -0.13885296079377696,
  "summary_csf_mad": 121.20648673344257,
  "summary_csf_mean": 415.5946960449219,
  "summary_csf_median": 418.7855529785156,
  "summary_csf_n": 9081.0,
  "summary_csf_p05": 217.16000366210938,
  "summary_csf_p95": 615.142822265625,
  "summary_csf_stdv": 120.43412780761719,
  "summary_gm_k": 0.031317116477445506,
  "summary_gm_mad": 68.57713942023881,
  "summary_gm_mean": 698.184814453125,
  "summary_gm_median": 698.596435546875,
  "summary_gm_n": 10238.0,
  "summary_gm_p05": 583.9191955566406,
  "summary_gm_p95": 809.3173583984375,
  "summary_gm_stdv": 68.69646453857422,
  "summary_wm_k": 0.25224868440615955,
  "summary_wm_mad": 57.9101675626203,
  "summary_wm_mean": 999.4505004882812,
  "summary_wm_median": 1000.0115966796875,
  "summary_wm_n": 169318.0,
  "summary_wm_p05": 900.1272094726563,
  "summary_wm_p95": 1096.426025390625,
  "summary_wm_stdv": 59.775306701660156,
  "tpm_overlap_csf": 0.14371603727340698,
  "tpm_overlap_gm": 0.42315196990966797,
  "tpm_overlap_wm": 0.49456238746643066,
  "wm2max": 0.47895452880330475
}