{
  "bids_meta": {
    "AcquisitionNumber": 1,
    "DeviceSerialNumber": "35442  ",
    "EchoNumber": 1,
    "EchoTime": 0.00298,
    "FlipAngle": 9,
    "ImageOrientationPatientDICOM": [
      "0.05746843744364",
      "0.99715186897403",
      "0.04884187649326",
      "0.0207619323808",
      "0.0477184496975",
      "-0.9986450278864  "
    ],
    "ImageType": [
      "ORIGINAL",
      "PRIMARY",
      "M",
      "ND",
      "NORM "
    ],
    "ImagingFrequency": 123.251543,
    "InPlanePhaseEncodingDirectionDICOM": "ROW  ",
    "IntendedFor": [
      "ses-NAPFU36/fmap/sub-7243782_ses-NAPFU36_run-001_phasediff.nii.gz",
      "ses-NAPFU36/dwi/sub-7243782_ses-NAPFU36_run-001_dwi.nii.gz",
      "ses-NAPFU36/func/sub-7243782_ses-NAPFU36_task-rest_run-002_bold.nii.gz",
      "ses-NAPFU36/fmap/sub-7243782_ses-NAPFU36_run-003_phasediff.nii.gz",
      "ses-NAPFU36/anat/sub-7243782_ses-NAPFU36_run-001_T2star.nii.gz",
      "ses-NAPFU36/anat/sub-7243782_ses-NAPFU36_run-001_FLAIR.nii.gz",
      "ses-NAPFU36/func/sub-7243782_ses-NAPFU36_task-rest_run-001_bold.nii.gz",
      "ses-NAPFU36/fmap/sub-7243782_ses-NAPFU36_run-002_phasediff.nii.gz",
      "ses-NAPFU36/asl/sub-7243782_ses-NAPFU36_run-001_asl.nii.gz",
      "ses-NAPFU36/fmap/sub-7243782_ses-NAPFU36_run-004_phasediff.nii.gz"
    ],
    "InversionTime": 0.9,
    "MRAcquisitionType": "3D ",
    "MagneticFieldStrength": 3,
    "Manufacturer": "SIEMENS  ",
    "ManufacturerModelName": "TrioTim  ",
    "Modality": "MRI__ ",
    "PatientPosition": "HFS  ",
    "PercentPhaseFOV": 93.75,
    "PhaseEncodingSteps": 239,
    "PixelBandwidth": 238,
    "ProtocolName": "MPRAGE ADNI_iPAT2  ",
    "PulseSequenceType": "*tfl3d1_ns ",
    "ReceiveCoilName": "HeadMatrixix\\\\ ",
    "RepetitionTime": 2.3,
    "SAR": 0.07425236674042,
    "ScanningSequence": "GR\\\\IR  ",
    "SequenceName": "*tfl3d1_ns ",
    "SequenceVariant": "SP\\\\MP  ",
    "SeriesDescription": "MPRAGE ADNI_iPAT2  ",
    "SeriesNumber": 5,
    "SliceOrder": "interleaved ",
    "SliceThickness": 1,
    "SliceTiming": null,
    "SoftwareVersions": "syngo MR B17 ",
    "dataset": "<unset>",
    "modality": "T1w",
    "run_id": 1,
    "session_id": "NAPFU36",
    "subject_id": "7243782"
  },
  "cjv": 0.46461930969920934,
  "cnr": 2.894514176607222,
  "efc": 0.621800705258997,
  "fber": 84.37894439697266,
  "fwhm_avg": 3.1068933333333333,
  "fwhm_x": 3.16198,
  "fwhm_y": 3.19129,
  "fwhm_z": 2.96741,
  "icvs_csf": 0.2138234775745408,
  "icvs_gm": 0.38841373417500435,
  "icvs_wm": 0.3977627882504548,
  "inu_med": 1.3021339178085327,
  "inu_range": 0.46464440822601305,
  "provenance": {
    "md5sum": "055065324c4d85627d2a2c5e83097bf1",
    "settings": {
      "testing": false
    },
    "software": "mriqc",
    "version": "0.16.1",
    "warnings": {
      "large_rot_frame": true,
      "small_air_mask": false
    },
    "webapi_port": null,
    "webapi_url": "https://mriqc.nimh.nih.gov/api/v1"
  },
  "qi_1": 0.0,
  "qi_2": 0.004092871208295015,
  "rpve_csf": 26.942240278234337,
  "rpve_gm": 14.637857834836804,
  "rpve_wm": 17.72786569223558,
  "size_x": 176,
  "size_y": 240,
  "size_z": 256,
  "snr_csf": 3.831033543407517,
  "snr_gm": 9.617954472343488,
  "snr_total": 10.163779506498626,
  "snr_wm": 17.04235050374487,
  "snrd_csf": 14.056240654371715,
  "snrd_gm": 22.108297494636954,
  "snrd_total": 22.350928836656678,
  "snrd_wm": 30.888248360961363,
  "spacing_x": 1.0,
  "spacing_y": 1.0,
  "spacing_z": 1.0,
  "summary_bg_k": 1544.1842903688857,
  "summary_bg_mad": 21.210491562124478,
  "summary_bg_mean": 71.29317474365234,
  "summary_bg_median": 69.59613037109375,
  "summary_bg_n": 2654748.0,
  "summary_bg_p05": 38.73567867279053,
  "summary_bg_p95": 108.99288139343261,
  "summary_bg_stdv": 25.760208129882812,
  "summary_csf_k": -0.10311532005217217,
  "summary_csf_mad": 113.72746255995754,
  "summary_csf_mean": 436.8364562988281,
  "summary_csf_median": 455.0804748535156,
  "summary_csf_n": 7745.0,
  "summary_csf_p05": 223.60259399414065,
  "summary_csf_p95": 608.8949951171874,
  "summary_csf_stdv": 118.78024291992188,
  "summary_gm_k": -0.1372688101136621,
  "summary_gm_mad": 74.63052537036896,
  "summary_gm_mean": 715.5919799804688,
  "summary_gm_median": 715.7713623046875,
  "summary_gm_n": 6312.0,
  "summary_gm_p05": 589.571127319336,
  "summary_gm_p95": 837.890771484375,
  "summary_gm_stdv": 74.41443634033203,
  "summary_wm_k": 0.16504130213299018,
  "summary_wm_mad": 57.440746236418036,
  "summary_wm_mean": 999.48828125,
  "summary_wm_median": 1000.0283203125,
  "summary_wm_n": 169438.0,
  "summary_wm_p05": 902.0237609863282,
  "summary_wm_p95": 1094.9988098144531,
  "summary_wm_stdv": 58.67884063720703,
  "tpm_overlap_csf": 0.14167147874832153,
  "tpm_overlap_gm": 0.3821987211704254,
  "tpm_overlap_wm": 0.45090827345848083,
  "wm2max": 0.48446243235446784
}