{
  "bids_meta": {
    "AcquisitionNumber": 1,
    "DeviceSerialNumber": "35442  ",
    "EchoNumber": 1,
    "EchoTime": 0.00298,
    "FlipAngle": 9,
    "ImageOrientationPatientDICOM": [
      "-0.0103164355155",
      "0.99918407055321",
      "0.03904823057415",
      "0.07808159536945",
      "0.03973602642689",
      "-0.996154763412 "
    ],
    "ImageType": [
      "ORIGINAL",
      "PRIMARY",
      "M",
      "ND",
      "NORM "
    ],
    "ImagingFrequency": 123.251524,
    "InPlanePhaseEncodingDirectionDICOM": "ROW  ",
    "IntendedFor": [
      "ses-PREFU12/func/sub-9125564_ses-PREFU12_task-rest_run-002_bold.nii.gz",
      "ses-PREFU12/anat/sub-9125564_ses-PREFU12_run-001_T2star.nii.gz",
      "ses-PREFU12/func/sub-9125564_ses-PREFU12_task-retrieval_run-001_bold.nii.gz",
      "ses-PREFU12/asl/sub-9125564_ses-PREFU12_run-001_asl.nii.gz",
      "ses-PREFU12/func/sub-9125564_ses-PREFU12_task-rest_run-001_bold.nii.gz",
      "ses-PREFU12/fmap/sub-9125564_ses-PREFU12_run-002_phasediff.nii.gz",
      "ses-PREFU12/fmap/sub-9125564_ses-PREFU12_run-003_phasediff.nii.gz",
      "ses-PREFU12/func/sub-9125564_ses-PREFU12_task-encoding_run-001_bold.nii.gz",
      "ses-PREFU12/fmap/sub-9125564_ses-PREFU12_run-001_phasediff.nii.gz"
    ],
    "InversionTime": 0.9,
    "MRAcquisitionType": "3D ",
    "MagneticFieldStrength": 3,
    "Manufacturer": "SIEMENS  ",
    "ManufacturerModelName": "TrioTim  ",
    "Modality": "MRI__ ",
    "PatientPosition": "HFS  ",
    "PercentPhaseFOV": 93.75,
    "PhaseEncodingSteps": 239,
    "PixelBandwidth": 238,
    "ProtocolName": "MPRAGE ADNI_iPAT2  ",
    "PulseSequenceType": "*tfl3d1_ns ",
    "ReceiveCoilName": "HeadMatrixix\\\\ ",
    "RepetitionTime": 2.3,
    "SAR": 0.08683427315204,
    "ScanningSequence": "GR\\\\IR  ",
    "SequenceName": "*tfl3d1_ns ",
    "SequenceVariant": "SP\\\\MP  ",
    "SeriesDescription": "MPRAGE ADNI_iPAT2  ",
    "SeriesNumber": 12,
    "SliceOrder": "interleaved ",
    "SliceThickness": 1,
    "SliceTiming": null,
    "SoftwareVersions": "syngo MR B17 ",
    "dataset": "<unset>",
    "modality": "T1w",
    "run_id": 1,
    "session_id": "PREFU12",
    "subject_id": "9125564"
  },
  "cjv": 0.5128963214334142,
  "cnr": 2.653784291314707,
  "efc": 0.6998305829348321,
  "fber": 76.6037826538086,
  "fwhm_avg": 2.993313333333333,
  "fwhm_x": 3.06551,
  "fwhm_y": 3.07375,
  "fwhm_z": 2.84068,
  "icvs_csf": 0.22080237565814292,
  "icvs_gm": 0.3962080711282514,
  "icvs_wm": 0.38298955321360567,
  "inu_med": 1.2660765647888184,
  "inu_range": 0.24574148654937744,
  "provenance": {
    "md5sum": "4727e3e65c1f59cb36a28350087bb429",
    "settings": {
      "testing": false
    },
    "software": "mriqc",
    "version": "0.16.1",
    "warnings": {
      "large_rot_frame": true,
      "small_air_mask": false
    },
    "webapi_port": null,
    "webapi_url": "https://mriqc.nimh.nih.gov/api/v1"
  },
  "qi_1": 0.0,
  "qi_2": 0.003219308669472472,
  "rpve_csf": 23.72679172360118,
  "rpve_gm": 13.018123281813184,
  "rpve_wm": 16.275697476952935,
  "size_x": 176,
  "size_y": 240,
  "size_z": 256,
  "snr_csf": 3.059490785664381,
  "snr_gm": 7.738000615347222,
  "snr_total": 7.943927277790789,
  "snr_wm": 13.034290432360766,
  "snrd_csf": 10.069202813844564,
  "snrd_gm": 21.29686648478804,
  "snrd_total": 20.851970526867525,
  "snrd_wm": 31.18984228196997,
  "spacing_x": 1.0,
  "spacing_y": 1.0,
  "spacing_z": 1.0,
  "summary_bg_k": 104.18168890305921,
  "summary_bg_mad": 21.004364698814026,
  "summary_bg_mean": 67.28531646728516,
  "summary_bg_median": 64.49031829833984,
  "summary_bg_n": 2592341.0,
  "summary_bg_p05": 35.25849914550781,
  "summary_bg_p95": 108.6417465209961,
  "summary_bg_stdv": 24.779756546020508,
  "summary_csf_k": 1.922288000382383,
  "summary_csf_mad": 102.84297330226988,
  "summary_csf_mean": 330.16729736328125,
  "summary_csf_median": 322.82928466796875,
  "summary_csf_n": 21352.0,
  "summary_csf_p05": 171.27603988647462,
  "summary_csf_p95": 509.79333801269536,
  "summary_csf_stdv": 105.51485443115234,
  "summary_gm_k": -0.1633863496614092,
  "summary_gm_mad": 88.64733305719584,
  "summary_gm_mean": 681.3611450195312,
  "summary_gm_median": 682.800048828125,
  "summary_gm_n": 6684.0,
  "summary_gm_p05": 533.55732421875,
  "summary_gm_p95": 823.9813629150391,
  "summary_gm_stdv": 88.2332534790039,
  "summary_wm_k": 0.30801683636527466,
  "summary_wm_mad": 74.03274276200422,
  "summary_wm_mean": 1002.8858032226562,
  "summary_wm_median": 999.9793090820312,
  "summary_wm_n": 195862.0,
  "summary_wm_p05": 881.4851501464843,
  "summary_wm_p95": 1133.5728942871094,
  "summary_wm_stdv": 76.71892547607422,
  "tpm_overlap_csf": 0.17162607610225677,
  "tpm_overlap_gm": 0.42642176151275635,
  "tpm_overlap_wm": 0.4964316785335541,
  "wm2max": 0.547467539725234
}