{
  "bids_meta": {
    "AcquisitionNumber": 1,
    "DeviceSerialNumber": "35442  ",
    "EchoNumber": 1,
    "EchoTime": 0.00298,
    "FlipAngle": 9,
    "ImageOrientationPatientDICOM": [
      "0.02312461565015",
      "0.99973259032155",
      "-3.53206197e-008",
      "0.04402429369745",
      "-0.0010183524747",
      "-0.9990299417548  "
    ],
    "ImageType": [
      "ORIGINAL",
      "PRIMARY",
      "M",
      "ND",
      "NORM "
    ],
    "ImagingFrequency": 123.247355,
    "InPlanePhaseEncodingDirectionDICOM": "ROW  ",
    "IntendedFor": [
      "ses-NAPFU03/func/sub-7265146_ses-NAPFU03_task-rest_run-002_bold.nii.gz",
      "ses-NAPFU03/fmap/sub-7265146_ses-NAPFU03_run-003_phasediff.nii.gz",
      "ses-NAPFU03/asl/sub-7265146_ses-NAPFU03_run-001_asl.nii.gz",
      "ses-NAPFU03/fmap/sub-7265146_ses-NAPFU03_run-001_phasediff.nii.gz",
      "ses-NAPFU03/fmap/sub-7265146_ses-NAPFU03_run-002_phasediff.nii.gz",
      "ses-NAPFU03/anat/sub-7265146_ses-NAPFU03_run-001_T2star.nii.gz",
      "ses-NAPFU03/func/sub-7265146_ses-NAPFU03_task-rest_run-001_bold.nii.gz",
      "ses-NAPFU03/func/sub-7265146_ses-NAPFU03_task-encoding_run-001_bold.nii.gz",
      "ses-NAPFU03/func/sub-7265146_ses-NAPFU03_task-retrieval_run-001_bold.nii.gz"
    ],
    "InversionTime": 0.9,
    "MRAcquisitionType": "3D ",
    "MagneticFieldStrength": 3,
    "Manufacturer": "SIEMENS  ",
    "ManufacturerModelName": "TrioTim  ",
    "Modality": "MRI__ ",
    "PatientPosition": "HFS  ",
    "PercentPhaseFOV": 93.75,
    "PhaseEncodingSteps": 239,
    "PixelBandwidth": 238,
    "ProtocolName": "MPRAGE ADNI_iPAT2  ",
    "PulseSequenceType": "*tfl3d1_ns ",
    "ReceiveCoilName": "HeadMatrixix\\\\ ",
    "RepetitionTime": 2.3,
    "SAR": 0.07398274831016,
    "ScanningSequence": "GR\\\\IR  ",
    "SequenceName": "*tfl3d1_ns ",
    "SequenceVariant": "SP\\\\MP  ",
    "SeriesDescription": "MPRAGE ADNI_iPAT2  ",
    "SeriesNumber": 12,
    "SliceOrder": "interleaved ",
    "SliceThickness": 1,
    "SliceTiming": null,
    "SoftwareVersions": "syngo MR B17 ",
    "dataset": "<unset>",
    "modality": "T1w",
    "run_id": 1,
    "session_id": "NAPFU03",
    "subject_id": "7265146"
  },
  "cjv": 0.388356306257368,
  "cnr": 3.466434616563104,
  "efc": 0.5976587552712611,
  "fber": 96.17369842529297,
  "fwhm_avg": 3.313026666666667,
  "fwhm_x": 3.42142,
  "fwhm_y": 3.40929,
  "fwhm_z": 3.10837,
  "icvs_csf": 0.25603396290037145,
  "icvs_gm": 0.402307339511608,
  "icvs_wm": 0.34165869758802053,
  "inu_med": 1.2053537368774414,
  "inu_range": 0.3160875022411347,
  "provenance": {
    "md5sum": "4c1364519b34f514abaf29635417597f",
    "settings": {
      "testing": false
    },
    "software": "mriqc",
    "version": "0.16.1",
    "warnings": {
      "large_rot_frame": true,
      "small_air_mask": false
    },
    "webapi_port": null,
    "webapi_url": "https://mriqc.nimh.nih.gov/api/v1"
  },
  "qi_1": 0.0,
  "qi_2": 0.005131469274843314,
  "rpve_csf": 27.547985989940837,
  "rpve_gm": 16.60257634254365,
  "rpve_wm": 22.99593701083749,
  "size_x": 176,
  "size_y": 240,
  "size_z": 256,
  "snr_csf": 3.2580249546042115,
  "snr_gm": 7.870040506914469,
  "snr_total": 9.114872556213479,
  "snr_wm": 16.216552207121758,
  "snrd_csf": 10.674437555682559,
  "snrd_gm": 24.549302930351093,
  "snrd_total": 24.5700522253037,
  "snrd_wm": 38.48641618987745,
  "spacing_x": 1.0,
  "spacing_y": 1.0,
  "spacing_z": 1.0,
  "summary_bg_k": 1733.0995196505019,
  "summary_bg_mad": 17.022238138086433,
  "summary_bg_mean": 56.99298095703125,
  "summary_bg_median": 55.55182647705078,
  "summary_bg_n": 2950078.0,
  "summary_bg_p05": 30.519227981567383,
  "summary_bg_p95": 87.39861335754395,
  "summary_bg_stdv": 23.29799461364746,
  "summary_csf_k": 0.5321217139615371,
  "summary_csf_mad": 75.67640739650486,
  "summary_csf_mean": 291.9645690917969,
  "summary_csf_median": 277.35113525390625,
  "summary_csf_n": 41280.0,
  "summary_csf_p05": 176.40642318725588,
  "summary_csf_p95": 457.78539428710917,
  "summary_csf_stdv": 85.12757873535156,
  "summary_gm_k": -0.14866675688465092,
  "summary_gm_mad": 82.42296463075549,
  "summary_gm_mean": 633.8037109375,
  "summary_gm_median": 637.858154296875,
  "summary_gm_n": 6287.0,
  "summary_gm_p05": 497.9378540039063,
  "summary_gm_p95": 760.834912109375,
  "summary_gm_stdv": 81.0424575805664,
  "summary_wm_k": 0.42295089641893346,
  "summary_wm_mad": 58.210325738815555,
  "summary_wm_mean": 1000.1763305664062,
  "summary_wm_median": 999.9825439453125,
  "summary_wm_n": 131312.0,
  "summary_wm_p05": 899.2611846923828,
  "summary_wm_p95": 1102.22392578125,
  "summary_wm_stdv": 61.66407775878906,
  "tpm_overlap_csf": 0.1580817848443985,
  "tpm_overlap_gm": 0.3992914855480194,
  "tpm_overlap_wm": 0.4490928649902344,
  "wm2max": 0.52180307981793
}