{
  "bids_meta": {
    "AcquisitionNumber": 1,
    "DeviceSerialNumber": "35442  ",
    "EchoNumber": 1,
    "EchoTime": 0.00298,
    "FlipAngle": 9,
    "ImageOrientationPatientDICOM": [
      "-0.037282814476",
      "0.9993046932474",
      "-0.0003489963893",
      "-0.0197708875377",
      "-0.0010867979573",
      "-0.9998039462195  "
    ],
    "ImageType": [
      "ORIGINAL",
      "PRIMARY",
      "M",
      "ND",
      "NORM "
    ],
    "ImagingFrequency": 123.247493,
    "InPlanePhaseEncodingDirectionDICOM": "ROW  ",
    "IntendedFor": [
      "ses-NAPEN00/fmap/sub-7945015_ses-NAPEN00_run-002_phasediff.nii.gz",
      "ses-NAPEN00/fmap/sub-7945015_ses-NAPEN00_run-001_phasediff.nii.gz",
      "ses-NAPEN00/anat/sub-7945015_ses-NAPEN00_run-001_FLAIR.nii.gz",
      "ses-NAPEN00/dwi/sub-7945015_ses-NAPEN00_run-001_dwi.nii.gz"
    ],
    "InversionTime": 0.9,
    "MRAcquisitionType": "3D ",
    "MagneticFieldStrength": 3,
    "Manufacturer": "SIEMENS  ",
    "ManufacturerModelName": "TrioTim  ",
    "Modality": "MRI__ ",
    "PatientPosition": "HFS  ",
    "PercentPhaseFOV": 93.75,
    "PhaseEncodingSteps": 239,
    "PixelBandwidth": 238,
    "ProtocolName": "MPRAGE ADNI_iPAT2  ",
    "PulseSequenceType": "*tfl3d1_ns ",
    "ReceiveCoilName": "HeadMatrixix\\\\ ",
    "RepetitionTime": 2.3,
    "SAR": 0.07411094144599,
    "ScanningSequence": "GR\\\\IR  ",
    "SequenceName": "*tfl3d1_ns ",
    "SequenceVariant": "SP\\\\MP  ",
    "SeriesDescription": "MPRAGE ADNI_iPAT2  ",
    "SeriesNumber": 4,
    "SliceOrder": "interleaved ",
    "SliceThickness": 1,
    "SliceTiming": null,
    "SoftwareVersions": "syngo MR B17 ",
    "dataset": "<unset>",
    "modality": "T1w",
    "run_id": 1,
    "session_id": "NAPEN00",
    "subject_id": "7945015"
  },
  "cjv": 0.45707914196293337,
  "cnr": 2.943094868244606,
  "efc": 0.6200817985409521,
  "fber": 90.80021667480469,
  "fwhm_avg": 3.2093866666666666,
  "fwhm_x": 3.25203,
  "fwhm_y": 3.3664,
  "fwhm_z": 3.00973,
  "icvs_csf": 0.1946106954531876,
  "icvs_gm": 0.4169069850845862,
  "icvs_wm": 0.3884823194622262,
  "inu_med": 1.252212643623352,
  "inu_range": 0.3837807655334471,
  "provenance": {
    "md5sum": "9ca01ad797dbefbdc175e590dc066c5b",
    "settings": {
      "testing": false
    },
    "software": "mriqc",
    "version": "0.16.1",
    "warnings": {
      "large_rot_frame": true,
      "small_air_mask": false
    },
    "webapi_port": null,
    "webapi_url": "https://mriqc.nimh.nih.gov/api/v1"
  },
  "qi_1": 0.0001552452494607907,
  "qi_2": 0.00393229188969355,
  "rpve_csf": 26.79563916416897,
  "rpve_gm": 13.209882920110193,
  "rpve_wm": 16.871502841404535,
  "size_x": 176,
  "size_y": 240,
  "size_z": 256,
  "snr_csf": 2.6716300265750395,
  "snr_gm": 9.386529544080533,
  "snr_total": 9.819255823820797,
  "snr_wm": 17.39960790080682,
  "snrd_csf": 10.335626847388204,
  "snrd_gm": 22.6073132419088,
  "snrd_total": 21.554540988156557,
  "snrd_wm": 31.720682875172663,
  "spacing_x": 1.0,
  "spacing_y": 1.0,
  "spacing_z": 1.0,
  "summary_bg_k": 282.368714683508,
  "summary_bg_mad": 20.653347832548,
  "summary_bg_mean": 69.4111099243164,
  "summary_bg_median": 67.86176300048828,
  "summary_bg_n": 2677126.0,
  "summary_bg_p05": 37.71517372131348,
  "summary_bg_p95": 106.3138599395752,
  "summary_bg_stdv": 21.48746681213379,
  "summary_csf_k": -0.4119409378592338,
  "summary_csf_mad": 123.3389038036992,
  "summary_csf_mean": 354.6997985839844,
  "summary_csf_median": 325.8333740234375,
  "summary_csf_n": 14569.0,
  "summary_csf_p05": 194.16061706542968,
  "summary_csf_p95": 573.1144653320312,
  "summary_csf_stdv": 121.95632934570312,
  "summary_gm_k": -0.10327994641211857,
  "summary_gm_mad": 75.75894637041566,
  "summary_gm_mean": 713.0695190429688,
  "summary_gm_median": 712.7015380859375,
  "summary_gm_n": 12582.0,
  "summary_gm_p05": 587.0913391113281,
  "summary_gm_p95": 839.1049072265624,
  "summary_gm_stdv": 75.92510223388672,
  "summary_wm_k": 0.30114679530665933,
  "summary_wm_mad": 55.56052718758324,
  "summary_wm_mean": 998.5919189453125,
  "summary_wm_median": 1000.0029296875,
  "summary_wm_n": 199440.0,
  "summary_wm_p05": 901.3993560791015,
  "summary_wm_p95": 1090.0857238769531,
  "summary_wm_stdv": 57.47258377075195,
  "tpm_overlap_csf": 0.1791902780532837,
  "tpm_overlap_gm": 0.43821993470191956,
  "tpm_overlap_wm": 0.5030802488327026,
  "wm2max": 0.45021979307301246
}