{
  "bids_meta": {
    "AcquisitionNumber": 1,
    "DeviceSerialNumber": "35442  ",
    "EchoNumber": 1,
    "EchoTime": 0.00298,
    "FlipAngle": 9,
    "ImageOrientationPatientDICOM": [
      "0.00558037179058",
      "0.9990337797886",
      "0.04359319089013",
      "-0.034434208065",
      "0.04375999224401",
      "-0.9984484705751  "
    ],
    "ImageType": [
      "ORIGINAL",
      "PRIMARY",
      "M",
      "ND",
      "NORM "
    ],
    "ImagingFrequency": 123.251449,
    "InPlanePhaseEncodingDirectionDICOM": "ROW  ",
    "IntendedFor": [
      "ses-NAPFU24/dwi/sub-5985051_ses-NAPFU24_run-001_dwi.nii.gz",
      "ses-NAPFU24/fmap/sub-5985051_ses-NAPFU24_run-005_phasediff.nii.gz",
      "ses-NAPFU24/fmap/sub-5985051_ses-NAPFU24_run-004_phasediff.nii.gz",
      "ses-NAPFU24/anat/sub-5985051_ses-NAPFU24_run-001_FLAIR.nii.gz"
    ],
    "InversionTime": 0.9,
    "MRAcquisitionType": "3D ",
    "MagneticFieldStrength": 3,
    "Manufacturer": "SIEMENS  ",
    "ManufacturerModelName": "TrioTim  ",
    "Modality": "MRI__ ",
    "PatientPosition": "HFS  ",
    "PercentPhaseFOV": 93.75,
    "PhaseEncodingSteps": 239,
    "PixelBandwidth": 238,
    "ProtocolName": "MPRAGE ADNI_iPAT2  ",
    "PulseSequenceType": "*tfl3d1_ns ",
    "ReceiveCoilName": "HeadMatrixix\\\\ ",
    "RepetitionTime": 2.3,
    "SAR": 0.09199548533574,
    "ScanningSequence": "GR\\\\IR  ",
    "SequenceName": "*tfl3d1_ns ",
    "SequenceVariant": "SP\\\\MP  ",
    "SeriesDescription": "MPRAGE ADNI_iPAT2  ",
    "SeriesNumber": 20,
    "SliceOrder": "interleaved ",
    "SliceThickness": 1,
    "SliceTiming": null,
    "SoftwareVersions": "syngo MR B17 ",
    "dataset": "<unset>",
    "modality": "T1w",
    "run_id": 2,
    "session_id": "NAPFU24",
    "subject_id": "5985051"
  },
  "cjv": 0.4391283710325554,
  "cnr": 3.077610090320643,
  "efc": 0.6573620582529857,
  "fber": 89.40797424316406,
  "fwhm_avg": 3.303053333333333,
  "fwhm_x": 3.33404,
  "fwhm_y": 3.43994,
  "fwhm_z": 3.13518,
  "icvs_csf": 0.2053084985824775,
  "icvs_gm": 0.4037811528600964,
  "icvs_wm": 0.39091034855742607,
  "inu_med": 1.343597173690796,
  "inu_range": 0.5860921442508698,
  "provenance": {
    "md5sum": "fa8e530a236a3857cf2da659ea4e44a0",
    "settings": {
      "testing": false
    },
    "software": "mriqc",
    "version": "0.16.1",
    "warnings": {
      "large_rot_frame": true,
      "small_air_mask": false
    },
    "webapi_port": null,
    "webapi_url": "https://mriqc.nimh.nih.gov/api/v1"
  },
  "qi_1": 0.00011749190571148037,
  "qi_2": 0.004775961314068768,
  "rpve_csf": 25.76277342474698,
  "rpve_gm": 13.24034512369252,
  "rpve_wm": 16.674987882478685,
  "size_x": 176,
  "size_y": 240,
  "size_z": 256,
  "snr_csf": 2.473287434673193,
  "snr_gm": 9.2339698636538,
  "snr_total": 9.031693058119165,
  "snr_wm": 15.387821876030499,
  "snrd_csf": 8.984632572122461,
  "snrd_gm": 20.04734176800012,
  "snrd_total": 19.394533702461057,
  "snrd_wm": 29.15162676726059,
  "spacing_x": 1.0,
  "spacing_y": 1.0,
  "spacing_z": 1.0,
  "summary_bg_k": 4.707968901906191,
  "summary_bg_mad": 22.473444189717824,
  "summary_bg_mean": 75.0688247680664,
  "summary_bg_median": 73.42417907714844,
  "summary_bg_n": 2555308.0,
  "summary_bg_p05": 40.45162563323974,
  "summary_bg_p95": 115.3085391998291,
  "summary_bg_stdv": 22.991300582885742,
  "summary_csf_k": 0.4885309589783726,
  "summary_csf_mad": 132.14031613148913,
  "summary_csf_mean": 327.02178955078125,
  "summary_csf_median": 308.2039794921875,
  "summary_csf_n": 12164.0,
  "summary_csf_p05": 153.5357192993164,
  "summary_csf_p95": 539.3016296386719,
  "summary_csf_stdv": 124.60796356201172,
  "summary_gm_k": -0.034354625715722786,
  "summary_gm_mad": 74.14006491966704,
  "summary_gm_mean": 686.9550170898438,
  "summary_gm_median": 687.6931762695312,
  "summary_gm_n": 10133.0,
  "summary_gm_p05": 562.9361938476563,
  "summary_gm_p95": 810.4457763671874,
  "summary_gm_stdv": 74.47059631347656,
  "summary_wm_k": 0.24493424256424534,
  "summary_wm_mad": 63.0034455087011,
  "summary_wm_mean": 999.24609375,
  "summary_wm_median": 1000.0016479492188,
  "summary_wm_n": 205560.0,
  "summary_wm_p05": 891.2339752197265,
  "summary_wm_p95": 1104.7407897949217,
  "summary_wm_stdv": 64.98640441894531,
  "tpm_overlap_csf": 0.17704930901527405,
  "tpm_overlap_gm": 0.43418097496032715,
  "tpm_overlap_wm": 0.5145516991615295,
  "wm2max": 0.4703037827672443
}