{
  "bids_meta": {
    "AcquisitionNumber": 1,
    "DeviceSerialNumber": "35442  ",
    "EchoNumber": 1,
    "EchoTime": 0.00298,
    "FlipAngle": 9,
    "ImageOrientationPatientDICOM": [
      "0.05612617929657",
      "0.99739377114694",
      "0.04533781285924",
      "-0.0307567333874",
      "0.04711504117377",
      "-0.9984158433471  "
    ],
    "ImageType": [
      "ORIGINAL",
      "PRIMARY",
      "M",
      "ND",
      "NORM "
    ],
    "ImagingFrequency": 123.247299,
    "InPlanePhaseEncodingDirectionDICOM": "ROW  ",
    "IntendedFor": [
      "ses-PREFU24/fmap/sub-3048898_ses-PREFU24_run-004_phasediff.nii.gz",
      "ses-PREFU24/fmap/sub-3048898_ses-PREFU24_run-005_phasediff.nii.gz",
      "ses-PREFU24/anat/sub-3048898_ses-PREFU24_run-001_FLAIR.nii.gz",
      "ses-PREFU24/dwi/sub-3048898_ses-PREFU24_run-001_dwi.nii.gz"
    ],
    "InversionTime": 0.9,
    "MRAcquisitionType": "3D ",
    "MagneticFieldStrength": 3,
    "Manufacturer": "SIEMENS  ",
    "ManufacturerModelName": "TrioTim  ",
    "Modality": "MRI__ ",
    "PatientPosition": "HFS  ",
    "PercentPhaseFOV": 93.75,
    "PhaseEncodingSteps": 239,
    "PixelBandwidth": 238,
    "ProtocolName": "MPRAGE ADNI_iPAT2  ",
    "PulseSequenceType": "*tfl3d1_ns ",
    "ReceiveCoilName": "HeadMatrixix\\\\ ",
    "RepetitionTime": 2.3,
    "SAR": 0.08467642266863,
    "ScanningSequence": "GR\\\\IR  ",
    "SequenceName": "*tfl3d1_ns ",
    "SequenceVariant": "SP\\\\MP  ",
    "SeriesDescription": "MPRAGE ADNI_iPAT2  ",
    "SeriesNumber": 20,
    "SliceOrder": "interleaved ",
    "SliceThickness": 1,
    "SliceTiming": null,
    "SoftwareVersions": "syngo MR B17 ",
    "dataset": "<unset>",
    "modality": "T1w",
    "run_id": 2,
    "session_id": "PREFU24",
    "subject_id": "3048898"
  },
  "cjv": 0.42716012089614785,
  "cnr": 3.116474072371068,
  "efc": 0.6178160318824183,
  "fber": 131.3465118408203,
  "fwhm_avg": 3.2736899999999998,
  "fwhm_x": 3.32015,
  "fwhm_y": 3.41795,
  "fwhm_z": 3.08297,
  "icvs_csf": 0.22191954516035123,
  "icvs_gm": 0.3966810165220767,
  "icvs_wm": 0.38139943831757206,
  "inu_med": 1.2439969778060913,
  "inu_range": 0.28868589401245126,
  "provenance": {
    "md5sum": "06b6ebb918aa4a77bf500d06599b6c82",
    "settings": {
      "testing": false
    },
    "software": "mriqc",
    "version": "0.16.1",
    "warnings": {
      "large_rot_frame": true,
      "small_air_mask": false
    },
    "webapi_port": null,
    "webapi_url": "https://mriqc.nimh.nih.gov/api/v1"
  },
  "qi_1": 0.0,
  "qi_2": 0.0056716587493630625,
  "rpve_csf": 26.364281488790866,
  "rpve_gm": 14.632969879724497,
  "rpve_wm": 18.404292636472167,
  "size_x": 176,
  "size_y": 240,
  "size_z": 256,
  "snr_csf": 3.056432781011239,
  "snr_gm": 8.026204603004844,
  "snr_total": 9.3482680246735,
  "snr_wm": 16.962166690004416,
  "snrd_csf": 12.034233174083843,
  "snrd_gm": 26.98453231013293,
  "snrd_total": 26.38569878676931,
  "snrd_wm": 40.13833087609115,
  "spacing_x": 1.0,
  "spacing_y": 1.0,
  "spacing_z": 1.0,
  "summary_bg_k": 1927.7810808005624,
  "summary_bg_mad": 16.321782339891858,
  "summary_bg_mean": 51.131595611572266,
  "summary_bg_median": 49.34628677368164,
  "summary_bg_n": 2647902.0,
  "summary_bg_p05": 26.125176620483398,
  "summary_bg_p95": 80.87651786804199,
  "summary_bg_stdv": 23.80242919921875,
  "summary_csf_k": 0.4434485343189025,
  "summary_csf_mad": 94.33585986761561,
  "summary_csf_mean": 314.3328552246094,
  "summary_csf_median": 299.8156433105469,
  "summary_csf_n": 23825.0,
  "summary_csf_p05": 176.08030090332034,
  "summary_csf_p95": 495.3126098632812,
  "summary_csf_stdv": 98.09126281738281,
  "summary_gm_k": -0.09252714486073055,
  "summary_gm_mad": 82.89695574528994,
  "summary_gm_mean": 668.0625610351562,
  "summary_gm_median": 672.2808837890625,
  "summary_gm_n": 9539.0,
  "summary_gm_p05": 523.5130859375,
  "summary_gm_p95": 801.1910705566406,
  "summary_gm_stdv": 83.75635528564453,
  "summary_wm_k": 0.2397119198915707,
  "summary_wm_mad": 57.086836490533315,
  "summary_wm_mean": 1000.8447875976562,
  "summary_wm_median": 999.9888916015625,
  "summary_wm_n": 199552.0,
  "summary_wm_p05": 905.1984100341797,
  "summary_wm_p95": 1099.2330322265625,
  "summary_wm_stdv": 58.95392990112305,
  "tpm_overlap_csf": 0.15195219218730927,
  "tpm_overlap_gm": 0.4014889895915985,
  "tpm_overlap_wm": 0.4719833731651306,
  "wm2max": 0.5317256102567418
}