{
  "bids_meta": {
    "AcquisitionNumber": 1,
    "DeviceSerialNumber": "35442  ",
    "EchoNumber": 1,
    "EchoTime": 0.00298,
    "FlipAngle": 9,
    "ImageOrientationPatientDICOM": [
      "-0.0586379572991",
      "0.99604976944848",
      "0.06668168223301",
      "-0.0067310334465",
      "0.06640060844723",
      "-0.9977703405025  "
    ],
    "ImageType": [
      "ORIGINAL",
      "PRIMARY",
      "M",
      "ND",
      "NORM "
    ],
    "ImagingFrequency": 123.251347,
    "InPlanePhaseEncodingDirectionDICOM": "ROW  ",
    "IntendedFor": [
      "ses-PREFU48/anat/sub-7863867_ses-PREFU48_run-001_T2star.nii.gz",
      "ses-PREFU48/func/sub-7863867_ses-PREFU48_task-rest_run-002_bold.nii.gz",
      "ses-PREFU48/func/sub-7863867_ses-PREFU48_task-encoding_run-001_bold.nii.gz",
      "ses-PREFU48/func/sub-7863867_ses-PREFU48_task-rest_run-001_bold.nii.gz",
      "ses-PREFU48/fmap/sub-7863867_ses-PREFU48_run-003_phasediff.nii.gz",
      "ses-PREFU48/anat/sub-7863867_ses-PREFU48_run-002_T1w.nii.gz",
      "ses-PREFU48/dwi/sub-7863867_ses-PREFU48_run-001_dwi.nii.gz",
      "ses-PREFU48/anat/sub-7863867_ses-PREFU48_run-001_FLAIR.nii.gz",
      "ses-PREFU48/func/sub-7863867_ses-PREFU48_task-retrieval_run-001_bold.nii.gz",
      "ses-PREFU48/fmap/sub-7863867_ses-PREFU48_run-004_phasediff.nii.gz",
      "ses-PREFU48/fmap/sub-7863867_ses-PREFU48_run-005_phasediff.nii.gz",
      "ses-PREFU48/asl/sub-7863867_ses-PREFU48_run-001_asl.nii.gz",
      "ses-PREFU48/fmap/sub-7863867_ses-PREFU48_run-001_phasediff.nii.gz",
      "ses-PREFU48/fmap/sub-7863867_ses-PREFU48_run-002_phasediff.nii.gz"
    ],
    "InversionTime": 0.9,
    "MRAcquisitionType": "3D ",
    "MagneticFieldStrength": 3,
    "Manufacturer": "SIEMENS  ",
    "ManufacturerModelName": "TrioTim  ",
    "Modality": "MRI__ ",
    "PatientPosition": "HFS  ",
    "PercentPhaseFOV": 93.75,
    "PhaseEncodingSteps": 239,
    "PixelBandwidth": 238,
    "ProtocolName": "MPRAGE ADNI_iPAT2  ",
    "PulseSequenceType": "*tfl3d1_ns ",
    "ReceiveCoilName": "HeadMatrixix\\\\ ",
    "RepetitionTime": 2.3,
    "SAR": 0.09133535451098,
    "ScanningSequence": "GR\\\\IR  ",
    "SequenceName": "*tfl3d1_ns ",
    "SequenceVariant": "SP\\\\MP  ",
    "SeriesDescription": "MPRAGE ADNI_iPAT2  ",
    "SeriesNumber": 12,
    "SliceOrder": "interleaved ",
    "SliceThickness": 1,
    "SliceTiming": null,
    "SoftwareVersions": "syngo MR B17 ",
    "dataset": "<unset>",
    "modality": "T1w",
    "run_id": 1,
    "session_id": "PREFU48",
    "subject_id": "7863867"
  },
  "cjv": 0.48422108288859367,
  "cnr": 2.9284593025441987,
  "efc": 0.6276459656234861,
  "fber": 154.58253479003906,
  "fwhm_avg": 2.905723333333333,
  "fwhm_x": 3.00495,
  "fwhm_y": 2.91612,
  "fwhm_z": 2.7961,
  "icvs_csf": 0.18917533334858616,
  "icvs_gm": 0.4313601116604438,
  "icvs_wm": 0.37946455499097004,
  "inu_med": 1.2312405109405518,
  "inu_range": 0.31124863028526306,
  "provenance": {
    "md5sum": "1b817c61305c487c669fff52974c8f7f",
    "settings": {
      "testing": false
    },
    "software": "mriqc",
    "version": "0.16.1",
    "warnings": {
      "large_rot_frame": true,
      "small_air_mask": false
    },
    "webapi_port": null,
    "webapi_url": "https://mriqc.nimh.nih.gov/api/v1"
  },
  "qi_1": 6.705510485355165e-05,
  "qi_2": 0.004395725468003421,
  "rpve_csf": 29.24045562648642,
  "rpve_gm": 13.662227238814088,
  "rpve_wm": 18.050238977137518,
  "size_x": 176,
  "size_y": 240,
  "size_z": 256,
  "snr_csf": 1.5407918830761764,
  "snr_gm": 7.231768009339125,
  "snr_total": 7.142448196366558,
  "snr_wm": 12.65478469668437,
  "snrd_csf": 14.273231743318869,
  "snrd_gm": 28.075762053625166,
  "snrd_total": 28.59536547145053,
  "snrd_wm": 43.437102617407554,
  "spacing_x": 1.0,
  "spacing_y": 1.0,
  "spacing_z": 1.0,
  "summary_bg_k": 1096.1668648593984,
  "summary_bg_mad": 15.082037789552377,
  "summary_bg_mean": 48.67206954956055,
  "summary_bg_median": 47.092987060546875,
  "summary_bg_n": 2687736.0,
  "summary_bg_p05": 25.420289993286133,
  "summary_bg_p95": 76.77305603027344,
  "summary_bg_stdv": 18.74337387084961,
  "summary_csf_k": 21.33381195551451,
  "summary_csf_mad": 99.45538016253471,
  "summary_csf_mean": 368.9352722167969,
  "summary_csf_median": 328.5871887207031,
  "summary_csf_n": 16307.0,
  "summary_csf_p05": 189.4347412109375,
  "summary_csf_p95": 615.3671142578122,
  "summary_csf_stdv": 213.25210571289062,
  "summary_gm_k": -0.22026780661832435,
  "summary_gm_mad": 93.22368197659125,
  "summary_gm_mean": 650.2846069335938,
  "summary_gm_median": 646.3382568359375,
  "summary_gm_n": 13759.0,
  "summary_gm_p05": 511.3169219970703,
  "summary_gm_p95": 802.1313537597656,
  "summary_gm_stdv": 89.37161254882812,
  "summary_wm_k": 0.05354578775454977,
  "summary_wm_mad": 78.01470248021225,
  "summary_wm_mean": 1001.9923095703125,
  "summary_wm_median": 999.9750366210938,
  "summary_wm_n": 186443.0,
  "summary_wm_p05": 875.3363891601562,
  "summary_wm_p95": 1136.7204711914062,
  "summary_wm_stdv": 79.0193099975586,
  "tpm_overlap_csf": 0.15246646106243134,
  "tpm_overlap_gm": 0.40412479639053345,
  "tpm_overlap_wm": 0.4885317087173462,
  "wm2max": 0.5860297290254814
}