{
  "bids_meta": {
    "AcquisitionNumber": 1,
    "DeviceSerialNumber": "35442  ",
    "EchoNumber": 1,
    "EchoTime": 0.00298,
    "FlipAngle": 9,
    "ImageOrientationPatientDICOM": [
      "0.05685369081453",
      "0.99289966274289",
      "0.10448883943189",
      "0.03361131128452",
      "0.10269528437237",
      "-0.9941448376979  "
    ],
    "ImageType": [
      "ORIGINAL",
      "PRIMARY",
      "M",
      "ND",
      "NORM "
    ],
    "ImagingFrequency": 123.251469,
    "InPlanePhaseEncodingDirectionDICOM": "ROW  ",
    "IntendedFor": [
      "ses-NAPFU24/func/sub-1443924_ses-NAPFU24_task-rest_run-002_bold.nii.gz",
      "ses-NAPFU24/dwi/sub-1443924_ses-NAPFU24_run-001_dwi.nii.gz",
      "ses-NAPFU24/fmap/sub-1443924_ses-NAPFU24_run-003_phasediff.nii.gz",
      "ses-NAPFU24/fmap/sub-1443924_ses-NAPFU24_run-002_phasediff.nii.gz",
      "ses-NAPFU24/anat/sub-1443924_ses-NAPFU24_run-001_T2star.nii.gz",
      "ses-NAPFU24/asl/sub-1443924_ses-NAPFU24_run-001_asl.nii.gz",
      "ses-NAPFU24/func/sub-1443924_ses-NAPFU24_task-encoding_run-001_bold.nii.gz",
      "ses-NAPFU24/func/sub-1443924_ses-NAPFU24_task-rest_run-001_bold.nii.gz",
      "ses-NAPFU24/fmap/sub-1443924_ses-NAPFU24_run-001_phasediff.nii.gz",
      "ses-NAPFU24/anat/sub-1443924_ses-NAPFU24_run-001_T1w.nii.gz",
      "ses-NAPFU24/anat/sub-1443924_ses-NAPFU24_run-001_FLAIR.nii.gz",
      "ses-NAPFU24/fmap/sub-1443924_ses-NAPFU24_run-005_phasediff.nii.gz",
      "ses-NAPFU24/func/sub-1443924_ses-NAPFU24_task-retrieval_run-001_bold.nii.gz",
      "ses-NAPFU24/fmap/sub-1443924_ses-NAPFU24_run-004_phasediff.nii.gz"
    ],
    "InversionTime": 0.9,
    "MRAcquisitionType": "3D ",
    "MagneticFieldStrength": 3,
    "Manufacturer": "SIEMENS  ",
    "ManufacturerModelName": "TrioTim  ",
    "Modality": "MRI__ ",
    "PatientPosition": "HFS  ",
    "PercentPhaseFOV": 93.75,
    "PhaseEncodingSteps": 239,
    "PixelBandwidth": 238,
    "ProtocolName": "MPRAGE ADNI_iPAT2  ",
    "PulseSequenceType": "*tfl3d1_ns ",
    "ReceiveCoilName": "HeadMatrixix\\\\ ",
    "RepetitionTime": 2.3,
    "SAR": 0.07463111082674,
    "ScanningSequence": "GR\\\\IR  ",
    "SequenceName": "*tfl3d1_ns ",
    "SequenceVariant": "SP\\\\MP  ",
    "SeriesDescription": "MPRAGE ADNI_iPAT2  ",
    "SeriesNumber": 17,
    "SliceOrder": "interleaved ",
    "SliceThickness": 1,
    "SliceTiming": null,
    "SoftwareVersions": "syngo MR B17 ",
    "dataset": "<unset>",
    "modality": "T1w",
    "run_id": 2,
    "session_id": "NAPFU24",
    "subject_id": "1443924"
  },
  "cjv": 0.3944129434112164,
  "cnr": 3.4022195352987015,
  "efc": 0.6141496948516691,
  "fber": 107.2351303100586,
  "fwhm_avg": 3.3552866666666668,
  "fwhm_x": 3.38662,
  "fwhm_y": 3.48745,
  "fwhm_z": 3.19179,
  "icvs_csf": 0.21627717302412167,
  "icvs_gm": 0.41488058231062086,
  "icvs_wm": 0.3688422446652575,
  "inu_med": 1.2247124910354614,
  "inu_range": 0.42744891643524174,
  "provenance": {
    "md5sum": "963f33bbe5e0ea0c1d7dfcaf52f676fb",
    "settings": {
      "testing": false
    },
    "software": "mriqc",
    "version": "0.16.1",
    "warnings": {
      "large_rot_frame": true,
      "small_air_mask": false
    },
    "webapi_port": null,
    "webapi_url": "https://mriqc.nimh.nih.gov/api/v1"
  },
  "qi_1": 9.26623504812399e-05,
  "qi_2": 0.004764275633795635,
  "rpve_csf": 24.636404956590805,
  "rpve_gm": 13.132434526882264,
  "rpve_wm": 17.572720473800402,
  "size_x": 176,
  "size_y": 240,
  "size_z": 256,
  "snr_csf": 2.630733997554886,
  "snr_gm": 9.123103001787873,
  "snr_total": 9.936006517369128,
  "snr_wm": 18.05418255276462,
  "snrd_csf": 11.900511718750574,
  "snrd_gm": 23.78534992225177,
  "snrd_total": 23.595412097315734,
  "snrd_wm": 35.100374650944865,
  "spacing_x": 1.0,
  "spacing_y": 1.0,
  "spacing_z": 1.0,
  "summary_bg_k": 466.9775301551408,
  "summary_bg_mad": 18.664616105698983,
  "summary_bg_mean": 62.84964370727539,
  "summary_bg_median": 61.4097785949707,
  "summary_bg_n": 2762300.0,
  "summary_bg_p05": 34.15698986053467,
  "summary_bg_p95": 96.33922538757321,
  "summary_bg_stdv": 19.82509994506836,
  "summary_csf_k": -0.43924819605849796,
  "summary_csf_mad": 146.1308588467632,
  "summary_csf_mean": 353.19073486328125,
  "summary_csf_median": 339.0415954589844,
  "summary_csf_n": 19894.0,
  "summary_csf_p05": 168.1651725769043,
  "summary_csf_p95": 571.9704833984374,
  "summary_csf_stdv": 128.8739471435547,
  "summary_gm_k": -0.006987063092673829,
  "summary_gm_mad": 73.78914137209838,
  "summary_gm_mean": 675.7443237304688,
  "summary_gm_median": 677.6366577148438,
  "summary_gm_n": 14401.0,
  "summary_gm_p05": 551.0823974609375,
  "summary_gm_p95": 795.2327880859375,
  "summary_gm_stdv": 74.2744140625,
  "summary_wm_k": 0.31706838278021365,
  "summary_wm_mad": 53.35431482257617,
  "summary_wm_mean": 999.264404296875,
  "summary_wm_median": 999.9979248046875,
  "summary_wm_n": 187983.0,
  "summary_wm_p05": 907.409600830078,
  "summary_wm_p95": 1088.7331420898438,
  "summary_wm_stdv": 55.38856506347656,
  "tpm_overlap_csf": 0.16619177162647247,
  "tpm_overlap_gm": 0.4391993284225464,
  "tpm_overlap_wm": 0.4923515319824219,
  "wm2max": 0.49044737735596805
}