{
  "bids_meta": {
    "AcquisitionNumber": 1,
    "DeviceSerialNumber": "35442  ",
    "EchoNumber": 1,
    "EchoTime": 0.00298,
    "FlipAngle": 9,
    "ImageOrientationPatientDICOM": [
      "0.01205847758402",
      "0.99992723299401",
      "-0.0003490491265",
      "-0.001961082326",
      "-0.0003254244497",
      "-0.9999980241256 "
    ],
    "ImageType": [
      "ORIGINAL",
      "PRIMARY",
      "M",
      "ND",
      "NORM "
    ],
    "ImagingFrequency": 123.24719,
    "InPlanePhaseEncodingDirectionDICOM": "ROW  ",
    "IntendedFor": [
      "ses-NAPEN00/dwi/sub-8477651_ses-NAPEN00_run-001_dwi.nii.gz",
      "ses-NAPEN00/fmap/sub-8477651_ses-NAPEN00_run-001_phasediff.nii.gz",
      "ses-NAPEN00/anat/sub-8477651_ses-NAPEN00_run-001_FLAIR.nii.gz",
      "ses-NAPEN00/fmap/sub-8477651_ses-NAPEN00_run-002_phasediff.nii.gz"
    ],
    "InversionTime": 0.9,
    "MRAcquisitionType": "3D ",
    "MagneticFieldStrength": 3,
    "Manufacturer": "SIEMENS  ",
    "ManufacturerModelName": "TrioTim  ",
    "Modality": "MRI__ ",
    "PatientPosition": "HFS  ",
    "PercentPhaseFOV": 93.75,
    "PhaseEncodingSteps": 239,
    "PixelBandwidth": 238,
    "ProtocolName": "MPRAGE ADNI_iPAT2  ",
    "PulseSequenceType": "*tfl3d1_ns ",
    "ReceiveCoilName": "HeadMatrixix\\\\ ",
    "RepetitionTime": 2.3,
    "SAR": 0.09227604266565,
    "ScanningSequence": "GR\\\\IR  ",
    "SequenceName": "*tfl3d1_ns ",
    "SequenceVariant": "SP\\\\MP  ",
    "SeriesDescription": "MPRAGE ADNI_iPAT2  ",
    "SeriesNumber": 4,
    "SliceOrder": "interleaved ",
    "SliceThickness": 1,
    "SliceTiming": null,
    "SoftwareVersions": "syngo MR B17 ",
    "dataset": "<unset>",
    "modality": "T1w",
    "run_id": 1,
    "session_id": "NAPEN00",
    "subject_id": "8477651"
  },
  "cjv": 0.42977602753521804,
  "cnr": 3.096114836662895,
  "efc": 0.6359949962599537,
  "fber": 118.49431610107422,
  "fwhm_avg": 3.022296666666667,
  "fwhm_x": 3.12866,
  "fwhm_y": 3.02872,
  "fwhm_z": 2.90951,
  "icvs_csf": 0.20542443439174202,
  "icvs_gm": 0.41290897377455527,
  "icvs_wm": 0.3816665918337027,
  "inu_med": 1.3089370727539062,
  "inu_range": 0.494667512178421,
  "provenance": {
    "md5sum": "7447f69470b2bf9d6e4b0ecfe278c3d7",
    "settings": {
      "testing": false
    },
    "software": "mriqc",
    "version": "0.16.1",
    "warnings": {
      "large_rot_frame": false,
      "small_air_mask": false
    },
    "webapi_port": null,
    "webapi_url": "https://mriqc.nimh.nih.gov/api/v1"
  },
  "qi_1": 0.0,
  "qi_2": 0.005524382813793204,
  "rpve_csf": 23.93497337935094,
  "rpve_gm": 12.060106028832958,
  "rpve_wm": 15.314711548210484,
  "size_x": 176,
  "size_y": 240,
  "size_z": 256,
  "snr_csf": 1.0542555984768063,
  "snr_gm": 8.695213040794204,
  "snr_total": 8.180545060686667,
  "snr_wm": 14.792166542788989,
  "snrd_csf": 10.78645513898399,
  "snrd_gm": 24.081522681884003,
  "snrd_total": 23.511708986148253,
  "snrd_wm": 35.66714913757677,
  "spacing_x": 1.0,
  "spacing_y": 1.0,
  "spacing_z": 1.0,
  "summary_bg_k": 575.7801736151936,
  "summary_bg_mad": 18.36806342462968,
  "summary_bg_mean": 61.38216018676758,
  "summary_bg_median": 59.83448028564453,
  "summary_bg_n": 2696778.0,
  "summary_bg_p05": 32.93981094360352,
  "summary_bg_p95": 94.34934463500976,
  "summary_bg_stdv": 20.200532913208008,
  "summary_csf_k": 14.343882980878465,
  "summary_csf_mad": 92.2189393568023,
  "summary_csf_mean": 371.3055725097656,
  "summary_csf_median": 302.419921875,
  "summary_csf_n": 24459.0,
  "summary_csf_p05": 178.71216583251953,
  "summary_csf_p95": 733.2140502929623,
  "summary_csf_stdv": 286.8504943847656,
  "summary_gm_k": 0.14509349599445898,
  "summary_gm_mad": 75.14098430070283,
  "summary_gm_mean": 673.6296997070312,
  "summary_gm_median": 675.173828125,
  "summary_gm_n": 9654.0,
  "summary_gm_p05": 543.0131896972656,
  "summary_gm_p95": 800.1603942871093,
  "summary_gm_stdv": 77.64488983154297,
  "summary_wm_k": 0.4943944279588903,
  "summary_wm_mad": 64.46156995010062,
  "summary_wm_mean": 1001.5890502929688,
  "summary_wm_median": 1000.0001220703125,
  "summary_wm_n": 198978.0,
  "summary_wm_p05": 893.6287658691406,
  "summary_wm_p95": 1115.1717041015625,
  "summary_wm_stdv": 67.60318756103516,
  "tpm_overlap_csf": 0.13914963603019714,
  "tpm_overlap_gm": 0.3915352523326874,
  "tpm_overlap_wm": 0.4713301360607147,
  "wm2max": 0.5265210041119834
}