{
  "bids_meta": {
    "AcquisitionNumber": 1,
    "DeviceSerialNumber": "35442  ",
    "EchoNumber": 1,
    "EchoTime": 0.00298,
    "FlipAngle": 9,
    "ImageOrientationPatientDICOM": [
      "-0.0437944839915",
      "0.99407474223367",
      "0.09948592877884",
      "-0.0063262252246",
      "0.09930353316503",
      "-0.9950370782917  "
    ],
    "ImageType": [
      "ORIGINAL",
      "PRIMARY",
      "M",
      "ND",
      "NORM "
    ],
    "ImagingFrequency": 123.251395,
    "InPlanePhaseEncodingDirectionDICOM": "ROW  ",
    "IntendedFor": [
      "ses-NAPFU36/fmap/sub-4605660_ses-NAPFU36_run-002_phasediff.nii.gz",
      "ses-NAPFU36/anat/sub-4605660_ses-NAPFU36_run-001_FLAIR.nii.gz",
      "ses-NAPFU36/fmap/sub-4605660_ses-NAPFU36_run-001_phasediff.nii.gz",
      "ses-NAPFU36/dwi/sub-4605660_ses-NAPFU36_run-001_dwi.nii.gz",
      "ses-NAPFU36/func/sub-4605660_ses-NAPFU36_task-rest_run-001_bold.nii.gz",
      "ses-NAPFU36/func/sub-4605660_ses-NAPFU36_task-rest_run-002_bold.nii.gz",
      "ses-NAPFU36/anat/sub-4605660_ses-NAPFU36_run-001_T2star.nii.gz",
      "ses-NAPFU36/asl/sub-4605660_ses-NAPFU36_run-001_asl.nii.gz",
      "ses-NAPFU36/fmap/sub-4605660_ses-NAPFU36_run-004_phasediff.nii.gz",
      "ses-NAPFU36/fmap/sub-4605660_ses-NAPFU36_run-003_phasediff.nii.gz"
    ],
    "InversionTime": 0.9,
    "MRAcquisitionType": "3D ",
    "MagneticFieldStrength": 3,
    "Manufacturer": "SIEMENS  ",
    "ManufacturerModelName": "TrioTim  ",
    "Modality": "MRI__ ",
    "PatientPosition": "HFS  ",
    "PercentPhaseFOV": 93.75,
    "PhaseEncodingSteps": 239,
    "PixelBandwidth": 238,
    "ProtocolName": "MPRAGE ADNI_iPAT2  ",
    "PulseSequenceType": "*tfl3d1_ns ",
    "ReceiveCoilName": "HeadMatrixix\\\\ ",
    "RepetitionTime": 2.3,
    "SAR": 0.07412568062103,
    "ScanningSequence": "GR\\\\IR  ",
    "SequenceName": "*tfl3d1_ns ",
    "SequenceVariant": "SP\\\\MP  ",
    "SeriesDescription": "MPRAGE ADNI_iPAT2  ",
    "SeriesNumber": 5,
    "SliceOrder": "interleaved ",
    "SliceThickness": 1,
    "SliceTiming": null,
    "SoftwareVersions": "syngo MR B17 ",
    "dataset": "<unset>",
    "modality": "T1w",
    "run_id": 1,
    "session_id": "NAPFU36",
    "subject_id": "4605660"
  },
  "cjv": 0.40433803602369534,
  "cnr": 3.312801319168808,
  "efc": 0.6054770169423099,
  "fber": 107.9990234375,
  "fwhm_avg": 3.3485366666666665,
  "fwhm_x": 3.4253,
  "fwhm_y": 3.4853,
  "fwhm_z": 3.13501,
  "icvs_csf": 0.19408292884727998,
  "icvs_gm": 0.4047972927530835,
  "icvs_wm": 0.4011197783996365,
  "inu_med": 1.2681877613067627,
  "inu_range": 0.4031965732574463,
  "provenance": {
    "md5sum": "705598eb4eecac5733400ed88ec453b7",
    "settings": {
      "testing": false
    },
    "software": "mriqc",
    "version": "0.16.1",
    "warnings": {
      "large_rot_frame": true,
      "small_air_mask": false
    },
    "webapi_port": null,
    "webapi_url": "https://mriqc.nimh.nih.gov/api/v1"
  },
  "qi_1": 0.0,
  "qi_2": 0.0048483602661539655,
  "rpve_csf": 28.353020403636,
  "rpve_gm": 14.27326460131775,
  "rpve_wm": 17.765013836037173,
  "size_x": 176,
  "size_y": 240,
  "size_z": 256,
  "snr_csf": 2.8093927616686143,
  "snr_gm": 8.675541359370008,
  "snr_total": 10.141460449213959,
  "snr_wm": 18.939447226603253,
  "snrd_csf": 11.901462592169016,
  "snrd_gm": 24.15046706393091,
  "snrd_total": 23.844887767029874,
  "snrd_wm": 35.48273364498969,
  "spacing_x": 1.0,
  "spacing_y": 1.0,
  "spacing_z": 1.0,
  "summary_bg_k": 0.3858058081208964,
  "summary_bg_mad": 18.463644393458814,
  "summary_bg_mean": 61.23939895629883,
  "summary_bg_median": 59.8177375793457,
  "summary_bg_n": 2660272.0,
  "summary_bg_p05": 32.99385643005371,
  "summary_bg_p95": 94.19346961975094,
  "summary_bg_stdv": 18.75647735595703,
  "summary_csf_k": -0.611135157711677,
  "summary_csf_mad": 146.1767603345157,
  "summary_csf_mean": 341.65740966796875,
  "summary_csf_median": 335.4177551269531,
  "summary_csf_n": 10775.0,
  "summary_csf_p05": 169.14026641845703,
  "summary_csf_p95": 531.3649047851561,
  "summary_csf_stdv": 119.3860092163086,
  "summary_gm_k": -0.10739676964275802,
  "summary_gm_mad": 78.19247177087718,
  "summary_gm_mean": 680.521728515625,
  "summary_gm_median": 680.6302490234375,
  "summary_gm_n": 14544.0,
  "summary_gm_p05": 549.6102661132812,
  "summary_gm_p95": 811.8707550048828,
  "summary_gm_stdv": 78.45122528076172,
  "summary_wm_k": 0.2808045783993811,
  "summary_wm_mad": 50.943457382059435,
  "summary_wm_mean": 999.6602172851562,
  "summary_wm_median": 1000.0064086914062,
  "summary_wm_n": 209966.0,
  "summary_wm_p05": 912.1750030517578,
  "summary_wm_p95": 1085.75146484375,
  "summary_wm_stdv": 52.80006408691406,
  "tpm_overlap_csf": 0.17738811671733856,
  "tpm_overlap_gm": 0.43649908900260925,
  "tpm_overlap_wm": 0.5045866966247559,
  "wm2max": 0.5066512302727496
}