{
  "bids_meta": {
    "AcquisitionNumber": 1,
    "DeviceSerialNumber": "35442  ",
    "EchoNumber": 1,
    "EchoTime": 0.00298,
    "FlipAngle": 9,
    "ImageOrientationPatientDICOM": [
      "-0.0468216598015",
      "0.99871861224665",
      "0.01920587737025",
      "0.08037605137515",
      "0.02293139627957",
      "-0.9965007985095  "
    ],
    "ImageType": [
      "ORIGINAL",
      "PRIMARY",
      "M",
      "ND",
      "NORM "
    ],
    "ImagingFrequency": 123.247137,
    "InPlanePhaseEncodingDirectionDICOM": "ROW  ",
    "IntendedFor": [
      "ses-NAPFU24/anat/sub-5774407_ses-NAPFU24_run-001_FLAIR.nii.gz",
      "ses-NAPFU24/fmap/sub-5774407_ses-NAPFU24_run-004_phasediff.nii.gz",
      "ses-NAPFU24/dwi/sub-5774407_ses-NAPFU24_run-001_dwi.nii.gz",
      "ses-NAPFU24/fmap/sub-5774407_ses-NAPFU24_run-005_phasediff.nii.gz"
    ],
    "InversionTime": 0.9,
    "MRAcquisitionType": "3D ",
    "MagneticFieldStrength": 3,
    "Manufacturer": "SIEMENS  ",
    "ManufacturerModelName": "TrioTim  ",
    "Modality": "MRI__ ",
    "PatientPosition": "HFS  ",
    "PercentPhaseFOV": 93.75,
    "PhaseEncodingSteps": 239,
    "PixelBandwidth": 238,
    "ProtocolName": "MPRAGE ADNI_iPAT2  ",
    "PulseSequenceType": "*tfl3d1_ns ",
    "ReceiveCoilName": "HeadMatrixix\\\\ ",
    "RepetitionTime": 2.3,
    "SAR": 0.09128524890419,
    "ScanningSequence": "GR\\\\IR  ",
    "SequenceName": "*tfl3d1_ns ",
    "SequenceVariant": "SP\\\\MP  ",
    "SeriesDescription": "MPRAGE ADNI_iPAT2  ",
    "SeriesNumber": 20,
    "SliceOrder": "interleaved ",
    "SliceThickness": 1,
    "SliceTiming": null,
    "SoftwareVersions": "syngo MR B17 ",
    "dataset": "<unset>",
    "modality": "T1w",
    "run_id": 2,
    "session_id": "NAPFU24",
    "subject_id": "5774407"
  },
  "cjv": 0.43261843865188904,
  "cnr": 3.112226324926151,
  "efc": 0.6336664673910166,
  "fber": 114.9022445678711,
  "fwhm_avg": 2.8317633333333334,
  "fwhm_x": 2.91854,
  "fwhm_y": 2.83979,
  "fwhm_z": 2.73696,
  "icvs_csf": 0.20967964475838255,
  "icvs_gm": 0.4249498543900651,
  "icvs_wm": 0.36537050085155237,
  "inu_med": 1.264347791671753,
  "inu_range": 0.3540232121944429,
  "provenance": {
    "md5sum": "f9ad2f36b195a666ab7c77788eda6c6f",
    "settings": {
      "testing": false
    },
    "software": "mriqc",
    "version": "0.16.1",
    "warnings": {
      "large_rot_frame": true,
      "small_air_mask": false
    },
    "webapi_port": null,
    "webapi_url": "https://mriqc.nimh.nih.gov/api/v1"
  },
  "qi_1": 0.0,
  "qi_2": 0.004197083632736804,
  "rpve_csf": 24.952288023566748,
  "rpve_gm": 12.547746642827969,
  "rpve_wm": 16.68707404700064,
  "size_x": 176,
  "size_y": 240,
  "size_z": 256,
  "snr_csf": 1.0995224328732653,
  "snr_gm": 8.756439525441483,
  "snr_total": 8.304508345757183,
  "snr_wm": 15.0575630789568,
  "snrd_csf": 12.220695478848572,
  "snrd_gm": 23.680842149687045,
  "snrd_total": 23.626021397489456,
  "snrd_wm": 34.97652656393275,
  "spacing_x": 1.0,
  "spacing_y": 1.0,
  "spacing_z": 1.0,
  "summary_bg_k": 19.229108181158665,
  "summary_bg_mad": 18.730550007155202,
  "summary_bg_mean": 62.52006912231445,
  "summary_bg_median": 60.97216033935547,
  "summary_bg_n": 2968907.0,
  "summary_bg_p05": 33.70877647399902,
  "summary_bg_p95": 96.36415939331054,
  "summary_bg_stdv": 19.47858238220215,
  "summary_csf_k": 10.758449341057073,
  "summary_csf_mad": 117.20149709185748,
  "summary_csf_mean": 430.83807373046875,
  "summary_csf_median": 349.3934326171875,
  "summary_csf_n": 24513.0,
  "summary_csf_p05": 200.45301208496093,
  "summary_csf_p95": 1267.1890136718712,
  "summary_csf_stdv": 317.7618713378906,
  "summary_gm_k": 0.05648633878690612,
  "summary_gm_mad": 76.16751259457048,
  "summary_gm_mean": 675.4807739257812,
  "summary_gm_median": 677.0425415039062,
  "summary_gm_n": 12519.0,
  "summary_gm_p05": 545.1099914550781,
  "summary_gm_p95": 802.2171203613278,
  "summary_gm_stdv": 77.31629943847656,
  "summary_wm_k": 0.3668325517941411,
  "summary_wm_mad": 63.54535001221189,
  "summary_wm_mean": 1001.9119262695312,
  "summary_wm_median": 999.9896240234375,
  "summary_wm_n": 172156.0,
  "summary_wm_p05": 896.1715240478516,
  "summary_wm_p95": 1114.5104064941406,
  "summary_wm_stdv": 66.41092681884766,
  "tpm_overlap_csf": 0.13915103673934937,
  "tpm_overlap_gm": 0.3843296468257904,
  "tpm_overlap_wm": 0.45859280228614807,
  "wm2max": 0.5279525760074444
}