{
  "bids_meta": {
    "AcquisitionNumber": 1,
    "DeviceSerialNumber": "35442  ",
    "EchoNumber": 1,
    "EchoTime": 0.00298,
    "FlipAngle": 9,
    "ImageOrientationPatientDICOM": [
      "-0.043689765841",
      "0.99904508535227",
      "-0.0003489903058",
      "-0.0207901620436",
      "-0.0012584336072",
      "-0.9997830692241 "
    ],
    "ImageType": [
      "ORIGINAL",
      "PRIMARY",
      "M",
      "ND",
      "NORM "
    ],
    "ImagingFrequency": 123.247448,
    "InPlanePhaseEncodingDirectionDICOM": "ROW  ",
    "IntendedFor": [
      "ses-NAPBL00/func/sub-7750196_ses-NAPBL00_task-encoding_run-001_bold.nii.gz",
      "ses-NAPBL00/fmap/sub-7750196_ses-NAPBL00_run-003_phasediff.nii.gz",
      "ses-NAPBL00/anat/sub-7750196_ses-NAPBL00_run-001_T2star.nii.gz",
      "ses-NAPBL00/fmap/sub-7750196_ses-NAPBL00_run-002_phasediff.nii.gz",
      "ses-NAPBL00/asl/sub-7750196_ses-NAPBL00_run-001_asl.nii.gz",
      "ses-NAPBL00/func/sub-7750196_ses-NAPBL00_task-retrieval_run-001_bold.nii.gz",
      "ses-NAPBL00/func/sub-7750196_ses-NAPBL00_task-rest_run-002_bold.nii.gz",
      "ses-NAPBL00/fmap/sub-7750196_ses-NAPBL00_run-001_phasediff.nii.gz",
      "ses-NAPBL00/func/sub-7750196_ses-NAPBL00_task-rest_run-001_bold.nii.gz"
    ],
    "InversionTime": 0.9,
    "MRAcquisitionType": "3D ",
    "MagneticFieldStrength": 3,
    "Manufacturer": "SIEMENS  ",
    "ManufacturerModelName": "TrioTim  ",
    "Modality": "MRI__ ",
    "PatientPosition": "HFS  ",
    "PercentPhaseFOV": 93.75,
    "PhaseEncodingSteps": 239,
    "PixelBandwidth": 238,
    "ProtocolName": "MPRAGE ADNI_iPAT2  ",
    "PulseSequenceType": "*tfl3d1_ns ",
    "ReceiveCoilName": "HeadMatrixix\\\\ ",
    "RepetitionTime": 2.3,
    "SAR": 0.09746530040792,
    "ScanningSequence": "GR\\\\IR  ",
    "SequenceName": "*tfl3d1_ns ",
    "SequenceVariant": "SP\\\\MP  ",
    "SeriesDescription": "MPRAGE ADNI_iPAT2  ",
    "SeriesNumber": 12,
    "SliceOrder": "interleaved ",
    "SliceThickness": 1,
    "SliceTiming": null,
    "SoftwareVersions": "syngo MR B17 ",
    "dataset": "<unset>",
    "modality": "T1w",
    "run_id": 1,
    "session_id": "NAPBL00",
    "subject_id": "7750196"
  },
  "cjv": 0.5135758655997487,
  "cnr": 2.58554074372371,
  "efc": 0.5789900987240265,
  "fber": 117.05740356445312,
  "fwhm_avg": 2.9568600000000003,
  "fwhm_x": 3.03418,
  "fwhm_y": 3.08726,
  "fwhm_z": 2.74914,
  "icvs_csf": 0.21926049426399322,
  "icvs_gm": 0.42589900560642524,
  "icvs_wm": 0.3548405001295815,
  "inu_med": 1.5253286361694336,
  "inu_range": 0.5433224499225617,
  "provenance": {
    "md5sum": "bedba0c29cae3ff29540262a12f5153a",
    "settings": {
      "testing": false
    },
    "software": "mriqc",
    "version": "0.16.1",
    "warnings": {
      "large_rot_frame": true,
      "small_air_mask": false
    },
    "webapi_port": null,
    "webapi_url": "https://mriqc.nimh.nih.gov/api/v1"
  },
  "qi_1": 0.0,
  "qi_2": 0.004975311015870905,
  "rpve_csf": 31.799832693865245,
  "rpve_gm": 16.17299258257427,
  "rpve_wm": 21.682829253326442,
  "size_x": 176,
  "size_y": 240,
  "size_z": 256,
  "snr_csf": 2.987893130808978,
  "snr_gm": 10.065760622946316,
  "snr_total": 9.004258782485344,
  "snr_wm": 13.959122593700739,
  "snrd_csf": 10.5137090573021,
  "snrd_gm": 23.598843654014864,
  "snrd_total": 22.17176729212287,
  "snrd_wm": 32.402749165051645,
  "spacing_x": 1.0,
  "spacing_y": 1.0,
  "spacing_z": 1.0,
  "summary_bg_k": 1948.1433878681821,
  "summary_bg_mad": 20.21862692257362,
  "summary_bg_mean": 61.68153762817383,
  "summary_bg_median": 59.65629577636719,
  "summary_bg_n": 2937471.0,
  "summary_bg_p05": 30.309330940246582,
  "summary_bg_p95": 97.14089965820312,
  "summary_bg_stdv": 26.008867263793945,
  "summary_csf_k": 0.3874063217188852,
  "summary_csf_mad": 97.42157550485233,
  "summary_csf_mean": 345.77294921875,
  "summary_csf_median": 324.47100830078125,
  "summary_csf_n": 13822.0,
  "summary_csf_p05": 201.5572799682617,
  "summary_csf_p95": 557.9787475585936,
  "summary_csf_stdv": 108.59132385253906,
  "summary_gm_k": 0.22771678972618625,
  "summary_gm_mad": 69.18817893930981,
  "summary_gm_mean": 729.6768798828125,
  "summary_gm_median": 728.3005981445312,
  "summary_gm_n": 9604.0,
  "summary_gm_p05": 611.5859436035156,
  "summary_gm_p95": 850.1194274902344,
  "summary_gm_stdv": 72.3504867553711,
  "summary_wm_k": 0.12008793835269138,
  "summary_wm_mad": 70.35220809200432,
  "summary_wm_mean": 998.9718017578125,
  "summary_wm_median": 1000.004150390625,
  "summary_wm_n": 120768.0,
  "summary_wm_p05": 878.7282287597657,
  "summary_wm_p95": 1114.1955444335938,
  "summary_wm_stdv": 71.63774108886719,
  "tpm_overlap_csf": 0.14881891012191772,
  "tpm_overlap_gm": 0.39968034625053406,
  "tpm_overlap_wm": 0.45263028144836426,
  "wm2max": 0.428924592270994
}