{
  "bids_meta": {
    "AcquisitionNumber": 1,
    "DeviceSerialNumber": "35442  ",
    "EchoNumber": 1,
    "EchoTime": 0.00298,
    "FlipAngle": 9,
    "ImageOrientationPatientDICOM": [
      "-0.0342591925305",
      "0.99611702010734",
      "0.08109987656982",
      "-0.0400459105134",
      "0.07971412270251",
      "-0.9960130439371  "
    ],
    "ImageType": [
      "ORIGINAL",
      "PRIMARY",
      "M",
      "ND",
      "NORM "
    ],
    "ImagingFrequency": 123.247174,
    "InPlanePhaseEncodingDirectionDICOM": "ROW  ",
    "IntendedFor": [
      "ses-PREFU36/dwi/sub-8478383_ses-PREFU36_run-001_dwi.nii.gz",
      "ses-PREFU36/func/sub-8478383_ses-PREFU36_task-rest_run-001_bold.nii.gz",
      "ses-PREFU36/fmap/sub-8478383_ses-PREFU36_run-001_phasediff.nii.gz",
      "ses-PREFU36/fmap/sub-8478383_ses-PREFU36_run-002_phasediff.nii.gz",
      "ses-PREFU36/anat/sub-8478383_ses-PREFU36_run-001_T2star.nii.gz",
      "ses-PREFU36/func/sub-8478383_ses-PREFU36_task-rest_run-002_bold.nii.gz",
      "ses-PREFU36/fmap/sub-8478383_ses-PREFU36_run-003_phasediff.nii.gz",
      "ses-PREFU36/anat/sub-8478383_ses-PREFU36_run-001_FLAIR.nii.gz",
      "ses-PREFU36/fmap/sub-8478383_ses-PREFU36_run-004_phasediff.nii.gz"
    ],
    "InversionTime": 0.9,
    "MRAcquisitionType": "3D ",
    "MagneticFieldStrength": 3,
    "Manufacturer": "SIEMENS  ",
    "ManufacturerModelName": "TrioTim  ",
    "Modality": "MRI__ ",
    "PatientPosition": "HFS  ",
    "PercentPhaseFOV": 93.75,
    "PhaseEncodingSteps": 239,
    "PixelBandwidth": 238,
    "ProtocolName": "MPRAGE ADNI_iPAT2  ",
    "PulseSequenceType": "*tfl3d1_ns ",
    "ReceiveCoilName": "HeadMatrixix\\\\ ",
    "RepetitionTime": 2.3,
    "SAR": 0.08260901030802,
    "ScanningSequence": "GR\\\\IR  ",
    "SequenceName": "*tfl3d1_ns ",
    "SequenceVariant": "SP\\\\MP  ",
    "SeriesDescription": "MPRAGE ADNI_iPAT2  ",
    "SeriesNumber": 4,
    "SliceOrder": "interleaved ",
    "SliceThickness": 1,
    "SliceTiming": null,
    "SoftwareVersions": "syngo MR B17 ",
    "dataset": "<unset>",
    "modality": "T1w",
    "run_id": 1,
    "session_id": "PREFU36",
    "subject_id": "8478383"
  },
  "cjv": 0.4134021005460293,
  "cnr": 3.2520843455327006,
  "efc": 0.6437865536308636,
  "fber": 95.91586303710938,
  "fwhm_avg": 2.92239,
  "fwhm_x": 2.97808,
  "fwhm_y": 3.00805,
  "fwhm_z": 2.78104,
  "icvs_csf": 0.19971817433766179,
  "icvs_gm": 0.4169644505140783,
  "icvs_wm": 0.3833173751482599,
  "inu_med": 1.2712550163269043,
  "inu_range": 0.425828218460083,
  "provenance": {
    "md5sum": "521f272889e89d883d219524d3ab10dd",
    "settings": {
      "testing": false
    },
    "software": "mriqc",
    "version": "0.16.1",
    "warnings": {
      "large_rot_frame": true,
      "small_air_mask": false
    },
    "webapi_port": null,
    "webapi_url": "https://mriqc.nimh.nih.gov/api/v1"
  },
  "qi_1": 0.0,
  "qi_2": 0.004488148204013784,
  "rpve_csf": 25.74882747932645,
  "rpve_gm": 12.76556283298011,
  "rpve_wm": 16.642715691367695,
  "size_x": 176,
  "size_y": 240,
  "size_z": 256,
  "snr_csf": 1.0999794284428626,
  "snr_gm": 8.621718023223536,
  "snr_total": 8.531526001795358,
  "snr_wm": 15.872880553719673,
  "snrd_csf": 11.766609773696679,
  "snrd_gm": 21.833284784557467,
  "snrd_total": 22.09884957514973,
  "snrd_wm": 32.696654167195035,
  "spacing_x": 1.0,
  "spacing_y": 1.0,
  "spacing_z": 1.0,
  "summary_bg_k": 73.84713657124637,
  "summary_bg_mad": 20.03670636379504,
  "summary_bg_mean": 66.7758560180664,
  "summary_bg_median": 65.07857513427734,
  "summary_bg_n": 2547960.0,
  "summary_bg_p05": 35.74892406463623,
  "summary_bg_p95": 102.74386405944823,
  "summary_bg_stdv": 21.694517135620117,
  "summary_csf_k": 8.574710360657408,
  "summary_csf_mad": 121.27295226868992,
  "summary_csf_mean": 448.0287170410156,
  "summary_csf_median": 359.8702697753906,
  "summary_csf_n": 8213.0,
  "summary_csf_p05": 205.9109680175781,
  "summary_csf_p95": 1427.5513427734372,
  "summary_csf_stdv": 327.1409912109375,
  "summary_gm_k": 0.03013511771679589,
  "summary_gm_mad": 76.02879010915977,
  "summary_gm_mean": 667.2896728515625,
  "summary_gm_median": 667.7496948242188,
  "summary_gm_n": 9041.0,
  "summary_gm_p05": 537.2647094726562,
  "summary_gm_p95": 792.0634765625,
  "summary_gm_stdv": 77.44544219970703,
  "summary_wm_k": 0.20020741034361045,
  "summary_wm_mad": 61.32221585674702,
  "summary_wm_mean": 999.4961547851562,
  "summary_wm_median": 999.9952392578125,
  "summary_wm_n": 191283.0,
  "summary_wm_p05": 895.0771667480469,
  "summary_wm_p95": 1101.9177001953126,
  "summary_wm_stdv": 63.00007247924805,
  "tpm_overlap_csf": 0.13741819560527802,
  "tpm_overlap_gm": 0.39423128962516785,
  "tpm_overlap_wm": 0.4671516418457031,
  "wm2max": 0.488857805359721
}