{
  "bids_meta": {
    "AcquisitionNumber": 1,
    "DeviceSerialNumber": "35442  ",
    "EchoNumber": 1,
    "EchoTime": 0.00298,
    "FlipAngle": 9,
    "ImageOrientationPatientDICOM": [
      "0",
      "0.99999993908387",
      "-0.0003490447892",
      "0",
      "-0.0003490447892",
      "-0.9999999390839  "
    ],
    "ImageType": [
      "ORIGINAL",
      "PRIMARY",
      "M",
      "ND",
      "NORM "
    ],
    "ImagingFrequency": 123.247304,
    "InPlanePhaseEncodingDirectionDICOM": "ROW  ",
    "IntendedFor": [
      "ses-NAPEN00/anat/sub-2355062_ses-NAPEN00_run-001_FLAIR.nii.gz",
      "ses-NAPEN00/dwi/sub-2355062_ses-NAPEN00_run-001_dwi.nii.gz",
      "ses-NAPEN00/fmap/sub-2355062_ses-NAPEN00_run-001_phasediff.nii.gz",
      "ses-NAPEN00/fmap/sub-2355062_ses-NAPEN00_run-002_phasediff.nii.gz"
    ],
    "InversionTime": 0.9,
    "MRAcquisitionType": "3D ",
    "MagneticFieldStrength": 3,
    "Manufacturer": "SIEMENS  ",
    "ManufacturerModelName": "TrioTim  ",
    "Modality": "MRI__ ",
    "PatientPosition": "HFS  ",
    "PercentPhaseFOV": 93.75,
    "PhaseEncodingSteps": 239,
    "PixelBandwidth": 238,
    "ProtocolName": "MPRAGE ADNI_iPAT2  ",
    "PulseSequenceType": "*tfl3d1_ns ",
    "ReceiveCoilName": "HeadMatrixix\\\\ ",
    "RepetitionTime": 2.3,
    "SAR": 0.08575958041754,
    "ScanningSequence": "GR\\\\IR  ",
    "SequenceName": "*tfl3d1_ns ",
    "SequenceVariant": "SP\\\\MP  ",
    "SeriesDescription": "MPRAGE ADNI_iPAT2  ",
    "SeriesNumber": 4,
    "SliceOrder": "interleaved ",
    "SliceThickness": 1,
    "SliceTiming": null,
    "SoftwareVersions": "syngo MR B17 ",
    "dataset": "<unset>",
    "modality": "T1w",
    "run_id": 1,
    "session_id": "NAPEN00",
    "subject_id": "2355062"
  },
  "cjv": 0.40607113307519543,
  "cnr": 3.338966975951657,
  "efc": 0.6050664365007205,
  "fber": 112.57530212402344,
  "fwhm_avg": 3.1585199999999998,
  "fwhm_x": 3.22321,
  "fwhm_y": 3.22709,
  "fwhm_z": 3.02526,
  "icvs_csf": 0.2016132796911211,
  "icvs_gm": 0.4153865484022777,
  "icvs_wm": 0.38300017190660124,
  "inu_med": 1.2874927520751953,
  "inu_range": 0.4422326266765595,
  "provenance": {
    "md5sum": "dc1fd6c878a6715848bde5c96f6559db",
    "settings": {
      "testing": false
    },
    "software": "mriqc",
    "version": "0.16.1",
    "warnings": {
      "large_rot_frame": false,
      "small_air_mask": false
    },
    "webapi_port": null,
    "webapi_url": "https://mriqc.nimh.nih.gov/api/v1"
  },
  "qi_1": 6.800999214632439e-05,
  "qi_2": 0.005062723571473805,
  "rpve_csf": 28.516551244330675,
  "rpve_gm": 14.445396951286359,
  "rpve_wm": 18.846131585039885,
  "size_x": 176,
  "size_y": 240,
  "size_z": 256,
  "snr_csf": 4.335734543099789,
  "snr_gm": 9.714128978969093,
  "snr_total": 10.267860136481623,
  "snr_wm": 16.753716887375987,
  "snrd_csf": 15.130443618556702,
  "snrd_gm": 23.886424328862528,
  "snrd_total": 24.64787826462258,
  "snrd_wm": 34.926766846448515,
  "spacing_x": 1.0,
  "spacing_y": 1.0,
  "spacing_z": 1.0,
  "summary_bg_k": 1030.4506404292938,
  "summary_bg_mad": 18.75723632676587,
  "summary_bg_mean": 62.43726348876953,
  "summary_bg_median": 60.95404815673828,
  "summary_bg_n": 3164654.0,
  "summary_bg_p05": 33.497375106811525,
  "summary_bg_p95": 96.03964767456054,
  "summary_bg_stdv": 21.06039047241211,
  "summary_csf_k": 0.20934471880711047,
  "summary_csf_mad": 96.6254369356133,
  "summary_csf_mean": 423.6849365234375,
  "summary_csf_median": 433.2003479003906,
  "summary_csf_n": 8816.0,
  "summary_csf_p05": 249.52691268920898,
  "summary_csf_p95": 572.076416015625,
  "summary_csf_stdv": 99.90827941894531,
  "summary_gm_k": -0.09966176190328646,
  "summary_gm_mad": 70.81307803211962,
  "summary_gm_mean": 682.7811279296875,
  "summary_gm_median": 683.8931884765625,
  "summary_gm_n": 14087.0,
  "summary_gm_p05": 562.5233276367187,
  "summary_gm_p95": 796.8913330078124,
  "summary_gm_stdv": 70.39940643310547,
  "summary_wm_k": 0.313660872941945,
  "summary_wm_mad": 57.54458449604543,
  "summary_wm_mean": 999.4925537109375,
  "summary_wm_median": 999.9896850585938,
  "summary_wm_n": 179626.0,
  "summary_wm_p05": 900.7138366699219,
  "summary_wm_p95": 1096.6566772460938,
  "summary_wm_stdv": 59.68746566772461,
  "tpm_overlap_csf": 0.13791830837726593,
  "tpm_overlap_gm": 0.3991610109806061,
  "tpm_overlap_wm": 0.46548041701316833,
  "wm2max": 0.5103917958968852
}