{
  "bids_meta": {
    "AcquisitionNumber": 1,
    "DeviceSerialNumber": "35442  ",
    "EchoNumber": 1,
    "EchoTime": 0.00298,
    "FlipAngle": 9,
    "ImageOrientationPatientDICOM": [
      "-0.0313963009436",
      "0.99950695366146",
      "-0.0003490980428",
      "0.00089195146912",
      "-0.0003212523014",
      "-0.9999995506097  "
    ],
    "ImageType": [
      "ORIGINAL",
      "PRIMARY",
      "M",
      "ND",
      "NORM "
    ],
    "ImagingFrequency": 123.247128,
    "InPlanePhaseEncodingDirectionDICOM": "ROW  ",
    "IntendedFor": [
      "ses-PREEN00/anat/sub-4276824_ses-PREEN00_run-001_FLAIR.nii.gz",
      "ses-PREEN00/dwi/sub-4276824_ses-PREEN00_run-001_dwi.nii.gz",
      "ses-PREEN00/fmap/sub-4276824_ses-PREEN00_run-002_phasediff.nii.gz",
      "ses-PREEN00/fmap/sub-4276824_ses-PREEN00_run-001_phasediff.nii.gz"
    ],
    "InversionTime": 0.9,
    "MRAcquisitionType": "3D ",
    "MagneticFieldStrength": 3,
    "Manufacturer": "SIEMENS  ",
    "ManufacturerModelName": "TrioTim  ",
    "Modality": "MRI__ ",
    "PatientPosition": "HFS  ",
    "PercentPhaseFOV": 93.75,
    "PhaseEncodingSteps": 239,
    "PixelBandwidth": 238,
    "ProtocolName": "MPRAGE ADNI_iPAT2  ",
    "PulseSequenceType": "*tfl3d1_ns ",
    "ReceiveCoilName": "HeadMatrixix\\\\ ",
    "RepetitionTime": 2.3,
    "SAR": 0.10167974988272,
    "ScanningSequence": "GR\\\\IR  ",
    "SequenceName": "*tfl3d1_ns ",
    "SequenceVariant": "SP\\\\MP  ",
    "SeriesDescription": "MPRAGE ADNI_iPAT2  ",
    "SeriesNumber": 4,
    "SliceOrder": "interleaved ",
    "SliceThickness": 1,
    "SliceTiming": null,
    "SoftwareVersions": "syngo MR B17 ",
    "dataset": "<unset>",
    "modality": "T1w",
    "run_id": 1,
    "session_id": "PREEN00",
    "subject_id": "4276824"
  },
  "cjv": 0.4413013365632854,
  "cnr": 3.055477226037856,
  "efc": 0.5682008219090435,
  "fber": 158.04905700683594,
  "fwhm_avg": 3.1498233333333334,
  "fwhm_x": 3.23301,
  "fwhm_y": 3.25019,
  "fwhm_z": 2.96627,
  "icvs_csf": 0.20126604287595207,
  "icvs_gm": 0.4159603582231061,
  "icvs_wm": 0.3827735989009418,
  "inu_med": 1.5753356218338013,
  "inu_range": 0.476082134246826,
  "provenance": {
    "md5sum": "9e755a5f831967e5ec84b29f553481cb",
    "settings": {
      "testing": false
    },
    "software": "mriqc",
    "version": "0.16.1",
    "warnings": {
      "large_rot_frame": true,
      "small_air_mask": false
    },
    "webapi_port": null,
    "webapi_url": "https://mriqc.nimh.nih.gov/api/v1"
  },
  "qi_1": 2.3661457434429927e-05,
  "qi_2": 0.005594797925183435,
  "rpve_csf": 29.43497913864378,
  "rpve_gm": 14.788936211469608,
  "rpve_wm": 19.11800953770597,
  "size_x": 176,
  "size_y": 240,
  "size_z": 256,
  "snr_csf": 2.775998652011002,
  "snr_gm": 9.639209652212465,
  "snr_total": 9.73787633021252,
  "snr_wm": 16.798420686414097,
  "snrd_csf": 12.606587920263898,
  "snrd_gm": 27.787687228064932,
  "snrd_total": 26.6019172115419,
  "snrd_wm": 39.41147648629686,
  "spacing_x": 1.0,
  "spacing_y": 1.0,
  "spacing_z": 1.0,
  "summary_bg_k": 1656.8747542721903,
  "summary_bg_mad": 16.622879358739517,
  "summary_bg_mean": 52.96849060058594,
  "summary_bg_median": 51.7623291015625,
  "summary_bg_n": 3366546.0,
  "summary_bg_p05": 27.144553661346436,
  "summary_bg_p95": 83.20380783081055,
  "summary_bg_stdv": 20.586441040039062,
  "summary_csf_k": 0.024923610186859513,
  "summary_csf_mad": 118.01546236013493,
  "summary_csf_mean": 338.7404479980469,
  "summary_csf_median": 319.86895751953125,
  "summary_csf_n": 11150.0,
  "summary_csf_p05": 180.20221328735352,
  "summary_csf_p95": 546.8677215576172,
  "summary_csf_stdv": 115.2214584350586,
  "summary_gm_k": -0.05116582688163929,
  "summary_gm_mad": 72.88409705518043,
  "summary_gm_mean": 703.1004638671875,
  "summary_gm_median": 705.0614013671875,
  "summary_gm_n": 11210.0,
  "summary_gm_p05": 578.2190124511719,
  "summary_gm_p95": 821.2191955566404,
  "summary_gm_stdv": 73.14188385009766,
  "summary_wm_k": 0.28980412091652497,
  "summary_wm_mad": 57.269899496394935,
  "summary_wm_mean": 1000.5879516601562,
  "summary_wm_median": 999.99365234375,
  "summary_wm_n": 175464.0,
  "summary_wm_p05": 903.4111968994141,
  "summary_wm_p95": 1099.2535522460937,
  "summary_wm_stdv": 59.52885818481445,
  "tpm_overlap_csf": 0.15723390877246857,
  "tpm_overlap_gm": 0.41081222891807556,
  "tpm_overlap_wm": 0.4894919693470001,
  "wm2max": 0.511212403582745
}