{
  "bids_meta": {
    "AcquisitionNumber": 1,
    "DeviceSerialNumber": "35442  ",
    "EchoNumber": 1,
    "EchoTime": 0.00298,
    "FlipAngle": 9,
    "ImageOrientationPatientDICOM": [
      "-0.0231934260441",
      "0.99478529328836",
      "-0.0993191081591",
      "0.0058508050355",
      "-0.099209065992",
      "-0.9950494104844  "
    ],
    "ImageType": [
      "ORIGINAL",
      "PRIMARY",
      "M",
      "ND",
      "NORM "
    ],
    "ImagingFrequency": 123.246967,
    "InPlanePhaseEncodingDirectionDICOM": "ROW  ",
    "IntendedFor": [
      "ses-PREFU24/fmap/sub-4040157_ses-PREFU24_run-002_phasediff.nii.gz",
      "ses-PREFU24/func/sub-4040157_ses-PREFU24_task-retrieval_run-001_bold.nii.gz",
      "ses-PREFU24/func/sub-4040157_ses-PREFU24_task-rest_run-001_bold.nii.gz",
      "ses-PREFU24/anat/sub-4040157_ses-PREFU24_run-001_T2star.nii.gz",
      "ses-PREFU24/fmap/sub-4040157_ses-PREFU24_run-001_phasediff.nii.gz",
      "ses-PREFU24/func/sub-4040157_ses-PREFU24_task-encoding_run-001_bold.nii.gz",
      "ses-PREFU24/fmap/sub-4040157_ses-PREFU24_run-003_phasediff.nii.gz",
      "ses-PREFU24/asl/sub-4040157_ses-PREFU24_run-001_asl.nii.gz",
      "ses-PREFU24/func/sub-4040157_ses-PREFU24_task-rest_run-002_bold.nii.gz"
    ],
    "InversionTime": 0.9,
    "MRAcquisitionType": "3D ",
    "MagneticFieldStrength": 3,
    "Manufacturer": "SIEMENS  ",
    "ManufacturerModelName": "TrioTim  ",
    "Modality": "MRI__ ",
    "PatientPosition": "HFS  ",
    "PercentPhaseFOV": 93.75,
    "PhaseEncodingSteps": 239,
    "PixelBandwidth": 238,
    "ProtocolName": "MPRAGE ADNI_iPAT2  ",
    "PulseSequenceType": "*tfl3d1_ns ",
    "ReceiveCoilName": "HeadMatrixix\\\\ ",
    "RepetitionTime": 2.3,
    "SAR": 0.08195614274784,
    "ScanningSequence": "GR\\\\IR  ",
    "SequenceName": "*tfl3d1_ns ",
    "SequenceVariant": "SP\\\\MP  ",
    "SeriesDescription": "MPRAGE ADNI_iPAT2  ",
    "SeriesNumber": 12,
    "SliceOrder": "interleaved ",
    "SliceThickness": 1,
    "SliceTiming": null,
    "SoftwareVersions": "syngo MR B17 ",
    "dataset": "<unset>",
    "modality": "T1w",
    "run_id": 1,
    "session_id": "PREFU24",
    "subject_id": "4040157"
  },
  "cjv": 0.40148748136575896,
  "cnr": 3.3430032486640915,
  "efc": 0.6578132967212832,
  "fber": 87.28213500976562,
  "fwhm_avg": 3.0541300000000002,
  "fwhm_x": 3.11797,
  "fwhm_y": 3.19837,
  "fwhm_z": 2.84605,
  "icvs_csf": 0.21247213002512197,
  "icvs_gm": 0.4036266789261973,
  "icvs_wm": 0.38390119104868076,
  "inu_med": 1.2900197505950928,
  "inu_range": 0.4596307992935178,
  "provenance": {
    "md5sum": "104ac83793708bb9beb6d14bc885dfa4",
    "settings": {
      "testing": false
    },
    "software": "mriqc",
    "version": "0.16.1",
    "warnings": {
      "large_rot_frame": true,
      "small_air_mask": false
    },
    "webapi_port": null,
    "webapi_url": "https://mriqc.nimh.nih.gov/api/v1"
  },
  "qi_1": 0.0,
  "qi_2": 0.0048528026470203095,
  "rpve_csf": 25.58862401067989,
  "rpve_gm": 13.560070734313776,
  "rpve_wm": 17.12681339792317,
  "size_x": 176,
  "size_y": 240,
  "size_z": 256,
  "snr_csf": 2.9397832699147894,
  "snr_gm": 9.583018218499769,
  "snr_total": 9.310331850420502,
  "snr_wm": 15.408194062846944,
  "snrd_csf": 9.89716972123199,
  "snrd_gm": 20.829514790516836,
  "snrd_total": 20.570268507633795,
  "snrd_wm": 30.984121011152556,
  "spacing_x": 1.0,
  "spacing_y": 1.0,
  "spacing_z": 1.0,
  "summary_bg_k": 5.5427155103851575,
  "summary_bg_mad": 21.144484136846085,
  "summary_bg_mean": 70.51704406738281,
  "summary_bg_median": 68.7325668334961,
  "summary_bg_n": 2535272.0,
  "summary_bg_p05": 38.029272651672365,
  "summary_bg_p95": 108.88290023803708,
  "summary_bg_stdv": 21.881793975830078,
  "summary_csf_k": 1.5767421295202206,
  "summary_csf_mad": 95.1454137065625,
  "summary_csf_mean": 335.5210876464844,
  "summary_csf_median": 319.4305114746094,
  "summary_csf_n": 10710.0,
  "summary_csf_p05": 184.2578918457031,
  "summary_csf_p95": 539.8131591796873,
  "summary_csf_stdv": 108.65277099609375,
  "summary_gm_k": 0.14205447535319493,
  "summary_gm_mad": 68.24815990575047,
  "summary_gm_mean": 672.2828979492188,
  "summary_gm_median": 672.271240234375,
  "summary_gm_n": 5010.0,
  "summary_gm_p05": 556.5286437988282,
  "summary_gm_p95": 788.6456665039063,
  "summary_gm_stdv": 70.14534759521484,
  "summary_wm_k": 0.21450812392019936,
  "summary_wm_mad": 63.33504925807328,
  "summary_wm_mean": 1000.3770141601562,
  "summary_wm_median": 1000.010498046875,
  "summary_wm_n": 177944.0,
  "summary_wm_p05": 894.4690826416015,
  "summary_wm_p95": 1107.4991027832032,
  "summary_wm_stdv": 64.90103149414062,
  "tpm_overlap_csf": 0.12981465458869934,
  "tpm_overlap_gm": 0.3799137473106384,
  "tpm_overlap_wm": 0.429717481136322,
  "wm2max": 0.49793957465843564
}