{
  "bids_meta": {
    "AcquisitionNumber": 1,
    "DeviceSerialNumber": "35442  ",
    "EchoNumber": 1,
    "EchoTime": 0.00298,
    "FlipAngle": 9,
    "ImageOrientationPatientDICOM": [
      "0.00533108840503",
      "0.99998572876858",
      "-0.000348934927",
      "0.02740793366571",
      "-0.0004949249812",
      "-0.9996242095015 "
    ],
    "ImageType": [
      "ORIGINAL",
      "PRIMARY",
      "M",
      "ND",
      "NORM "
    ],
    "ImagingFrequency": 123.251506,
    "InPlanePhaseEncodingDirectionDICOM": "ROW  ",
    "IntendedFor": [
      "ses-PREEN00/fmap/sub-9023841_ses-PREEN00_run-001_phasediff.nii.gz",
      "ses-PREEN00/dwi/sub-9023841_ses-PREEN00_run-001_dwi.nii.gz",
      "ses-PREEN00/anat/sub-9023841_ses-PREEN00_run-001_FLAIR.nii.gz",
      "ses-PREEN00/fmap/sub-9023841_ses-PREEN00_run-002_phasediff.nii.gz"
    ],
    "InversionTime": 0.9,
    "MRAcquisitionType": "3D ",
    "MagneticFieldStrength": 3,
    "Manufacturer": "SIEMENS  ",
    "ManufacturerModelName": "TrioTim  ",
    "Modality": "MRI__ ",
    "PatientPosition": "HFS  ",
    "PercentPhaseFOV": 93.75,
    "PhaseEncodingSteps": 239,
    "PixelBandwidth": 238,
    "ProtocolName": "MPRAGE ADNI_iPAT2  ",
    "PulseSequenceType": "*tfl3d1_ns ",
    "ReceiveCoilName": "HeadMatrixix\\\\ ",
    "RepetitionTime": 2.3,
    "SAR": 0.0875825388863,
    "ScanningSequence": "GR\\\\IR  ",
    "SequenceName": "*tfl3d1_ns ",
    "SequenceVariant": "SP\\\\MP  ",
    "SeriesDescription": "MPRAGE ADNI_iPAT2  ",
    "SeriesNumber": 4,
    "SliceOrder": "interleaved ",
    "SliceThickness": 1,
    "SliceTiming": null,
    "SoftwareVersions": "syngo MR B17 ",
    "dataset": "<unset>",
    "modality": "T1w",
    "run_id": 1,
    "session_id": "PREEN00",
    "subject_id": "9023841"
  },
  "cjv": 0.4056226359999998,
  "cnr": 3.2404847711473264,
  "efc": 0.6165466915516188,
  "fber": 98.50848388671875,
  "fwhm_avg": 3.3402366666666663,
  "fwhm_x": 3.35728,
  "fwhm_y": 3.52448,
  "fwhm_z": 3.13895,
  "icvs_csf": 0.21506538890751958,
  "icvs_gm": 0.40094783780225224,
  "icvs_wm": 0.3839867732902282,
  "inu_med": 1.2552425861358643,
  "inu_range": 0.4521691977977751,
  "provenance": {
    "md5sum": "6dbdee976bdd3a0e24fbffe834abdbcc",
    "settings": {
      "testing": false
    },
    "software": "mriqc",
    "version": "0.16.1",
    "warnings": {
      "large_rot_frame": false,
      "small_air_mask": false
    },
    "webapi_port": null,
    "webapi_url": "https://mriqc.nimh.nih.gov/api/v1"
  },
  "qi_1": 8.672271952170172e-06,
  "qi_2": 0.004469812738441918,
  "rpve_csf": 25.69912602064028,
  "rpve_gm": 13.876759257210466,
  "rpve_wm": 17.733350504995467,
  "size_x": 176,
  "size_y": 240,
  "size_z": 256,
  "snr_csf": 2.8349698314522698,
  "snr_gm": 9.114348439912556,
  "snr_total": 9.822449368930217,
  "snr_wm": 17.51802983542583,
  "snrd_csf": 11.848641373906593,
  "snrd_gm": 21.85373996321405,
  "snrd_total": 21.906421826612405,
  "snrd_wm": 32.01688414271657,
  "spacing_x": 1.0,
  "spacing_y": 1.0,
  "spacing_z": 1.0,
  "summary_bg_k": 1672.5796196552471,
  "summary_bg_mad": 20.46229900846231,
  "summary_bg_mean": 69.05658721923828,
  "summary_bg_median": 67.32115173339844,
  "summary_bg_n": 2899218.0,
  "summary_bg_p05": 37.50958786010742,
  "summary_bg_p95": 105.53628768920899,
  "summary_bg_stdv": 27.00550079345703,
  "summary_csf_k": -0.6769292345060824,
  "summary_csf_mad": 153.03972274630723,
  "summary_csf_mean": 373.2275085449219,
  "summary_csf_median": 370.0762939453125,
  "summary_csf_n": 12363.0,
  "summary_csf_p05": 180.46909942626954,
  "summary_csf_p95": 587.6228942871094,
  "summary_csf_stdv": 130.53448486328125,
  "summary_gm_k": 0.021297528992446857,
  "summary_gm_mad": 73.28085422235803,
  "summary_gm_mean": 680.9434204101562,
  "summary_gm_median": 682.572021484375,
  "summary_gm_n": 9796.0,
  "summary_gm_p05": 553.0353088378906,
  "summary_gm_p95": 801.2894134521484,
  "summary_gm_stdv": 74.8860092163086,
  "summary_wm_k": 0.24864177706268809,
  "summary_wm_mad": 55.47677789844585,
  "summary_wm_mean": 999.4347534179688,
  "summary_wm_median": 1000.0040893554688,
  "summary_wm_n": 196717.0,
  "summary_wm_p05": 904.3752685546875,
  "summary_wm_p95": 1091.9025390625,
  "summary_wm_stdv": 57.08413314819336,
  "tpm_overlap_csf": 0.16531603038311005,
  "tpm_overlap_gm": 0.42565667629241943,
  "tpm_overlap_wm": 0.4992455244064331,
  "wm2max": 0.4693067812356648
}