{
  "bids_meta": {
    "AcquisitionNumber": 1,
    "DeviceSerialNumber": "35442  ",
    "EchoNumber": 1,
    "EchoTime": 0.00298,
    "FlipAngle": 9,
    "ImageOrientationPatientDICOM": [
      "0",
      "0.99999993908387",
      "-0.0003490447892",
      "0",
      "-0.0003490447892",
      "-0.9999999390839  "
    ],
    "ImageType": [
      "ORIGINAL",
      "PRIMARY",
      "M",
      "ND",
      "NORM "
    ],
    "ImagingFrequency": 123.247096,
    "InPlanePhaseEncodingDirectionDICOM": "ROW  ",
    "IntendedFor": [
      "ses-NAPEN00/anat/sub-8929559_ses-NAPEN00_run-001_FLAIR.nii.gz",
      "ses-NAPEN00/dwi/sub-8929559_ses-NAPEN00_run-001_dwi.nii.gz",
      "ses-NAPEN00/fmap/sub-8929559_ses-NAPEN00_run-002_phasediff.nii.gz",
      "ses-NAPEN00/fmap/sub-8929559_ses-NAPEN00_run-001_phasediff.nii.gz"
    ],
    "InversionTime": 0.9,
    "MRAcquisitionType": "3D ",
    "MagneticFieldStrength": 3,
    "Manufacturer": "SIEMENS  ",
    "ManufacturerModelName": "TrioTim  ",
    "Modality": "MRI__ ",
    "PatientPosition": "HFS  ",
    "PercentPhaseFOV": 93.75,
    "PhaseEncodingSteps": 239,
    "PixelBandwidth": 238,
    "ProtocolName": "MPRAGE ADNI_iPAT2  ",
    "PulseSequenceType": "*tfl3d1_ns ",
    "ReceiveCoilName": "HeadMatrixix\\\\ ",
    "RepetitionTime": 2.3,
    "SAR": 0.08645116461877,
    "ScanningSequence": "GR\\\\IR  ",
    "SequenceName": "*tfl3d1_ns ",
    "SequenceVariant": "SP\\\\MP  ",
    "SeriesDescription": "MPRAGE ADNI_iPAT2  ",
    "SeriesNumber": 4,
    "SliceOrder": "interleaved ",
    "SliceThickness": 1,
    "SliceTiming": null,
    "SoftwareVersions": "syngo MR B17 ",
    "dataset": "<unset>",
    "modality": "T1w",
    "run_id": 1,
    "session_id": "NAPEN00",
    "subject_id": "8929559"
  },
  "cjv": 0.44149659990684165,
  "cnr": 3.0265311456911785,
  "efc": 0.5956880259183235,
  "fber": 86.23810577392578,
  "fwhm_avg": 3.055793333333334,
  "fwhm_x": 3.11694,
  "fwhm_y": 3.1764,
  "fwhm_z": 2.87404,
  "icvs_csf": 0.2097537384531319,
  "icvs_gm": 0.4153659652514949,
  "icvs_wm": 0.3748802962953732,
  "inu_med": 1.4197022914886475,
  "inu_range": 0.3746398210525512,
  "provenance": {
    "md5sum": "8a846d5ebfd48301f8db348c44adca3b",
    "settings": {
      "testing": false
    },
    "software": "mriqc",
    "version": "0.16.1",
    "warnings": {
      "large_rot_frame": false,
      "small_air_mask": false
    },
    "webapi_port": null,
    "webapi_url": "https://mriqc.nimh.nih.gov/api/v1"
  },
  "qi_1": 1.5137044102069088e-05,
  "qi_2": 0.004456756528282014,
  "rpve_csf": 31.546435175672897,
  "rpve_gm": 16.17015633935352,
  "rpve_wm": 21.532876844015238,
  "size_x": 176,
  "size_y": 240,
  "size_z": 256,
  "snr_csf": 2.96738861668925,
  "snr_gm": 9.171902886205466,
  "snr_total": 9.368821700632727,
  "snr_wm": 15.967173599003464,
  "snrd_csf": 9.360571900503215,
  "snrd_gm": 21.95702554345731,
  "snrd_total": 21.004584384484815,
  "snrd_wm": 31.69615570949392,
  "spacing_x": 1.0,
  "spacing_y": 1.0,
  "spacing_z": 1.0,
  "summary_bg_k": 1710.7890155169375,
  "summary_bg_mad": 20.669497622872946,
  "summary_bg_mean": 68.22760772705078,
  "summary_bg_median": 66.51559448242188,
  "summary_bg_n": 3214328.0,
  "summary_bg_p05": 36.460476303100585,
  "summary_bg_p95": 105.02607116699218,
  "summary_bg_stdv": 26.095741271972656,
  "summary_csf_k": 0.6056880506940336,
  "summary_csf_mad": 89.29594890507752,
  "summary_csf_mean": 313.5104064941406,
  "summary_csf_median": 295.32525634765625,
  "summary_csf_n": 12217.0,
  "summary_csf_p05": 179.01483764648435,
  "summary_csf_p95": 503.18915405273424,
  "summary_csf_stdv": 99.51954650878906,
  "summary_gm_k": -0.04955964716582306,
  "summary_gm_mad": 74.7902417348503,
  "summary_gm_mean": 691.1360473632812,
  "summary_gm_median": 692.7423095703125,
  "summary_gm_n": 9056.0,
  "summary_gm_p05": 563.4968109130859,
  "summary_gm_p95": 813.3072509765625,
  "summary_gm_stdv": 75.52457427978516,
  "summary_wm_k": 0.1955219978849767,
  "summary_wm_mad": 60.86786125841227,
  "summary_wm_mean": 1000.13525390625,
  "summary_wm_median": 1000.0110473632812,
  "summary_wm_n": 144745.0,
  "summary_wm_p05": 897.7198974609375,
  "summary_wm_p95": 1103.6810302734375,
  "summary_wm_stdv": 62.62896728515625,
  "tpm_overlap_csf": 0.17028281092643738,
  "tpm_overlap_gm": 0.41325053572654724,
  "tpm_overlap_wm": 0.4814700186252594,
  "wm2max": 0.4797611581374567
}