{
  "bids_meta": {
    "AcquisitionNumber": 1,
    "DeviceSerialNumber": "35442  ",
    "EchoNumber": 1,
    "EchoTime": 0.00298,
    "FlipAngle": 9,
    "ImageOrientationPatientDICOM": [
      "-0.0207252924173",
      "0.99501319525669",
      "-0.0975664056901",
      "0.02051418334142",
      "-0.0971435977168",
      "-0.9950589378044  "
    ],
    "ImageType": [
      "ORIGINAL",
      "PRIMARY",
      "M",
      "ND",
      "NORM "
    ],
    "ImagingFrequency": 123.247333,
    "InPlanePhaseEncodingDirectionDICOM": "ROW  ",
    "IntendedFor": [
      "ses-NAPFU24/fmap/sub-4718998_ses-NAPFU24_run-005_phasediff.nii.gz",
      "ses-NAPFU24/anat/sub-4718998_ses-NAPFU24_run-001_FLAIR.nii.gz",
      "ses-NAPFU24/fmap/sub-4718998_ses-NAPFU24_run-004_phasediff.nii.gz",
      "ses-NAPFU24/dwi/sub-4718998_ses-NAPFU24_run-001_dwi.nii.gz"
    ],
    "InversionTime": 0.9,
    "MRAcquisitionType": "3D ",
    "MagneticFieldStrength": 3,
    "Manufacturer": "SIEMENS  ",
    "ManufacturerModelName": "TrioTim  ",
    "Modality": "MRI__ ",
    "PatientPosition": "HFS  ",
    "PercentPhaseFOV": 93.75,
    "PhaseEncodingSteps": 239,
    "PixelBandwidth": 238,
    "ProtocolName": "MPRAGE ADNI_iPAT2  ",
    "PulseSequenceType": "*tfl3d1_ns ",
    "ReceiveCoilName": "HeadMatrixix\\\\ ",
    "RepetitionTime": 2.3,
    "SAR": 0.07456301444169,
    "ScanningSequence": "GR\\\\IR  ",
    "SequenceName": "*tfl3d1_ns ",
    "SequenceVariant": "SP\\\\MP  ",
    "SeriesDescription": "MPRAGE ADNI_iPAT2  ",
    "SeriesNumber": 20,
    "SliceOrder": "interleaved ",
    "SliceThickness": 1,
    "SliceTiming": null,
    "SoftwareVersions": "syngo MR B17 ",
    "dataset": "<unset>",
    "modality": "T1w",
    "run_id": 2,
    "session_id": "NAPFU24",
    "subject_id": "4718998"
  },
  "cjv": 0.45773989906909623,
  "cnr": 2.938048929513773,
  "efc": 0.6081872557400275,
  "fber": 110.09486389160156,
  "fwhm_avg": 2.9606766666666666,
  "fwhm_x": 3.04885,
  "fwhm_y": 3.00225,
  "fwhm_z": 2.83093,
  "icvs_csf": 0.2263985235613001,
  "icvs_gm": 0.42172923279820024,
  "icvs_wm": 0.3518722436404997,
  "inu_med": 1.457364559173584,
  "inu_range": 0.36415286064147945,
  "provenance": {
    "md5sum": "8b84baab4a40b5e7cd05f83f7ceba18b",
    "settings": {
      "testing": false
    },
    "software": "mriqc",
    "version": "0.16.1",
    "warnings": {
      "large_rot_frame": true,
      "small_air_mask": false
    },
    "webapi_port": null,
    "webapi_url": "https://mriqc.nimh.nih.gov/api/v1"
  },
  "qi_1": 0.0,
  "qi_2": 0.004576544497785475,
  "rpve_csf": 28.129193550919165,
  "rpve_gm": 15.091272677955374,
  "rpve_wm": 20.211632913440948,
  "size_x": 176,
  "size_y": 240,
  "size_z": 256,
  "snr_csf": 2.838810858985263,
  "snr_gm": 8.776223484746343,
  "snr_total": 8.75723178437776,
  "snr_wm": 14.656661009401676,
  "snrd_csf": 11.178662001733157,
  "snrd_gm": 26.026093512817408,
  "snrd_total": 25.027502041307212,
  "snrd_wm": 37.87775060937106,
  "spacing_x": 1.0,
  "spacing_y": 1.0,
  "spacing_z": 1.0,
  "summary_bg_k": 1790.1981044192337,
  "summary_bg_mad": 17.296213350069,
  "summary_bg_mean": 57.72275924682617,
  "summary_bg_median": 56.053462982177734,
  "summary_bg_n": 3372245.0,
  "summary_bg_p05": 31.025566482543944,
  "summary_bg_p95": 89.05676574707032,
  "summary_bg_stdv": 23.61111068725586,
  "summary_csf_k": 8.1489819958847,
  "summary_csf_mad": 85.65145221930123,
  "summary_csf_mean": 314.7903137207031,
  "summary_csf_median": 295.12713623046875,
  "summary_csf_n": 26470.0,
  "summary_csf_p05": 181.89729919433594,
  "summary_csf_p95": 508.41972808837886,
  "summary_csf_stdv": 103.9595718383789,
  "summary_gm_k": -0.026832649890821347,
  "summary_gm_mad": 77.66296451492104,
  "summary_gm_mean": 686.5254516601562,
  "summary_gm_median": 687.1132202148438,
  "summary_gm_n": 9473.0,
  "summary_gm_p05": 555.5394287109375,
  "summary_gm_p95": 816.6362670898437,
  "summary_gm_stdv": 78.2884521484375,
  "summary_wm_k": 0.33436325975183934,
  "summary_wm_mad": 65.56148632985744,
  "summary_wm_mean": 1000.9686279296875,
  "summary_wm_median": 1000.008056640625,
  "summary_wm_n": 130920.0,
  "summary_wm_p05": 890.8294799804688,
  "summary_wm_p95": 1114.4334838867187,
  "summary_wm_stdv": 68.22865295410156,
  "tpm_overlap_csf": 0.159707710146904,
  "tpm_overlap_gm": 0.40846526622772217,
  "tpm_overlap_wm": 0.48082390427589417,
  "wm2max": 0.5566151929056316
}