{
  "bids_meta": {
    "AcquisitionNumber": 1,
    "DeviceSerialNumber": "35442  ",
    "EchoNumber": 1,
    "EchoTime": 0.00298,
    "FlipAngle": 9,
    "ImageOrientationPatientDICOM": [
      "-0.0153625318692",
      "0.9998637638962",
      "-0.006037073952",
      "-0.0242692435512",
      "-0.0064088819115",
      "-0.9996849153859  "
    ],
    "ImageType": [
      "ORIGINAL",
      "PRIMARY",
      "M",
      "ND",
      "NORM "
    ],
    "ImagingFrequency": 123.251558,
    "InPlanePhaseEncodingDirectionDICOM": "ROW  ",
    "IntendedFor": [
      "ses-PREFU12/fmap/sub-9466302_ses-PREFU12_run-003_phasediff.nii.gz",
      "ses-PREFU12/fmap/sub-9466302_ses-PREFU12_run-002_phasediff.nii.gz",
      "ses-PREFU12/anat/sub-9466302_ses-PREFU12_run-001_T2star.nii.gz",
      "ses-PREFU12/func/sub-9466302_ses-PREFU12_task-retrieval_run-001_bold.nii.gz",
      "ses-PREFU12/fmap/sub-9466302_ses-PREFU12_run-001_phasediff.nii.gz",
      "ses-PREFU12/asl/sub-9466302_ses-PREFU12_run-001_asl.nii.gz",
      "ses-PREFU12/func/sub-9466302_ses-PREFU12_task-rest_run-002_bold.nii.gz",
      "ses-PREFU12/func/sub-9466302_ses-PREFU12_task-rest_run-001_bold.nii.gz",
      "ses-PREFU12/func/sub-9466302_ses-PREFU12_task-encoding_run-001_bold.nii.gz"
    ],
    "InversionTime": 0.9,
    "MRAcquisitionType": "3D ",
    "MagneticFieldStrength": 3,
    "Manufacturer": "SIEMENS  ",
    "ManufacturerModelName": "TrioTim  ",
    "Modality": "MRI__ ",
    "PatientPosition": "HFS  ",
    "PercentPhaseFOV": 93.75,
    "PhaseEncodingSteps": 239,
    "PixelBandwidth": 238,
    "ProtocolName": "MPRAGE ADNI_iPAT2  ",
    "PulseSequenceType": "*tfl3d1_ns ",
    "ReceiveCoilName": "HeadMatrixix\\\\ ",
    "RepetitionTime": 2.3,
    "SAR": 0.07115698444401,
    "ScanningSequence": "GR\\\\IR  ",
    "SequenceName": "*tfl3d1_ns ",
    "SequenceVariant": "SP\\\\MP  ",
    "SeriesDescription": "MPRAGE ADNI_iPAT2  ",
    "SeriesNumber": 12,
    "SliceOrder": "interleaved ",
    "SliceThickness": 1,
    "SliceTiming": null,
    "SoftwareVersions": "syngo MR B17 ",
    "dataset": "<unset>",
    "modality": "T1w",
    "run_id": 1,
    "session_id": "PREFU12",
    "subject_id": "9466302"
  },
  "cjv": 0.3905843558495305,
  "cnr": 3.4601811929298814,
  "efc": 0.600544190154585,
  "fber": 91.7506103515625,
  "fwhm_avg": 3.3342733333333334,
  "fwhm_x": 3.35845,
  "fwhm_y": 3.47093,
  "fwhm_z": 3.17344,
  "icvs_csf": 0.21806473912070806,
  "icvs_gm": 0.4076785640918556,
  "icvs_wm": 0.37425669678743634,
  "inu_med": 1.338225245475769,
  "inu_range": 0.39197795391082746,
  "provenance": {
    "md5sum": "0902713cde803ac6cbfddaab5d5d3127",
    "settings": {
      "testing": false
    },
    "software": "mriqc",
    "version": "0.16.1",
    "warnings": {
      "large_rot_frame": true,
      "small_air_mask": false
    },
    "webapi_port": null,
    "webapi_url": "https://mriqc.nimh.nih.gov/api/v1"
  },
  "qi_1": 0.0,
  "qi_2": 0.005285839957851849,
  "rpve_csf": 28.092374833630117,
  "rpve_gm": 15.33400173967463,
  "rpve_wm": 20.03044389584983,
  "size_x": 176,
  "size_y": 240,
  "size_z": 256,
  "snr_csf": 2.940816561710362,
  "snr_gm": 8.701812035624078,
  "snr_total": 9.900355335416991,
  "snr_wm": 18.058437408916536,
  "snrd_csf": 10.647942599578455,
  "snrd_gm": 22.89186404142589,
  "snrd_total": 22.632340360256922,
  "snrd_wm": 34.35721443976643,
  "spacing_x": 1.0,
  "spacing_y": 1.0,
  "spacing_z": 1.0,
  "summary_bg_k": 17.932463745170438,
  "summary_bg_mad": 19.068205332660348,
  "summary_bg_mean": 62.55964279174805,
  "summary_bg_median": 61.21322250366211,
  "summary_bg_n": 3048834.0,
  "summary_bg_p05": 33.369056701660156,
  "summary_bg_p95": 96.31087188720706,
  "summary_bg_stdv": 19.29782485961914,
  "summary_csf_k": 0.5072600197079837,
  "summary_csf_mad": 111.45464892341604,
  "summary_csf_mean": 325.1576843261719,
  "summary_csf_median": 309.9158630371094,
  "summary_csf_n": 21021.0,
  "summary_csf_p05": 175.48939514160156,
  "summary_csf_p95": 508.87353515625,
  "summary_csf_stdv": 105.38178253173828,
  "summary_gm_k": -0.04801175800699564,
  "summary_gm_mad": 77.2830838927722,
  "summary_gm_mean": 664.7523803710938,
  "summary_gm_median": 666.2838134765625,
  "summary_gm_n": 12928.0,
  "summary_gm_p05": 535.4089385986329,
  "summary_gm_p95": 787.3343536376954,
  "summary_gm_stdv": 76.56543731689453,
  "summary_wm_k": 0.3682332015570826,
  "summary_wm_mad": 53.05768578984537,
  "summary_wm_mean": 999.1758422851562,
  "summary_wm_median": 999.9909057617188,
  "summary_wm_n": 178651.0,
  "summary_wm_p05": 906.9134521484375,
  "summary_wm_p95": 1088.5941162109375,
  "summary_wm_stdv": 55.375118255615234,
  "tpm_overlap_csf": 0.18346551060676575,
  "tpm_overlap_gm": 0.43729665875434875,
  "tpm_overlap_wm": 0.5115987658500671,
  "wm2max": 0.5004217698040584
}