{
  "bids_meta": {
    "AcquisitionNumber": 1,
    "DeviceSerialNumber": "35442  ",
    "EchoNumber": 1,
    "EchoTime": 0.00298,
    "FlipAngle": 9,
    "ImageOrientationPatientDICOM": [
      "0.06340184208253",
      "0.99798801825462",
      "-0.0003490569478",
      "-0.0030468270212",
      "-0.0001561951395",
      "-0.9999953462133  "
    ],
    "ImageType": [
      "ORIGINAL",
      "PRIMARY",
      "M",
      "ND",
      "NORM "
    ],
    "ImagingFrequency": 123.247077,
    "InPlanePhaseEncodingDirectionDICOM": "ROW  ",
    "IntendedFor": [
      "ses-NAPEN00/fmap/sub-3974587_ses-NAPEN00_run-002_phasediff.nii.gz",
      "ses-NAPEN00/dwi/sub-3974587_ses-NAPEN00_run-001_dwi.nii.gz",
      "ses-NAPEN00/fmap/sub-3974587_ses-NAPEN00_run-001_phasediff.nii.gz",
      "ses-NAPEN00/anat/sub-3974587_ses-NAPEN00_run-001_FLAIR.nii.gz"
    ],
    "InversionTime": 0.9,
    "MRAcquisitionType": "3D ",
    "MagneticFieldStrength": 3,
    "Manufacturer": "SIEMENS  ",
    "ManufacturerModelName": "TrioTim  ",
    "Modality": "MRI__ ",
    "PatientPosition": "HFS  ",
    "PercentPhaseFOV": 93.75,
    "PhaseEncodingSteps": 239,
    "PixelBandwidth": 238,
    "ProtocolName": "MPRAGE ADNI_iPAT2  ",
    "PulseSequenceType": "*tfl3d1_ns ",
    "ReceiveCoilName": "HeadMatrixix\\\\ ",
    "RepetitionTime": 2.3,
    "SAR": 0.10054379147493,
    "ScanningSequence": "GR\\\\IR  ",
    "SequenceName": "*tfl3d1_ns ",
    "SequenceVariant": "SP\\\\MP  ",
    "SeriesDescription": "MPRAGE ADNI_iPAT2  ",
    "SeriesNumber": 4,
    "SliceOrder": "interleaved ",
    "SliceThickness": 1,
    "SliceTiming": null,
    "SoftwareVersions": "syngo MR B17 ",
    "dataset": "<unset>",
    "modality": "T1w",
    "run_id": 1,
    "session_id": "NAPEN00",
    "subject_id": "3974587"
  },
  "cjv": 0.4234513965179154,
  "cnr": 3.2265232517565283,
  "efc": 0.6138218457934878,
  "fber": 114.27145385742188,
  "fwhm_avg": 3.258423333333333,
  "fwhm_x": 3.32996,
  "fwhm_y": 3.3331,
  "fwhm_z": 3.11221,
  "icvs_csf": 0.20329870044532922,
  "icvs_gm": 0.405811596597639,
  "icvs_wm": 0.3908897029570318,
  "inu_med": 1.31020987033844,
  "inu_range": 0.39079761505126953,
  "provenance": {
    "md5sum": "5619d4d5a7401962865f275668fcee75",
    "settings": {
      "testing": false
    },
    "software": "mriqc",
    "version": "0.16.1",
    "warnings": {
      "large_rot_frame": true,
      "small_air_mask": false
    },
    "webapi_port": null,
    "webapi_url": "https://mriqc.nimh.nih.gov/api/v1"
  },
  "qi_1": 0.0,
  "qi_2": 0.005586591685471773,
  "rpve_csf": 28.289510843221144,
  "rpve_gm": 14.717484399515785,
  "rpve_wm": 18.605171634776017,
  "size_x": 176,
  "size_y": 240,
  "size_z": 256,
  "snr_csf": 2.8721176608150283,
  "snr_gm": 8.93002827407034,
  "snr_total": 9.771837406209173,
  "snr_wm": 17.513366283742148,
  "snrd_csf": 10.638387783427648,
  "snrd_gm": 23.78868651697816,
  "snrd_total": 23.054081697761337,
  "snrd_wm": 34.73517079287821,
  "spacing_x": 1.0,
  "spacing_y": 1.0,
  "spacing_z": 1.0,
  "summary_bg_k": 51.618052936876225,
  "summary_bg_mad": 18.860313897617665,
  "summary_bg_mean": 61.6744270324707,
  "summary_bg_median": 60.12929916381836,
  "summary_bg_n": 3080385.0,
  "summary_bg_p05": 32.914903259277345,
  "summary_bg_p95": 95.64039459228516,
  "summary_bg_stdv": 19.960241317749023,
  "summary_csf_k": 4.526546647849009,
  "summary_csf_mad": 101.18029427621873,
  "summary_csf_mean": 326.45831298828125,
  "summary_csf_median": 306.2619323730469,
  "summary_csf_n": 14631.0,
  "summary_csf_p05": 184.55744171142578,
  "summary_csf_p95": 517.3138122558594,
  "summary_csf_stdv": 106.629150390625,
  "summary_gm_k": -0.1439730691535943,
  "summary_gm_mad": 77.63065927859252,
  "summary_gm_mean": 683.7019653320312,
  "summary_gm_median": 684.8377075195312,
  "summary_gm_n": 11288.0,
  "summary_gm_p05": 554.6063751220703,
  "summary_gm_p95": 807.7303863525391,
  "summary_gm_stdv": 76.6859130859375,
  "summary_wm_k": 0.22965638751248196,
  "summary_wm_mad": 55.81222750928571,
  "summary_wm_mean": 999.8362426757812,
  "summary_wm_median": 999.96923828125,
  "summary_wm_n": 201453.0,
  "summary_wm_p05": 905.9527954101563,
  "summary_wm_p95": 1093.29814453125,
  "summary_wm_stdv": 57.097347259521484,
  "tpm_overlap_csf": 0.18081431090831757,
  "tpm_overlap_gm": 0.426544725894928,
  "tpm_overlap_wm": 0.5144913196563721,
  "wm2max": 0.5154809370991896
}