{
  "bids_meta": {
    "AcquisitionNumber": 1,
    "DeviceSerialNumber": "35442  ",
    "EchoNumber": 1,
    "EchoTime": 0.00298,
    "FlipAngle": 9,
    "ImageOrientationPatientDICOM": [
      "-0.0186413315068",
      "0.99634132478288",
      "0.08340542721881",
      "-0.0178046430684",
      "0.08307589184856",
      "-0.9963841582837  "
    ],
    "ImageType": [
      "ORIGINAL",
      "PRIMARY",
      "M",
      "ND",
      "NORM "
    ],
    "ImagingFrequency": 123.24717,
    "InPlanePhaseEncodingDirectionDICOM": "ROW  ",
    "IntendedFor": [
      "ses-PREBL00/fmap/sub-7895257_ses-PREBL00_run-002_phasediff.nii.gz",
      "ses-PREBL00/fmap/sub-7895257_ses-PREBL00_run-001_phasediff.nii.gz",
      "ses-PREBL00/func/sub-7895257_ses-PREBL00_task-encoding_run-001_bold.nii.gz",
      "ses-PREBL00/func/sub-7895257_ses-PREBL00_task-retrieval_run-001_bold.nii.gz",
      "ses-PREBL00/fmap/sub-7895257_ses-PREBL00_run-003_phasediff.nii.gz",
      "ses-PREBL00/func/sub-7895257_ses-PREBL00_task-rest_run-001_bold.nii.gz",
      "ses-PREBL00/anat/sub-7895257_ses-PREBL00_run-001_T2star.nii.gz",
      "ses-PREBL00/asl/sub-7895257_ses-PREBL00_run-001_asl.nii.gz",
      "ses-PREBL00/func/sub-7895257_ses-PREBL00_task-rest_run-002_bold.nii.gz"
    ],
    "InversionTime": 0.9,
    "MRAcquisitionType": "3D ",
    "MagneticFieldStrength": 3,
    "Manufacturer": "SIEMENS  ",
    "ManufacturerModelName": "TrioTim  ",
    "Modality": "MRI__ ",
    "PatientPosition": "HFS  ",
    "PercentPhaseFOV": 93.75,
    "PhaseEncodingSteps": 239,
    "PixelBandwidth": 238,
    "ProtocolName": "MPRAGE ADNI_iPAT2  ",
    "PulseSequenceType": "*tfl3d1_ns ",
    "ReceiveCoilName": "HeadMatrixix\\\\ ",
    "RepetitionTime": 2.3,
    "SAR": 0.07282866521417,
    "ScanningSequence": "GR\\\\IR  ",
    "SequenceName": "*tfl3d1_ns ",
    "SequenceVariant": "SP\\\\MP  ",
    "SeriesDescription": "MPRAGE ADNI_iPAT2  ",
    "SeriesNumber": 12,
    "SliceOrder": "interleaved ",
    "SliceThickness": 1,
    "SliceTiming": null,
    "SoftwareVersions": "syngo MR B17 ",
    "dataset": "<unset>",
    "modality": "T1w",
    "run_id": 1,
    "session_id": "PREBL00",
    "subject_id": "7895257"
  },
  "cjv": 0.39904144269581787,
  "cnr": 3.456327540561039,
  "efc": 0.5920758782617696,
  "fber": 150.51461791992188,
  "fwhm_avg": 3.35434,
  "fwhm_x": 3.36292,
  "fwhm_y": 3.53381,
  "fwhm_z": 3.16629,
  "icvs_csf": 0.2151401353666809,
  "icvs_gm": 0.4124555416960201,
  "icvs_wm": 0.37240432293729897,
  "inu_med": 1.3853027820587158,
  "inu_range": 0.3822523057460785,
  "provenance": {
    "md5sum": "8a7d6b30550f72c45bc50c0293193509",
    "settings": {
      "testing": false
    },
    "software": "mriqc",
    "version": "0.16.1",
    "warnings": {
      "large_rot_frame": true,
      "small_air_mask": false
    },
    "webapi_port": null,
    "webapi_url": "https://mriqc.nimh.nih.gov/api/v1"
  },
  "qi_1": 0.0,
  "qi_2": 0.005002523074502515,
  "rpve_csf": 27.35489203245903,
  "rpve_gm": 14.56219860652852,
  "rpve_wm": 19.11317864488076,
  "size_x": 176,
  "size_y": 240,
  "size_z": 256,
  "snr_csf": 2.9539209445207324,
  "snr_gm": 8.064070756200238,
  "snr_total": 9.33736957263495,
  "snr_wm": 16.99411701718388,
  "snrd_csf": 11.84971511588352,
  "snrd_gm": 25.85933481251755,
  "snrd_total": 25.837866999840088,
  "snrd_wm": 39.8045510711192,
  "spacing_x": 1.0,
  "spacing_y": 1.0,
  "spacing_z": 1.0,
  "summary_bg_k": 766.667048600748,
  "summary_bg_mad": 16.458720458695137,
  "summary_bg_mean": 49.94997787475586,
  "summary_bg_median": 48.5230598449707,
  "summary_bg_n": 3035003.0,
  "summary_bg_p05": 24.839945411682127,
  "summary_bg_p95": 79.24409866333008,
  "summary_bg_stdv": 17.94524574279785,
  "summary_csf_k": 0.4690823034329381,
  "summary_csf_mad": 97.26060357971537,
  "summary_csf_mean": 314.44158935546875,
  "summary_csf_median": 297.69549560546875,
  "summary_csf_n": 21798.0,
  "summary_csf_p05": 174.05793457031248,
  "summary_csf_p95": 497.0765960693357,
  "summary_csf_stdv": 100.7774658203125,
  "summary_gm_k": -0.15515588609281217,
  "summary_gm_mad": 82.75013432808258,
  "summary_gm_mean": 650.4786376953125,
  "summary_gm_median": 649.6533813476562,
  "summary_gm_n": 13340.0,
  "summary_gm_p05": 518.990609741211,
  "summary_gm_p95": 782.9795074462891,
  "summary_gm_stdv": 80.5584487915039,
  "summary_wm_k": 0.26723947822167027,
  "summary_wm_mad": 57.050006711301634,
  "summary_wm_mean": 999.5592651367188,
  "summary_wm_median": 999.9932861328125,
  "summary_wm_n": 179914.0,
  "summary_wm_p05": 902.2507629394531,
  "summary_wm_p95": 1095.2721008300782,
  "summary_wm_stdv": 58.84333419799805,
  "tpm_overlap_csf": 0.16710883378982544,
  "tpm_overlap_gm": 0.4201592206954956,
  "tpm_overlap_wm": 0.4822559356689453,
  "wm2max": 0.5532156739045178
}