{
  "bids_meta": {
    "AcquisitionNumber": 1,
    "DeviceSerialNumber": "35442  ",
    "EchoNumber": 1,
    "EchoTime": 0.00298,
    "FlipAngle": 9,
    "ImageOrientationPatientDICOM": [
      "-0.0135153948308",
      "0.99990866288005",
      "1.6556818e-008",
      "0.03106843551351",
      "0.00041995707923",
      "-0.9995171714137  "
    ],
    "ImageType": [
      "ORIGINAL",
      "PRIMARY",
      "M",
      "ND",
      "NORM "
    ],
    "ImagingFrequency": 123.24712,
    "InPlanePhaseEncodingDirectionDICOM": "ROW  ",
    "IntendedFor": [
      "ses-NAPFU03/func/sub-9939055_ses-NAPFU03_task-rest_run-001_bold.nii.gz",
      "ses-NAPFU03/asl/sub-9939055_ses-NAPFU03_run-001_asl.nii.gz",
      "ses-NAPFU03/fmap/sub-9939055_ses-NAPFU03_run-001_phasediff.nii.gz",
      "ses-NAPFU03/fmap/sub-9939055_ses-NAPFU03_run-003_phasediff.nii.gz",
      "ses-NAPFU03/anat/sub-9939055_ses-NAPFU03_run-001_T2star.nii.gz",
      "ses-NAPFU03/func/sub-9939055_ses-NAPFU03_task-rest_run-002_bold.nii.gz",
      "ses-NAPFU03/func/sub-9939055_ses-NAPFU03_task-encoding_run-001_bold.nii.gz",
      "ses-NAPFU03/func/sub-9939055_ses-NAPFU03_task-retrieval_run-001_bold.nii.gz",
      "ses-NAPFU03/fmap/sub-9939055_ses-NAPFU03_run-002_phasediff.nii.gz"
    ],
    "InversionTime": 0.9,
    "MRAcquisitionType": "3D ",
    "MagneticFieldStrength": 3,
    "Manufacturer": "SIEMENS  ",
    "ManufacturerModelName": "TrioTim  ",
    "Modality": "MRI__ ",
    "PatientPosition": "HFS  ",
    "PercentPhaseFOV": 93.75,
    "PhaseEncodingSteps": 239,
    "PixelBandwidth": 238,
    "ProtocolName": "MPRAGE ADNI_iPAT2  ",
    "PulseSequenceType": "*tfl3d1_ns ",
    "ReceiveCoilName": "HeadMatrixix\\\\ ",
    "RepetitionTime": 2.3,
    "SAR": 0.08831350703367,
    "ScanningSequence": "GR\\\\IR  ",
    "SequenceName": "*tfl3d1_ns ",
    "SequenceVariant": "SP\\\\MP  ",
    "SeriesDescription": "MPRAGE ADNI_iPAT2  ",
    "SeriesNumber": 12,
    "SliceOrder": "interleaved ",
    "SliceThickness": 1,
    "SliceTiming": null,
    "SoftwareVersions": "syngo MR B17 ",
    "dataset": "<unset>",
    "modality": "T1w",
    "run_id": 1,
    "session_id": "NAPFU03",
    "subject_id": "9939055"
  },
  "cjv": 0.44541900596087364,
  "cnr": 2.96308908798205,
  "efc": 0.5760308386121942,
  "fber": 104.70806121826172,
  "fwhm_avg": 3.201786666666667,
  "fwhm_x": 3.26465,
  "fwhm_y": 3.34513,
  "fwhm_z": 2.99558,
  "icvs_csf": 0.19779478052505758,
  "icvs_gm": 0.413444517124497,
  "icvs_wm": 0.3887607023504454,
  "inu_med": 1.421257734298706,
  "inu_range": 0.39819260835647574,
  "provenance": {
    "md5sum": "794fb2d50f23f9e85814395da66c8903",
    "settings": {
      "testing": false
    },
    "software": "mriqc",
    "version": "0.16.1",
    "warnings": {
      "large_rot_frame": false,
      "small_air_mask": false
    },
    "webapi_port": null,
    "webapi_url": "https://mriqc.nimh.nih.gov/api/v1"
  },
  "qi_1": 0.0,
  "qi_2": 0.004298660852524542,
  "rpve_csf": 33.28426092531055,
  "rpve_gm": 16.772341156483396,
  "rpve_wm": 21.7699912971321,
  "size_x": 176,
  "size_y": 240,
  "size_z": 256,
  "snr_csf": 2.622488314653961,
  "snr_gm": 9.265111934553213,
  "snr_total": 10.027748710241363,
  "snr_wm": 18.19564588151692,
  "snrd_csf": 11.162410459823102,
  "snrd_gm": 24.021678586501594,
  "snrd_total": 23.000767370864263,
  "snrd_wm": 33.818213066268086,
  "spacing_x": 1.0,
  "spacing_y": 1.0,
  "spacing_z": 1.0,
  "summary_bg_k": 1581.7419415829659,
  "summary_bg_mad": 19.372526088326506,
  "summary_bg_mean": 64.65290069580078,
  "summary_bg_median": 62.82430648803711,
  "summary_bg_n": 3416359.0,
  "summary_bg_p05": 34.59659538269043,
  "summary_bg_p95": 99.71559143066406,
  "summary_bg_stdv": 25.696090698242188,
  "summary_csf_k": -0.6914177966154855,
  "summary_csf_mad": 147.04834565666482,
  "summary_csf_mean": 351.5201110839844,
  "summary_csf_median": 330.0749206542969,
  "summary_csf_n": 7979.0,
  "summary_csf_p05": 179.80606536865233,
  "summary_csf_p95": 564.3880493164063,
  "summary_csf_stdv": 125.8553695678711,
  "summary_gm_k": -0.017671626569997656,
  "summary_gm_mad": 75.93594648878704,
  "summary_gm_mean": 711.77392578125,
  "summary_gm_median": 710.3262939453125,
  "summary_gm_n": 9869.0,
  "summary_gm_p05": 586.5311279296875,
  "summary_gm_p95": 841.4578735351563,
  "summary_gm_stdv": 76.66289520263672,
  "summary_wm_k": 0.2775509373772329,
  "summary_wm_mad": 53.095556213944775,
  "summary_wm_mean": 1000.0606079101562,
  "summary_wm_median": 1000.011962890625,
  "summary_wm_n": 165542.0,
  "summary_wm_p05": 909.8454040527344,
  "summary_wm_p95": 1089.8535522460936,
  "summary_wm_stdv": 54.95869445800781,
  "tpm_overlap_csf": 0.18042051792144775,
  "tpm_overlap_gm": 0.442656010389328,
  "tpm_overlap_wm": 0.5139179229736328,
  "wm2max": 0.49416383094143884
}