{
  "bids_meta": {
    "AcquisitionNumber": 1,
    "DeviceSerialNumber": "35442  ",
    "EchoNumber": 1,
    "EchoTime": 0.00298,
    "FlipAngle": 9,
    "ImageOrientationPatientDICOM": [
      "-0.0153738245926",
      "0.99962479638975",
      "0.02266962637881",
      "0.03914779266132",
      "0.02325668960975",
      "-0.9989627504157  "
    ],
    "ImageType": [
      "ORIGINAL",
      "PRIMARY",
      "M",
      "ND",
      "NORM "
    ],
    "ImagingFrequency": 123.251477,
    "InPlanePhaseEncodingDirectionDICOM": "ROW  ",
    "IntendedFor": [
      "ses-PREBL00/asl/sub-9889544_ses-PREBL00_run-001_asl.nii.gz",
      "ses-PREBL00/fmap/sub-9889544_ses-PREBL00_run-002_phasediff.nii.gz",
      "ses-PREBL00/func/sub-9889544_ses-PREBL00_task-rest_run-001_bold.nii.gz",
      "ses-PREBL00/anat/sub-9889544_ses-PREBL00_run-001_T2star.nii.gz",
      "ses-PREBL00/func/sub-9889544_ses-PREBL00_task-rest_run-002_bold.nii.gz",
      "ses-PREBL00/fmap/sub-9889544_ses-PREBL00_run-001_phasediff.nii.gz"
    ],
    "InversionTime": 0.9,
    "MRAcquisitionType": "3D ",
    "MagneticFieldStrength": 3,
    "Manufacturer": "SIEMENS  ",
    "ManufacturerModelName": "TrioTim  ",
    "Modality": "MRI__ ",
    "PatientPosition": "HFS  ",
    "PercentPhaseFOV": 93.75,
    "PhaseEncodingSteps": 239,
    "PixelBandwidth": 238,
    "ProtocolName": "MPRAGE ADNI_iPAT2  ",
    "PulseSequenceType": "*tfl3d1_ns ",
    "ReceiveCoilName": "HeadMatrixix\\\\ ",
    "RepetitionTime": 2.3,
    "SAR": 0.11188701304356,
    "ScanningSequence": "GR\\\\IR  ",
    "SequenceName": "*tfl3d1_ns ",
    "SequenceVariant": "SP\\\\MP  ",
    "SeriesDescription": "MPRAGE ADNI_iPAT2  ",
    "SeriesNumber": 11,
    "SliceOrder": "interleaved ",
    "SliceThickness": 1,
    "SliceTiming": null,
    "SoftwareVersions": "syngo MR B17 ",
    "dataset": "<unset>",
    "modality": "T1w",
    "run_id": 1,
    "session_id": "PREBL00",
    "subject_id": "9889544"
  },
  "cjv": 0.47839330002685093,
  "cnr": 2.8369469025682674,
  "efc": 0.6263572238636607,
  "fber": 83.93472290039062,
  "fwhm_avg": 3.2934133333333335,
  "fwhm_x": 3.3336,
  "fwhm_y": 3.46583,
  "fwhm_z": 3.08081,
  "icvs_csf": 0.21691319503799059,
  "icvs_gm": 0.3983224528111001,
  "icvs_wm": 0.38476435215090926,
  "inu_med": 1.2447606325149536,
  "inu_range": 0.41281571984291077,
  "provenance": {
    "md5sum": "90c0ff6c70a9daa8815f2455a3a59ed5",
    "settings": {
      "testing": false
    },
    "software": "mriqc",
    "version": "0.16.1",
    "warnings": {
      "large_rot_frame": true,
      "small_air_mask": false
    },
    "webapi_port": null,
    "webapi_url": "https://mriqc.nimh.nih.gov/api/v1"
  },
  "qi_1": 0.0,
  "qi_2": 0.004759107941334183,
  "rpve_csf": 25.610116512406435,
  "rpve_gm": 13.977862245232322,
  "rpve_wm": 17.73182676499911,
  "size_x": 176,
  "size_y": 240,
  "size_z": 256,
  "snr_csf": 3.308855926606045,
  "snr_gm": 9.252787375003287,
  "snr_total": 9.743052310167021,
  "snr_wm": 16.667513628891733,
  "snrd_csf": 10.213095614595472,
  "snrd_gm": 21.4640719061157,
  "snrd_total": 20.575424040825435,
  "snrd_wm": 30.049104601765137,
  "spacing_x": 1.0,
  "spacing_y": 1.0,
  "spacing_z": 1.0,
  "summary_bg_k": 437.5031806305507,
  "summary_bg_mad": 21.80219431596311,
  "summary_bg_mean": 72.52816772460938,
  "summary_bg_median": 70.34451293945312,
  "summary_bg_n": 2813921.0,
  "summary_bg_p05": 39.03252029418945,
  "summary_bg_p95": 112.93933868408203,
  "summary_bg_stdv": 24.15465545654297,
  "summary_csf_k": -0.10858887065617484,
  "summary_csf_mad": 108.87973155723093,
  "summary_csf_mean": 348.44683837890625,
  "summary_csf_median": 339.8802185058594,
  "summary_csf_n": 17419.0,
  "summary_csf_p05": 196.14857635498046,
  "summary_csf_p95": 525.5045288085937,
  "summary_csf_stdv": 102.71540069580078,
  "summary_gm_k": -0.10066982624082943,
  "summary_gm_mad": 78.23450477444749,
  "summary_gm_mean": 711.8798217773438,
  "summary_gm_median": 714.2999267578125,
  "summary_gm_n": 7745.0,
  "summary_gm_p05": 579.4286499023438,
  "summary_gm_p95": 838.6069946289062,
  "summary_gm_stdv": 77.19336700439453,
  "summary_wm_k": 0.22695582529921499,
  "summary_wm_mad": 58.44252528060544,
  "summary_wm_mean": 1000.2098999023438,
  "summary_wm_median": 1000.0000610351562,
  "summary_wm_n": 203167.0,
  "summary_wm_p05": 901.9600524902344,
  "summary_wm_p95": 1099.111328125,
  "summary_wm_stdv": 59.99680709838867,
  "tpm_overlap_csf": 0.18282990157604218,
  "tpm_overlap_gm": 0.432655394077301,
  "tpm_overlap_wm": 0.5186711549758911,
  "wm2max": 0.4625584336434025
}