{
  "bids_meta": {
    "AcquisitionNumber": 1,
    "DeviceSerialNumber": "35442  ",
    "EchoNumber": 1,
    "EchoTime": 0.00298,
    "FlipAngle": 9,
    "ImageOrientationPatientDICOM": [
      "0.0218540542988",
      "0.99915245738108",
      "-0.0348821905857",
      "0.03074441655911",
      "-0.0355456635246",
      "-0.9988950328513 "
    ],
    "ImageType": [
      "ORIGINAL",
      "PRIMARY",
      "M",
      "ND",
      "NORM "
    ],
    "ImagingFrequency": 123.247188,
    "InPlanePhaseEncodingDirectionDICOM": "ROW  ",
    "IntendedFor": [
      "ses-NAPFU12/func/sub-3360165_ses-NAPFU12_task-rest_run-001_bold.nii.gz",
      "ses-NAPFU12/fmap/sub-3360165_ses-NAPFU12_run-001_phasediff.nii.gz",
      "ses-NAPFU12/fmap/sub-3360165_ses-NAPFU12_run-002_phasediff.nii.gz",
      "ses-NAPFU12/fmap/sub-3360165_ses-NAPFU12_run-003_phasediff.nii.gz",
      "ses-NAPFU12/anat/sub-3360165_ses-NAPFU12_run-001_T2star.nii.gz",
      "ses-NAPFU12/func/sub-3360165_ses-NAPFU12_task-rest_run-002_bold.nii.gz",
      "ses-NAPFU12/func/sub-3360165_ses-NAPFU12_task-retrieval_run-001_bold.nii.gz",
      "ses-NAPFU12/asl/sub-3360165_ses-NAPFU12_run-001_asl.nii.gz",
      "ses-NAPFU12/func/sub-3360165_ses-NAPFU12_task-encoding_run-001_bold.nii.gz"
    ],
    "InversionTime": 0.9,
    "MRAcquisitionType": "3D ",
    "MagneticFieldStrength": 3,
    "Manufacturer": "SIEMENS  ",
    "ManufacturerModelName": "TrioTim  ",
    "Modality": "MRI__ ",
    "PatientPosition": "HFS  ",
    "PercentPhaseFOV": 93.75,
    "PhaseEncodingSteps": 239,
    "PixelBandwidth": 238,
    "ProtocolName": "MPRAGE ADNI_iPAT2  ",
    "PulseSequenceType": "*tfl3d1_ns ",
    "ReceiveCoilName": "HeadMatrixix\\\\ ",
    "RepetitionTime": 2.3,
    "SAR": 0.09647581238418,
    "ScanningSequence": "GR\\\\IR  ",
    "SequenceName": "*tfl3d1_ns ",
    "SequenceVariant": "SP\\\\MP  ",
    "SeriesDescription": "MPRAGE ADNI_iPAT2  ",
    "SeriesNumber": 12,
    "SliceOrder": "interleaved ",
    "SliceThickness": 1,
    "SliceTiming": null,
    "SoftwareVersions": "syngo MR B17 ",
    "dataset": "<unset>",
    "modality": "T1w",
    "run_id": 1,
    "session_id": "NAPFU12",
    "subject_id": "3360165"
  },
  "cjv": 0.40926925666819775,
  "cnr": 3.2402457529061266,
  "efc": 0.6617277657874268,
  "fber": 95.57298278808594,
  "fwhm_avg": 3.0191266666666663,
  "fwhm_x": 3.06058,
  "fwhm_y": 3.08513,
  "fwhm_z": 2.91167,
  "icvs_csf": 0.19553206975310486,
  "icvs_gm": 0.41872190824332656,
  "icvs_wm": 0.3857460220035686,
  "inu_med": 1.2173312902450562,
  "inu_range": 0.43906416296958906,
  "provenance": {
    "md5sum": "4c37f7d28c346747e62b55193845eca5",
    "settings": {
      "testing": false
    },
    "software": "mriqc",
    "version": "0.16.1",
    "warnings": {
      "large_rot_frame": true,
      "small_air_mask": false
    },
    "webapi_port": null,
    "webapi_url": "https://mriqc.nimh.nih.gov/api/v1"
  },
  "qi_1": 0.0,
  "qi_2": 0.00514871072675123,
  "rpve_csf": 26.44585543391004,
  "rpve_gm": 12.885834108845675,
  "rpve_wm": 16.327184046541063,
  "size_x": 176,
  "size_y": 240,
  "size_z": 256,
  "snr_csf": 1.0767970759330774,
  "snr_gm": 8.42760199860924,
  "snr_total": 8.420027556951121,
  "snr_wm": 15.755683596311044,
  "snrd_csf": 9.775712432625097,
  "snrd_gm": 20.899064688202483,
  "snrd_total": 20.74376716069222,
  "snrd_wm": 31.556524361249082,
  "spacing_x": 1.0,
  "spacing_y": 1.0,
  "spacing_z": 1.0,
  "summary_bg_k": 1401.909631334744,
  "summary_bg_mad": 20.76036175572554,
  "summary_bg_mean": 68.54820251464844,
  "summary_bg_median": 66.29337310791016,
  "summary_bg_n": 2483692.0,
  "summary_bg_p05": 36.3589750289917,
  "summary_bg_p95": 106.97360191345209,
  "summary_bg_stdv": 25.695308685302734,
  "summary_csf_k": 14.058784767244095,
  "summary_csf_mad": 111.98887301534873,
  "summary_csf_mean": 381.9287109375,
  "summary_csf_median": 309.77874755859375,
  "summary_csf_n": 19344.0,
  "summary_csf_p05": 173.97310943603514,
  "summary_csf_p95": 771.4894958496094,
  "summary_csf_stdv": 287.67791748046875,
  "summary_gm_k": 0.06526269549358421,
  "summary_gm_mad": 77.31882778170713,
  "summary_gm_mean": 661.55517578125,
  "summary_gm_median": 662.2623291015625,
  "summary_gm_n": 14265.0,
  "summary_gm_p05": 530.5968872070313,
  "summary_gm_p95": 789.1404052734374,
  "summary_gm_stdv": 78.57978057861328,
  "summary_wm_k": 0.36082780478448173,
  "summary_wm_mad": 60.89962354959241,
  "summary_wm_mean": 1000.94873046875,
  "summary_wm_median": 999.982421875,
  "summary_wm_n": 198249.0,
  "summary_wm_p05": 898.0159545898438,
  "summary_wm_p95": 1106.5904541015625,
  "summary_wm_stdv": 63.4678840637207,
  "tpm_overlap_csf": 0.15653888881206512,
  "tpm_overlap_gm": 0.4118466079235077,
  "tpm_overlap_wm": 0.48382359743118286,
  "wm2max": 0.5008121203310337
}