{
  "bids_meta": {
    "AcquisitionNumber": 1,
    "DeviceSerialNumber": "35442  ",
    "EchoNumber": 1,
    "EchoTime": 0.00298,
    "FlipAngle": 9,
    "ImageOrientationPatientDICOM": [
      "-0.0645572839593",
      "0.99593925119748",
      "-0.0627484263707",
      "-0.0325375183469",
      "-0.064946919118",
      "-0.9973581140177 "
    ],
    "ImageType": [
      "ORIGINAL",
      "PRIMARY",
      "M",
      "ND",
      "NORM "
    ],
    "ImagingFrequency": 123.246995,
    "InPlanePhaseEncodingDirectionDICOM": "ROW  ",
    "IntendedFor": [
      "ses-NAPBL00/func/sub-9605091_ses-NAPBL00_task-rest_run-001_bold.nii.gz",
      "ses-NAPBL00/asl/sub-9605091_ses-NAPBL00_run-001_asl.nii.gz",
      "ses-NAPBL00/func/sub-9605091_ses-NAPBL00_task-rest_run-002_bold.nii.gz",
      "ses-NAPBL00/func/sub-9605091_ses-NAPBL00_task-encoding_run-001_bold.nii.gz",
      "ses-NAPBL00/anat/sub-9605091_ses-NAPBL00_run-001_T2star.nii.gz",
      "ses-NAPBL00/fmap/sub-9605091_ses-NAPBL00_run-002_phasediff.nii.gz",
      "ses-NAPBL00/fmap/sub-9605091_ses-NAPBL00_run-001_phasediff.nii.gz",
      "ses-NAPBL00/fmap/sub-9605091_ses-NAPBL00_run-003_phasediff.nii.gz",
      "ses-NAPBL00/func/sub-9605091_ses-NAPBL00_task-retrieval_run-001_bold.nii.gz"
    ],
    "InversionTime": 0.9,
    "MRAcquisitionType": "3D ",
    "MagneticFieldStrength": 3,
    "Manufacturer": "SIEMENS  ",
    "ManufacturerModelName": "TrioTim  ",
    "Modality": "MRI__ ",
    "PatientPosition": "HFS  ",
    "PercentPhaseFOV": 93.75,
    "PhaseEncodingSteps": 239,
    "PixelBandwidth": 238,
    "ProtocolName": "MPRAGE ADNI_iPAT2  ",
    "PulseSequenceType": "*tfl3d1_ns ",
    "ReceiveCoilName": "HeadMatrixix\\\\ ",
    "RepetitionTime": 2.3,
    "SAR": 0.08791728860514,
    "ScanningSequence": "GR\\\\IR  ",
    "SequenceName": "*tfl3d1_ns ",
    "SequenceVariant": "SP\\\\MP  ",
    "SeriesDescription": "MPRAGE ADNI_iPAT2  ",
    "SeriesNumber": 13,
    "SliceOrder": "interleaved ",
    "SliceThickness": 1,
    "SliceTiming": null,
    "SoftwareVersions": "syngo MR B17 ",
    "dataset": "<unset>",
    "modality": "T1w",
    "run_id": 1,
    "session_id": "NAPBL00",
    "subject_id": "9605091"
  },
  "cjv": 0.5391003904549261,
  "cnr": 2.469862075593305,
  "efc": 0.6595060594147367,
  "fber": 78.65542602539062,
  "fwhm_avg": 3.2250933333333336,
  "fwhm_x": 3.30087,
  "fwhm_y": 3.32323,
  "fwhm_z": 3.05118,
  "icvs_csf": 0.20112857822842056,
  "icvs_gm": 0.39642176787185474,
  "icvs_wm": 0.4024496538997247,
  "inu_med": 1.3628790378570557,
  "inu_range": 0.5480077624320985,
  "provenance": {
    "md5sum": "54d6a3ce1f53c0694588bad7d62f3f59",
    "settings": {
      "testing": false
    },
    "software": "mriqc",
    "version": "0.16.1",
    "warnings": {
      "large_rot_frame": true,
      "small_air_mask": false
    },
    "webapi_port": null,
    "webapi_url": "https://mriqc.nimh.nih.gov/api/v1"
  },
  "qi_1": 0.0,
  "qi_2": 0.003964015928774657,
  "rpve_csf": 24.15913093216713,
  "rpve_gm": 12.317781985606448,
  "rpve_wm": 14.796177043499373,
  "size_x": 176,
  "size_y": 240,
  "size_z": 256,
  "snr_csf": 2.632929270704197,
  "snr_gm": 8.872197293960145,
  "snr_total": 8.821560567329067,
  "snr_wm": 14.95955513732286,
  "snrd_csf": 9.14991130960023,
  "snrd_gm": 19.83034883604138,
  "snrd_total": 18.754623563630787,
  "snrd_wm": 27.283610545250752,
  "spacing_x": 1.0,
  "spacing_y": 1.0,
  "spacing_z": 1.0,
  "summary_bg_k": 1388.3867711943708,
  "summary_bg_mad": 24.01274458647858,
  "summary_bg_mean": 79.95020294189453,
  "summary_bg_median": 77.48915100097656,
  "summary_bg_n": 2695544.0,
  "summary_bg_p05": 42.923607635498044,
  "summary_bg_p95": 124.01929550170902,
  "summary_bg_stdv": 32.47356033325195,
  "summary_csf_k": -0.10839552830084109,
  "summary_csf_mad": 130.72268634907283,
  "summary_csf_mean": 356.60760498046875,
  "summary_csf_median": 335.37213134765625,
  "summary_csf_n": 12909.0,
  "summary_csf_p05": 179.8817565917969,
  "summary_csf_p95": 585.5308105468749,
  "summary_csf_stdv": 127.3711166381836,
  "summary_gm_k": -0.10132840186003378,
  "summary_gm_mad": 81.99684318013641,
  "summary_gm_mean": 726.324462890625,
  "summary_gm_median": 726.8427124023438,
  "summary_gm_n": 8638.0,
  "summary_gm_p05": 588.891390991211,
  "summary_gm_p95": 860.6817443847656,
  "summary_gm_stdv": 81.91889953613281,
  "summary_wm_k": 0.1979344549419122,
  "summary_wm_mad": 65.27716405382324,
  "summary_wm_mean": 1001.2793579101562,
  "summary_wm_median": 1000.0274658203125,
  "summary_wm_n": 224416.0,
  "summary_wm_p05": 893.3619995117188,
  "summary_wm_p95": 1113.2597961425781,
  "summary_wm_stdv": 66.84859466552734,
  "tpm_overlap_csf": 0.16663141548633575,
  "tpm_overlap_gm": 0.4142303168773651,
  "tpm_overlap_wm": 0.49516019225120544,
  "wm2max": 0.44982787829025916
}