{
  "bids_meta": {
    "AcquisitionNumber": 1,
    "DeviceSerialNumber": "35442  ",
    "EchoNumber": 1,
    "EchoTime": 0.00298,
    "FlipAngle": 9,
    "ImageOrientationPatientDICOM": [
      "-0.0117463846936",
      "0.99993094884976",
      "-0.0003463799268",
      "0.123040468314",
      "0.00110160894051",
      "-0.9924010427316  "
    ],
    "ImageType": [
      "ORIGINAL",
      "PRIMARY",
      "M",
      "ND",
      "NORM "
    ],
    "ImagingFrequency": 123.247209,
    "InPlanePhaseEncodingDirectionDICOM": "ROW  ",
    "IntendedFor": [
      "ses-PREEN00/dwi/sub-4136011_ses-PREEN00_run-001_dwi.nii.gz",
      "ses-PREEN00/fmap/sub-4136011_ses-PREEN00_run-001_phasediff.nii.gz",
      "ses-PREEN00/fmap/sub-4136011_ses-PREEN00_run-002_phasediff.nii.gz",
      "ses-PREEN00/anat/sub-4136011_ses-PREEN00_run-001_FLAIR.nii.gz"
    ],
    "InversionTime": 0.9,
    "MRAcquisitionType": "3D ",
    "MagneticFieldStrength": 3,
    "Manufacturer": "SIEMENS  ",
    "ManufacturerModelName": "TrioTim  ",
    "Modality": "MRI__ ",
    "PatientPosition": "HFS  ",
    "PercentPhaseFOV": 93.75,
    "PhaseEncodingSteps": 239,
    "PixelBandwidth": 238,
    "ProtocolName": "MPRAGE ADNI_iPAT2  ",
    "PulseSequenceType": "*tfl3d1_ns ",
    "ReceiveCoilName": "HeadMatrixix\\\\ ",
    "RepetitionTime": 2.3,
    "SAR": 0.09256161059843,
    "ScanningSequence": "GR\\\\IR  ",
    "SequenceName": "*tfl3d1_ns ",
    "SequenceVariant": "SP\\\\MP  ",
    "SeriesDescription": "MPRAGE ADNI_iPAT2  ",
    "SeriesNumber": 4,
    "SliceOrder": "interleaved ",
    "SliceThickness": 1,
    "SliceTiming": null,
    "SoftwareVersions": "syngo MR B17 ",
    "dataset": "<unset>",
    "modality": "T1w",
    "run_id": 1,
    "session_id": "PREEN00",
    "subject_id": "4136011"
  },
  "cjv": 0.4292496982100721,
  "cnr": 3.1184182588030733,
  "efc": 0.6002428107105375,
  "fber": 107.29801177978516,
  "fwhm_avg": 3.25714,
  "fwhm_x": 3.32456,
  "fwhm_y": 3.36354,
  "fwhm_z": 3.08332,
  "icvs_csf": 0.21283666062540219,
  "icvs_gm": 0.40746356323999117,
  "icvs_wm": 0.37969977613460665,
  "inu_med": 1.4509459733963013,
  "inu_range": 0.3718058586120605,
  "provenance": {
    "md5sum": "61744d34a9535ff0cf1155611f71d15c",
    "settings": {
      "testing": false
    },
    "software": "mriqc",
    "version": "0.16.1",
    "warnings": {
      "large_rot_frame": false,
      "small_air_mask": false
    },
    "webapi_port": null,
    "webapi_url": "https://mriqc.nimh.nih.gov/api/v1"
  },
  "qi_1": 0.0,
  "qi_2": 0.004936393260691611,
  "rpve_csf": 29.177042030134814,
  "rpve_gm": 15.568593073214526,
  "rpve_wm": 20.16160958775648,
  "size_x": 176,
  "size_y": 240,
  "size_z": 256,
  "snr_csf": 3.2948728839673804,
  "snr_gm": 8.750360701534383,
  "snr_total": 9.62409070607182,
  "snr_wm": 16.827038532713697,
  "snrd_csf": 10.539231308899565,
  "snrd_gm": 24.95224063849098,
  "snrd_total": 23.996776434209366,
  "snrd_wm": 36.49885735523755,
  "spacing_x": 1.0,
  "spacing_y": 1.0,
  "spacing_z": 1.0,
  "summary_bg_k": 1904.1387507796412,
  "summary_bg_mad": 17.949543206087906,
  "summary_bg_mean": 59.017608642578125,
  "summary_bg_median": 57.092063903808594,
  "summary_bg_n": 2995198.0,
  "summary_bg_p05": 31.50935354232788,
  "summary_bg_p95": 91.36919326782227,
  "summary_bg_stdv": 25.624469757080078,
  "summary_csf_k": 1.406527492962331,
  "summary_csf_mad": 76.57974369847688,
  "summary_csf_mean": 302.879150390625,
  "summary_csf_median": 288.7557373046875,
  "summary_csf_n": 18135.0,
  "summary_csf_p05": 184.80181884765625,
  "summary_csf_p95": 471.9870330810546,
  "summary_csf_stdv": 87.63548278808594,
  "summary_gm_k": -0.07431654390621922,
  "summary_gm_mad": 78.54316909130068,
  "summary_gm_mean": 681.2269287109375,
  "summary_gm_median": 683.6459350585938,
  "summary_gm_n": 9687.0,
  "summary_gm_p05": 547.9299560546875,
  "summary_gm_p95": 806.6205810546875,
  "summary_gm_stdv": 78.12371063232422,
  "summary_wm_k": 0.3242338801213025,
  "summary_wm_mad": 57.25266098793392,
  "summary_wm_mean": 1001.1588134765625,
  "summary_wm_median": 1000.002197265625,
  "summary_wm_n": 173996.0,
  "summary_wm_p05": 905.81689453125,
  "summary_wm_p95": 1101.0845642089844,
  "summary_wm_stdv": 59.428123474121094,
  "tpm_overlap_csf": 0.16487252712249756,
  "tpm_overlap_gm": 0.41278091073036194,
  "tpm_overlap_wm": 0.4924532175064087,
  "wm2max": 0.5342398536807642
}