{
  "bids_meta": {
    "AcquisitionNumber": 1,
    "DeviceSerialNumber": "35442  ",
    "EchoNumber": 1,
    "EchoTime": 0.00298,
    "FlipAngle": 9,
    "ImageOrientationPatientDICOM": [
      "0.01675621859878",
      "0.99605388224623",
      "0.08715441928254",
      "0.00701694230227",
      "0.08704736417191",
      "-0.9961794611974  "
    ],
    "ImageType": [
      "ORIGINAL",
      "PRIMARY",
      "M",
      "ND",
      "NORM "
    ],
    "ImagingFrequency": 123.247225,
    "InPlanePhaseEncodingDirectionDICOM": "ROW  ",
    "IntendedFor": [
      "ses-NAPFU03/fmap/sub-2111048_ses-NAPFU03_run-002_phasediff.nii.gz",
      "ses-NAPFU03/anat/sub-2111048_ses-NAPFU03_run-002_T1w.nii.gz",
      "ses-NAPFU03/func/sub-2111048_ses-NAPFU03_task-rest_run-002_bold.nii.gz",
      "ses-NAPFU03/fmap/sub-2111048_ses-NAPFU03_run-003_phasediff.nii.gz",
      "ses-NAPFU03/func/sub-2111048_ses-NAPFU03_task-retrieval_run-001_bold.nii.gz",
      "ses-NAPFU03/anat/sub-2111048_ses-NAPFU03_run-001_T2star.nii.gz",
      "ses-NAPFU03/asl/sub-2111048_ses-NAPFU03_run-001_asl.nii.gz",
      "ses-NAPFU03/func/sub-2111048_ses-NAPFU03_task-rest_run-001_bold.nii.gz",
      "ses-NAPFU03/func/sub-2111048_ses-NAPFU03_task-encoding_run-001_bold.nii.gz",
      "ses-NAPFU03/fmap/sub-2111048_ses-NAPFU03_run-001_phasediff.nii.gz"
    ],
    "InversionTime": 0.9,
    "MRAcquisitionType": "3D ",
    "MagneticFieldStrength": 3,
    "Manufacturer": "SIEMENS  ",
    "ManufacturerModelName": "TrioTim  ",
    "Modality": "MRI__ ",
    "PatientPosition": "HFS  ",
    "PercentPhaseFOV": 93.75,
    "PhaseEncodingSteps": 239,
    "PixelBandwidth": 238,
    "ProtocolName": "MPRAGE ADNI_iPAT2  ",
    "PulseSequenceType": "*tfl3d1_ns ",
    "ReceiveCoilName": "HeadMatrixix\\\\ ",
    "RepetitionTime": 2.3,
    "SAR": 0.09856832417889,
    "ScanningSequence": "GR\\\\IR  ",
    "SequenceName": "*tfl3d1_ns ",
    "SequenceVariant": "SP\\\\MP  ",
    "SeriesDescription": "MPRAGE ADNI_iPAT2  ",
    "SeriesNumber": 12,
    "SliceOrder": "interleaved ",
    "SliceThickness": 1,
    "SliceTiming": null,
    "SoftwareVersions": "syngo MR B17 ",
    "dataset": "<unset>",
    "modality": "T1w",
    "run_id": 1,
    "session_id": "NAPFU03",
    "subject_id": "2111048"
  },
  "cjv": 0.4079263916112607,
  "cnr": 3.367566981944621,
  "efc": 0.6089561433671756,
  "fber": 153.6084747314453,
  "fwhm_avg": 3.1117833333333333,
  "fwhm_x": 3.13914,
  "fwhm_y": 3.27702,
  "fwhm_z": 2.91919,
  "icvs_csf": 0.1809657799815849,
  "icvs_gm": 0.43437336509518704,
  "icvs_wm": 0.3846608549232281,
  "inu_med": 1.4113492965698242,
  "inu_range": 0.30354761481285086,
  "provenance": {
    "md5sum": "09deea441f58dd0d63409f1744c92da2",
    "settings": {
      "testing": false
    },
    "software": "mriqc",
    "version": "0.16.1",
    "warnings": {
      "large_rot_frame": true,
      "small_air_mask": false
    },
    "webapi_port": null,
    "webapi_url": "https://mriqc.nimh.nih.gov/api/v1"
  },
  "qi_1": 0.0,
  "qi_2": 0.003718165770035645,
  "rpve_csf": 34.79399744365525,
  "rpve_gm": 15.678617157490397,
  "rpve_wm": 20.53202836099141,
  "size_x": 176,
  "size_y": 240,
  "size_z": 256,
  "snr_csf": 2.9989269422172664,
  "snr_gm": 9.425687829206053,
  "snr_total": 9.367674517453095,
  "snr_wm": 15.678408780935964,
  "snrd_csf": 13.05354579753244,
  "snrd_gm": 25.538429316439657,
  "snrd_total": 25.551679765041797,
  "snrd_wm": 38.06306418115329,
  "spacing_x": 1.0,
  "spacing_y": 1.0,
  "spacing_z": 1.0,
  "summary_bg_k": 44.484399068135396,
  "summary_bg_mad": 17.211655298887674,
  "summary_bg_mean": 49.19060516357422,
  "summary_bg_median": 45.605262756347656,
  "summary_bg_n": 2949519.0,
  "summary_bg_p05": 22.705558586120606,
  "summary_bg_p95": 84.61222381591797,
  "summary_bg_stdv": 20.316532135009766,
  "summary_csf_k": 2.2510617442264635,
  "summary_csf_mad": 112.21499835829113,
  "summary_csf_mean": 354.1150207519531,
  "summary_csf_median": 342.9410095214844,
  "summary_csf_n": 9067.0,
  "summary_csf_p05": 188.30295104980468,
  "summary_csf_p95": 551.7584167480463,
  "summary_csf_stdv": 114.3482666015625,
  "summary_gm_k": -0.06738872863899559,
  "summary_gm_mad": 71.38787596253634,
  "summary_gm_mean": 671.193603515625,
  "summary_gm_median": 670.9421997070312,
  "summary_gm_n": 12015.0,
  "summary_gm_p05": 553.2643676757813,
  "summary_gm_p95": 788.9770019531248,
  "summary_gm_stdv": 71.1793441772461,
  "summary_wm_k": 0.15859588329698537,
  "summary_wm_mad": 62.83848067445209,
  "summary_wm_mean": 1000.1121215820312,
  "summary_wm_median": 999.9877319335938,
  "summary_wm_n": 160800.0,
  "summary_wm_p05": 895.5180297851562,
  "summary_wm_p95": 1105.0715209960936,
  "summary_wm_stdv": 63.781002044677734,
  "tpm_overlap_csf": 0.1634349673986435,
  "tpm_overlap_gm": 0.4331696629524231,
  "tpm_overlap_wm": 0.4919661283493042,
  "wm2max": 0.5348464282107711
}