{
  "bids_meta": {
    "AcquisitionNumber": 1,
    "DeviceSerialNumber": "35442  ",
    "EchoNumber": 1,
    "EchoTime": 0.00298,
    "FlipAngle": 9,
    "ImageOrientationPatientDICOM": [
      "0",
      "0.99999993908387",
      "-0.0003490447892",
      "0",
      "-0.0003490447892",
      "-0.9999999390839  "
    ],
    "ImageType": [
      "ORIGINAL",
      "PRIMARY",
      "M",
      "ND",
      "NORM "
    ],
    "ImagingFrequency": 123.25151,
    "InPlanePhaseEncodingDirectionDICOM": "ROW  ",
    "IntendedFor": [
      "ses-PREEN00/dwi/",
      "ses-PREEN00/fmap/sub-9258598_ses-PREEN00_run-002_phasediff.nii.gz",
      "ses-PREEN00/anat/sub-9258598_ses-PREEN00_run-001_FLAIR.nii.gz",
      "ses-PREEN00/fmap/sub-9258598_ses-PREEN00_run-001_phasediff.nii.gz"
    ],
    "InversionTime": 0.9,
    "MRAcquisitionType": "3D ",
    "MagneticFieldStrength": 3,
    "Manufacturer": "SIEMENS  ",
    "ManufacturerModelName": "TrioTim  ",
    "Modality": "MRI__ ",
    "PatientPosition": "HFS  ",
    "PercentPhaseFOV": 93.75,
    "PhaseEncodingSteps": 239,
    "PixelBandwidth": 238,
    "ProtocolName": "MPRAGE ADNI_iPAT2  ",
    "PulseSequenceType": "*tfl3d1_ns ",
    "ReceiveCoilName": "HeadMatrixix\\\\ ",
    "RepetitionTime": 2.3,
    "SAR": 0.08134507713514,
    "ScanningSequence": "GR\\\\IR  ",
    "SequenceName": "*tfl3d1_ns ",
    "SequenceVariant": "SP\\\\MP  ",
    "SeriesDescription": "MPRAGE ADNI_iPAT2  ",
    "SeriesNumber": 4,
    "SliceOrder": "interleaved ",
    "SliceThickness": 1,
    "SliceTiming": null,
    "SoftwareVersions": "syngo MR B17 ",
    "dataset": "<unset>",
    "modality": "T1w",
    "run_id": 1,
    "session_id": "PREEN00",
    "subject_id": "9258598"
  },
  "cjv": 0.3882411156911115,
  "cnr": 3.433999813313986,
  "efc": 0.5980332978243529,
  "fber": 104.22894287109375,
  "fwhm_avg": 3.259626666666667,
  "fwhm_x": 3.34095,
  "fwhm_y": 3.34861,
  "fwhm_z": 3.08932,
  "icvs_csf": 0.20176719030120802,
  "icvs_gm": 0.41838424781103495,
  "icvs_wm": 0.379848561887757,
  "inu_med": 1.3394315242767334,
  "inu_range": 0.4382367491722108,
  "provenance": {
    "md5sum": "47ada54f8f599a9c97afb7431081c3b2",
    "settings": {
      "testing": false
    },
    "software": "mriqc",
    "version": "0.16.1",
    "warnings": {
      "large_rot_frame": false,
      "small_air_mask": false
    },
    "webapi_port": null,
    "webapi_url": "https://mriqc.nimh.nih.gov/api/v1"
  },
  "qi_1": 0.0,
  "qi_2": 0.004781189044631399,
  "rpve_csf": 28.002425355131972,
  "rpve_gm": 14.580530122850659,
  "rpve_wm": 19.444695382044962,
  "size_x": 176,
  "size_y": 240,
  "size_z": 256,
  "snr_csf": 2.9746857351407763,
  "snr_gm": 9.32774713799455,
  "snr_total": 10.562918757701286,
  "snr_wm": 19.386323399968532,
  "snrd_csf": 14.300651615469548,
  "snrd_gm": 23.64429966508845,
  "snrd_total": 24.15652184969194,
  "snrd_wm": 34.52461426851783,
  "spacing_x": 1.0,
  "spacing_y": 1.0,
  "spacing_z": 1.0,
  "summary_bg_k": 1.022333151226321,
  "summary_bg_mad": 18.975845272810396,
  "summary_bg_mean": 64.21759796142578,
  "summary_bg_median": 62.872413635253906,
  "summary_bg_n": 3112716.0,
  "summary_bg_p05": 35.0711088180542,
  "summary_bg_p95": 97.94599151611328,
  "summary_bg_stdv": 19.263349533081055,
  "summary_csf_k": 1.645478320358868,
  "summary_csf_mad": 144.37004248514262,
  "summary_csf_mean": 402.4097900390625,
  "summary_csf_median": 414.2144470214844,
  "summary_csf_n": 8712.0,
  "summary_csf_p05": 167.5448890686035,
  "summary_csf_p95": 613.9044952392578,
  "summary_csf_stdv": 139.23846435546875,
  "summary_gm_k": 0.015513650873455465,
  "summary_gm_mad": 72.3229179989022,
  "summary_gm_mean": 685.6248168945312,
  "summary_gm_median": 684.8506469726562,
  "summary_gm_n": 16827.0,
  "summary_gm_p05": 565.4727478027344,
  "summary_gm_p95": 809.2405822753906,
  "summary_gm_stdv": 73.41861724853516,
  "summary_wm_k": 0.3035397677951135,
  "summary_wm_mad": 50.02945447019323,
  "summary_wm_mean": 999.41259765625,
  "summary_wm_median": 999.9959716796875,
  "summary_wm_n": 195084.0,
  "summary_wm_p05": 914.0478149414062,
  "summary_wm_p95": 1082.9565734863281,
  "summary_wm_stdv": 51.58241653442383,
  "tpm_overlap_csf": 0.14754213392734528,
  "tpm_overlap_gm": 0.43724048137664795,
  "tpm_overlap_wm": 0.5085349082946777,
  "wm2max": 0.4763054025531301
}