{
  "bids_meta": {
    "AcquisitionNumber": 1,
    "DeviceSerialNumber": "35442  ",
    "EchoNumber": 1,
    "EchoTime": 0.00298,
    "FlipAngle": 9,
    "ImageOrientationPatientDICOM": [
      "-0.0780143755054",
      "0.99695217306243",
      "-0.0003490567209",
      "0.00831138616772",
      "0.00030027814865",
      "-0.9999654147484  "
    ],
    "ImageType": [
      "ORIGINAL",
      "PRIMARY",
      "M",
      "ND",
      "NORM "
    ],
    "ImagingFrequency": 123.247419,
    "InPlanePhaseEncodingDirectionDICOM": "ROW  ",
    "IntendedFor": [
      "ses-NAPEN00/fmap/sub-7750196_ses-NAPEN00_run-001_phasediff.nii.gz",
      "ses-NAPEN00/anat/sub-7750196_ses-NAPEN00_run-001_FLAIR.nii.gz",
      "ses-NAPEN00/dwi/sub-7750196_ses-NAPEN00_run-001_dwi.nii.gz",
      "ses-NAPEN00/fmap/sub-7750196_ses-NAPEN00_run-002_phasediff.nii.gz"
    ],
    "InversionTime": 0.9,
    "MRAcquisitionType": "3D ",
    "MagneticFieldStrength": 3,
    "Manufacturer": "SIEMENS  ",
    "ManufacturerModelName": "TrioTim  ",
    "Modality": "MRI__ ",
    "PatientPosition": "HFS  ",
    "PercentPhaseFOV": 93.75,
    "PhaseEncodingSteps": 239,
    "PixelBandwidth": 238,
    "ProtocolName": "MPRAGE ADNI_iPAT2  ",
    "PulseSequenceType": "*tfl3d1_ns ",
    "ReceiveCoilName": "HeadMatrixix\\\\ ",
    "RepetitionTime": 2.3,
    "SAR": 0.08915647342655,
    "ScanningSequence": "GR\\\\IR  ",
    "SequenceName": "*tfl3d1_ns ",
    "SequenceVariant": "SP\\\\MP  ",
    "SeriesDescription": "MPRAGE ADNI_iPAT2  ",
    "SeriesNumber": 4,
    "SliceOrder": "interleaved ",
    "SliceThickness": 1,
    "SliceTiming": null,
    "SoftwareVersions": "syngo MR B17 ",
    "dataset": "<unset>",
    "modality": "T1w",
    "run_id": 1,
    "session_id": "NAPEN00",
    "subject_id": "7750196"
  },
  "cjv": 0.5716044050724401,
  "cnr": 2.33306084896674,
  "efc": 0.584190719160297,
  "fber": 89.67037200927734,
  "fwhm_avg": 2.8851999999999998,
  "fwhm_x": 2.96451,
  "fwhm_y": 2.99157,
  "fwhm_z": 2.69952,
  "icvs_csf": 0.210642263928051,
  "icvs_gm": 0.43350158331811434,
  "icvs_wm": 0.3558561527538347,
  "inu_med": 1.4285633563995361,
  "inu_range": 0.5286877930164335,
  "provenance": {
    "md5sum": "97e2bb113f237dc1b035d58fbacce3ca",
    "settings": {
      "testing": false
    },
    "software": "mriqc",
    "version": "0.16.1",
    "warnings": {
      "large_rot_frame": true,
      "small_air_mask": false
    },
    "webapi_port": null,
    "webapi_url": "https://mriqc.nimh.nih.gov/api/v1"
  },
  "qi_1": 0.0,
  "qi_2": 0.005065561536584657,
  "rpve_csf": 33.29272171973005,
  "rpve_gm": 16.284793557338077,
  "rpve_wm": 22.075212147362798,
  "size_x": 176,
  "size_y": 240,
  "size_z": 256,
  "snr_csf": 2.9858460979720305,
  "snr_gm": 9.7063688829073,
  "snr_total": 8.81137454176155,
  "snr_wm": 13.741908644405315,
  "snrd_csf": 10.891807266724141,
  "snrd_gm": 21.922042435122446,
  "snrd_total": 20.73590165842703,
  "snrd_wm": 29.393855273434504,
  "spacing_x": 1.0,
  "spacing_y": 1.0,
  "spacing_z": 1.0,
  "summary_bg_k": 1480.139583692542,
  "summary_bg_mad": 22.288475220158247,
  "summary_bg_mean": 72.95335388183594,
  "summary_bg_median": 71.559326171875,
  "summary_bg_n": 3323478.0,
  "summary_bg_p05": 38.35435314178467,
  "summary_bg_p95": 112.52571983337398,
  "summary_bg_stdv": 25.92979621887207,
  "summary_csf_k": -0.383968783298255,
  "summary_csf_mad": 128.93361421702207,
  "summary_csf_mean": 391.5623779296875,
  "summary_csf_median": 370.551513671875,
  "summary_csf_n": 6952.0,
  "summary_csf_p05": 214.41383895874023,
  "summary_csf_p95": 610.4464050292968,
  "summary_csf_stdv": 124.09375762939453,
  "summary_gm_k": 0.23376511553284063,
  "summary_gm_mad": 73.66503316026487,
  "summary_gm_mean": 749.0678100585938,
  "summary_gm_median": 745.8125,
  "summary_gm_n": 9132.0,
  "summary_gm_p05": 629.0664001464844,
  "summary_gm_p95": 880.4863708496091,
  "summary_gm_stdv": 76.8332290649414,
  "summary_wm_k": 0.0801006972150069,
  "summary_wm_mad": 71.63649959506466,
  "summary_wm_mean": 999.7183227539062,
  "summary_wm_median": 1000.011962890625,
  "summary_wm_n": 119172.0,
  "summary_wm_p05": 878.7016784667969,
  "summary_wm_p95": 1118.8018798828125,
  "summary_wm_stdv": 72.77066040039062,
  "tpm_overlap_csf": 0.14074864983558655,
  "tpm_overlap_gm": 0.40153709053993225,
  "tpm_overlap_wm": 0.4525749087333679,
  "wm2max": 0.36743315260404474
}