{
  "bids_meta": {
    "AcquisitionNumber": 1,
    "DeviceSerialNumber": "35442  ",
    "EchoNumber": 1,
    "EchoTime": 0.00298,
    "FlipAngle": 9,
    "ImageOrientationPatientDICOM": [
      "0.01588814578817",
      "0.99920241215351",
      "0.03663476995988",
      "0.02268002825898",
      "0.03626982070281",
      "-0.9990846392696  "
    ],
    "ImageType": [
      "ORIGINAL",
      "PRIMARY",
      "M",
      "ND",
      "NORM "
    ],
    "ImagingFrequency": 123.247097,
    "InPlanePhaseEncodingDirectionDICOM": "ROW  ",
    "IntendedFor": [
      "ses-PREFU24/fmap/sub-4532706_ses-PREFU24_run-005_phasediff.nii.gz",
      "ses-PREFU24/dwi/sub-4532706_ses-PREFU24_run-001_dwi.nii.gz",
      "ses-PREFU24/anat/sub-4532706_ses-PREFU24_run-001_FLAIR.nii.gz",
      "ses-PREFU24/fmap/sub-4532706_ses-PREFU24_run-004_phasediff.nii.gz"
    ],
    "InversionTime": 0.9,
    "MRAcquisitionType": "3D ",
    "MagneticFieldStrength": 3,
    "Manufacturer": "SIEMENS  ",
    "ManufacturerModelName": "TrioTim  ",
    "Modality": "MRI__ ",
    "PatientPosition": "HFS  ",
    "PercentPhaseFOV": 93.75,
    "PhaseEncodingSteps": 239,
    "PixelBandwidth": 238,
    "ProtocolName": "MPRAGE ADNI_iPAT2  ",
    "PulseSequenceType": "*tfl3d1_ns ",
    "ReceiveCoilName": "HeadMatrixix\\\\ ",
    "RepetitionTime": 2.3,
    "SAR": 0.08355154657506,
    "ScanningSequence": "GR\\\\IR  ",
    "SequenceName": "*tfl3d1_ns ",
    "SequenceVariant": "SP\\\\MP  ",
    "SeriesDescription": "MPRAGE ADNI_iPAT2  ",
    "SeriesNumber": 20,
    "SliceOrder": "interleaved ",
    "SliceThickness": 1,
    "SliceTiming": null,
    "SoftwareVersions": "syngo MR B17 ",
    "dataset": "<unset>",
    "modality": "T1w",
    "run_id": 2,
    "session_id": "PREFU24",
    "subject_id": "4532706"
  },
  "cjv": 0.4308791730133428,
  "cnr": 3.1848962626114754,
  "efc": 0.6043036203326879,
  "fber": 123.67562103271484,
  "fwhm_avg": 3.1523033333333337,
  "fwhm_x": 3.23131,
  "fwhm_y": 3.2646,
  "fwhm_z": 2.961,
  "icvs_csf": 0.21348298024143922,
  "icvs_gm": 0.42499455062046837,
  "icvs_wm": 0.36152246913809244,
  "inu_med": 1.3154168128967285,
  "inu_range": 0.2922588467597962,
  "provenance": {
    "md5sum": "99da8dd54b5dc0931d70192c528a5afd",
    "settings": {
      "testing": false
    },
    "software": "mriqc",
    "version": "0.16.1",
    "warnings": {
      "large_rot_frame": true,
      "small_air_mask": false
    },
    "webapi_port": null,
    "webapi_url": "https://mriqc.nimh.nih.gov/api/v1"
  },
  "qi_1": 0.00010858965203784575,
  "qi_2": 0.004943182139980247,
  "rpve_csf": 31.506289271312014,
  "rpve_gm": 16.110374264493103,
  "rpve_wm": 21.93397922350344,
  "size_x": 176,
  "size_y": 240,
  "size_z": 256,
  "snr_csf": 3.1949400069757576,
  "snr_gm": 8.881249228649331,
  "snr_total": 9.022386734039166,
  "snr_wm": 14.99097096649241,
  "snrd_csf": 12.036577734751361,
  "snrd_gm": 25.48405297811748,
  "snrd_total": 25.122597725215446,
  "snrd_wm": 37.8471624627775,
  "spacing_x": 1.0,
  "spacing_y": 1.0,
  "spacing_z": 1.0,
  "summary_bg_k": 79.12836567741873,
  "summary_bg_mad": 17.309651242491366,
  "summary_bg_mean": 56.9375114440918,
  "summary_bg_median": 55.3821907043457,
  "summary_bg_n": 3106957.0,
  "summary_bg_p05": 29.863599395751955,
  "summary_bg_p95": 88.26415405273437,
  "summary_bg_stdv": 17.950450897216797,
  "summary_csf_k": 0.5863322776753805,
  "summary_csf_mad": 100.09958458108582,
  "summary_csf_mean": 331.3982238769531,
  "summary_csf_median": 318.0238037109375,
  "summary_csf_n": 17151.0,
  "summary_csf_p05": 191.2111358642578,
  "summary_csf_p95": 506.43275451660156,
  "summary_csf_stdv": 99.53693389892578,
  "summary_gm_k": -0.07560535616489839,
  "summary_gm_mad": 76.13751487512256,
  "summary_gm_mean": 672.5008544921875,
  "summary_gm_median": 673.3255615234375,
  "summary_gm_n": 11502.0,
  "summary_gm_p05": 544.8626098632812,
  "summary_gm_p95": 794.406167602539,
  "summary_gm_stdv": 75.81098937988281,
  "summary_wm_k": 0.19175948348142047,
  "summary_wm_mad": 64.6097034847499,
  "summary_wm_mean": 1002.3064575195312,
  "summary_wm_median": 999.976806640625,
  "summary_wm_n": 143304.0,
  "summary_wm_p05": 896.3132934570312,
  "summary_wm_p95": 1116.3524963378907,
  "summary_wm_stdv": 66.70503997802734,
  "tpm_overlap_csf": 0.15772050619125366,
  "tpm_overlap_gm": 0.40361982583999634,
  "tpm_overlap_wm": 0.4675843119621277,
  "wm2max": 0.5390872699705214
}