{
  "bids_meta": {
    "AcquisitionNumber": 1,
    "DeviceSerialNumber": "35442  ",
    "EchoNumber": 1,
    "EchoTime": 0.00298,
    "FlipAngle": 9,
    "ImageOrientationPatientDICOM": [
      "0.00765680859725",
      "0.9999706862114",
      "3.47707459e-008",
      "0.04823399256536",
      "-0.0003692945441",
      "-0.9988359953379  "
    ],
    "ImageType": [
      "ORIGINAL",
      "PRIMARY",
      "M",
      "ND",
      "NORM "
    ],
    "ImagingFrequency": 123.247091,
    "InPlanePhaseEncodingDirectionDICOM": "ROW  ",
    "IntendedFor": [
      "ses-NAPBL00/anat/sub-8929559_ses-NAPBL00_run-001_T2star.nii.gz",
      "ses-NAPBL00/func/sub-8929559_ses-NAPBL00_task-retrieval_run-001_bold.nii.gz",
      "ses-NAPBL00/func/sub-8929559_ses-NAPBL00_task-rest_run-002_bold.nii.gz",
      "ses-NAPBL00/fmap/sub-8929559_ses-NAPBL00_run-002_phasediff.nii.gz",
      "ses-NAPBL00/fmap/sub-8929559_ses-NAPBL00_run-003_phasediff.nii.gz",
      "ses-NAPBL00/func/sub-8929559_ses-NAPBL00_task-encoding_run-001_bold.nii.gz",
      "ses-NAPBL00/fmap/sub-8929559_ses-NAPBL00_run-001_phasediff.nii.gz",
      "ses-NAPBL00/func/sub-8929559_ses-NAPBL00_task-rest_run-001_bold.nii.gz",
      "ses-NAPBL00/asl/sub-8929559_ses-NAPBL00_run-001_asl.nii.gz"
    ],
    "InversionTime": 0.9,
    "MRAcquisitionType": "3D ",
    "MagneticFieldStrength": 3,
    "Manufacturer": "SIEMENS  ",
    "ManufacturerModelName": "TrioTim  ",
    "Modality": "MRI__ ",
    "PatientPosition": "HFS  ",
    "PercentPhaseFOV": 93.75,
    "PhaseEncodingSteps": 239,
    "PixelBandwidth": 238,
    "ProtocolName": "MPRAGE ADNI_iPAT2  ",
    "PulseSequenceType": "*tfl3d1_ns ",
    "ReceiveCoilName": "HeadMatrixix\\\\ ",
    "RepetitionTime": 2.3,
    "SAR": 0.08080967179274,
    "ScanningSequence": "GR\\\\IR  ",
    "SequenceName": "*tfl3d1_ns ",
    "SequenceVariant": "SP\\\\MP  ",
    "SeriesDescription": "MPRAGE ADNI_iPAT2  ",
    "SeriesNumber": 12,
    "SliceOrder": "interleaved ",
    "SliceThickness": 1,
    "SliceTiming": null,
    "SoftwareVersions": "syngo MR B17 ",
    "dataset": "<unset>",
    "modality": "T1w",
    "run_id": 1,
    "session_id": "NAPBL00",
    "subject_id": "8929559"
  },
  "cjv": 0.44242765458195576,
  "cnr": 3.031972547583504,
  "efc": 0.604382580692492,
  "fber": 83.35414123535156,
  "fwhm_avg": 3.09313,
  "fwhm_x": 3.12825,
  "fwhm_y": 3.22145,
  "fwhm_z": 2.92969,
  "icvs_csf": 0.21105675692241296,
  "icvs_gm": 0.41529024470448794,
  "icvs_wm": 0.37365299837309907,
  "inu_med": 1.3784030675888062,
  "inu_range": 0.40183573961257935,
  "provenance": {
    "md5sum": "e9eacfb891a0cf36fd7d1a9262464636",
    "settings": {
      "testing": false
    },
    "software": "mriqc",
    "version": "0.16.1",
    "warnings": {
      "large_rot_frame": false,
      "small_air_mask": false
    },
    "webapi_port": null,
    "webapi_url": "https://mriqc.nimh.nih.gov/api/v1"
  },
  "qi_1": 1.139758086346173e-05,
  "qi_2": 0.004476485533161691,
  "rpve_csf": 30.372265022241564,
  "rpve_gm": 15.675314385819735,
  "rpve_wm": 20.627577576809102,
  "size_x": 176,
  "size_y": 240,
  "size_z": 256,
  "snr_csf": 2.8361300887821597,
  "snr_gm": 9.006429714247897,
  "snr_total": 9.27797823965587,
  "snr_wm": 15.99137491593755,
  "snrd_csf": 9.25507028480235,
  "snrd_gm": 21.820485145039342,
  "snrd_total": 20.91772503429324,
  "snrd_wm": 31.677619673038034,
  "spacing_x": 1.0,
  "spacing_y": 1.0,
  "spacing_z": 1.0,
  "summary_bg_k": 1913.2029673137047,
  "summary_bg_mad": 20.6816629876038,
  "summary_bg_mean": 68.96424865722656,
  "summary_bg_median": 67.21273803710938,
  "summary_bg_n": 2940737.0,
  "summary_bg_p05": 36.96345748901367,
  "summary_bg_p95": 105.78023681640624,
  "summary_bg_stdv": 27.81234359741211,
  "summary_csf_k": 1.1737656965675383,
  "summary_csf_mad": 88.75447423314253,
  "summary_csf_mean": 312.0229187011719,
  "summary_csf_median": 292.1685485839844,
  "summary_csf_n": 14065.0,
  "summary_csf_p05": 178.74593505859374,
  "summary_csf_p95": 510.9507934570312,
  "summary_csf_stdv": 103.0129623413086,
  "summary_gm_k": -0.1785343843406153,
  "summary_gm_mad": 76.66005433500786,
  "summary_gm_mean": 687.4984130859375,
  "summary_gm_median": 688.8396606445312,
  "summary_gm_n": 9890.0,
  "summary_gm_p05": 556.8080535888672,
  "summary_gm_p95": 812.1349456787109,
  "summary_gm_stdv": 76.47923278808594,
  "summary_wm_k": 0.3214318006712116,
  "summary_wm_mad": 61.012284667880955,
  "summary_wm_mean": 999.8914184570312,
  "summary_wm_median": 1000.0144653320312,
  "summary_wm_n": 149089.0,
  "summary_wm_p05": 896.8208496093749,
  "summary_wm_p95": 1101.7245361328125,
  "summary_wm_stdv": 62.53440475463867,
  "tpm_overlap_csf": 0.16773788630962372,
  "tpm_overlap_gm": 0.41036465764045715,
  "tpm_overlap_wm": 0.476164311170578,
  "wm2max": 0.47711229721870535
}