{
  "bids_meta": {
    "AcquisitionNumber": 1,
    "DeviceSerialNumber": "35442  ",
    "EchoNumber": 1,
    "EchoTime": 0.00298,
    "FlipAngle": 9,
    "ImageOrientationPatientDICOM": [
      "0.05008728301559",
      "0.99763623403184",
      "0.04704475132139",
      "0.0535152724624",
      "0.04435538158874",
      "-0.9975814331359 "
    ],
    "ImageType": [
      "ORIGINAL",
      "PRIMARY",
      "M",
      "ND",
      "NORM "
    ],
    "ImagingFrequency": 123.251293,
    "InPlanePhaseEncodingDirectionDICOM": "ROW  ",
    "IntendedFor": [
      "ses-NAPFU48/anat/sub-2161762_ses-NAPFU48_run-002_T1w.nii.gz",
      "ses-NAPFU48/fmap/sub-2161762_ses-NAPFU48_run-003_phasediff.nii.gz",
      "ses-NAPFU48/asl/sub-2161762_ses-NAPFU48_run-001_asl.nii.gz",
      "ses-NAPFU48/dwi/sub-2161762_ses-NAPFU48_run-001_dwi.nii.gz",
      "ses-NAPFU48/func/sub-2161762_ses-NAPFU48_task-rest_run-002_bold.nii.gz",
      "ses-NAPFU48/func/sub-2161762_ses-NAPFU48_task-rest_run-001_bold.nii.gz",
      "ses-NAPFU48/fmap/sub-2161762_ses-NAPFU48_run-004_phasediff.nii.gz",
      "ses-NAPFU48/fmap/sub-2161762_ses-NAPFU48_run-005_phasediff.nii.gz",
      "ses-NAPFU48/func/sub-2161762_ses-NAPFU48_task-encoding_run-001_bold.nii.gz",
      "ses-NAPFU48/func/sub-2161762_ses-NAPFU48_task-retrieval_run-001_bold.nii.gz",
      "ses-NAPFU48/anat/sub-2161762_ses-NAPFU48_run-001_FLAIR.nii.gz",
      "ses-NAPFU48/fmap/sub-2161762_ses-NAPFU48_run-001_phasediff.nii.gz",
      "ses-NAPFU48/anat/sub-2161762_ses-NAPFU48_run-001_T2star.nii.gz",
      "ses-NAPFU48/fmap/sub-2161762_ses-NAPFU48_run-002_phasediff.nii.gz"
    ],
    "InversionTime": 0.9,
    "MRAcquisitionType": "3D ",
    "MagneticFieldStrength": 3,
    "Manufacturer": "SIEMENS  ",
    "ManufacturerModelName": "TrioTim  ",
    "Modality": "MRI__ ",
    "PatientPosition": "HFS  ",
    "PercentPhaseFOV": 93.75,
    "PhaseEncodingSteps": 239,
    "PixelBandwidth": 238,
    "ProtocolName": "MPRAGE ADNI_iPAT2  ",
    "PulseSequenceType": "*tfl3d1_ns ",
    "ReceiveCoilName": "HeadMatrixix\\\\ ",
    "RepetitionTime": 2.3,
    "SAR": 0.09555486093152,
    "ScanningSequence": "GR\\\\IR  ",
    "SequenceName": "*tfl3d1_ns ",
    "SequenceVariant": "SP\\\\MP  ",
    "SeriesDescription": "MPRAGE ADNI_iPAT2  ",
    "SeriesNumber": 12,
    "SliceOrder": "interleaved ",
    "SliceThickness": 1,
    "SliceTiming": null,
    "SoftwareVersions": "syngo MR B17 ",
    "dataset": "<unset>",
    "modality": "T1w",
    "run_id": 1,
    "session_id": "NAPFU48",
    "subject_id": "2161762"
  },
  "cjv": 0.4010431743451916,
  "cnr": 3.3990797611190198,
  "efc": 0.5997097511095719,
  "fber": 108.18708038330078,
  "fwhm_avg": 3.1338000000000004,
  "fwhm_x": 3.20014,
  "fwhm_y": 3.19346,
  "fwhm_z": 3.0078,
  "icvs_csf": 0.21060445244442044,
  "icvs_gm": 0.417390914280697,
  "icvs_wm": 0.37200463327488253,
  "inu_med": 1.2022926807403564,
  "inu_range": 0.27624696493148804,
  "provenance": {
    "md5sum": "71b8a4cc5872d65e057e4de445752c09",
    "settings": {
      "testing": false
    },
    "software": "mriqc",
    "version": "0.16.1",
    "warnings": {
      "large_rot_frame": true,
      "small_air_mask": false
    },
    "webapi_port": null,
    "webapi_url": "https://mriqc.nimh.nih.gov/api/v1"
  },
  "qi_1": 0.00020630462569900702,
  "qi_2": 0.0046749404431474335,
  "rpve_csf": 29.947938089744234,
  "rpve_gm": 15.57740743170833,
  "rpve_wm": 20.560157783380713,
  "size_x": 176,
  "size_y": 240,
  "size_z": 256,
  "snr_csf": 2.4586410210306506,
  "snr_gm": 8.82773284709693,
  "snr_total": 9.395919725880981,
  "snr_wm": 16.901385309515362,
  "snrd_csf": 10.895286705722427,
  "snrd_gm": 24.483286108359135,
  "snrd_total": 24.01537572364847,
  "snrd_wm": 36.667554356863846,
  "spacing_x": 1.0,
  "spacing_y": 1.0,
  "spacing_z": 1.0,
  "summary_bg_k": 7.513939431427088,
  "summary_bg_mad": 17.86655460572611,
  "summary_bg_mean": 59.04470443725586,
  "summary_bg_median": 57.657352447509766,
  "summary_bg_n": 2538353.0,
  "summary_bg_p05": 31.714223480224607,
  "summary_bg_p95": 91.10637664794922,
  "summary_bg_stdv": 18.31812858581543,
  "summary_csf_k": 20.368702777926654,
  "summary_csf_mad": 103.76585562958351,
  "summary_csf_mean": 319.18212890625,
  "summary_csf_median": 297.130859375,
  "summary_csf_n": 15704.0,
  "summary_csf_p05": 170.36971817016604,
  "summary_csf_p95": 526.3567871093747,
  "summary_csf_stdv": 120.84781646728516,
  "summary_gm_k": -0.07729933774009545,
  "summary_gm_mad": 76.52011022301329,
  "summary_gm_mean": 667.6951904296875,
  "summary_gm_median": 667.696044921875,
  "summary_gm_n": 10938.0,
  "summary_gm_p05": 540.8897735595704,
  "summary_gm_p95": 789.0503631591796,
  "summary_gm_stdv": 75.63272857666016,
  "summary_wm_k": 0.3715031573467962,
  "summary_wm_mad": 56.73984929529041,
  "summary_wm_mean": 1000.64404296875,
  "summary_wm_median": 999.9793701171875,
  "summary_wm_n": 161800.0,
  "summary_wm_p05": 904.76875,
  "summary_wm_p95": 1098.79189453125,
  "summary_wm_stdv": 59.16534423828125,
  "tpm_overlap_csf": 0.15418189764022827,
  "tpm_overlap_gm": 0.4015439748764038,
  "tpm_overlap_wm": 0.46681201457977295,
  "wm2max": 0.5204234016478672
}