{
  "bids_meta": {
    "AcquisitionNumber": 1,
    "DeviceSerialNumber": "35442  ",
    "EchoNumber": 1,
    "EchoTime": 0.00298,
    "FlipAngle": 9,
    "ImageOrientationPatientDICOM": [
      "-0.0429482962815",
      "0.99780272804288",
      "0.05044957637788",
      "0.07309690730114",
      "0.05349911250051",
      "-0.9958888929517  "
    ],
    "ImageType": [
      "ORIGINAL",
      "PRIMARY",
      "M",
      "ND",
      "NORM "
    ],
    "ImagingFrequency": 123.251414,
    "InPlanePhaseEncodingDirectionDICOM": "ROW  ",
    "IntendedFor": [
      "ses-NAPFU48/fmap/sub-4676902_ses-NAPFU48_run-002_phasediff.nii.gz",
      "ses-NAPFU48/fmap/sub-4676902_ses-NAPFU48_run-005_phasediff.nii.gz",
      "ses-NAPFU48/asl/sub-4676902_ses-NAPFU48_run-001_asl.nii.gz",
      "ses-NAPFU48/fmap/sub-4676902_ses-NAPFU48_run-003_phasediff.nii.gz",
      "ses-NAPFU48/anat/sub-4676902_ses-NAPFU48_run-001_T1w.nii.gz",
      "ses-NAPFU48/func/sub-4676902_ses-NAPFU48_task-retrieval_run-001_bold.nii.gz",
      "ses-NAPFU48/func/sub-4676902_ses-NAPFU48_task-encoding_run-001_bold.nii.gz",
      "ses-NAPFU48/func/sub-4676902_ses-NAPFU48_task-rest_run-001_bold.nii.gz",
      "ses-NAPFU48/dwi/sub-4676902_ses-NAPFU48_run-001_dwi.nii.gz",
      "ses-NAPFU48/fmap/sub-4676902_ses-NAPFU48_run-001_phasediff.nii.gz",
      "ses-NAPFU48/anat/sub-4676902_ses-NAPFU48_run-001_T2star.nii.gz",
      "ses-NAPFU48/anat/sub-4676902_ses-NAPFU48_run-001_FLAIR.nii.gz",
      "ses-NAPFU48/func/sub-4676902_ses-NAPFU48_task-rest_run-002_bold.nii.gz",
      "ses-NAPFU48/fmap/sub-4676902_ses-NAPFU48_run-004_phasediff.nii.gz"
    ],
    "InversionTime": 0.9,
    "MRAcquisitionType": "3D ",
    "MagneticFieldStrength": 3,
    "Manufacturer": "SIEMENS  ",
    "ManufacturerModelName": "TrioTim  ",
    "Modality": "MRI__ ",
    "PatientPosition": "HFS  ",
    "PercentPhaseFOV": 93.75,
    "PhaseEncodingSteps": 239,
    "PixelBandwidth": 238,
    "ProtocolName": "MPRAGE ADNI_iPAT2  ",
    "PulseSequenceType": "*tfl3d1_ns ",
    "ReceiveCoilName": "HeadMatrixix\\\\ ",
    "RepetitionTime": 2.3,
    "SAR": 0.08857633912863,
    "ScanningSequence": "GR\\\\IR  ",
    "SequenceName": "*tfl3d1_ns ",
    "SequenceVariant": "SP\\\\MP  ",
    "SeriesDescription": "MPRAGE ADNI_iPAT2  ",
    "SeriesNumber": 17,
    "SliceOrder": "interleaved ",
    "SliceThickness": 1,
    "SliceTiming": null,
    "SoftwareVersions": "syngo MR B17 ",
    "dataset": "<unset>",
    "modality": "T1w",
    "run_id": 2,
    "session_id": "NAPFU48",
    "subject_id": "4676902"
  },
  "cjv": 0.4755238254204575,
  "cnr": 2.695787311742248,
  "efc": 0.6538569623085134,
  "fber": 97.43050384521484,
  "fwhm_avg": 2.94992,
  "fwhm_x": 2.98394,
  "fwhm_y": 3.05559,
  "fwhm_z": 2.81023,
  "icvs_csf": 0.21654335414034812,
  "icvs_gm": 0.40990358612783395,
  "icvs_wm": 0.3735530597318179,
  "inu_med": 1.2627406120300293,
  "inu_range": 0.4022207021713258,
  "provenance": {
    "md5sum": "0d2f1f7e91e8b32a758420ddb7876735",
    "settings": {
      "testing": false
    },
    "software": "mriqc",
    "version": "0.16.1",
    "warnings": {
      "large_rot_frame": true,
      "small_air_mask": false
    },
    "webapi_port": null,
    "webapi_url": "https://mriqc.nimh.nih.gov/api/v1"
  },
  "qi_1": 0.0004132461596324403,
  "qi_2": 0.003452668245295726,
  "rpve_csf": 26.945140495992096,
  "rpve_gm": 13.930611824038593,
  "rpve_wm": 17.77122133499337,
  "size_x": 176,
  "size_y": 240,
  "size_z": 256,
  "snr_csf": 2.8028469762425576,
  "snr_gm": 9.33837833801241,
  "snr_total": 8.561679711048933,
  "snr_wm": 13.543813818891834,
  "snrd_csf": 9.728196622000432,
  "snrd_gm": 22.027863865618755,
  "snrd_total": 20.98334884317151,
  "snrd_wm": 31.193986041895343,
  "spacing_x": 1.0,
  "spacing_y": 1.0,
  "spacing_z": 1.0,
  "summary_bg_k": 188.61721194370355,
  "summary_bg_mad": 21.001898822931807,
  "summary_bg_mean": 69.90145111083984,
  "summary_bg_median": 67.70744323730469,
  "summary_bg_n": 2527451.0,
  "summary_bg_p05": 37.382768630981445,
  "summary_bg_p95": 107.53119277954102,
  "summary_bg_stdv": 26.684843063354492,
  "summary_csf_k": 14.194290931103797,
  "summary_csf_mad": 99.41917250795223,
  "summary_csf_mean": 327.2596435546875,
  "summary_csf_median": 311.8596496582031,
  "summary_csf_n": 23056.0,
  "summary_csf_p05": 179.11577606201172,
  "summary_csf_p95": 524.9111785888672,
  "summary_csf_stdv": 111.26290130615234,
  "summary_gm_k": 0.5733578685651546,
  "summary_gm_mad": 71.82879266844873,
  "summary_gm_mean": 706.711181640625,
  "summary_gm_median": 706.1536865234375,
  "summary_gm_n": 8860.0,
  "summary_gm_p05": 584.3788269042968,
  "summary_gm_p95": 831.075323486328,
  "summary_gm_stdv": 75.61418151855469,
  "summary_wm_k": 3.92402282894193,
  "summary_wm_mad": 67.89963436592049,
  "summary_wm_mean": 1003.3352661132812,
  "summary_wm_median": 999.9947509765625,
  "summary_wm_n": 162352.0,
  "summary_wm_p05": 890.8781036376954,
  "summary_wm_p95": 1124.73134765625,
  "summary_wm_stdv": 73.83383178710938,
  "tpm_overlap_csf": 0.146470844745636,
  "tpm_overlap_gm": 0.39451876282691956,
  "tpm_overlap_wm": 0.44204068183898926,
  "wm2max": 0.48521859311719445
}