{
  "bids_meta": {
    "AcquisitionNumber": 1,
    "DeviceSerialNumber": "35442  ",
    "EchoNumber": 1,
    "EchoTime": 0.00298,
    "FlipAngle": 9,
    "ImageOrientationPatientDICOM": [
      "0.01490467986247",
      "0.99970473491629",
      "-0.0191909745492",
      "0.02570397291072",
      "-0.0195698451627",
      "-0.9994780272407  "
    ],
    "ImageType": [
      "ORIGINAL",
      "PRIMARY",
      "M",
      "ND",
      "NORM "
    ],
    "ImagingFrequency": 123.247088,
    "InPlanePhaseEncodingDirectionDICOM": "ROW  ",
    "IntendedFor": [
      "ses-PREFU12/anat/sub-3475739_ses-PREFU12_run-001_T2star.nii.gz",
      "ses-PREFU12/fmap/sub-3475739_ses-PREFU12_run-001_phasediff.nii.gz",
      "ses-PREFU12/func/sub-3475739_ses-PREFU12_task-rest_run-001_bold.nii.gz",
      "ses-PREFU12/asl/sub-3475739_ses-PREFU12_run-001_asl.nii.gz",
      "ses-PREFU12/func/sub-3475739_ses-PREFU12_task-retrieval_run-001_bold.nii.gz",
      "ses-PREFU12/func/sub-3475739_ses-PREFU12_task-encoding_run-001_bold.nii.gz",
      "ses-PREFU12/func/sub-3475739_ses-PREFU12_task-rest_run-002_bold.nii.gz",
      "ses-PREFU12/fmap/sub-3475739_ses-PREFU12_run-002_phasediff.nii.gz",
      "ses-PREFU12/fmap/sub-3475739_ses-PREFU12_run-003_phasediff.nii.gz"
    ],
    "InversionTime": 0.9,
    "MRAcquisitionType": "3D ",
    "MagneticFieldStrength": 3,
    "Manufacturer": "SIEMENS  ",
    "ManufacturerModelName": "TrioTim  ",
    "Modality": "MRI__ ",
    "PatientPosition": "HFS  ",
    "PercentPhaseFOV": 93.75,
    "PhaseEncodingSteps": 239,
    "PixelBandwidth": 238,
    "ProtocolName": "MPRAGE ADNI_iPAT2  ",
    "PulseSequenceType": "*tfl3d1_ns ",
    "ReceiveCoilName": "HeadMatrixix\\\\ ",
    "RepetitionTime": 2.3,
    "SAR": 0.09203526927711,
    "ScanningSequence": "GR\\\\IR  ",
    "SequenceName": "*tfl3d1_ns ",
    "SequenceVariant": "SP\\\\MP  ",
    "SeriesDescription": "MPRAGE ADNI_iPAT2  ",
    "SeriesNumber": 12,
    "SliceOrder": "interleaved ",
    "SliceThickness": 1,
    "SliceTiming": null,
    "SoftwareVersions": "syngo MR B17 ",
    "dataset": "<unset>",
    "modality": "T1w",
    "run_id": 1,
    "session_id": "PREFU12",
    "subject_id": "3475739"
  },
  "cjv": 0.4182872702789188,
  "cnr": 3.2744054714604363,
  "efc": 0.6073830990152715,
  "fber": 150.7344512939453,
  "fwhm_avg": 3.262316666666667,
  "fwhm_x": 3.25355,
  "fwhm_y": 3.41828,
  "fwhm_z": 3.11512,
  "icvs_csf": 0.1996442692323789,
  "icvs_gm": 0.39732131291020495,
  "icvs_wm": 0.4030344178574161,
  "inu_med": 1.3280479907989502,
  "inu_range": 0.35552668571472146,
  "provenance": {
    "md5sum": "40a1a96cdab2f6174a5d6bd69dcc2d81",
    "settings": {
      "testing": false
    },
    "software": "mriqc",
    "version": "0.16.1",
    "warnings": {
      "large_rot_frame": true,
      "small_air_mask": false
    },
    "webapi_port": null,
    "webapi_url": "https://mriqc.nimh.nih.gov/api/v1"
  },
  "qi_1": 0.00016312405483260068,
  "qi_2": 0.005446576256684484,
  "rpve_csf": 28.760540974825926,
  "rpve_gm": 14.828091008354564,
  "rpve_wm": 17.979007722989614,
  "size_x": 176,
  "size_y": 240,
  "size_z": 256,
  "snr_csf": 2.8698077801046744,
  "snr_gm": 8.438085825379686,
  "snr_total": 9.442615683652603,
  "snr_wm": 17.019953445473448,
  "snrd_csf": 12.062279842316512,
  "snrd_gm": 28.03303401195454,
  "snrd_total": 27.282420681423655,
  "snrd_wm": 41.751948189999915,
  "spacing_x": 1.0,
  "spacing_y": 1.0,
  "spacing_z": 1.0,
  "summary_bg_k": 2.9571577194662053,
  "summary_bg_mad": 15.69086593827945,
  "summary_bg_mean": 47.65718460083008,
  "summary_bg_median": 45.40252685546875,
  "summary_bg_n": 2753553.0,
  "summary_bg_p05": 24.87615394592285,
  "summary_bg_p95": 77.33923797607422,
  "summary_bg_stdv": 16.938777923583984,
  "summary_csf_k": 0.4398932709348351,
  "summary_csf_mad": 96.37789919338174,
  "summary_csf_mean": 305.2421875,
  "summary_csf_median": 288.8980407714844,
  "summary_csf_n": 16385.0,
  "summary_csf_p05": 166.2074401855469,
  "summary_csf_p95": 490.77240600585935,
  "summary_csf_stdv": 100.66500854492188,
  "summary_gm_k": -0.07349944894321236,
  "summary_gm_mad": 79.99183723803262,
  "summary_gm_mean": 670.6241455078125,
  "summary_gm_median": 671.4061279296875,
  "summary_gm_n": 10620.0,
  "summary_gm_p05": 537.43408203125,
  "summary_gm_p95": 800.5336029052735,
  "summary_gm_stdv": 79.56478881835938,
  "summary_wm_k": 0.19519692362991314,
  "summary_wm_mad": 57.44703535105342,
  "summary_wm_mean": 999.95166015625,
  "summary_wm_median": 999.9814453125,
  "summary_wm_n": 199995.0,
  "summary_wm_p05": 903.1300048828125,
  "summary_wm_p95": 1096.2822143554686,
  "summary_wm_stdv": 58.75333023071289,
  "tpm_overlap_csf": 0.17232608795166016,
  "tpm_overlap_gm": 0.4260239005088806,
  "tpm_overlap_wm": 0.49574488401412964,
  "wm2max": 0.5498386708537275
}