{
  "bids_meta": {
    "AcquisitionNumber": 1,
    "DeviceSerialNumber": "35442  ",
    "EchoNumber": 1,
    "EchoTime": 0.00298,
    "FlipAngle": 9,
    "ImageOrientationPatientDICOM": [
      "0",
      "1",
      "0",
      "0",
      "0",
      "-1 "
    ],
    "ImageType": [
      "ORIGINAL",
      "PRIMARY",
      "M",
      "ND",
      "NORM "
    ],
    "ImagingFrequency": 123.247293,
    "InPlanePhaseEncodingDirectionDICOM": "ROW  ",
    "IntendedFor": [
      "ses-NAPFU03/fmap/sub-2161762_ses-NAPFU03_run-003_phasediff.nii.gz",
      "ses-NAPFU03/func/sub-2161762_ses-NAPFU03_task-encoding_run-001_bold.nii.gz",
      "ses-NAPFU03/fmap/sub-2161762_ses-NAPFU03_run-001_phasediff.nii.gz",
      "ses-NAPFU03/func/sub-2161762_ses-NAPFU03_task-rest_run-001_bold.nii.gz",
      "ses-NAPFU03/func/sub-2161762_ses-NAPFU03_task-retrieval_run-001_bold.nii.gz",
      "ses-NAPFU03/fmap/sub-2161762_ses-NAPFU03_run-002_phasediff.nii.gz",
      "ses-NAPFU03/anat/sub-2161762_ses-NAPFU03_run-001_T2star.nii.gz",
      "ses-NAPFU03/asl/sub-2161762_ses-NAPFU03_run-001_asl.nii.gz",
      "ses-NAPFU03/func/sub-2161762_ses-NAPFU03_task-rest_run-002_bold.nii.gz"
    ],
    "InversionTime": 0.9,
    "MRAcquisitionType": "3D ",
    "MagneticFieldStrength": 3,
    "Manufacturer": "SIEMENS  ",
    "ManufacturerModelName": "TrioTim  ",
    "Modality": "MRI__ ",
    "PatientPosition": "HFS  ",
    "PercentPhaseFOV": 93.75,
    "PhaseEncodingSteps": 239,
    "PixelBandwidth": 238,
    "ProtocolName": "MPRAGE ADNI_iPAT2  ",
    "PulseSequenceType": "*tfl3d1_ns ",
    "ReceiveCoilName": "HeadMatrixix\\\\ ",
    "RepetitionTime": 2.3,
    "SAR": 0.08119768352747,
    "ScanningSequence": "GR\\\\IR  ",
    "SequenceName": "*tfl3d1_ns ",
    "SequenceVariant": "SP\\\\MP  ",
    "SeriesDescription": "MPRAGE ADNI_iPAT2  ",
    "SeriesNumber": 12,
    "SliceOrder": "interleaved ",
    "SliceThickness": 1,
    "SliceTiming": null,
    "SoftwareVersions": "syngo MR B17 ",
    "dataset": "<unset>",
    "modality": "T1w",
    "run_id": 1,
    "session_id": "NAPFU03",
    "subject_id": "2161762"
  },
  "cjv": 0.3963745761443354,
  "cnr": 3.345623715839604,
  "efc": 0.590889006908885,
  "fber": 109.97892761230469,
  "fwhm_avg": 3.1428200000000004,
  "fwhm_x": 3.21037,
  "fwhm_y": 3.20528,
  "fwhm_z": 3.01281,
  "icvs_csf": 0.20193078808252446,
  "icvs_gm": 0.41782325004833865,
  "icvs_wm": 0.3802459618691369,
  "inu_med": 1.3927258253097534,
  "inu_range": 0.36742091178894043,
  "provenance": {
    "md5sum": "a0bbab12f0d6ce9c21680dddd17ac806",
    "settings": {
      "testing": false
    },
    "software": "mriqc",
    "version": "0.16.1",
    "warnings": {
      "large_rot_frame": false,
      "small_air_mask": false
    },
    "webapi_port": null,
    "webapi_url": "https://mriqc.nimh.nih.gov/api/v1"
  },
  "qi_1": 0.0,
  "qi_2": 0.005034391710118729,
  "rpve_csf": 31.44018759398716,
  "rpve_gm": 15.921196364719904,
  "rpve_wm": 20.926758863660694,
  "size_x": 176,
  "size_y": 240,
  "size_z": 256,
  "snr_csf": 2.6898125209173127,
  "snr_gm": 9.016269080545168,
  "snr_total": 9.723381328592762,
  "snr_wm": 17.464062384315802,
  "snrd_csf": 10.521358393483858,
  "snrd_gm": 24.022474474133933,
  "snrd_total": 23.37010624209942,
  "snrd_wm": 35.56648585868047,
  "spacing_x": 1.0,
  "spacing_y": 1.0,
  "spacing_z": 1.0,
  "summary_bg_k": 1392.17336901385,
  "summary_bg_mad": 18.419747843780275,
  "summary_bg_mean": 61.116024017333984,
  "summary_bg_median": 59.56159210205078,
  "summary_bg_n": 3201857.0,
  "summary_bg_p05": 32.757693481445315,
  "summary_bg_p95": 94.17480926513672,
  "summary_bg_stdv": 22.844989776611328,
  "summary_csf_k": 9.357966569287601,
  "summary_csf_mad": 101.7537348437645,
  "summary_csf_mean": 316.56072998046875,
  "summary_csf_median": 295.81744384765625,
  "summary_csf_n": 12052.0,
  "summary_csf_p05": 172.1035530090332,
  "summary_csf_p95": 514.8937408447264,
  "summary_csf_stdv": 109.972412109375,
  "summary_gm_k": 0.003269673418401453,
  "summary_gm_mad": 73.31777449244777,
  "summary_gm_mean": 674.65771484375,
  "summary_gm_median": 675.4134521484375,
  "summary_gm_n": 10853.0,
  "summary_gm_p05": 548.47666015625,
  "summary_gm_p95": 797.8978881835938,
  "summary_gm_stdv": 74.90707397460938,
  "summary_wm_k": 0.28844104296511075,
  "summary_wm_mad": 55.33362136099005,
  "summary_wm_mean": 999.3594360351562,
  "summary_wm_median": 999.9837036132812,
  "summary_wm_n": 164143.0,
  "summary_wm_p05": 904.1660095214844,
  "summary_wm_p95": 1092.5222290039062,
  "summary_wm_stdv": 57.25933837890625,
  "tpm_overlap_csf": 0.16128045320510864,
  "tpm_overlap_gm": 0.41297098994255066,
  "tpm_overlap_wm": 0.4786374270915985,
  "wm2max": 0.5148661598933765
}