{
  "bids_meta": {
    "AcquisitionNumber": 1,
    "DeviceSerialNumber": "35442  ",
    "EchoNumber": 1,
    "EchoTime": 0.00298,
    "FlipAngle": 9,
    "ImageOrientationPatientDICOM": [
      "0.0577385981463",
      "0.99833167504374",
      "-0.0003476901904",
      "0.08848894428458",
      "-0.0054646654774",
      "-0.9960621688281 "
    ],
    "ImageType": [
      "ORIGINAL",
      "PRIMARY",
      "M",
      "ND",
      "NORM "
    ],
    "ImagingFrequency": 123.251669,
    "InPlanePhaseEncodingDirectionDICOM": "ROW  ",
    "InversionTime": 0.9,
    "MRAcquisitionType": "3D ",
    "MagneticFieldStrength": 3,
    "Manufacturer": "SIEMENS  ",
    "ManufacturerModelName": "TrioTim  ",
    "Modality": "MRI__ ",
    "PatientPosition": "HFS  ",
    "PercentPhaseFOV": 93.75,
    "PhaseEncodingSteps": 239,
    "PixelBandwidth": 238,
    "ProtocolName": "MPRAGE ADNI_iPAT2  ",
    "PulseSequenceType": "*tfl3d1_ns ",
    "ReceiveCoilName": "32Ch_Headad\\\\  ",
    "RepetitionTime": 2.3,
    "SAR": 0.08343235840227,
    "ScanningSequence": "GR\\\\IR  ",
    "SequenceName": "*tfl3d1_ns ",
    "SequenceVariant": "SP\\\\MP  ",
    "SeriesDescription": "MPRAGE ADNI_iPAT2  ",
    "SeriesNumber": 12,
    "SliceOrder": "interleaved ",
    "SliceThickness": 1,
    "SliceTiming": null,
    "SoftwareVersions": "syngo MR B17 ",
    "dataset": "<unset>",
    "modality": "T1w",
    "run_id": 1,
    "session_id": "PREBL00",
    "subject_id": "8462806"
  },
  "cjv": 0.3731759894547077,
  "cnr": 3.600338243054709,
  "efc": 0.5718385515407527,
  "fber": 86.50666046142578,
  "fwhm_avg": 3.116186666666666,
  "fwhm_x": 3.19681,
  "fwhm_y": 3.20735,
  "fwhm_z": 2.9444,
  "icvs_csf": 0.18547504212481095,
  "icvs_gm": 0.4394315331993297,
  "icvs_wm": 0.3750934246758593,
  "inu_med": 1.4349384307861328,
  "inu_range": 0.3849474668502806,
  "provenance": {
    "md5sum": "303f8bac06ea8b1b9abac59f8912cd0b",
    "settings": {
      "testing": false
    },
    "software": "mriqc",
    "version": "0.16.1",
    "warnings": {
      "large_rot_frame": true,
      "small_air_mask": false
    },
    "webapi_port": null,
    "webapi_url": "https://mriqc.nimh.nih.gov/api/v1"
  },
  "qi_1": 0.00013413273290716152,
  "qi_2": 0.007149411412975135,
  "rpve_csf": 31.75574773752983,
  "rpve_gm": 14.667811912569805,
  "rpve_wm": 19.997678502336377,
  "size_x": 176,
  "size_y": 240,
  "size_z": 256,
  "snr_csf": 1.4152044700537099,
  "snr_gm": 10.613857872263173,
  "snr_total": 11.1122608195989,
  "snr_wm": 21.307720116479818,
  "snrd_csf": 15.02206527449,
  "snrd_gm": 34.17202873789807,
  "snrd_total": 32.60789878575175,
  "snrd_wm": 48.629602344867166,
  "spacing_x": 1.0,
  "spacing_y": 1.0,
  "spacing_z": 1.0,
  "summary_bg_k": 1.134579205481196,
  "summary_bg_mad": 13.47180952710605,
  "summary_bg_mean": 66.06607818603516,
  "summary_bg_median": 66.35358428955078,
  "summary_bg_n": 3172579.0,
  "summary_bg_p05": 39.10232086181641,
  "summary_bg_p95": 90.7089614868164,
  "summary_bg_stdv": 15.271097183227539,
  "summary_csf_k": 18.602683537942166,
  "summary_csf_mad": 99.6877380633262,
  "summary_csf_mean": 362.963623046875,
  "summary_csf_median": 308.90423583984375,
  "summary_csf_n": 11378.0,
  "summary_csf_p05": 192.25287475585938,
  "summary_csf_p95": 611.5666809082031,
  "summary_csf_stdv": 218.2657470703125,
  "summary_gm_k": -0.04131775037370877,
  "summary_gm_mad": 66.50933282263924,
  "summary_gm_mean": 702.4349365234375,
  "summary_gm_median": 702.6919555664062,
  "summary_gm_n": 17271.0,
  "summary_gm_p05": 593.1195678710938,
  "summary_gm_p95": 811.8859252929688,
  "summary_gm_stdv": 66.2032241821289,
  "summary_wm_k": 0.5568497534030463,
  "summary_wm_mad": 44.43454045243972,
  "summary_wm_mean": 999.4953002929688,
  "summary_wm_median": 999.9883422851562,
  "summary_wm_n": 163926.0,
  "summary_wm_p05": 921.8491821289062,
  "summary_wm_p95": 1075.2369079589844,
  "summary_wm_stdv": 46.93065643310547,
  "tpm_overlap_csf": 0.16172032058238983,
  "tpm_overlap_gm": 0.42475181818008423,
  "tpm_overlap_wm": 0.48910900950431824,
  "wm2max": 0.38942322217023057
}