{
  "bids_meta": {
    "AcquisitionNumber": 1,
    "DeviceSerialNumber": "35442  ",
    "EchoNumber": 1,
    "EchoTime": 0.00298,
    "FlipAngle": 9,
    "ImageOrientationPatientDICOM": [
      "0.05903675840336",
      "0.98946041300802",
      "0.13222235910476",
      "0.03072018911616",
      "0.13058986756272",
      "-0.9909604212433  "
    ],
    "ImageType": [
      "ORIGINAL",
      "PRIMARY",
      "M",
      "ND",
      "NORM "
    ],
    "ImagingFrequency": 123.247205,
    "InPlanePhaseEncodingDirectionDICOM": "ROW  ",
    "IntendedFor": [
      "ses-PREBL00/fmap/sub-5030375_ses-PREBL00_run-001_phasediff.nii.gz",
      "ses-PREBL00/func/sub-5030375_ses-PREBL00_task-encoding_run-001_bold.nii.gz",
      "ses-PREBL00/func/sub-5030375_ses-PREBL00_task-rest_run-001_bold.nii.gz",
      "ses-PREBL00/anat/sub-5030375_ses-PREBL00_run-001_T2star.nii.gz",
      "ses-PREBL00/func/sub-5030375_ses-PREBL00_task-retrieval_run-001_bold.nii.gz",
      "ses-PREBL00/asl/sub-5030375_ses-PREBL00_run-001_asl.nii.gz",
      "ses-PREBL00/func/sub-5030375_ses-PREBL00_task-rest_run-002_bold.nii.gz",
      "ses-PREBL00/fmap/sub-5030375_ses-PREBL00_run-003_phasediff.nii.gz",
      "ses-PREBL00/fmap/sub-5030375_ses-PREBL00_run-002_phasediff.nii.gz"
    ],
    "InversionTime": 0.9,
    "MRAcquisitionType": "3D ",
    "MagneticFieldStrength": 3,
    "Manufacturer": "SIEMENS  ",
    "ManufacturerModelName": "TrioTim  ",
    "Modality": "MRI__ ",
    "PatientPosition": "HFS  ",
    "PercentPhaseFOV": 93.75,
    "PhaseEncodingSteps": 239,
    "PixelBandwidth": 238,
    "ProtocolName": "MPRAGE ADNI_iPAT2  ",
    "PulseSequenceType": "*tfl3d1_ns ",
    "ReceiveCoilName": "0  ",
    "RepetitionTime": 2.3,
    "SAR": 0.08684549778666,
    "ScanningSequence": "GR\\\\IR  ",
    "SequenceName": "*tfl3d1_ns ",
    "SequenceVariant": "SP\\\\MP  ",
    "SeriesDescription": "MPRAGE ADNI_iPAT2  ",
    "SeriesNumber": 12,
    "SliceOrder": "0x0  ",
    "SliceThickness": 1,
    "SliceTiming": null,
    "SoftwareVersions": "syngo MR B17 ",
    "dataset": "<unset>",
    "modality": "T1w",
    "run_id": 1,
    "session_id": "PREBL00",
    "subject_id": "5030375"
  },
  "cjv": 0.4774282898742045,
  "cnr": 2.8593208765946576,
  "efc": 0.6057468627284692,
  "fber": 86.7639389038086,
  "fwhm_avg": 3.1227966666666664,
  "fwhm_x": 3.21602,
  "fwhm_y": 3.24006,
  "fwhm_z": 2.91231,
  "icvs_csf": 0.2033091019080952,
  "icvs_gm": 0.42298007373822005,
  "icvs_wm": 0.37371082435368475,
  "inu_med": 1.3514139652252197,
  "inu_range": 0.407041436433792,
  "provenance": {
    "md5sum": "543381932415be2fb23a34470cc2ad1c",
    "settings": {
      "testing": false
    },
    "software": "mriqc",
    "version": "0.16.1",
    "warnings": {
      "large_rot_frame": true,
      "small_air_mask": false
    },
    "webapi_port": null,
    "webapi_url": "https://mriqc.nimh.nih.gov/api/v1"
  },
  "qi_1": 0.0,
  "qi_2": 0.003741977193754423,
  "rpve_csf": 31.82118562285755,
  "rpve_gm": 15.61458811356216,
  "rpve_wm": 20.628190140534148,
  "size_x": 176,
  "size_y": 240,
  "size_z": 256,
  "snr_csf": 2.676207295131415,
  "snr_gm": 8.885963060297984,
  "snr_total": 8.663217077516892,
  "snr_wm": 14.42748087712128,
  "snrd_csf": 9.2478575958029,
  "snrd_gm": 20.747062108332496,
  "snrd_total": 19.957917042437504,
  "snrd_wm": 29.878831423177115,
  "spacing_x": 1.0,
  "spacing_y": 1.0,
  "spacing_z": 1.0,
  "summary_bg_k": 1.747515678280016,
  "summary_bg_mad": 21.927029282500452,
  "summary_bg_mean": 71.56163024902344,
  "summary_bg_median": 69.53568267822266,
  "summary_bg_n": 2861912.0,
  "summary_bg_p05": 38.17528038024903,
  "summary_bg_p95": 111.51051788330076,
  "summary_bg_stdv": 22.702425003051758,
  "summary_csf_k": -0.07502638808175144,
  "summary_csf_mad": 117.78118152860961,
  "summary_csf_mean": 329.5677490234375,
  "summary_csf_median": 309.5203552246094,
  "summary_csf_n": 9662.0,
  "summary_csf_p05": 168.42240295410156,
  "summary_csf_p95": 535.8470458984374,
  "summary_csf_stdv": 115.65036010742188,
  "summary_gm_k": -0.057805876851104276,
  "summary_gm_mad": 77.39438764818979,
  "summary_gm_mean": 694.3070068359375,
  "summary_gm_median": 694.3919677734375,
  "summary_gm_n": 7788.0,
  "summary_gm_p05": 562.7894927978516,
  "summary_gm_p95": 824.5921936035155,
  "summary_gm_stdv": 78.13980102539062,
  "summary_wm_k": 0.10523841027499747,
  "summary_wm_mad": 68.52438324998805,
  "summary_wm_mean": 1000.364990234375,
  "summary_wm_median": 1000.0269165039062,
  "summary_wm_n": 150347.0,
  "summary_wm_p05": 886.8589538574219,
  "summary_wm_p95": 1114.783605957031,
  "summary_wm_stdv": 69.31380462646484,
  "tpm_overlap_csf": 0.1633782684803009,
  "tpm_overlap_gm": 0.4214786887168884,
  "tpm_overlap_wm": 0.4842131733894348,
  "wm2max": 0.46034447772031356
}