{
  "bids_meta": {
    "AcquisitionNumber": 1,
    "DeviceSerialNumber": "35442  ",
    "EchoNumber": 1,
    "EchoTime": 0.00298,
    "FlipAngle": 9,
    "ImageOrientationPatientDICOM": [
      "0.00162116515901",
      "0.99999862500695",
      "-0.0003490096483",
      "0.01034318020292",
      "-0.000365759462",
      "-0.9999464409874 "
    ],
    "ImageType": [
      "ORIGINAL",
      "PRIMARY",
      "M",
      "ND",
      "NORM "
    ],
    "ImagingFrequency": 123.247418,
    "InPlanePhaseEncodingDirectionDICOM": "ROW  ",
    "IntendedFor": [
      "ses-NAPBL00/func/sub-5817042_ses-NAPBL00_task-retrieval_run-001_bold.nii.gz",
      "ses-NAPBL00/func/sub-5817042_ses-NAPBL00_task-rest_run-001_bold.nii.gz",
      "ses-NAPBL00/fmap/sub-5817042_ses-NAPBL00_run-001_phasediff.nii.gz",
      "ses-NAPBL00/func/sub-5817042_ses-NAPBL00_task-rest_run-002_bold.nii.gz",
      "ses-NAPBL00/func/sub-5817042_ses-NAPBL00_task-encoding_run-001_bold.nii.gz",
      "ses-NAPBL00/fmap/sub-5817042_ses-NAPBL00_run-002_phasediff.nii.gz",
      "ses-NAPBL00/asl/sub-5817042_ses-NAPBL00_run-001_asl.nii.gz",
      "ses-NAPBL00/anat/sub-5817042_ses-NAPBL00_run-001_T2star.nii.gz",
      "ses-NAPBL00/fmap/sub-5817042_ses-NAPBL00_run-003_phasediff.nii.gz"
    ],
    "InversionTime": 0.9,
    "MRAcquisitionType": "3D ",
    "MagneticFieldStrength": 3,
    "Manufacturer": "SIEMENS  ",
    "ManufacturerModelName": "TrioTim  ",
    "Modality": "MRI__ ",
    "PatientPosition": "HFS  ",
    "PercentPhaseFOV": 93.75,
    "PhaseEncodingSteps": 239,
    "PixelBandwidth": 238,
    "ProtocolName": "MPRAGE ADNI_iPAT2  ",
    "PulseSequenceType": "*tfl3d1_ns ",
    "ReceiveCoilName": "HeadMatrixix\\\\ ",
    "RepetitionTime": 2.3,
    "SAR": 0.08125398882075,
    "ScanningSequence": "GR\\\\IR  ",
    "SequenceName": "*tfl3d1_ns ",
    "SequenceVariant": "SP\\\\MP  ",
    "SeriesDescription": "MPRAGE ADNI_iPAT2  ",
    "SeriesNumber": 12,
    "SliceOrder": "interleaved ",
    "SliceThickness": 1,
    "SliceTiming": null,
    "SoftwareVersions": "syngo MR B17 ",
    "dataset": "<unset>",
    "modality": "T1w",
    "run_id": 1,
    "session_id": "NAPBL00",
    "subject_id": "5817042"
  },
  "cjv": 0.3883092087426555,
  "cnr": 3.3847910469788225,
  "efc": 0.5941587383317328,
  "fber": 107.3691635131836,
  "fwhm_avg": 3.178236666666667,
  "fwhm_x": 3.27759,
  "fwhm_y": 3.28638,
  "fwhm_z": 2.97074,
  "icvs_csf": 0.21039522289159407,
  "icvs_gm": 0.41926650007107547,
  "icvs_wm": 0.37033827703733047,
  "inu_med": 1.309049367904663,
  "inu_range": 0.3410797536373138,
  "provenance": {
    "md5sum": "487a2ed3aba5d01d73e8e50674b6df6d",
    "settings": {
      "testing": false
    },
    "software": "mriqc",
    "version": "0.16.1",
    "warnings": {
      "large_rot_frame": false,
      "small_air_mask": false
    },
    "webapi_port": null,
    "webapi_url": "https://mriqc.nimh.nih.gov/api/v1"
  },
  "qi_1": 0.0,
  "qi_2": 0.0046094096290688015,
  "rpve_csf": 28.959126331400835,
  "rpve_gm": 15.263835101989487,
  "rpve_wm": 21.036305734975958,
  "size_x": 176,
  "size_y": 240,
  "size_z": 256,
  "snr_csf": 3.3410091348321997,
  "snr_gm": 9.354936114554503,
  "snr_total": 10.558755618028032,
  "snr_wm": 18.980321604697394,
  "snrd_csf": 12.326084853086149,
  "snrd_gm": 24.865447631149113,
  "snrd_total": 24.526418719971847,
  "snrd_wm": 36.387723675680284,
  "spacing_x": 1.0,
  "spacing_y": 1.0,
  "spacing_z": 1.0,
  "summary_bg_k": 1867.8421827745256,
  "summary_bg_mad": 18.004157266768292,
  "summary_bg_mean": 60.589168548583984,
  "summary_bg_median": 59.049564361572266,
  "summary_bg_n": 2901205.0,
  "summary_bg_p05": 32.62115478515625,
  "summary_bg_p95": 92.61549682617186,
  "summary_bg_stdv": 25.31242561340332,
  "summary_csf_k": -0.1575094443902869,
  "summary_csf_mad": 107.13470585034239,
  "summary_csf_mean": 346.2359313964844,
  "summary_csf_median": 338.73980712890625,
  "summary_csf_n": 9298.0,
  "summary_csf_p05": 195.7000373840332,
  "summary_csf_p95": 521.8637084960936,
  "summary_csf_stdv": 101.38301849365234,
  "summary_gm_k": -0.013710474174277287,
  "summary_gm_mad": 72.49625323752204,
  "summary_gm_mean": 681.5762939453125,
  "summary_gm_median": 683.3408203125,
  "summary_gm_n": 11864.0,
  "summary_gm_p05": 558.1496612548829,
  "summary_gm_p95": 800.2300231933593,
  "summary_gm_stdv": 73.04293823242188,
  "summary_wm_k": 0.36435756515085993,
  "summary_wm_mad": 50.46181979001865,
  "summary_wm_mean": 999.0010986328125,
  "summary_wm_median": 999.99072265625,
  "summary_wm_n": 168468.0,
  "summary_wm_p05": 911.1422119140625,
  "summary_wm_p95": 1083.7534729003905,
  "summary_wm_stdv": 52.68550109863281,
  "tpm_overlap_csf": 0.17559000849723816,
  "tpm_overlap_gm": 0.43522006273269653,
  "tpm_overlap_wm": 0.5139291882514954,
  "wm2max": 0.5144090212402074
}