{
  "bids_meta": {
    "AcquisitionNumber": 1,
    "DeviceSerialNumber": "35442  ",
    "EchoNumber": 1,
    "EchoTime": 0.00298,
    "FlipAngle": 9,
    "ImageOrientationPatientDICOM": [
      "0.00339004357783",
      "0.99999425378576",
      "3.57732041e-008",
      "0.05571724302181",
      "-0.0001888492494",
      "-0.9984465700106 "
    ],
    "ImageType": [
      "ORIGINAL",
      "PRIMARY",
      "M",
      "ND",
      "NORM "
    ],
    "ImagingFrequency": 123.247041,
    "InPlanePhaseEncodingDirectionDICOM": "ROW  ",
    "IntendedFor": [
      "ses-NAPFU03/fmap/sub-6034555_ses-NAPFU03_run-002_phasediff.nii.gz",
      "ses-NAPFU03/anat/sub-6034555_ses-NAPFU03_run-001_T2star.nii.gz",
      "ses-NAPFU03/fmap/sub-6034555_ses-NAPFU03_run-003_phasediff.nii.gz",
      "ses-NAPFU03/func/sub-6034555_ses-NAPFU03_task-rest_run-002_bold.nii.gz",
      "ses-NAPFU03/func/sub-6034555_ses-NAPFU03_task-retrieval_run-001_bold.nii.gz",
      "ses-NAPFU03/func/sub-6034555_ses-NAPFU03_task-rest_run-001_bold.nii.gz",
      "ses-NAPFU03/func/sub-6034555_ses-NAPFU03_task-encoding_run-001_bold.nii.gz",
      "ses-NAPFU03/fmap/sub-6034555_ses-NAPFU03_run-004_phasediff.nii.gz"
    ],
    "InversionTime": 0.9,
    "MRAcquisitionType": "3D ",
    "MagneticFieldStrength": 3,
    "Manufacturer": "SIEMENS  ",
    "ManufacturerModelName": "TrioTim  ",
    "Modality": "MRI__ ",
    "PatientPosition": "HFS  ",
    "PercentPhaseFOV": 93.75,
    "PhaseEncodingSteps": 239,
    "PixelBandwidth": 238,
    "ProtocolName": "MPRAGE ADNI_iPAT2  ",
    "PulseSequenceType": "*tfl3d1_ns ",
    "ReceiveCoilName": "HeadMatrixix\\\\ ",
    "RepetitionTime": 2.3,
    "SAR": 0.09651477211271,
    "ScanningSequence": "GR\\\\IR  ",
    "SequenceName": "*tfl3d1_ns ",
    "SequenceVariant": "SP\\\\MP  ",
    "SeriesDescription": "MPRAGE ADNI_iPAT2  ",
    "SeriesNumber": 17,
    "SliceOrder": "interleaved ",
    "SliceThickness": 1,
    "SliceTiming": null,
    "SoftwareVersions": "syngo MR B17 ",
    "dataset": "<unset>",
    "modality": "T1w",
    "run_id": 1,
    "session_id": "NAPFU03",
    "subject_id": "6034555"
  },
  "cjv": 0.5115396453485527,
  "cnr": 2.6219969116083464,
  "efc": 0.6393019862360598,
  "fber": 83.8101806640625,
  "fwhm_avg": 3.1297866666666665,
  "fwhm_x": 3.19416,
  "fwhm_y": 3.25412,
  "fwhm_z": 2.94108,
  "icvs_csf": 0.22228678844456817,
  "icvs_gm": 0.4012670595596373,
  "icvs_wm": 0.3764461519957945,
  "inu_med": 1.2953139543533325,
  "inu_range": 0.5187534689903259,
  "provenance": {
    "md5sum": "c43d2ecb77a55f5bbc9d4730660848d4",
    "settings": {
      "testing": false
    },
    "software": "mriqc",
    "version": "0.16.1",
    "warnings": {
      "large_rot_frame": false,
      "small_air_mask": false
    },
    "webapi_port": null,
    "webapi_url": "https://mriqc.nimh.nih.gov/api/v1"
  },
  "qi_1": 0.0,
  "qi_2": 0.005352753447707074,
  "rpve_csf": 25.65350384804636,
  "rpve_gm": 13.559762628639758,
  "rpve_wm": 17.112534771845652,
  "size_x": 176,
  "size_y": 240,
  "size_z": 256,
  "snr_csf": 2.784536555233574,
  "snr_gm": 9.074907296209311,
  "snr_total": 8.19754749606883,
  "snr_wm": 12.733198636763605,
  "snrd_csf": 8.60245877923361,
  "snrd_gm": 20.116225774290125,
  "snrd_total": 19.13533505861388,
  "snrd_wm": 28.687320622317905,
  "spacing_x": 1.0,
  "spacing_y": 1.0,
  "spacing_z": 1.0,
  "summary_bg_k": 1022.7247967507005,
  "summary_bg_mad": 22.836917688164096,
  "summary_bg_mean": 76.14234924316406,
  "summary_bg_median": 73.81377410888672,
  "summary_bg_n": 2798765.0,
  "summary_bg_p05": 40.945158386230474,
  "summary_bg_p95": 117.90058593749998,
  "summary_bg_stdv": 29.108123779296875,
  "summary_csf_k": 1.383273926032496,
  "summary_csf_mad": 94.44870196762028,
  "summary_csf_mean": 316.15411376953125,
  "summary_csf_median": 299.8667907714844,
  "summary_csf_n": 19605.0,
  "summary_csf_p05": 167.60874633789064,
  "summary_csf_p95": 523.2286376953125,
  "summary_csf_stdv": 107.68727111816406,
  "summary_gm_k": 0.04096522635838307,
  "summary_gm_mad": 77.96475152656143,
  "summary_gm_mean": 699.12841796875,
  "summary_gm_median": 701.2167358398438,
  "summary_gm_n": 5232.0,
  "summary_gm_p05": 568.6486694335938,
  "summary_gm_p95": 825.1580566406249,
  "summary_gm_stdv": 77.26246643066406,
  "summary_wm_k": 0.3593469568157972,
  "summary_wm_mad": 74.86973795365873,
  "summary_wm_mean": 1003.184326171875,
  "summary_wm_median": 999.990234375,
  "summary_wm_n": 161188.0,
  "summary_wm_p05": 880.3052215576172,
  "summary_wm_p95": 1139.01220703125,
  "summary_wm_stdv": 78.53385162353516,
  "tpm_overlap_csf": 0.14736780524253845,
  "tpm_overlap_gm": 0.38328036665916443,
  "tpm_overlap_wm": 0.4509488642215729,
  "wm2max": 0.48247411652685535
}