{
  "bids_meta": {
    "AcquisitionNumber": 1,
    "DeviceSerialNumber": "35442  ",
    "EchoNumber": 1,
    "EchoTime": 0.00298,
    "FlipAngle": 9,
    "ImageOrientationPatientDICOM": [
      "0.03564192178707",
      "0.98198306844499",
      "0.18557722570048",
      "0.02357181150347",
      "0.18481749286213",
      "-0.9824901343192  "
    ],
    "ImageType": [
      "ORIGINAL",
      "PRIMARY",
      "M",
      "ND",
      "NORM "
    ],
    "ImagingFrequency": 123.247045,
    "InPlanePhaseEncodingDirectionDICOM": "ROW  ",
    "IntendedFor": [
      "ses-NAPFU12/fmap/sub-1966913_ses-NAPFU12_run-001_phasediff.nii.gz",
      "ses-NAPFU12/anat/sub-1966913_ses-NAPFU12_run-001_T2star.nii.gz",
      "ses-NAPFU12/fmap/sub-1966913_ses-NAPFU12_run-003_phasediff.nii.gz",
      "ses-NAPFU12/fmap/sub-1966913_ses-NAPFU12_run-002_phasediff.nii.gz",
      "ses-NAPFU12/asl/sub-1966913_ses-NAPFU12_run-001_asl.nii.gz",
      "ses-NAPFU12/func/sub-1966913_ses-NAPFU12_task-encoding_run-001_bold.nii.gz",
      "ses-NAPFU12/func/sub-1966913_ses-NAPFU12_task-rest_run-002_bold.nii.gz",
      "ses-NAPFU12/func/sub-1966913_ses-NAPFU12_task-retrieval_run-001_bold.nii.gz",
      "ses-NAPFU12/func/sub-1966913_ses-NAPFU12_task-rest_run-001_bold.nii.gz"
    ],
    "InversionTime": 0.9,
    "MRAcquisitionType": "3D ",
    "MagneticFieldStrength": 3,
    "Manufacturer": "SIEMENS  ",
    "ManufacturerModelName": "TrioTim  ",
    "Modality": "MRI__ ",
    "PatientPosition": "HFS  ",
    "PercentPhaseFOV": 93.75,
    "PhaseEncodingSteps": 239,
    "PixelBandwidth": 238,
    "ProtocolName": "MPRAGE ADNI_iPAT2  ",
    "PulseSequenceType": "*tfl3d1_ns ",
    "ReceiveCoilName": "HeadMatrixix\\\\ ",
    "RepetitionTime": 2.3,
    "SAR": 0.09571213324757,
    "ScanningSequence": "GR\\\\IR  ",
    "SequenceName": "*tfl3d1_ns ",
    "SequenceVariant": "SP\\\\MP  ",
    "SeriesDescription": "MPRAGE ADNI_iPAT2  ",
    "SeriesNumber": 12,
    "SliceOrder": "interleaved ",
    "SliceThickness": 1,
    "SliceTiming": null,
    "SoftwareVersions": "syngo MR B17 ",
    "dataset": "<unset>",
    "modality": "T1w",
    "run_id": 1,
    "session_id": "NAPFU12",
    "subject_id": "1966913"
  },
  "cjv": 0.4837945207375447,
  "cnr": 2.931402479873303,
  "efc": 0.6021009271381468,
  "fber": 157.66192626953125,
  "fwhm_avg": 3.1541333333333337,
  "fwhm_x": 3.22766,
  "fwhm_y": 3.27518,
  "fwhm_z": 2.95956,
  "icvs_csf": 0.20673800801173672,
  "icvs_gm": 0.400830907409686,
  "icvs_wm": 0.3924310845785773,
  "inu_med": 1.3161687850952148,
  "inu_range": 0.30865948200225835,
  "provenance": {
    "md5sum": "31fb7f0676bfb8ea95620908de0c66a7",
    "settings": {
      "testing": false
    },
    "software": "mriqc",
    "version": "0.16.1",
    "warnings": {
      "large_rot_frame": true,
      "small_air_mask": false
    },
    "webapi_port": null,
    "webapi_url": "https://mriqc.nimh.nih.gov/api/v1"
  },
  "qi_1": 6.328371193991612e-05,
  "qi_2": 0.005148740429750616,
  "rpve_csf": 31.316534079319286,
  "rpve_gm": 16.351908038379563,
  "rpve_wm": 20.33283719557977,
  "size_x": 176,
  "size_y": 240,
  "size_z": 256,
  "snr_csf": 2.884425478931754,
  "snr_gm": 7.360234050044541,
  "snr_total": 7.574992005745784,
  "snr_wm": 12.480316488261058,
  "snrd_csf": 13.060704937159223,
  "snrd_gm": 29.20890476736191,
  "snrd_total": 29.122380749928002,
  "snrd_wm": 45.09753254526287,
  "spacing_x": 1.0,
  "spacing_y": 1.0,
  "spacing_z": 1.0,
  "summary_bg_k": 901.0383753179001,
  "summary_bg_mad": 14.526421093205713,
  "summary_bg_mean": 45.04864501953125,
  "summary_bg_median": 43.13434600830078,
  "summary_bg_n": 3031284.0,
  "summary_bg_p05": 23.34513864517212,
  "summary_bg_p95": 71.92501716613769,
  "summary_bg_stdv": 16.793508529663086,
  "summary_csf_k": 1.752226838156119,
  "summary_csf_mad": 88.78895125006457,
  "summary_csf_mean": 304.8979797363281,
  "summary_csf_median": 289.5966491699219,
  "summary_csf_n": 20381.0,
  "summary_csf_p05": 169.48219299316406,
  "summary_csf_p95": 490.7349548339844,
  "summary_csf_stdv": 100.39765167236328,
  "summary_gm_k": -0.1883407287470984,
  "summary_gm_mad": 90.73047785523711,
  "summary_gm_mean": 648.7647094726562,
  "summary_gm_median": 647.6527099609375,
  "summary_gm_n": 9283.0,
  "summary_gm_p05": 505.2077239990235,
  "summary_gm_p95": 794.7914245605468,
  "summary_gm_stdv": 87.98875427246094,
  "summary_wm_k": 0.024516476822414646,
  "summary_wm_mad": 79.71059165117255,
  "summary_wm_mean": 1001.6900024414062,
  "summary_wm_median": 999.9532470703125,
  "summary_wm_n": 170734.0,
  "summary_wm_p05": 872.6111999511719,
  "summary_wm_p95": 1136.9313598632812,
  "summary_wm_stdv": 80.1221923828125,
  "tpm_overlap_csf": 0.17023879289627075,
  "tpm_overlap_gm": 0.4062342941761017,
  "tpm_overlap_wm": 0.4900459945201874,
  "wm2max": 0.6452553259610629
}