{
  "bids_meta": {
    "AcquisitionNumber": 1,
    "DeviceSerialNumber": "35442  ",
    "EchoNumber": 1,
    "EchoTime": 0.00298,
    "FlipAngle": 9,
    "ImageOrientationPatientDICOM": [
      "-0.0010661087528",
      "0.9999994317059",
      "-6.9145153e-009",
      "-0.0488365373542",
      "-5.20719958e-005",
      "-0.9988067830706  "
    ],
    "ImageType": [
      "ORIGINAL",
      "PRIMARY",
      "M",
      "ND",
      "NORM "
    ],
    "ImagingFrequency": 123.247591,
    "InPlanePhaseEncodingDirectionDICOM": "ROW  ",
    "IntendedFor": [
      "ses-NAPBL00/fmap/sub-6605596_ses-NAPBL00_run-001_phasediff.nii.gz",
      "ses-NAPBL00/fmap/sub-6605596_ses-NAPBL00_run-003_phasediff.nii.gz",
      "ses-NAPBL00/func/sub-6605596_ses-NAPBL00_task-rest_run-002_bold.nii.gz",
      "ses-NAPBL00/func/sub-6605596_ses-NAPBL00_task-encoding_run-001_bold.nii.gz",
      "ses-NAPBL00/anat/sub-6605596_ses-NAPBL00_run-001_T2star.nii.gz",
      "ses-NAPBL00/func/sub-6605596_ses-NAPBL00_task-rest_run-001_bold.nii.gz",
      "ses-NAPBL00/fmap/sub-6605596_ses-NAPBL00_run-002_phasediff.nii.gz",
      "ses-NAPBL00/func/sub-6605596_ses-NAPBL00_task-retrieval_run-001_bold.nii.gz",
      "ses-NAPBL00/asl/sub-6605596_ses-NAPBL00_run-001_asl.nii.gz"
    ],
    "InversionTime": 0.9,
    "MRAcquisitionType": "3D ",
    "MagneticFieldStrength": 3,
    "Manufacturer": "SIEMENS  ",
    "ManufacturerModelName": "TrioTim  ",
    "Modality": "MRI__ ",
    "PatientPosition": "HFS  ",
    "PercentPhaseFOV": 93.75,
    "PhaseEncodingSteps": 239,
    "PixelBandwidth": 238,
    "ProtocolName": "MPRAGE ADNI_iPAT2  ",
    "PulseSequenceType": "*tfl3d1_ns ",
    "ReceiveCoilName": "HeadMatrixix\\\\ ",
    "RepetitionTime": 2.3,
    "SAR": 0.0968582501003,
    "ScanningSequence": "GR\\\\IR  ",
    "SequenceName": "*tfl3d1_ns ",
    "SequenceVariant": "SP\\\\MP  ",
    "SeriesDescription": "MPRAGE ADNI_iPAT2  ",
    "SeriesNumber": 12,
    "SliceOrder": "interleaved ",
    "SliceThickness": 1,
    "SliceTiming": null,
    "SoftwareVersions": "syngo MR B17 ",
    "dataset": "<unset>",
    "modality": "T1w",
    "run_id": 1,
    "session_id": "NAPBL00",
    "subject_id": "6605596"
  },
  "cjv": 0.5174819932730975,
  "cnr": 2.523970057807395,
  "efc": 0.6928988197066026,
  "fber": 74.4444808959961,
  "fwhm_avg": 3.2377766666666665,
  "fwhm_x": 3.32451,
  "fwhm_y": 3.30134,
  "fwhm_z": 3.08748,
  "icvs_csf": 0.19393815550823373,
  "icvs_gm": 0.4140172649103401,
  "icvs_wm": 0.3920445795814262,
  "inu_med": 1.29560124874115,
  "inu_range": 0.6025690793991088,
  "provenance": {
    "md5sum": "aa892e4bf9d0bf12649a9bdc451af46b",
    "settings": {
      "testing": false
    },
    "software": "mriqc",
    "version": "0.16.1",
    "warnings": {
      "large_rot_frame": true,
      "small_air_mask": false
    },
    "webapi_port": null,
    "webapi_url": "https://mriqc.nimh.nih.gov/api/v1"
  },
  "qi_1": 0.0,
  "qi_2": 0.004076917060720068,
  "rpve_csf": 25.45867187296135,
  "rpve_gm": 12.54031687592028,
  "rpve_wm": 15.894515648948222,
  "size_x": 176,
  "size_y": 240,
  "size_z": 256,
  "snr_csf": 2.476507255568738,
  "snr_gm": 9.142095068636284,
  "snr_total": 8.55809929456464,
  "snr_wm": 14.055695559488898,
  "snrd_csf": 8.474283677357045,
  "snrd_gm": 18.59825711760906,
  "snrd_total": 17.68143987329337,
  "snrd_wm": 25.97177882491401,
  "spacing_x": 1.0,
  "spacing_y": 1.0,
  "spacing_z": 1.0,
  "summary_bg_k": 1959.8843617726557,
  "summary_bg_mad": 25.2254917548828,
  "summary_bg_mean": 85.1941146850586,
  "summary_bg_median": 82.84418487548828,
  "summary_bg_n": 2279418.0,
  "summary_bg_p05": 46.22450981140137,
  "summary_bg_p95": 130.087873840332,
  "summary_bg_stdv": 38.15607833862305,
  "summary_csf_k": 0.4648676586913556,
  "summary_csf_mad": 134.07196792177555,
  "summary_csf_mean": 349.04931640625,
  "summary_csf_median": 326.2953796386719,
  "summary_csf_n": 10622.0,
  "summary_csf_p05": 168.45733642578125,
  "summary_csf_p95": 586.9057434082031,
  "summary_csf_stdv": 131.7500762939453,
  "summary_gm_k": 0.1073105292135419,
  "summary_gm_mad": 76.52911406339057,
  "summary_gm_mean": 716.8186645507812,
  "summary_gm_median": 716.1107177734375,
  "summary_gm_n": 14259.0,
  "summary_gm_p05": 589.4846740722655,
  "summary_gm_p95": 848.634014892578,
  "summary_gm_stdv": 78.3283920288086,
  "summary_wm_k": 0.08109311732936897,
  "summary_wm_mad": 70.38994277981664,
  "summary_wm_mean": 1001.3942260742188,
  "summary_wm_median": 1000.0221557617188,
  "summary_wm_n": 229090.0,
  "summary_wm_p05": 886.6354553222657,
  "summary_wm_p95": 1120.654315185547,
  "summary_wm_stdv": 71.14695739746094,
  "tpm_overlap_csf": 0.16976337134838104,
  "tpm_overlap_gm": 0.43904656171798706,
  "tpm_overlap_wm": 0.4971206486225128,
  "wm2max": 0.45439657279900875
}