{
  "bids_meta": {
    "AcquisitionNumber": 1,
    "DeviceSerialNumber": "35442  ",
    "EchoNumber": 1,
    "EchoTime": 0.00298,
    "FlipAngle": 9,
    "ImageOrientationPatientDICOM": [
      "0.05849280055682",
      "0.99824991105074",
      "0.00870099823057",
      "0.07681248499844",
      "0.00418956979048",
      "-0.9970367544145  "
    ],
    "ImageType": [
      "ORIGINAL",
      "PRIMARY",
      "M",
      "ND",
      "NORM "
    ],
    "ImagingFrequency": 123.251383,
    "InPlanePhaseEncodingDirectionDICOM": "ROW  ",
    "IntendedFor": [
      "ses-PREFU48/fmap/sub-5187625_ses-PREFU48_run-004_phasediff.nii.gz",
      "ses-PREFU48/func/sub-5187625_ses-PREFU48_task-retrieval_run-001_bold.nii.gz",
      "ses-PREFU48/func/sub-5187625_ses-PREFU48_task-encoding_run-001_bold.nii.gz",
      "ses-PREFU48/dwi/sub-5187625_ses-PREFU48_run-001_dwi.nii.gz",
      "ses-PREFU48/func/sub-5187625_ses-PREFU48_task-rest_run-001_bold.nii.gz",
      "ses-PREFU48/fmap/sub-5187625_ses-PREFU48_run-002_phasediff.nii.gz",
      "ses-PREFU48/func/sub-5187625_ses-PREFU48_task-rest_run-002_bold.nii.gz",
      "ses-PREFU48/fmap/sub-5187625_ses-PREFU48_run-005_phasediff.nii.gz",
      "ses-PREFU48/fmap/sub-5187625_ses-PREFU48_run-001_phasediff.nii.gz",
      "ses-PREFU48/anat/sub-5187625_ses-PREFU48_run-002_T1w.nii.gz",
      "ses-PREFU48/fmap/sub-5187625_ses-PREFU48_run-003_phasediff.nii.gz",
      "ses-PREFU48/anat/sub-5187625_ses-PREFU48_run-001_T2star.nii.gz",
      "ses-PREFU48/asl/sub-5187625_ses-PREFU48_run-001_asl.nii.gz",
      "ses-PREFU48/anat/sub-5187625_ses-PREFU48_run-001_FLAIR.nii.gz"
    ],
    "InversionTime": 0.9,
    "MRAcquisitionType": "3D ",
    "MagneticFieldStrength": 3,
    "Manufacturer": "SIEMENS  ",
    "ManufacturerModelName": "TrioTim  ",
    "Modality": "MRI__ ",
    "PatientPosition": "HFS  ",
    "PercentPhaseFOV": 93.75,
    "PhaseEncodingSteps": 239,
    "PixelBandwidth": 238,
    "ProtocolName": "MPRAGE ADNI_iPAT2  ",
    "PulseSequenceType": "*tfl3d1_ns ",
    "ReceiveCoilName": "HeadMatrixix\\\\ ",
    "RepetitionTime": 2.3,
    "SAR": 0.0809202601568,
    "ScanningSequence": "GR\\\\IR  ",
    "SequenceName": "*tfl3d1_ns ",
    "SequenceVariant": "SP\\\\MP  ",
    "SeriesDescription": "MPRAGE ADNI_iPAT2  ",
    "SeriesNumber": 12,
    "SliceOrder": "interleaved ",
    "SliceThickness": 1,
    "SliceTiming": null,
    "SoftwareVersions": "syngo MR B17 ",
    "dataset": "<unset>",
    "modality": "T1w",
    "run_id": 1,
    "session_id": "PREFU48",
    "subject_id": "5187625"
  },
  "cjv": 0.40417581739746056,
  "cnr": 3.295715324775972,
  "efc": 0.6020067356725366,
  "fber": 114.89423370361328,
  "fwhm_avg": 3.2127933333333334,
  "fwhm_x": 3.26271,
  "fwhm_y": 3.36313,
  "fwhm_z": 3.01254,
  "icvs_csf": 0.19963629373700126,
  "icvs_gm": 0.4184080288332183,
  "icvs_wm": 0.3819556774297804,
  "inu_med": 1.344161033630371,
  "inu_range": 0.4429194092750548,
  "provenance": {
    "md5sum": "937164042ee331e0a27e30a4b3dfbfd4",
    "settings": {
      "testing": false
    },
    "software": "mriqc",
    "version": "0.16.1",
    "warnings": {
      "large_rot_frame": true,
      "small_air_mask": false
    },
    "webapi_port": null,
    "webapi_url": "https://mriqc.nimh.nih.gov/api/v1"
  },
  "qi_1": 0.0001372080175547294,
  "qi_2": 0.004454606869459742,
  "rpve_csf": 30.231325450415586,
  "rpve_gm": 15.027206825068221,
  "rpve_wm": 19.91543820641097,
  "size_x": 176,
  "size_y": 240,
  "size_z": 256,
  "snr_csf": 2.643732723558832,
  "snr_gm": 9.44456818049669,
  "snr_total": 9.937179170453327,
  "snr_wm": 17.723236607304457,
  "snrd_csf": 10.903463234725955,
  "snrd_gm": 24.14281594092446,
  "snrd_total": 23.354885374902704,
  "snrd_wm": 35.01837694905769,
  "spacing_x": 1.0,
  "spacing_y": 1.0,
  "spacing_z": 1.0,
  "summary_bg_k": 81.78462955089225,
  "summary_bg_mad": 18.70824966632128,
  "summary_bg_mean": 62.36579513549805,
  "summary_bg_median": 60.91400909423828,
  "summary_bg_n": 2822520.0,
  "summary_bg_p05": 33.56761360168457,
  "summary_bg_p95": 95.78167839050292,
  "summary_bg_stdv": 19.18901824951172,
  "summary_csf_k": -0.031521112850855904,
  "summary_csf_mad": 117.59922703575926,
  "summary_csf_mean": 335.48651123046875,
  "summary_csf_median": 311.3622131347656,
  "summary_csf_n": 9169.0,
  "summary_csf_p05": 175.2803985595703,
  "summary_csf_p95": 548.9093383789062,
  "summary_csf_stdv": 117.76728820800781,
  "summary_gm_k": 0.08795323685107359,
  "summary_gm_mad": 70.5532787786205,
  "summary_gm_mean": 690.4830322265625,
  "summary_gm_median": 689.4287109375,
  "summary_gm_n": 11302.0,
  "summary_gm_p05": 570.7437805175781,
  "summary_gm_p95": 815.0622344970702,
  "summary_gm_stdv": 72.99414825439453,
  "summary_wm_k": 0.1932787558778153,
  "summary_wm_mad": 54.96975762071838,
  "summary_wm_mean": 998.8863525390625,
  "summary_wm_median": 999.994140625,
  "summary_wm_n": 171274.0,
  "summary_wm_p05": 903.9673034667969,
  "summary_wm_p95": 1089.4642272949218,
  "summary_wm_stdv": 56.422607421875,
  "tpm_overlap_csf": 0.17511779069900513,
  "tpm_overlap_gm": 0.4331704080104828,
  "tpm_overlap_wm": 0.5080413222312927,
  "wm2max": 0.5020128134018988
}