{
  "bids_meta": {
    "AcquisitionNumber": 1,
    "DeviceSerialNumber": "35442  ",
    "EchoNumber": 1,
    "EchoTime": 0.00298,
    "FlipAngle": 9,
    "ImageOrientationPatientDICOM": [
      "-0.0078330523022",
      "0.9955746993693",
      "0.09364646959364",
      "0.09864757729838",
      "0.09396187290559",
      "-0.990676446643  "
    ],
    "ImageType": [
      "ORIGINAL",
      "PRIMARY",
      "M",
      "ND",
      "NORM "
    ],
    "ImagingFrequency": 123.247035,
    "InPlanePhaseEncodingDirectionDICOM": "ROW  ",
    "IntendedFor": [
      "ses-NAPFU12/fmap/sub-1438245_ses-NAPFU12_run-001_phasediff.nii.gz",
      "ses-NAPFU12/func/sub-1438245_ses-NAPFU12_task-rest_run-002_bold.nii.gz",
      "ses-NAPFU12/anat/sub-1438245_ses-NAPFU12_run-001_T2star.nii.gz",
      "ses-NAPFU12/fmap/sub-1438245_ses-NAPFU12_run-002_phasediff.nii.gz",
      "ses-NAPFU12/func/sub-1438245_ses-NAPFU12_task-encoding_run-001_bold.nii.gz",
      "ses-NAPFU12/asl/sub-1438245_ses-NAPFU12_run-001_asl.nii.gz",
      "ses-NAPFU12/fmap/sub-1438245_ses-NAPFU12_run-003_phasediff.nii.gz",
      "ses-NAPFU12/func/sub-1438245_ses-NAPFU12_task-rest_run-001_bold.nii.gz",
      "ses-NAPFU12/anat/sub-1438245_ses-NAPFU12_run-001_T1w.nii.gz",
      "ses-NAPFU12/func/sub-1438245_ses-NAPFU12_task-retrieval_run-001_bold.nii.gz"
    ],
    "InversionTime": 0.9,
    "MRAcquisitionType": "3D ",
    "MagneticFieldStrength": 3,
    "Manufacturer": "SIEMENS  ",
    "ManufacturerModelName": "TrioTim  ",
    "Modality": "MRI__ ",
    "PatientPosition": "HFS  ",
    "PercentPhaseFOV": 93.75,
    "PhaseEncodingSteps": 239,
    "PixelBandwidth": 238,
    "ProtocolName": "MPRAGE ADNI_iPAT2  ",
    "PulseSequenceType": "*tfl3d1_ns ",
    "ReceiveCoilName": "HeadMatrixix\\\\ ",
    "RepetitionTime": 2.3,
    "SAR": 0.08405326111839,
    "ScanningSequence": "GR\\\\IR  ",
    "SequenceName": "*tfl3d1_ns ",
    "SequenceVariant": "SP\\\\MP  ",
    "SeriesDescription": "MPRAGE ADNI_iPAT2  ",
    "SeriesNumber": 17,
    "SliceOrder": "interleaved ",
    "SliceThickness": 1,
    "SliceTiming": null,
    "SoftwareVersions": "syngo MR B17 ",
    "dataset": "<unset>",
    "modality": "T1w",
    "run_id": 2,
    "session_id": "NAPFU12",
    "subject_id": "1438245"
  },
  "cjv": 0.3854498213011427,
  "cnr": 3.4182214112021043,
  "efc": 0.6010123037826068,
  "fber": 111.34608459472656,
  "fwhm_avg": 3.3143,
  "fwhm_x": 3.34998,
  "fwhm_y": 3.44254,
  "fwhm_z": 3.15038,
  "icvs_csf": 0.19717894940742903,
  "icvs_gm": 0.408726509931214,
  "icvs_wm": 0.3940945406613569,
  "inu_med": 1.3361966609954834,
  "inu_range": 0.4355955004692078,
  "provenance": {
    "md5sum": "f30056bab9de46886308b8d57784cd03",
    "settings": {
      "testing": false
    },
    "software": "mriqc",
    "version": "0.16.1",
    "warnings": {
      "large_rot_frame": true,
      "small_air_mask": false
    },
    "webapi_port": null,
    "webapi_url": "https://mriqc.nimh.nih.gov/api/v1"
  },
  "qi_1": 0.0,
  "qi_2": 0.004131461433152748,
  "rpve_csf": 28.69494736785845,
  "rpve_gm": 14.490821614222627,
  "rpve_wm": 18.30188081473583,
  "size_x": 176,
  "size_y": 240,
  "size_z": 256,
  "snr_csf": 2.686056230295891,
  "snr_gm": 9.506322209189685,
  "snr_total": 10.318732101712664,
  "snr_wm": 18.76381786565242,
  "snrd_csf": 11.237630326165391,
  "snrd_gm": 24.157339888730444,
  "snrd_total": 23.581907135337985,
  "snrd_wm": 35.35075119111812,
  "spacing_x": 1.0,
  "spacing_y": 1.0,
  "spacing_z": 1.0,
  "summary_bg_k": 1816.844476474392,
  "summary_bg_mad": 18.532301504174868,
  "summary_bg_mean": 62.43811798095703,
  "summary_bg_median": 60.991580963134766,
  "summary_bg_n": 3143109.0,
  "summary_bg_p05": 33.99761123657227,
  "summary_bg_p95": 95.19822998046875,
  "summary_bg_stdv": 23.9473819732666,
  "summary_csf_k": -0.14053365313508603,
  "summary_csf_mad": 120.01558179590333,
  "summary_csf_mean": 339.53778076171875,
  "summary_csf_median": 317.88671875,
  "summary_csf_n": 13511.0,
  "summary_csf_p05": 178.03829193115234,
  "summary_csf_p95": 554.5287475585938,
  "summary_csf_stdv": 118.3426284790039,
  "summary_gm_k": 0.062225958893426636,
  "summary_gm_mad": 70.66005799113493,
  "summary_gm_mean": 682.7882690429688,
  "summary_gm_median": 683.3555908203125,
  "summary_gm_n": 13432.0,
  "summary_gm_p05": 564.1610504150391,
  "summary_gm_p95": 800.8099304199218,
  "summary_gm_stdv": 71.88165283203125,
  "summary_wm_k": 0.3384445911382943,
  "summary_wm_mad": 51.387179304571774,
  "summary_wm_mean": 999.553955078125,
  "summary_wm_median": 999.991455078125,
  "summary_wm_n": 198476.0,
  "summary_wm_p05": 911.4013824462891,
  "summary_wm_p95": 1086.0962219238281,
  "summary_wm_stdv": 53.2934684753418,
  "tpm_overlap_csf": 0.18059344589710236,
  "tpm_overlap_gm": 0.438681036233902,
  "tpm_overlap_wm": 0.5097659230232239,
  "wm2max": 0.5061809370362267
}