{
  "bids_meta": {
    "AcquisitionNumber": 1,
    "DeviceSerialNumber": "35442  ",
    "EchoNumber": 1,
    "EchoTime": 0.00298,
    "FlipAngle": 9,
    "ImageOrientationPatientDICOM": [
      "0.00204266922395",
      "0.99731250686978",
      "0.07323654240584",
      "-0.0065896347159",
      "0.0732485294083",
      "-0.9972919480543 "
    ],
    "ImageType": [
      "ORIGINAL",
      "PRIMARY",
      "M",
      "ND",
      "NORM "
    ],
    "ImagingFrequency": 123.247134,
    "InPlanePhaseEncodingDirectionDICOM": "ROW  ",
    "IntendedFor": [
      "ses-NAPFU24/func/sub-8969699_ses-NAPFU24_task-retrieval_run-001_bold.nii.gz",
      "ses-NAPFU24/asl/sub-8969699_ses-NAPFU24_run-001_asl.nii.gz",
      "ses-NAPFU24/fmap/sub-8969699_ses-NAPFU24_run-005_phasediff.nii.gz",
      "ses-NAPFU24/fmap/sub-8969699_ses-NAPFU24_run-002_phasediff.nii.gz",
      "ses-NAPFU24/func/sub-8969699_ses-NAPFU24_task-rest_run-001_bold.nii.gz",
      "ses-NAPFU24/fmap/sub-8969699_ses-NAPFU24_run-004_phasediff.nii.gz",
      "ses-NAPFU24/anat/sub-8969699_ses-NAPFU24_run-001_T1w.nii.gz",
      "ses-NAPFU24/func/sub-8969699_ses-NAPFU24_task-encoding_run-001_bold.nii.gz",
      "ses-NAPFU24/fmap/sub-8969699_ses-NAPFU24_run-003_phasediff.nii.gz",
      "ses-NAPFU24/anat/sub-8969699_ses-NAPFU24_run-001_FLAIR.nii.gz",
      "ses-NAPFU24/anat/sub-8969699_ses-NAPFU24_run-001_T2star.nii.gz",
      "ses-NAPFU24/dwi/sub-8969699_ses-NAPFU24_run-001_dwi.nii.gz",
      "ses-NAPFU24/fmap/sub-8969699_ses-NAPFU24_run-001_phasediff.nii.gz",
      "ses-NAPFU24/func/sub-8969699_ses-NAPFU24_task-rest_run-002_bold.nii.gz"
    ],
    "InversionTime": 0.9,
    "MRAcquisitionType": "3D ",
    "MagneticFieldStrength": 3,
    "Manufacturer": "SIEMENS  ",
    "ManufacturerModelName": "TrioTim  ",
    "Modality": "MRI__ ",
    "PatientPosition": "HFS  ",
    "PercentPhaseFOV": 93.75,
    "PhaseEncodingSteps": 239,
    "PixelBandwidth": 238,
    "ProtocolName": "MPRAGE ADNI_iPAT2  ",
    "PulseSequenceType": "*tfl3d1_ns ",
    "ReceiveCoilName": "HeadMatrixix\\\\ ",
    "RepetitionTime": 2.3,
    "SAR": 0.06705462708198,
    "ScanningSequence": "GR\\\\IR  ",
    "SequenceName": "*tfl3d1_ns ",
    "SequenceVariant": "SP\\\\MP  ",
    "SeriesDescription": "MPRAGE ADNI_iPAT2  ",
    "SeriesNumber": 17,
    "SliceOrder": "interleaved ",
    "SliceThickness": 1,
    "SliceTiming": null,
    "SoftwareVersions": "syngo MR B17 ",
    "dataset": "<unset>",
    "modality": "T1w",
    "run_id": 2,
    "session_id": "NAPFU24",
    "subject_id": "8969699"
  },
  "cjv": 0.42404662870330667,
  "cnr": 3.2802092020740425,
  "efc": 0.5788346275702898,
  "fber": 179.62208557128906,
  "fwhm_avg": 3.1006933333333335,
  "fwhm_x": 3.13554,
  "fwhm_y": 3.19668,
  "fwhm_z": 2.96986,
  "icvs_csf": 0.19661410995787204,
  "icvs_gm": 0.4205858936197778,
  "icvs_wm": 0.3827999964223502,
  "inu_med": 1.5650854110717773,
  "inu_range": 0.3420222997665405,
  "provenance": {
    "md5sum": "a74764f8b79298f4488addca5f83b28c",
    "settings": {
      "testing": false
    },
    "software": "mriqc",
    "version": "0.16.1",
    "warnings": {
      "large_rot_frame": true,
      "small_air_mask": false
    },
    "webapi_port": null,
    "webapi_url": "https://mriqc.nimh.nih.gov/api/v1"
  },
  "qi_1": 0.00012969874596807632,
  "qi_2": 0.006523521259697954,
  "rpve_csf": 32.820600095854154,
  "rpve_gm": 16.37332837299309,
  "rpve_wm": 21.233715695952615,
  "size_x": 176,
  "size_y": 240,
  "size_z": 256,
  "snr_csf": 1.9684466095511346,
  "snr_gm": 8.642977287856263,
  "snr_total": 9.244343680686974,
  "snr_wm": 17.121607144653524,
  "snrd_csf": 13.779675743347923,
  "snrd_gm": 29.852498744056227,
  "snrd_total": 29.27111491351467,
  "snrd_wm": 44.181170253139854,
  "spacing_x": 1.0,
  "spacing_y": 1.0,
  "spacing_z": 1.0,
  "summary_bg_k": 27.034801971573145,
  "summary_bg_mad": 14.828386258722917,
  "summary_bg_mean": 43.8826904296875,
  "summary_bg_median": 42.50968551635742,
  "summary_bg_n": 3258967.0,
  "summary_bg_p05": 22.19099349975586,
  "summary_bg_p95": 72.37788314819335,
  "summary_bg_stdv": 15.903973579406738,
  "summary_csf_k": 31.11507499617067,
  "summary_csf_mad": 105.17549959377575,
  "summary_csf_mean": 342.3739013671875,
  "summary_csf_median": 311.8898010253906,
  "summary_csf_n": 13718.0,
  "summary_csf_p05": 183.09501571655272,
  "summary_csf_p95": 560.1766815185547,
  "summary_csf_stdv": 158.43885803222656,
  "summary_gm_k": -0.2126537102987074,
  "summary_gm_mad": 80.61540974094535,
  "summary_gm_mean": 673.9951171875,
  "summary_gm_median": 675.6828002929688,
  "summary_gm_n": 14378.0,
  "summary_gm_p05": 542.0833953857422,
  "summary_gm_p95": 798.6998352050781,
  "summary_gm_stdv": 78.17436981201172,
  "summary_wm_k": 0.2089823343103867,
  "summary_wm_mad": 56.90961014501676,
  "summary_wm_mean": 1000.2132568359375,
  "summary_wm_median": 999.9985961914062,
  "summary_wm_n": 167359.0,
  "summary_wm_p05": 904.7786315917969,
  "summary_wm_p95": 1096.50205078125,
  "summary_wm_stdv": 58.40547561645508,
  "tpm_overlap_csf": 0.1653055101633072,
  "tpm_overlap_gm": 0.4226042926311493,
  "tpm_overlap_wm": 0.4926408529281616,
  "wm2max": 0.5564077024155868
}