{
  "bids_meta": {
    "AcquisitionNumber": 1,
    "DeviceSerialNumber": "35442  ",
    "EchoNumber": 1,
    "EchoTime": 0.00298,
    "FlipAngle": 9,
    "ImageOrientationPatientDICOM": [
      "-0.0543870847828",
      "0.9985198664036",
      "-0.000348433865",
      "0.05893848667396",
      "0.00286190174475",
      "-0.9982575140248  "
    ],
    "ImageType": [
      "ORIGINAL",
      "PRIMARY",
      "M",
      "ND",
      "NORM "
    ],
    "ImagingFrequency": 123.247488,
    "InPlanePhaseEncodingDirectionDICOM": "ROW  ",
    "IntendedFor": [
      "ses-NAPEN00/dwi/sub-9488568_ses-NAPEN00_run-001_dwi.nii.gz",
      "ses-NAPEN00/fmap/sub-9488568_ses-NAPEN00_run-001_phasediff.nii.gz",
      "ses-NAPEN00/fmap/sub-9488568_ses-NAPEN00_run-002_phasediff.nii.gz",
      "ses-NAPEN00/anat/sub-9488568_ses-NAPEN00_run-001_FLAIR.nii.gz"
    ],
    "InversionTime": 0.9,
    "MRAcquisitionType": "3D ",
    "MagneticFieldStrength": 3,
    "Manufacturer": "SIEMENS  ",
    "ManufacturerModelName": "TrioTim  ",
    "Modality": "MRI__ ",
    "PatientPosition": "HFS  ",
    "PercentPhaseFOV": 93.75,
    "PhaseEncodingSteps": 239,
    "PixelBandwidth": 238,
    "ProtocolName": "MPRAGE ADNI_iPAT2  ",
    "PulseSequenceType": "*tfl3d1_ns ",
    "ReceiveCoilName": "HeadMatrixix\\\\ ",
    "RepetitionTime": 2.3,
    "SAR": 0.08391463926537,
    "ScanningSequence": "GR\\\\IR  ",
    "SequenceName": "*tfl3d1_ns ",
    "SequenceVariant": "SP\\\\MP  ",
    "SeriesDescription": "MPRAGE ADNI_iPAT2  ",
    "SeriesNumber": 4,
    "SliceOrder": "interleaved ",
    "SliceThickness": 1,
    "SliceTiming": null,
    "SoftwareVersions": "syngo MR B17 ",
    "dataset": "<unset>",
    "modality": "T1w",
    "run_id": 1,
    "session_id": "NAPEN00",
    "subject_id": "9488568"
  },
  "cjv": 0.40423288670658347,
  "cnr": 3.318578445450713,
  "efc": 0.5833968779095297,
  "fber": 107.93521118164062,
  "fwhm_avg": 3.3111566666666667,
  "fwhm_x": 3.35689,
  "fwhm_y": 3.43282,
  "fwhm_z": 3.14376,
  "icvs_csf": 0.22795559604583854,
  "icvs_gm": 0.4033755250206226,
  "icvs_wm": 0.36866887893353883,
  "inu_med": 1.3931281566619873,
  "inu_range": 0.3600552320480346,
  "provenance": {
    "md5sum": "4bf5754b8ba258d241df2cc7683c4a24",
    "settings": {
      "testing": false
    },
    "software": "mriqc",
    "version": "0.16.1",
    "warnings": {
      "large_rot_frame": true,
      "small_air_mask": false
    },
    "webapi_port": null,
    "webapi_url": "https://mriqc.nimh.nih.gov/api/v1"
  },
  "qi_1": 0.0,
  "qi_2": 0.004673586923159104,
  "rpve_csf": 28.252415106348842,
  "rpve_gm": 16.24955256471275,
  "rpve_wm": 21.62017889447236,
  "size_x": 176,
  "size_y": 240,
  "size_z": 256,
  "snr_csf": 2.0198312973796133,
  "snr_gm": 8.95777808094271,
  "snr_total": 10.06097234453691,
  "snr_wm": 19.205307655288408,
  "snrd_csf": 12.562791682648767,
  "snrd_gm": 24.72216366162594,
  "snrd_total": 24.433047562838453,
  "snrd_wm": 36.01418734424065,
  "spacing_x": 1.0,
  "spacing_y": 1.0,
  "spacing_z": 1.0,
  "summary_bg_k": 0.4208399262682745,
  "summary_bg_mad": 18.19111703520526,
  "summary_bg_mean": 60.83167266845703,
  "summary_bg_median": 59.475914001464844,
  "summary_bg_n": 3315141.0,
  "summary_bg_p05": 32.83490753173828,
  "summary_bg_p95": 93.40824127197266,
  "summary_bg_stdv": 18.530902862548828,
  "summary_csf_k": 32.56067498915102,
  "summary_csf_mad": 130.59823879652157,
  "summary_csf_mean": 365.1211242675781,
  "summary_csf_median": 348.8299865722656,
  "summary_csf_n": 17234.0,
  "summary_csf_p05": 184.85712509155275,
  "summary_csf_p95": 538.142041015625,
  "summary_csf_stdv": 172.69752502441406,
  "summary_gm_k": 0.015162662521761572,
  "summary_gm_mad": 76.57947222590268,
  "summary_gm_mean": 686.1942138671875,
  "summary_gm_median": 686.458251953125,
  "summary_gm_n": 16608.0,
  "summary_gm_p05": 558.6866271972656,
  "summary_gm_p95": 811.9193786621094,
  "summary_gm_stdv": 76.63034057617188,
  "summary_wm_k": 0.35840050869479523,
  "summary_wm_mad": 50.16559796614914,
  "summary_wm_mean": 999.457275390625,
  "summary_wm_median": 1000.0029296875,
  "summary_wm_n": 162369.0,
  "summary_wm_p05": 912.8973144531249,
  "summary_wm_p95": 1084.1087890625,
  "summary_wm_stdv": 52.068931579589844,
  "tpm_overlap_csf": 0.1628255546092987,
  "tpm_overlap_gm": 0.4234682321548462,
  "tpm_overlap_wm": 0.49948883056640625,
  "wm2max": 0.5126652033092046
}