{
  "bids_meta": {
    "AcquisitionNumber": 1,
    "DeviceSerialNumber": "35442  ",
    "EchoNumber": 1,
    "EchoTime": 0.00298,
    "FlipAngle": 9,
    "ImageOrientationPatientDICOM": [
      "-0.0417937870508",
      "0.99817753295829",
      "0.04353035792687",
      "0.06204752487751",
      "0.04607733491714",
      "-0.9970090189479  "
    ],
    "ImageType": [
      "ORIGINAL",
      "PRIMARY",
      "M",
      "ND",
      "NORM "
    ],
    "ImagingFrequency": 123.25172,
    "InPlanePhaseEncodingDirectionDICOM": "ROW  ",
    "IntendedFor": [
      "ses-PREFU24/fmap/sub-3162878_ses-PREFU24_run-001_phasediff.nii.gz",
      "ses-PREFU24/asl/sub-3162878_ses-PREFU24_run-001_asl.nii.gz",
      "ses-PREFU24/anat/sub-3162878_ses-PREFU24_run-001_T1w.nii.gz",
      "ses-PREFU24/anat/sub-3162878_ses-PREFU24_run-001_FLAIR.nii.gz",
      "ses-PREFU24/func/sub-3162878_ses-PREFU24_task-rest_run-002_bold.nii.gz",
      "ses-PREFU24/func/sub-3162878_ses-PREFU24_task-retrieval_run-001_bold.nii.gz",
      "ses-PREFU24/func/sub-3162878_ses-PREFU24_task-rest_run-001_bold.nii.gz",
      "ses-PREFU24/anat/sub-3162878_ses-PREFU24_run-001_T2star.nii.gz",
      "ses-PREFU24/fmap/sub-3162878_ses-PREFU24_run-005_phasediff.nii.gz",
      "ses-PREFU24/func/sub-3162878_ses-PREFU24_task-encoding_run-001_bold.nii.gz",
      "ses-PREFU24/fmap/sub-3162878_ses-PREFU24_run-004_phasediff.nii.gz",
      "ses-PREFU24/dwi/sub-3162878_ses-PREFU24_run-001_dwi.nii.gz",
      "ses-PREFU24/fmap/sub-3162878_ses-PREFU24_run-003_phasediff.nii.gz",
      "ses-PREFU24/fmap/sub-3162878_ses-PREFU24_run-002_phasediff.nii.gz"
    ],
    "InversionTime": 0.9,
    "MRAcquisitionType": "3D ",
    "MagneticFieldStrength": 3,
    "Manufacturer": "SIEMENS  ",
    "ManufacturerModelName": "TrioTim  ",
    "Modality": "MRI__ ",
    "PatientPosition": "HFS  ",
    "PercentPhaseFOV": 93.75,
    "PhaseEncodingSteps": 239,
    "PixelBandwidth": 238,
    "ProtocolName": "MPRAGE ADNI_iPAT2  ",
    "PulseSequenceType": "*tfl3d1_ns ",
    "ReceiveCoilName": "HeadMatrixix\\\\ ",
    "RepetitionTime": 2.3,
    "SAR": 0.08756643821531,
    "ScanningSequence": "GR\\\\IR  ",
    "SequenceName": "*tfl3d1_ns ",
    "SequenceVariant": "SP\\\\MP  ",
    "SeriesDescription": "MPRAGE ADNI_iPAT2  ",
    "SeriesNumber": 17,
    "SliceOrder": "interleaved ",
    "SliceThickness": 1,
    "SliceTiming": null,
    "SoftwareVersions": "syngo MR B17 ",
    "dataset": "<unset>",
    "modality": "T1w",
    "run_id": 2,
    "session_id": "PREFU24",
    "subject_id": "3162878"
  },
  "cjv": 0.4287647634522316,
  "cnr": 3.1601256756853036,
  "efc": 0.6214372079399075,
  "fber": 115.53517150878906,
  "fwhm_avg": 3.284993333333333,
  "fwhm_x": 3.33044,
  "fwhm_y": 3.38925,
  "fwhm_z": 3.13529,
  "icvs_csf": 0.20768035820067468,
  "icvs_gm": 0.39583367026816973,
  "icvs_wm": 0.3964859715311556,
  "inu_med": 1.2463922500610352,
  "inu_range": 0.3146930873394014,
  "provenance": {
    "md5sum": "d5c2db55468ec8754d6240fab63c56af",
    "settings": {
      "testing": false
    },
    "software": "mriqc",
    "version": "0.16.1",
    "warnings": {
      "large_rot_frame": true,
      "small_air_mask": false
    },
    "webapi_port": null,
    "webapi_url": "https://mriqc.nimh.nih.gov/api/v1"
  },
  "qi_1": 0.0,
  "qi_2": 0.0044443267296476316,
  "rpve_csf": 30.113958931950382,
  "rpve_gm": 16.02830222659791,
  "rpve_wm": 19.762196029981965,
  "size_x": 176,
  "size_y": 240,
  "size_z": 256,
  "snr_csf": 3.307156251346292,
  "snr_gm": 8.292969695557401,
  "snr_total": 9.274360712002952,
  "snr_wm": 16.22295618910516,
  "snrd_csf": 12.722660539799971,
  "snrd_gm": 24.360843266247823,
  "snrd_total": 24.475992806976905,
  "snrd_wm": 36.34447461488292,
  "spacing_x": 1.0,
  "spacing_y": 1.0,
  "spacing_z": 1.0,
  "summary_bg_k": 1066.337627559893,
  "summary_bg_mad": 18.02553007630707,
  "summary_bg_mean": 56.662960052490234,
  "summary_bg_median": 54.870845794677734,
  "summary_bg_n": 2773280.0,
  "summary_bg_p05": 29.34118051528931,
  "summary_bg_p95": 89.18152694702147,
  "summary_bg_stdv": 23.55690574645996,
  "summary_csf_k": -0.44935381454719536,
  "summary_csf_mad": 118.74115379637186,
  "summary_csf_mean": 350.232421875,
  "summary_csf_median": 350.0533752441406,
  "summary_csf_n": 10479.0,
  "summary_csf_p05": 186.14395141601562,
  "summary_csf_p95": 525.148358154297,
  "summary_csf_stdv": 105.84219360351562,
  "summary_gm_k": -0.16360952252442873,
  "summary_gm_mad": 81.57307449182699,
  "summary_gm_mean": 668.2484130859375,
  "summary_gm_median": 670.2682495117188,
  "summary_gm_n": 11172.0,
  "summary_gm_p05": 530.7265441894531,
  "summary_gm_p95": 798.1331787109373,
  "summary_gm_stdv": 80.82005310058594,
  "summary_wm_k": 0.2137113560143935,
  "summary_wm_mad": 59.79907373382916,
  "summary_wm_mean": 1000.7989501953125,
  "summary_wm_median": 999.9878540039062,
  "summary_wm_n": 174575.0,
  "summary_wm_p05": 900.5293212890624,
  "summary_wm_p95": 1103.6974609375,
  "summary_wm_stdv": 61.64012145996094,
  "tpm_overlap_csf": 0.16618478298187256,
  "tpm_overlap_gm": 0.415840208530426,
  "tpm_overlap_wm": 0.4976290762424469,
  "wm2max": 0.5599878348329205
}