{
  "bids_meta": {
    "AcquisitionNumber": 1,
    "DeviceSerialNumber": "35442  ",
    "EchoNumber": 1,
    "EchoTime": 0.00298,
    "FlipAngle": 9,
    "ImageOrientationPatientDICOM": [
      "0.01797991184866",
      "0.99983828754372",
      "-0.0003486137675",
      "0.05101801379001",
      "-0.0012656635639",
      "-0.9986969311882  "
    ],
    "ImageType": [
      "ORIGINAL",
      "PRIMARY",
      "M",
      "ND",
      "NORM "
    ],
    "ImagingFrequency": 123.247139,
    "InPlanePhaseEncodingDirectionDICOM": "ROW  ",
    "IntendedFor": [
      "ses-PREFU12/anat/sub-7760229_ses-PREFU12_run-001_T2star.nii.gz",
      "ses-PREFU12/asl/sub-7760229_ses-PREFU12_run-001_asl.nii.gz",
      "ses-PREFU12/fmap/sub-7760229_ses-PREFU12_run-003_phasediff.nii.gz",
      "ses-PREFU12/func/sub-7760229_ses-PREFU12_task-rest_run-002_bold.nii.gz",
      "ses-PREFU12/fmap/sub-7760229_ses-PREFU12_run-002_phasediff.nii.gz",
      "ses-PREFU12/func/sub-7760229_ses-PREFU12_task-encoding_run-001_bold.nii.gz",
      "ses-PREFU12/func/sub-7760229_ses-PREFU12_task-rest_run-001_bold.nii.gz",
      "ses-PREFU12/fmap/sub-7760229_ses-PREFU12_run-001_phasediff.nii.gz",
      "ses-PREFU12/func/sub-7760229_ses-PREFU12_task-retrieval_run-001_bold.nii.gz"
    ],
    "InversionTime": 0.9,
    "MRAcquisitionType": "3D ",
    "MagneticFieldStrength": 3,
    "Manufacturer": "SIEMENS  ",
    "ManufacturerModelName": "TrioTim  ",
    "Modality": "MRI__ ",
    "PatientPosition": "HFS  ",
    "PercentPhaseFOV": 93.75,
    "PhaseEncodingSteps": 239,
    "PixelBandwidth": 238,
    "ProtocolName": "MPRAGE ADNI_iPAT2  ",
    "PulseSequenceType": "*tfl3d1_ns ",
    "ReceiveCoilName": "HeadMatrixix\\\\ ",
    "RepetitionTime": 2.3,
    "SAR": 0.09430240015708,
    "ScanningSequence": "GR\\\\IR  ",
    "SequenceName": "*tfl3d1_ns ",
    "SequenceVariant": "SP\\\\MP  ",
    "SeriesDescription": "MPRAGE ADNI_iPAT2  ",
    "SeriesNumber": 12,
    "SliceOrder": "interleaved ",
    "SliceThickness": 1,
    "SliceTiming": null,
    "SoftwareVersions": "syngo MR B17 ",
    "dataset": "<unset>",
    "modality": "T1w",
    "run_id": 1,
    "session_id": "PREFU12",
    "subject_id": "7760229"
  },
  "cjv": 0.4337593559209162,
  "cnr": 3.0941261755917373,
  "efc": 0.6456363207020471,
  "fber": 87.44566345214844,
  "fwhm_avg": 3.2148866666666667,
  "fwhm_x": 3.29515,
  "fwhm_y": 3.30609,
  "fwhm_z": 3.04342,
  "icvs_csf": 0.21776657462438645,
  "icvs_gm": 0.41012813247454843,
  "icvs_wm": 0.3721052929010651,
  "inu_med": 1.291365146636963,
  "inu_range": 0.3723886430263519,
  "provenance": {
    "md5sum": "185bb3d2f3433d34de089f587ca3d60e",
    "settings": {
      "testing": false
    },
    "software": "mriqc",
    "version": "0.16.1",
    "warnings": {
      "large_rot_frame": true,
      "small_air_mask": false
    },
    "webapi_port": null,
    "webapi_url": "https://mriqc.nimh.nih.gov/api/v1"
  },
  "qi_1": 0.0,
  "qi_2": 0.004229118483315372,
  "rpve_csf": 25.464009145654508,
  "rpve_gm": 13.504977771022533,
  "rpve_wm": 17.653606786226945,
  "size_x": 176,
  "size_y": 240,
  "size_z": 256,
  "snr_csf": 2.9564854934594598,
  "snr_gm": 8.983049210010144,
  "snr_total": 9.171757999555622,
  "snr_wm": 15.575739295197263,
  "snrd_csf": 9.720322396449966,
  "snrd_gm": 21.784731577334423,
  "snrd_total": 21.139550679081974,
  "snrd_wm": 31.913598063461528,
  "spacing_x": 1.0,
  "spacing_y": 1.0,
  "spacing_z": 1.0,
  "summary_bg_k": 1341.4427580445358,
  "summary_bg_mad": 20.528597701190094,
  "summary_bg_mean": 68.61707305908203,
  "summary_bg_median": 66.8488998413086,
  "summary_bg_n": 2581572.0,
  "summary_bg_p05": 36.949951553344725,
  "summary_bg_p95": 105.43847885131834,
  "summary_bg_stdv": 25.023344039916992,
  "summary_csf_k": 0.7310937065213508,
  "summary_csf_mad": 89.44734011061706,
  "summary_csf_mean": 324.85247802734375,
  "summary_csf_median": 304.5848083496094,
  "summary_csf_n": 25325.0,
  "summary_csf_p05": 190.52972717285158,
  "summary_csf_p95": 528.1764404296874,
  "summary_csf_stdv": 103.02056121826172,
  "summary_gm_k": -0.0007217248430118062,
  "summary_gm_mad": 75.9912364030636,
  "summary_gm_mean": 681.2487182617188,
  "summary_gm_median": 682.6212158203125,
  "summary_gm_n": 10202.0,
  "summary_gm_p05": 553.948046875,
  "summary_gm_p95": 803.5765411376954,
  "summary_gm_stdv": 75.98619842529297,
  "summary_wm_k": 0.3067629806629646,
  "summary_wm_mad": 61.67811640150914,
  "summary_wm_mean": 1001.455322265625,
  "summary_wm_median": 1000.0076904296875,
  "summary_wm_n": 182962.0,
  "summary_wm_p05": 898.0828063964843,
  "summary_wm_p95": 1109.2975952148436,
  "summary_wm_stdv": 64.20272827148438,
  "tpm_overlap_csf": 0.14895881712436676,
  "tpm_overlap_gm": 0.3945919871330261,
  "tpm_overlap_wm": 0.45261967182159424,
  "wm2max": 0.47649772342745567
}