{
  "bids_meta": {
    "AcquisitionNumber": 1,
    "DeviceSerialNumber": "35442  ",
    "EchoNumber": 1,
    "EchoTime": 0.00298,
    "FlipAngle": 9,
    "ImageOrientationPatientDICOM": [
      "-0.0252613706378",
      "0.99945816652388",
      "0.02110062847953",
      "0.0472271663299",
      "0.02227693499062",
      "-0.9986357358556 "
    ],
    "ImageType": [
      "ORIGINAL",
      "PRIMARY",
      "M",
      "ND",
      "NORM "
    ],
    "ImagingFrequency": 123.251292,
    "InPlanePhaseEncodingDirectionDICOM": "ROW  ",
    "IntendedFor": [
      "ses-PREFU12/func/sub-4652225_ses-PREFU12_task-rest_run-001_bold.nii.gz",
      "ses-PREFU12/func/sub-4652225_ses-PREFU12_task-encoding_run-001_bold.nii.gz",
      "ses-PREFU12/func/sub-4652225_ses-PREFU12_task-retrieval_run-001_bold.nii.gz",
      "ses-PREFU12/anat/sub-4652225_ses-PREFU12_run-001_T2star.nii.gz",
      "ses-PREFU12/asl/sub-4652225_ses-PREFU12_run-001_asl.nii.gz",
      "ses-PREFU12/fmap/sub-4652225_ses-PREFU12_run-001_phasediff.nii.gz",
      "ses-PREFU12/fmap/sub-4652225_ses-PREFU12_run-003_phasediff.nii.gz",
      "ses-PREFU12/func/sub-4652225_ses-PREFU12_task-rest_run-002_bold.nii.gz",
      "ses-PREFU12/fmap/sub-4652225_ses-PREFU12_run-002_phasediff.nii.gz"
    ],
    "InversionTime": 0.9,
    "MRAcquisitionType": "3D ",
    "MagneticFieldStrength": 3,
    "Manufacturer": "SIEMENS  ",
    "ManufacturerModelName": "TrioTim  ",
    "Modality": "MRI__ ",
    "PatientPosition": "HFS  ",
    "PercentPhaseFOV": 93.75,
    "PhaseEncodingSteps": 239,
    "PixelBandwidth": 238,
    "ProtocolName": "MPRAGE ADNI_iPAT2  ",
    "PulseSequenceType": "*tfl3d1_ns ",
    "ReceiveCoilName": "HeadMatrixix\\\\ ",
    "RepetitionTime": 2.3,
    "SAR": 0.08664983251134,
    "ScanningSequence": "GR\\\\IR  ",
    "SequenceName": "*tfl3d1_ns ",
    "SequenceVariant": "SP\\\\MP  ",
    "SeriesDescription": "MPRAGE ADNI_iPAT2  ",
    "SeriesNumber": 12,
    "SliceOrder": "interleaved ",
    "SliceThickness": 1,
    "SliceTiming": null,
    "SoftwareVersions": "syngo MR B17 ",
    "dataset": "<unset>",
    "modality": "T1w",
    "run_id": 1,
    "session_id": "PREFU12",
    "subject_id": "4652225"
  },
  "cjv": 0.4019958585913375,
  "cnr": 3.299460542149045,
  "efc": 0.6471373094341885,
  "fber": 110.85578155517578,
  "fwhm_avg": 3.1386366666666667,
  "fwhm_x": 3.24219,
  "fwhm_y": 3.22952,
  "fwhm_z": 2.9442,
  "icvs_csf": 0.2088957661978825,
  "icvs_gm": 0.4251117287604832,
  "icvs_wm": 0.3659925050416343,
  "inu_med": 1.280147671699524,
  "inu_range": 0.37600095272064227,
  "provenance": {
    "md5sum": "7711cc606573527ae4fcf05a6ae17aff",
    "settings": {
      "testing": false
    },
    "software": "mriqc",
    "version": "0.16.1",
    "warnings": {
      "large_rot_frame": true,
      "small_air_mask": false
    },
    "webapi_port": null,
    "webapi_url": "https://mriqc.nimh.nih.gov/api/v1"
  },
  "qi_1": 1.8149715289183182e-05,
  "qi_2": 0.003904071396749145,
  "rpve_csf": 27.444819241393937,
  "rpve_gm": 13.74370400343295,
  "rpve_wm": 18.40469014654351,
  "size_x": 176,
  "size_y": 240,
  "size_z": 256,
  "snr_csf": 3.065199464636169,
  "snr_gm": 8.300239095193536,
  "snr_total": 8.353402637550417,
  "snr_wm": 13.694769352821547,
  "snrd_csf": 10.491995590796845,
  "snrd_gm": 22.764488021500373,
  "snrd_total": 22.953278647239873,
  "snrd_wm": 35.60335232942241,
  "spacing_x": 1.0,
  "spacing_y": 1.0,
  "spacing_z": 1.0,
  "summary_bg_k": 1120.0651672943036,
  "summary_bg_mad": 18.40067123976485,
  "summary_bg_mean": 60.02033615112305,
  "summary_bg_median": 57.999290466308594,
  "summary_bg_n": 2700091.0,
  "summary_bg_p05": 31.635356903076172,
  "summary_bg_p95": 93.41510009765625,
  "summary_bg_stdv": 26.06507110595703,
  "summary_csf_k": 1.0901720389793486,
  "summary_csf_mad": 90.67742758969763,
  "summary_csf_mean": 306.640625,
  "summary_csf_median": 294.6863708496094,
  "summary_csf_n": 23114.0,
  "summary_csf_p05": 171.95399627685546,
  "summary_csf_p95": 478.7769836425781,
  "summary_csf_stdv": 96.13729858398438,
  "summary_gm_k": 0.06808946820620321,
  "summary_gm_mad": 75.68447239422973,
  "summary_gm_mean": 640.218994140625,
  "summary_gm_median": 639.3811645507812,
  "summary_gm_n": 12645.0,
  "summary_gm_p05": 514.5467529296875,
  "summary_gm_p95": 766.9984497070311,
  "summary_gm_stdv": 77.02861022949219,
  "summary_wm_k": 0.4319031534063851,
  "summary_wm_mad": 69.27618129877617,
  "summary_wm_mean": 1002.4998779296875,
  "summary_wm_median": 999.9835205078125,
  "summary_wm_n": 155741.0,
  "summary_wm_p05": 887.010498046875,
  "summary_wm_p95": 1127.3660888671875,
  "summary_wm_stdv": 73.0191421508789,
  "tpm_overlap_csf": 0.17031268775463104,
  "tpm_overlap_gm": 0.41717636585235596,
  "tpm_overlap_wm": 0.4801572263240814,
  "wm2max": 0.5755383398635284
}