{
  "bids_meta": {
    "AcquisitionNumber": 1,
    "DeviceSerialNumber": "35442  ",
    "EchoNumber": 1,
    "EchoTime": 0.00298,
    "FlipAngle": 9,
    "ImageOrientationPatientDICOM": [
      "-0.0346874307632",
      "0.99829256751928",
      "0.04699714653893",
      "0.00459549191976",
      "0.04718427416306",
      "-0.9988756307598  "
    ],
    "ImageType": [
      "ORIGINAL",
      "PRIMARY",
      "M",
      "ND",
      "NORM "
    ],
    "ImagingFrequency": 123.251358,
    "InPlanePhaseEncodingDirectionDICOM": "ROW  ",
    "IntendedFor": [
      "ses-PREFU12/asl/sub-7811445_ses-PREFU12_run-001_asl.nii.gz",
      "ses-PREFU12/fmap/sub-7811445_ses-PREFU12_run-003_phasediff.nii.gz",
      "ses-PREFU12/func/sub-7811445_ses-PREFU12_task-encoding_run-001_bold.nii.gz",
      "ses-PREFU12/fmap/sub-7811445_ses-PREFU12_run-002_phasediff.nii.gz",
      "ses-PREFU12/fmap/sub-7811445_ses-PREFU12_run-001_phasediff.nii.gz",
      "ses-PREFU12/anat/sub-7811445_ses-PREFU12_run-001_T2star.nii.gz",
      "ses-PREFU12/func/sub-7811445_ses-PREFU12_task-retrieval_run-001_bold.nii.gz",
      "ses-PREFU12/func/sub-7811445_ses-PREFU12_task-rest_run-001_bold.nii.gz",
      "ses-PREFU12/func/sub-7811445_ses-PREFU12_task-rest_run-002_bold.nii.gz"
    ],
    "InversionTime": 0.9,
    "MRAcquisitionType": "3D ",
    "MagneticFieldStrength": 3,
    "Manufacturer": "SIEMENS  ",
    "ManufacturerModelName": "TrioTim  ",
    "Modality": "MRI__ ",
    "PatientPosition": "HFS  ",
    "PercentPhaseFOV": 93.75,
    "PhaseEncodingSteps": 239,
    "PixelBandwidth": 238,
    "ProtocolName": "MPRAGE ADNI_iPAT2  ",
    "PulseSequenceType": "*tfl3d1_ns ",
    "ReceiveCoilName": "HeadMatrixix\\\\ ",
    "RepetitionTime": 2.3,
    "SAR": 0.07108442547107,
    "ScanningSequence": "GR\\\\IR  ",
    "SequenceName": "*tfl3d1_ns ",
    "SequenceVariant": "SP\\\\MP  ",
    "SeriesDescription": "MPRAGE ADNI_iPAT2  ",
    "SeriesNumber": 12,
    "SliceOrder": "interleaved ",
    "SliceThickness": 1,
    "SliceTiming": null,
    "SoftwareVersions": "syngo MR B17 ",
    "dataset": "<unset>",
    "modality": "T1w",
    "run_id": 1,
    "session_id": "PREFU12",
    "subject_id": "7811445"
  },
  "cjv": 0.4673154833800351,
  "cnr": 2.8522521817628457,
  "efc": 0.6294159259991938,
  "fber": 71.99217224121094,
  "fwhm_avg": 3.2757233333333335,
  "fwhm_x": 3.34519,
  "fwhm_y": 3.37759,
  "fwhm_z": 3.10439,
  "icvs_csf": 0.19438548656042196,
  "icvs_gm": 0.4260807639584132,
  "icvs_wm": 0.3795337494811648,
  "inu_med": 1.4564013481140137,
  "inu_range": 0.5097797513008118,
  "provenance": {
    "md5sum": "3ced9ad295f852084fa5878765fb359b",
    "settings": {
      "testing": false
    },
    "software": "mriqc",
    "version": "0.16.1",
    "warnings": {
      "large_rot_frame": true,
      "small_air_mask": false
    },
    "webapi_port": null,
    "webapi_url": "https://mriqc.nimh.nih.gov/api/v1"
  },
  "qi_1": 0.0,
  "qi_2": 0.0040413759163393445,
  "rpve_csf": 31.07638860777794,
  "rpve_gm": 15.144656521548102,
  "rpve_wm": 20.02260234293942,
  "size_x": 176,
  "size_y": 240,
  "size_z": 256,
  "snr_csf": 2.561113479834829,
  "snr_gm": 9.077749334297978,
  "snr_total": 9.730757006860978,
  "snr_wm": 17.553408206450126,
  "snrd_csf": 8.498635538352064,
  "snrd_gm": 20.89932973031583,
  "snrd_total": 19.54643887541458,
  "snrd_wm": 29.241351357575848,
  "spacing_x": 1.0,
  "spacing_y": 1.0,
  "spacing_z": 1.0,
  "summary_bg_k": 426.1700039675437,
  "summary_bg_mad": 22.404665481911252,
  "summary_bg_mean": 75.71192932128906,
  "summary_bg_median": 74.02037811279297,
  "summary_bg_n": 3047493.0,
  "summary_bg_p05": 41.15195770263672,
  "summary_bg_p95": 115.7091110229492,
  "summary_bg_stdv": 23.664691925048828,
  "summary_csf_k": 0.5441642369258743,
  "summary_csf_mad": 93.02667206723066,
  "summary_csf_mean": 318.56719970703125,
  "summary_csf_median": 290.640380859375,
  "summary_csf_n": 11288.0,
  "summary_csf_p05": 176.88006744384765,
  "summary_csf_p95": 546.1669006347656,
  "summary_csf_stdv": 113.47701263427734,
  "summary_gm_k": -0.013524716087100597,
  "summary_gm_mad": 78.23604311903456,
  "summary_gm_mean": 717.398681640625,
  "summary_gm_median": 714.7252197265625,
  "summary_gm_n": 16345.0,
  "summary_gm_p05": 591.05107421875,
  "summary_gm_p95": 851.7041625976562,
  "summary_gm_stdv": 78.73133850097656,
  "summary_wm_k": 0.28833905338505206,
  "summary_wm_mad": 55.08178530300048,
  "summary_wm_mean": 999.1119384765625,
  "summary_wm_median": 1000.0096435546875,
  "summary_wm_n": 178301.0,
  "summary_wm_p05": 904.1115112304688,
  "summary_wm_p95": 1090.9183349609375,
  "summary_wm_stdv": 56.969383239746094,
  "tpm_overlap_csf": 0.17090444266796112,
  "tpm_overlap_gm": 0.4241713583469391,
  "tpm_overlap_wm": 0.5034819841384888,
  "wm2max": 0.5620163730023919
}