{
  "bids_meta": {
    "AcquisitionNumber": 1,
    "DeviceSerialNumber": "35442  ",
    "EchoNumber": 1,
    "EchoTime": 0.00298,
    "FlipAngle": 9,
    "ImageOrientationPatientDICOM": [
      "-0.01918173933",
      "0.99816000763886",
      "0.05752095293594",
      "0.03765865409171",
      "0.05821200833403",
      "-0.9975936987861  "
    ],
    "ImageType": [
      "ORIGINAL",
      "PRIMARY",
      "M",
      "ND",
      "NORM "
    ],
    "ImagingFrequency": 123.251455,
    "InPlanePhaseEncodingDirectionDICOM": "ROW  ",
    "IntendedFor": [
      "ses-PREBL00/func/sub-9023841_ses-PREBL00_task-retrieval_run-001_bold.nii.gz",
      "ses-PREBL00/func/sub-9023841_ses-PREBL00_task-encoding_run-001_bold.nii.gz",
      "ses-PREBL00/func/sub-9023841_ses-PREBL00_task-rest_run-002_bold.nii.gz",
      "ses-PREBL00/func/sub-9023841_ses-PREBL00_task-rest_run-001_bold.nii.gz",
      "ses-PREBL00/fmap/sub-9023841_ses-PREBL00_run-001_phasediff.nii.gz",
      "ses-PREBL00/asl/sub-9023841_ses-PREBL00_run-001_asl.nii.gz",
      "ses-PREBL00/fmap/sub-9023841_ses-PREBL00_run-003_phasediff.nii.gz",
      "ses-PREBL00/fmap/sub-9023841_ses-PREBL00_run-002_phasediff.nii.gz",
      "ses-PREBL00/anat/sub-9023841_ses-PREBL00_run-001_T2star.nii.gz"
    ],
    "InversionTime": 0.9,
    "MRAcquisitionType": "3D ",
    "MagneticFieldStrength": 3,
    "Manufacturer": "SIEMENS  ",
    "ManufacturerModelName": "TrioTim  ",
    "Modality": "MRI__ ",
    "PatientPosition": "HFS  ",
    "PercentPhaseFOV": 93.75,
    "PhaseEncodingSteps": 239,
    "PixelBandwidth": 238,
    "ProtocolName": "MPRAGE ADNI_iPAT2  ",
    "PulseSequenceType": "*tfl3d1_ns ",
    "ReceiveCoilName": "HeadMatrixix\\\\ ",
    "RepetitionTime": 2.3,
    "SAR": 0.08238659409728,
    "ScanningSequence": "GR\\\\IR  ",
    "SequenceName": "*tfl3d1_ns ",
    "SequenceVariant": "SP\\\\MP  ",
    "SeriesDescription": "MPRAGE ADNI_iPAT2  ",
    "SeriesNumber": 12,
    "SliceOrder": "interleaved ",
    "SliceThickness": 1,
    "SliceTiming": null,
    "SoftwareVersions": "syngo MR B17 ",
    "dataset": "<unset>",
    "modality": "T1w",
    "run_id": 1,
    "session_id": "PREBL00",
    "subject_id": "9023841"
  },
  "cjv": 0.4391171192003346,
  "cnr": 3.0117120948264064,
  "efc": 0.6123590269312487,
  "fber": 103.08979034423828,
  "fwhm_avg": 3.0683866666666666,
  "fwhm_x": 3.13255,
  "fwhm_y": 3.13759,
  "fwhm_z": 2.93502,
  "icvs_csf": 0.21294457836260064,
  "icvs_gm": 0.4139540518784081,
  "icvs_wm": 0.3731013697589913,
  "inu_med": 1.3044201135635376,
  "inu_range": 0.4013598442077637,
  "provenance": {
    "md5sum": "259dca2c0b4c7ef0e7ed3e814b251c2c",
    "settings": {
      "testing": false
    },
    "software": "mriqc",
    "version": "0.16.1",
    "warnings": {
      "large_rot_frame": true,
      "small_air_mask": false
    },
    "webapi_port": null,
    "webapi_url": "https://mriqc.nimh.nih.gov/api/v1"
  },
  "qi_1": 0.0,
  "qi_2": 0.004413676137662104,
  "rpve_csf": 24.467361722108507,
  "rpve_gm": 12.980888400190446,
  "rpve_wm": 17.121587032757787,
  "size_x": 176,
  "size_y": 240,
  "size_z": 256,
  "snr_csf": 1.0535057069630736,
  "snr_gm": 8.384800427164643,
  "snr_total": 8.88414114416183,
  "snr_wm": 17.214117298357774,
  "snrd_csf": 11.15393406852878,
  "snrd_gm": 22.64948599494995,
  "snrd_total": 22.260613606682,
  "snrd_wm": 32.97842075656727,
  "spacing_x": 1.0,
  "spacing_y": 1.0,
  "spacing_z": 1.0,
  "summary_bg_k": 1883.6204299796404,
  "summary_bg_mad": 19.865599462555004,
  "summary_bg_mean": 66.64167022705078,
  "summary_bg_median": 64.90979766845703,
  "summary_bg_n": 3128716.0,
  "summary_bg_p05": 36.12372303009033,
  "summary_bg_p95": 101.91669845581055,
  "summary_bg_stdv": 27.04834747314453,
  "summary_csf_k": 9.472899368079727,
  "summary_csf_mad": 138.49927839794105,
  "summary_csf_mean": 423.04278564453125,
  "summary_csf_median": 338.2190246582031,
  "summary_csf_n": 15608.0,
  "summary_csf_p05": 180.73369750976562,
  "summary_csf_p95": 1316.3965515136717,
  "summary_csf_stdv": 321.03118896484375,
  "summary_gm_k": 0.04119235541271982,
  "summary_gm_mad": 81.17215474517849,
  "summary_gm_mean": 686.0531005859375,
  "summary_gm_median": 686.796875,
  "summary_gm_n": 12804.0,
  "summary_gm_p05": 548.1419158935547,
  "summary_gm_p95": 819.1197814941404,
  "summary_gm_stdv": 81.90654754638672,
  "summary_wm_k": 0.3095580264922728,
  "summary_wm_mad": 56.36051161828995,
  "summary_wm_mean": 1000.4408569335938,
  "summary_wm_median": 999.9995727539062,
  "summary_wm_n": 197062.0,
  "summary_wm_p05": 905.9044555664062,
  "summary_wm_p95": 1096.286706542969,
  "summary_wm_stdv": 58.09168243408203,
  "tpm_overlap_csf": 0.15364187955856323,
  "tpm_overlap_gm": 0.41273099184036255,
  "tpm_overlap_wm": 0.485321044921875,
  "wm2max": 0.48363198364852134
}