{
  "bids_meta": {
    "AcquisitionNumber": 1,
    "DeviceSerialNumber": "35442  ",
    "EchoNumber": 1,
    "EchoTime": 0.00298,
    "FlipAngle": 9,
    "ImageOrientationPatientDICOM": [
      "-0.026877237788",
      "0.99953075518539",
      "-0.0146929754442",
      "0.05000230626192",
      "-0.0133356216459",
      "-0.9986600675724 "
    ],
    "ImageType": [
      "ORIGINAL",
      "PRIMARY",
      "M",
      "ND",
      "NORM "
    ],
    "ImagingFrequency": 123.247117,
    "InPlanePhaseEncodingDirectionDICOM": "ROW  ",
    "IntendedFor": [
      "ses-PREFU24/fmap/sub-7760229_ses-PREFU24_run-004_phasediff.nii.gz",
      "ses-PREFU24/fmap/sub-7760229_ses-PREFU24_run-005_phasediff.nii.gz",
      "ses-PREFU24/anat/sub-7760229_ses-PREFU24_run-001_FLAIR.nii.gz",
      "ses-PREFU24/dwi/sub-7760229_ses-PREFU24_run-001_dwi.nii.gz"
    ],
    "InversionTime": 0.9,
    "MRAcquisitionType": "3D ",
    "MagneticFieldStrength": 3,
    "Manufacturer": "SIEMENS  ",
    "ManufacturerModelName": "TrioTim  ",
    "Modality": "MRI__ ",
    "PatientPosition": "HFS  ",
    "PercentPhaseFOV": 93.75,
    "PhaseEncodingSteps": 239,
    "PixelBandwidth": 238,
    "ProtocolName": "MPRAGE ADNI_iPAT2  ",
    "PulseSequenceType": "*tfl3d1_ns ",
    "ReceiveCoilName": "HeadMatrixix\\\\ ",
    "RepetitionTime": 2.3,
    "SAR": 0.09506356505992,
    "ScanningSequence": "GR\\\\IR  ",
    "SequenceName": "*tfl3d1_ns ",
    "SequenceVariant": "SP\\\\MP  ",
    "SeriesDescription": "MPRAGE ADNI_iPAT2  ",
    "SeriesNumber": 20,
    "SliceOrder": "interleaved ",
    "SliceThickness": 1,
    "SliceTiming": null,
    "SoftwareVersions": "syngo MR B17 ",
    "dataset": "<unset>",
    "modality": "T1w",
    "run_id": 2,
    "session_id": "PREFU24",
    "subject_id": "7760229"
  },
  "cjv": 0.43152544437511026,
  "cnr": 3.0869886550582875,
  "efc": 0.6426429414806413,
  "fber": 101.26481628417969,
  "fwhm_avg": 3.2226466666666664,
  "fwhm_x": 3.30272,
  "fwhm_y": 3.30677,
  "fwhm_z": 3.05845,
  "icvs_csf": 0.21930719338146243,
  "icvs_gm": 0.40485688833531375,
  "icvs_wm": 0.3758359182832238,
  "inu_med": 1.2904027700424194,
  "inu_range": 0.4392837345600129,
  "provenance": {
    "md5sum": "4733dc2efd3d0a76c86b311c82b600ed",
    "settings": {
      "testing": false
    },
    "software": "mriqc",
    "version": "0.16.1",
    "warnings": {
      "large_rot_frame": true,
      "small_air_mask": false
    },
    "webapi_port": null,
    "webapi_url": "https://mriqc.nimh.nih.gov/api/v1"
  },
  "qi_1": 0.0,
  "qi_2": 0.004192781709585986,
  "rpve_csf": 25.418392856297377,
  "rpve_gm": 13.534291079025445,
  "rpve_wm": 17.343128272991528,
  "size_x": 176,
  "size_y": 240,
  "size_z": 256,
  "snr_csf": 3.07356519873184,
  "snr_gm": 9.189477137541829,
  "snr_total": 9.08290865202562,
  "snr_wm": 14.985683619803192,
  "snrd_csf": 10.066769964346902,
  "snrd_gm": 22.64884785940744,
  "snrd_total": 21.94796745849602,
  "snrd_wm": 33.128284551733714,
  "spacing_x": 1.0,
  "spacing_y": 1.0,
  "spacing_z": 1.0,
  "summary_bg_k": 1052.2344047873098,
  "summary_bg_mad": 19.775702450747957,
  "summary_bg_mean": 66.25379943847656,
  "summary_bg_median": 64.61109924316406,
  "summary_bg_n": 2512058.0,
  "summary_bg_p05": 35.832392883300784,
  "summary_bg_p95": 101.7251220703125,
  "summary_bg_stdv": 22.656057357788086,
  "summary_csf_k": 1.1529801597592781,
  "summary_csf_mad": 86.26803430342859,
  "summary_csf_mean": 320.5035705566406,
  "summary_csf_median": 303.87176513671875,
  "summary_csf_n": 28313.0,
  "summary_csf_p05": 188.28696899414064,
  "summary_csf_p95": 513.2692260742185,
  "summary_csf_stdv": 98.86447143554688,
  "summary_gm_k": 0.05025281004199922,
  "summary_gm_mad": 73.15109033189557,
  "summary_gm_mean": 682.3399047851562,
  "summary_gm_median": 683.669677734375,
  "summary_gm_n": 7881.0,
  "summary_gm_p05": 557.3678588867188,
  "summary_gm_p95": 803.0762329101562,
  "summary_gm_stdv": 74.39229583740234,
  "summary_wm_k": 0.4412923212004065,
  "summary_wm_mad": 63.35264972996655,
  "summary_wm_mean": 1002.4376220703125,
  "summary_wm_median": 999.998046875,
  "summary_wm_n": 181359.0,
  "summary_wm_p05": 897.0209106445313,
  "summary_wm_p95": 1116.2326904296874,
  "summary_wm_stdv": 66.73004150390625,
  "tpm_overlap_csf": 0.14603063464164734,
  "tpm_overlap_gm": 0.39029017090797424,
  "tpm_overlap_wm": 0.4498995244503021,
  "wm2max": 0.46585005239212496
}