{
  "bids_meta": {
    "AcquisitionNumber": 1,
    "DeviceSerialNumber": "35442  ",
    "EchoNumber": 1,
    "EchoTime": 0.00298,
    "FlipAngle": 9,
    "ImageOrientationPatientDICOM": [
      "0.02949959231221",
      "0.99956473137928",
      "-0.0003490502487",
      "0.00721953730668",
      "-0.0005622592379",
      "-0.9999737807291  "
    ],
    "ImageType": [
      "ORIGINAL",
      "PRIMARY",
      "M",
      "ND",
      "NORM "
    ],
    "ImagingFrequency": 123.247387,
    "InPlanePhaseEncodingDirectionDICOM": "ROW  ",
    "IntendedFor": [
      "ses-NAPFU03/fmap/sub-7499557_ses-NAPFU03_run-002_phasediff.nii.gz",
      "ses-NAPFU03/func/sub-7499557_ses-NAPFU03_task-retrieval_run-001_bold.nii.gz",
      "ses-NAPFU03/fmap/sub-7499557_ses-NAPFU03_run-001_phasediff.nii.gz",
      "ses-NAPFU03/asl/sub-7499557_ses-NAPFU03_run-001_asl.nii.gz",
      "ses-NAPFU03/func/sub-7499557_ses-NAPFU03_task-rest_run-001_bold.nii.gz",
      "ses-NAPFU03/fmap/sub-7499557_ses-NAPFU03_run-003_phasediff.nii.gz",
      "ses-NAPFU03/func/sub-7499557_ses-NAPFU03_task-encoding_run-001_bold.nii.gz",
      "ses-NAPFU03/func/sub-7499557_ses-NAPFU03_task-rest_run-002_bold.nii.gz",
      "ses-NAPFU03/anat/sub-7499557_ses-NAPFU03_run-001_T2star.nii.gz"
    ],
    "InversionTime": 0.9,
    "MRAcquisitionType": "3D ",
    "MagneticFieldStrength": 3,
    "Manufacturer": "SIEMENS  ",
    "ManufacturerModelName": "TrioTim  ",
    "Modality": "MRI__ ",
    "PatientPosition": "HFS  ",
    "PercentPhaseFOV": 93.75,
    "PhaseEncodingSteps": 239,
    "PixelBandwidth": 238,
    "ProtocolName": "MPRAGE ADNI_iPAT2  ",
    "PulseSequenceType": "*tfl3d1_ns ",
    "ReceiveCoilName": "HeadMatrixix\\\\ ",
    "RepetitionTime": 2.3,
    "SAR": 0.07522236285285,
    "ScanningSequence": "GR\\\\IR  ",
    "SequenceName": "*tfl3d1_ns ",
    "SequenceVariant": "SP\\\\MP  ",
    "SeriesDescription": "MPRAGE ADNI_iPAT2  ",
    "SeriesNumber": 12,
    "SliceOrder": "interleaved ",
    "SliceThickness": 1,
    "SliceTiming": null,
    "SoftwareVersions": "syngo MR B17 ",
    "dataset": "<unset>",
    "modality": "T1w",
    "run_id": 1,
    "session_id": "NAPFU03",
    "subject_id": "7499557"
  },
  "cjv": 0.42151959859040794,
  "cnr": 3.164074431424773,
  "efc": 0.6079334784804787,
  "fber": 90.08219909667969,
  "fwhm_avg": 3.1715400000000002,
  "fwhm_x": 3.25449,
  "fwhm_y": 3.2764,
  "fwhm_z": 2.98373,
  "icvs_csf": 0.20929861718267453,
  "icvs_gm": 0.4154989023771717,
  "icvs_wm": 0.3752024804401538,
  "inu_med": 1.3000308275222778,
  "inu_range": 0.38525455594062774,
  "provenance": {
    "md5sum": "54f8e3aa135f7b1465031712bec58ec4",
    "settings": {
      "testing": false
    },
    "software": "mriqc",
    "version": "0.16.1",
    "warnings": {
      "large_rot_frame": true,
      "small_air_mask": false
    },
    "webapi_port": null,
    "webapi_url": "https://mriqc.nimh.nih.gov/api/v1"
  },
  "qi_1": 3.1074679748472666e-05,
  "qi_2": 0.0048406226120829565,
  "rpve_csf": 30.422807886654116,
  "rpve_gm": 15.81303773364365,
  "rpve_wm": 21.002754282812102,
  "size_x": 176,
  "size_y": 240,
  "size_z": 256,
  "snr_csf": 2.69008811326701,
  "snr_gm": 8.893880394310353,
  "snr_total": 9.641761793614862,
  "snr_wm": 17.341316873267225,
  "snrd_csf": 11.084942074610248,
  "snrd_gm": 22.59304632320787,
  "snrd_total": 22.17777886363668,
  "snrd_wm": 32.85534819309192,
  "spacing_x": 1.0,
  "spacing_y": 1.0,
  "spacing_z": 1.0,
  "summary_bg_k": 465.93038404337983,
  "summary_bg_mad": 19.939872662149597,
  "summary_bg_mean": 66.64006042480469,
  "summary_bg_median": 65.09770202636719,
  "summary_bg_n": 2942002.0,
  "summary_bg_p05": 36.15531539916992,
  "summary_bg_p95": 102.24719505310055,
  "summary_bg_stdv": 21.035688400268555,
  "summary_csf_k": -0.38658026641406895,
  "summary_csf_mad": 139.2015440132969,
  "summary_csf_mean": 356.2226257324219,
  "summary_csf_median": 337.3836975097656,
  "summary_csf_n": 11311.0,
  "summary_csf_p05": 183.7951431274414,
  "summary_csf_p95": 576.7007751464844,
  "summary_csf_stdv": 125.41179656982422,
  "summary_gm_k": 0.002715476892832136,
  "summary_gm_mad": 75.46761105288155,
  "summary_gm_mean": 685.6468505859375,
  "summary_gm_median": 687.6468505859375,
  "summary_gm_n": 7848.0,
  "summary_gm_p05": 555.063021850586,
  "summary_gm_p95": 810.0390441894531,
  "summary_gm_stdv": 77.31192779541016,
  "summary_wm_k": 0.21307366850824216,
  "summary_wm_mad": 56.19219862229261,
  "summary_wm_mean": 998.4022216796875,
  "summary_wm_median": 999.9924926757812,
  "summary_wm_n": 167129.0,
  "summary_wm_p05": 900.714990234375,
  "summary_wm_p95": 1090.50419921875,
  "summary_wm_stdv": 57.66514205932617,
  "tpm_overlap_csf": 0.16756682097911835,
  "tpm_overlap_gm": 0.42051753401756287,
  "tpm_overlap_wm": 0.5004609227180481,
  "wm2max": 0.4825238523706458
}