{
  "bids_meta": {
    "AcquisitionNumber": 1,
    "DeviceSerialNumber": "35442  ",
    "EchoNumber": 1,
    "EchoTime": 0.00298,
    "FlipAngle": 9,
    "ImageOrientationPatientDICOM": [
      "0.06071482555416",
      "0.9981551532492",
      "2.40478492e-008",
      "-0.038222155439",
      "0.00232496473363",
      "-0.9992665617204 "
    ],
    "ImageType": [
      "ORIGINAL",
      "PRIMARY",
      "M",
      "ND",
      "NORM "
    ],
    "ImagingFrequency": 123.247384,
    "InPlanePhaseEncodingDirectionDICOM": "ROW  ",
    "IntendedFor": [
      "ses-NAPBL00/fmap/sub-9023102_ses-NAPBL00_run-002_phasediff.nii.gz",
      "ses-NAPBL00/func/sub-9023102_ses-NAPBL00_task-encoding_run-001_bold.nii.gz",
      "ses-NAPBL00/func/sub-9023102_ses-NAPBL00_task-rest_run-001_bold.nii.gz",
      "ses-NAPBL00/fmap/sub-9023102_ses-NAPBL00_run-001_phasediff.nii.gz",
      "ses-NAPBL00/asl/sub-9023102_ses-NAPBL00_run-001_asl.nii.gz",
      "ses-NAPBL00/func/sub-9023102_ses-NAPBL00_task-rest_run-002_bold.nii.gz",
      "ses-NAPBL00/anat/sub-9023102_ses-NAPBL00_run-002_T1w.nii.gz",
      "ses-NAPBL00/anat/sub-9023102_ses-NAPBL00_run-001_T2star.nii.gz",
      "ses-NAPBL00/func/sub-9023102_ses-NAPBL00_task-retrieval_run-001_bold.nii.gz",
      "ses-NAPBL00/fmap/sub-9023102_ses-NAPBL00_run-003_phasediff.nii.gz"
    ],
    "InversionTime": 0.9,
    "MRAcquisitionType": "3D ",
    "MagneticFieldStrength": 3,
    "Manufacturer": "SIEMENS  ",
    "ManufacturerModelName": "TrioTim  ",
    "Modality": "MRI__ ",
    "PatientPosition": "HFS  ",
    "PercentPhaseFOV": 93.75,
    "PhaseEncodingSteps": 239,
    "PixelBandwidth": 238,
    "ProtocolName": "MPRAGE ADNI_iPAT2  ",
    "PulseSequenceType": "*tfl3d1_ns ",
    "ReceiveCoilName": "HeadMatrixix\\\\ ",
    "RepetitionTime": 2.3,
    "SAR": 0.10886831621057,
    "ScanningSequence": "GR\\\\IR  ",
    "SequenceName": "*tfl3d1_ns ",
    "SequenceVariant": "SP\\\\MP  ",
    "SeriesDescription": "MPRAGE ADNI_iPAT2  ",
    "SeriesNumber": 12,
    "SliceOrder": "interleaved ",
    "SliceThickness": 1,
    "SliceTiming": null,
    "SoftwareVersions": "syngo MR B17 ",
    "dataset": "<unset>",
    "modality": "T1w",
    "run_id": 1,
    "session_id": "NAPBL00",
    "subject_id": "9023102"
  },
  "cjv": 0.5044164326920993,
  "cnr": 2.6362370490980966,
  "efc": 0.6755884035737384,
  "fber": 79.41201782226562,
  "fwhm_avg": 3.06114,
  "fwhm_x": 3.14694,
  "fwhm_y": 3.18046,
  "fwhm_z": 2.85602,
  "icvs_csf": 0.2184772914093391,
  "icvs_gm": 0.3906061448550137,
  "icvs_wm": 0.39091656373564715,
  "inu_med": 1.3094229698181152,
  "inu_range": 0.3019329905509949,
  "provenance": {
    "md5sum": "efd55e7eebc56eeae0601a4d415daa1f",
    "settings": {
      "testing": false
    },
    "software": "mriqc",
    "version": "0.16.1",
    "warnings": {
      "large_rot_frame": true,
      "small_air_mask": false
    },
    "webapi_port": null,
    "webapi_url": "https://mriqc.nimh.nih.gov/api/v1"
  },
  "qi_1": 0.0,
  "qi_2": 0.003533573494771587,
  "rpve_csf": 25.610467279909923,
  "rpve_gm": 13.980398738617067,
  "rpve_wm": 17.118811312903272,
  "size_x": 176,
  "size_y": 240,
  "size_z": 256,
  "snr_csf": 2.9419879331286873,
  "snr_gm": 7.90940538518281,
  "snr_total": 8.071795912870316,
  "snr_wm": 13.363994420299456,
  "snrd_csf": 8.911091494303394,
  "snrd_gm": 20.268414276588135,
  "snrd_total": 19.578728056043712,
  "snrd_wm": 29.556678397239605,
  "spacing_x": 1.0,
  "spacing_y": 1.0,
  "spacing_z": 1.0,
  "summary_bg_k": 1409.5223457749214,
  "summary_bg_mad": 22.16546420997874,
  "summary_bg_mean": 72.50525665283203,
  "summary_bg_median": 69.33677673339844,
  "summary_bg_n": 2556230.0,
  "summary_bg_p05": 37.965326118469235,
  "summary_bg_p95": 115.75478935241699,
  "summary_bg_stdv": 33.0961799621582,
  "summary_csf_k": 1.0079064940799256,
  "summary_csf_mad": 95.39407127316261,
  "summary_csf_mean": 315.18402099609375,
  "summary_csf_median": 301.4921569824219,
  "summary_csf_n": 19172.0,
  "summary_csf_p05": 171.8523376464844,
  "summary_csf_p95": 504.25485534667973,
  "summary_csf_stdv": 102.47638702392578,
  "summary_gm_k": -0.05964627711646031,
  "summary_gm_mad": 86.29914053588779,
  "summary_gm_mean": 685.4817504882812,
  "summary_gm_median": 685.74853515625,
  "summary_gm_n": 4573.0,
  "summary_gm_p05": 543.935400390625,
  "summary_gm_p95": 830.2197875976562,
  "summary_gm_stdv": 86.69091033935547,
  "summary_wm_k": 0.33761093936714603,
  "summary_wm_mad": 72.2153243686652,
  "summary_wm_mean": 1002.8242797851562,
  "summary_wm_median": 1000.001708984375,
  "summary_wm_n": 197581.0,
  "summary_wm_p05": 885.33837890625,
  "summary_wm_p95": 1130.8211669921875,
  "summary_wm_stdv": 74.82786560058594,
  "tpm_overlap_csf": 0.16013474762439728,
  "tpm_overlap_gm": 0.38936135172843933,
  "tpm_overlap_wm": 0.4804912209510803,
  "wm2max": 0.5072367147869997
}