{
  "bids_meta": {
    "AcquisitionNumber": 1,
    "DeviceSerialNumber": "35442  ",
    "EchoNumber": 1,
    "EchoTime": 0.00298,
    "FlipAngle": 9,
    "ImageOrientationPatientDICOM": [
      "0.02499752155604",
      "0.99968751313401",
      "2.7256242e-009",
      "-0.0316533394583",
      "0.00079150509463",
      "-0.9994985941065  "
    ],
    "ImageType": [
      "ORIGINAL",
      "PRIMARY",
      "M",
      "ND",
      "NORM "
    ],
    "ImagingFrequency": 123.247048,
    "InPlanePhaseEncodingDirectionDICOM": "ROW  ",
    "IntendedFor": [
      "ses-NAPFU03/func/sub-1284264_ses-NAPFU03_task-rest_run-001_bold.nii.gz",
      "ses-NAPFU03/asl/sub-1284264_ses-NAPFU03_run-001_asl.nii.gz",
      "ses-NAPFU03/func/sub-1284264_ses-NAPFU03_task-retrieval_run-001_bold.nii.gz",
      "ses-NAPFU03/fmap/sub-1284264_ses-NAPFU03_run-003_phasediff.nii.gz",
      "ses-NAPFU03/fmap/sub-1284264_ses-NAPFU03_run-001_phasediff.nii.gz",
      "ses-NAPFU03/func/sub-1284264_ses-NAPFU03_task-rest_run-002_bold.nii.gz",
      "ses-NAPFU03/func/sub-1284264_ses-NAPFU03_task-encoding_run-001_bold.nii.gz",
      "ses-NAPFU03/anat/sub-1284264_ses-NAPFU03_run-001_T2star.nii.gz",
      "ses-NAPFU03/fmap/sub-1284264_ses-NAPFU03_run-002_phasediff.nii.gz"
    ],
    "InversionTime": 0.9,
    "MRAcquisitionType": "3D ",
    "MagneticFieldStrength": 3,
    "Manufacturer": "SIEMENS  ",
    "ManufacturerModelName": "TrioTim  ",
    "Modality": "MRI__ ",
    "PatientPosition": "HFS  ",
    "PercentPhaseFOV": 93.75,
    "PhaseEncodingSteps": 239,
    "PixelBandwidth": 238,
    "ProtocolName": "MPRAGE ADNI_iPAT2  ",
    "PulseSequenceType": "*tfl3d1_ns ",
    "ReceiveCoilName": "HeadMatrixix\\\\ ",
    "RepetitionTime": 2.3,
    "SAR": 0.08978565411159,
    "ScanningSequence": "GR\\\\IR  ",
    "SequenceName": "*tfl3d1_ns ",
    "SequenceVariant": "SP\\\\MP  ",
    "SeriesDescription": "MPRAGE ADNI_iPAT2  ",
    "SeriesNumber": 12,
    "SliceOrder": "interleaved ",
    "SliceThickness": 1,
    "SliceTiming": null,
    "SoftwareVersions": "syngo MR B17 ",
    "dataset": "<unset>",
    "modality": "T1w",
    "run_id": 1,
    "session_id": "NAPFU03",
    "subject_id": "1284264"
  },
  "cjv": 0.4551278258810871,
  "cnr": 3.1042158757768927,
  "efc": 0.5990452031918412,
  "fber": 184.59352111816406,
  "fwhm_avg": 3.2691133333333333,
  "fwhm_x": 3.36073,
  "fwhm_y": 3.36024,
  "fwhm_z": 3.08637,
  "icvs_csf": 0.2152659757036174,
  "icvs_gm": 0.40114097310340524,
  "icvs_wm": 0.3835930511929774,
  "inu_med": 1.2618917226791382,
  "inu_range": 0.3946429014205932,
  "provenance": {
    "md5sum": "61757b33f72efff2383b5e2c02358ab4",
    "settings": {
      "testing": false
    },
    "software": "mriqc",
    "version": "0.16.1",
    "warnings": {
      "large_rot_frame": true,
      "small_air_mask": false
    },
    "webapi_port": null,
    "webapi_url": "https://mriqc.nimh.nih.gov/api/v1"
  },
  "qi_1": 4.560048716520455e-05,
  "qi_2": 0.004982323843307031,
  "rpve_csf": 27.82610701107011,
  "rpve_gm": 15.027996378479834,
  "rpve_wm": 19.174747961386792,
  "size_x": 176,
  "size_y": 240,
  "size_z": 256,
  "snr_csf": 3.3351901005539757,
  "snr_gm": 7.053090793019622,
  "snr_total": 8.261800816546826,
  "snr_wm": 14.397121556066878,
  "snrd_csf": 15.552442529407202,
  "snrd_gm": 31.097611256151747,
  "snrd_total": 31.717272435732824,
  "snrd_wm": 48.50176352163952,
  "spacing_x": 1.0,
  "spacing_y": 1.0,
  "spacing_z": 1.0,
  "summary_bg_k": 1539.8175721705068,
  "summary_bg_mad": 13.506891701641383,
  "summary_bg_mean": 42.760292053222656,
  "summary_bg_median": 41.594730377197266,
  "summary_bg_n": 2943157.0,
  "summary_bg_p05": 22.20405464172363,
  "summary_bg_p95": 67.50444335937499,
  "summary_bg_stdv": 16.580093383789062,
  "summary_csf_k": 1.2016418835971026,
  "summary_csf_mad": 97.70628236703332,
  "summary_csf_mean": 329.3304748535156,
  "summary_csf_median": 320.6434020996094,
  "summary_csf_n": 21189.0,
  "summary_csf_p05": 189.05217895507815,
  "summary_csf_p95": 495.51040039062497,
  "summary_csf_stdv": 96.13719940185547,
  "summary_gm_k": -0.33903596449286066,
  "summary_gm_mad": 96.19155589391532,
  "summary_gm_mean": 642.3763427734375,
  "summary_gm_median": 641.1368408203125,
  "summary_gm_n": 12032.0,
  "summary_gm_p05": 493.66352691650394,
  "summary_gm_p95": 790.857388305664,
  "summary_gm_stdv": 90.89776611328125,
  "summary_wm_k": 0.19532920993024483,
  "summary_wm_mad": 67.11738614339416,
  "summary_wm_mean": 1000.599853515625,
  "summary_wm_median": 999.956787109375,
  "summary_wm_n": 177564.0,
  "summary_wm_p05": 887.4096954345703,
  "summary_wm_p95": 1117.0399719238283,
  "summary_wm_stdv": 69.45513153076172,
  "tpm_overlap_csf": 0.17169976234436035,
  "tpm_overlap_gm": 0.4151018559932709,
  "tpm_overlap_wm": 0.4982464611530304,
  "wm2max": 0.6362578657071831
}