{
  "bids_meta": {
    "AcquisitionNumber": 1,
    "DeviceSerialNumber": "35442  ",
    "EchoNumber": 1,
    "EchoTime": 0.00298,
    "FlipAngle": 9,
    "ImageOrientationPatientDICOM": [
      "0.00270557960932",
      "0.99999633991279",
      "-1.05134251e-008",
      "0.06098739541503",
      "-0.0001650173513",
      "-0.9981385226359  "
    ],
    "ImageType": [
      "ORIGINAL",
      "PRIMARY",
      "M",
      "ND",
      "NORM "
    ],
    "ImagingFrequency": 123.247051,
    "InPlanePhaseEncodingDirectionDICOM": "ROW  ",
    "IntendedFor": [
      "ses-NAPBL00/asl/sub-4715777_ses-NAPBL00_run-001_asl.nii.gz",
      "ses-NAPBL00/func/sub-4715777_ses-NAPBL00_task-rest_run-002_bold.nii.gz",
      "ses-NAPBL00/func/sub-4715777_ses-NAPBL00_task-encoding_run-001_bold.nii.gz",
      "ses-NAPBL00/anat/sub-4715777_ses-NAPBL00_run-001_T2star.nii.gz",
      "ses-NAPBL00/fmap/sub-4715777_ses-NAPBL00_run-001_phasediff.nii.gz",
      "ses-NAPBL00/fmap/sub-4715777_ses-NAPBL00_run-003_phasediff.nii.gz",
      "ses-NAPBL00/func/sub-4715777_ses-NAPBL00_task-rest_run-001_bold.nii.gz",
      "ses-NAPBL00/fmap/sub-4715777_ses-NAPBL00_run-002_phasediff.nii.gz",
      "ses-NAPBL00/func/sub-4715777_ses-NAPBL00_task-retrieval_run-001_bold.nii.gz"
    ],
    "InversionTime": 0.9,
    "MRAcquisitionType": "3D ",
    "MagneticFieldStrength": 3,
    "Manufacturer": "SIEMENS  ",
    "ManufacturerModelName": "TrioTim  ",
    "Modality": "MRI__ ",
    "PatientPosition": "HFS  ",
    "PercentPhaseFOV": 93.75,
    "PhaseEncodingSteps": 239,
    "PixelBandwidth": 238,
    "ProtocolName": "MPRAGE ADNI_iPAT2  ",
    "PulseSequenceType": "*tfl3d1_ns ",
    "ReceiveCoilName": "HeadMatrixix\\\\ ",
    "RepetitionTime": 2.3,
    "SAR": 0.11531148924995,
    "ScanningSequence": "GR\\\\IR  ",
    "SequenceName": "*tfl3d1_ns ",
    "SequenceVariant": "SP\\\\MP  ",
    "SeriesDescription": "MPRAGE ADNI_iPAT2  ",
    "SeriesNumber": 12,
    "SliceOrder": "interleaved ",
    "SliceThickness": 1,
    "SliceTiming": null,
    "SoftwareVersions": "syngo MR B17 ",
    "dataset": "<unset>",
    "modality": "T1w",
    "run_id": 1,
    "session_id": "NAPBL00",
    "subject_id": "4715777"
  },
  "cjv": 0.5468644681797139,
  "cnr": 2.4792826475695326,
  "efc": 0.6545315820358185,
  "fber": 98.7922134399414,
  "fwhm_avg": 2.7613733333333332,
  "fwhm_x": 2.83772,
  "fwhm_y": 2.75656,
  "fwhm_z": 2.68984,
  "icvs_csf": 0.1972011156452568,
  "icvs_gm": 0.41615999520074387,
  "icvs_wm": 0.3866388891539993,
  "inu_med": 1.379225254058838,
  "inu_range": 0.39335589408874494,
  "provenance": {
    "md5sum": "5f5e95321762e1aa82a52ff463cf3d01",
    "settings": {
      "testing": false
    },
    "software": "mriqc",
    "version": "0.16.1",
    "warnings": {
      "large_rot_frame": true,
      "small_air_mask": false
    },
    "webapi_port": null,
    "webapi_url": "https://mriqc.nimh.nih.gov/api/v1"
  },
  "qi_1": 0.0,
  "qi_2": 0.00418408530325473,
  "rpve_csf": 26.64290249298136,
  "rpve_gm": 12.958887150153814,
  "rpve_wm": 16.29840506225314,
  "size_x": 176,
  "size_y": 240,
  "size_z": 256,
  "snr_csf": 0.7355599854353814,
  "snr_gm": 8.426015817785421,
  "snr_total": 7.466068489469383,
  "snr_wm": 13.236629665187348,
  "snrd_csf": 10.236368404447425,
  "snrd_gm": 21.09001900216041,
  "snrd_total": 20.310259130169843,
  "snrd_wm": 29.60438998390169,
  "spacing_x": 1.0,
  "spacing_y": 1.0,
  "spacing_z": 1.0,
  "summary_bg_k": 556.6428927602844,
  "summary_bg_mad": 22.130133185583734,
  "summary_bg_mean": 73.52297973632812,
  "summary_bg_median": 71.5113296508789,
  "summary_bg_n": 3075663.0,
  "summary_bg_p05": 39.112893676757814,
  "summary_bg_p95": 114.01257934570313,
  "summary_bg_stdv": 24.532377243041992,
  "summary_csf_k": 2.6840629864498213,
  "summary_csf_mad": 141.9009541774623,
  "summary_csf_mean": 527.1234130859375,
  "summary_csf_median": 345.7786865234375,
  "summary_csf_n": 16577.0,
  "summary_csf_p05": 187.7039825439453,
  "summary_csf_p95": 1721.4045166015621,
  "summary_csf_stdv": 470.0748596191406,
  "summary_gm_k": 0.028905656742790775,
  "summary_gm_mad": 83.42080732261715,
  "summary_gm_mean": 712.06689453125,
  "summary_gm_median": 712.4088134765625,
  "summary_gm_n": 10016.0,
  "summary_gm_p05": 570.1755218505859,
  "summary_gm_p95": 851.3275756835938,
  "summary_gm_stdv": 84.54449462890625,
  "summary_wm_k": 0.20551204794021372,
  "summary_wm_mad": 73.86320813942302,
  "summary_wm_mean": 1002.69921875,
  "summary_wm_median": 1000.0194091796875,
  "summary_wm_n": 199982.0,
  "summary_wm_p05": 883.2387878417969,
  "summary_wm_p95": 1131.9024169921875,
  "summary_wm_stdv": 75.54920959472656,
  "tpm_overlap_csf": 0.146299347281456,
  "tpm_overlap_gm": 0.37918949127197266,
  "tpm_overlap_wm": 0.46972182393074036,
  "wm2max": 0.46964372625229944
}