{
  "bids_meta": {
    "AcquisitionNumber": 1,
    "DeviceSerialNumber": "35442  ",
    "EchoNumber": 1,
    "EchoTime": 0.00298,
    "FlipAngle": 9,
    "ImageOrientationPatientDICOM": [
      "0.00837466778611",
      "0.99996487093164",
      "-0.0003490589431",
      "-0.0138385809458",
      "-0.0002331401804",
      "-0.9999042150742  "
    ],
    "ImageType": [
      "ORIGINAL",
      "PRIMARY",
      "M",
      "ND",
      "NORM "
    ],
    "ImagingFrequency": 123.251363,
    "InPlanePhaseEncodingDirectionDICOM": "ROW  ",
    "InversionTime": 0.9,
    "MRAcquisitionType": "3D ",
    "MagneticFieldStrength": 3,
    "Manufacturer": "SIEMENS  ",
    "ManufacturerModelName": "TrioTim  ",
    "Modality": "MRI__ ",
    "PatientPosition": "HFS  ",
    "PercentPhaseFOV": 93.75,
    "PhaseEncodingSteps": 239,
    "PixelBandwidth": 238,
    "ProtocolName": "MPRAGE ADNI_iPAT2  ",
    "PulseSequenceType": "*tfl3d1_ns ",
    "ReceiveCoilName": "32Ch_Headad\\\\  ",
    "RepetitionTime": 2.3,
    "SAR": 0.08035213080762,
    "ScanningSequence": "GR\\\\IR  ",
    "SequenceName": "*tfl3d1_ns ",
    "SequenceVariant": "SP\\\\MP  ",
    "SeriesDescription": "MPRAGE ADNI_iPAT2  ",
    "SeriesNumber": 4,
    "SliceOrder": "interleaved ",
    "SliceThickness": 1,
    "SliceTiming": null,
    "SoftwareVersions": "syngo MR B17 ",
    "dataset": "<unset>",
    "modality": "T1w",
    "run_id": 1,
    "session_id": "PREEN00",
    "subject_id": "1527281"
  },
  "cjv": 0.3622981702675852,
  "cnr": 3.541763738074395,
  "efc": 0.5916903958501772,
  "fber": 78.82461547851562,
  "fwhm_avg": 3.3775766666666662,
  "fwhm_x": 3.43381,
  "fwhm_y": 3.53976,
  "fwhm_z": 3.15916,
  "icvs_csf": 0.19393664254867535,
  "icvs_gm": 0.44219591437420086,
  "icvs_wm": 0.3638674430771238,
  "inu_med": 1.4275379180908203,
  "inu_range": 0.4316107094287873,
  "provenance": {
    "md5sum": "8d5296c1bc1be1eb499afa08691b2962",
    "settings": {
      "testing": false
    },
    "software": "mriqc",
    "version": "0.16.1",
    "warnings": {
      "large_rot_frame": false,
      "small_air_mask": false
    },
    "webapi_port": null,
    "webapi_url": "https://mriqc.nimh.nih.gov/api/v1"
  },
  "qi_1": 7.534154835253148e-05,
  "qi_2": 0.004944398632198858,
  "rpve_csf": 26.693391665320224,
  "rpve_gm": 12.778485151930393,
  "rpve_wm": 18.0638434904561,
  "size_x": 176,
  "size_y": 240,
  "size_z": 256,
  "snr_csf": 2.5119444222569136,
  "snr_gm": 10.167571704290632,
  "snr_total": 10.836223559241352,
  "snr_wm": 19.829154551176508,
  "snrd_csf": 17.610544277714464,
  "snrd_gm": 38.20436337686483,
  "snrd_total": 37.10175337163343,
  "snrd_wm": 55.490352460321,
  "spacing_x": 1.0,
  "spacing_y": 1.0,
  "spacing_z": 1.0,
  "summary_bg_k": 11316.086631216513,
  "summary_bg_mad": 11.806226310078944,
  "summary_bg_mean": 68.55331420898438,
  "summary_bg_median": 67.40215301513672,
  "summary_bg_n": 3237268.0,
  "summary_bg_p05": 49.81949634552002,
  "summary_bg_p95": 90.45719566345214,
  "summary_bg_stdv": 24.652332305908203,
  "summary_csf_k": 25.128748480130824,
  "summary_csf_mad": 115.12033178133635,
  "summary_csf_mean": 340.3452453613281,
  "summary_csf_median": 317.3599853515625,
  "summary_csf_n": 14896.0,
  "summary_csf_p05": 185.91144180297852,
  "summary_csf_p95": 549.2560729980469,
  "summary_csf_stdv": 126.33612823486328,
  "summary_gm_k": 0.13844280934507136,
  "summary_gm_mad": 66.91260533159738,
  "summary_gm_mean": 686.1192016601562,
  "summary_gm_median": 688.4816284179688,
  "summary_gm_n": 21152.0,
  "summary_gm_p05": 569.93837890625,
  "summary_gm_p95": 792.8527648925781,
  "summary_gm_stdv": 67.71187591552734,
  "summary_wm_k": 0.8042472024920229,
  "summary_wm_mad": 45.94732137210936,
  "summary_wm_mean": 998.0560913085938,
  "summary_wm_median": 999.9927978515625,
  "summary_wm_n": 190280.0,
  "summary_wm_p05": 910.6910980224609,
  "summary_wm_p95": 1076.8256103515623,
  "summary_wm_stdv": 50.4302978515625,
  "tpm_overlap_csf": 0.17242804169654846,
  "tpm_overlap_gm": 0.4563908576965332,
  "tpm_overlap_wm": 0.5199412703514099,
  "wm2max": 0.4079533670470062
}