{
  "bids_meta": {
    "AcquisitionNumber": 1,
    "DeviceSerialNumber": "35442  ",
    "EchoNumber": 1,
    "EchoTime": 0.00298,
    "FlipAngle": 9,
    "ImageOrientationPatientDICOM": [
      "-0.0159880788881",
      "0.99987212180309",
      "-0.0003483883809",
      "0.06374144042936",
      "0.00067150921355",
      "-0.9979662207948  "
    ],
    "ImageType": [
      "ORIGINAL",
      "PRIMARY",
      "M",
      "ND",
      "NORM "
    ],
    "ImagingFrequency": 123.247073,
    "InPlanePhaseEncodingDirectionDICOM": "ROW  ",
    "IntendedFor": [
      "ses-PREEN00/anat/sub-5160587_ses-PREEN00_run-001_T1w.nii.gz",
      "ses-PREEN00/dwi/sub-5160587_ses-PREEN00_run-001_dwi.nii.gz",
      "ses-PREEN00/fmap/sub-5160587_ses-PREEN00_run-002_phasediff.nii.gz",
      "ses-PREEN00/anat/sub-5160587_ses-PREEN00_run-001_FLAIR.nii.gz",
      "ses-PREEN00/fmap/sub-5160587_ses-PREEN00_run-001_phasediff.nii.gz"
    ],
    "InversionTime": 0.9,
    "MRAcquisitionType": "3D ",
    "MagneticFieldStrength": 3,
    "Manufacturer": "SIEMENS  ",
    "ManufacturerModelName": "TrioTim  ",
    "Modality": "MRI__ ",
    "PatientPosition": "HFS  ",
    "PercentPhaseFOV": 93.75,
    "PhaseEncodingSteps": 239,
    "PixelBandwidth": 238,
    "ProtocolName": "MPRAGE ADNI_iPAT2  ",
    "PulseSequenceType": "*tfl3d1_ns ",
    "ReceiveCoilName": "HeadMatrixix\\\\ ",
    "RepetitionTime": 2.3,
    "SAR": 0.09136841539803,
    "ScanningSequence": "GR\\\\IR  ",
    "SequenceName": "*tfl3d1_ns ",
    "SequenceVariant": "SP\\\\MP  ",
    "SeriesDescription": "MPRAGE ADNI_iPAT2  ",
    "SeriesNumber": 6,
    "SliceOrder": "interleaved ",
    "SliceThickness": 1,
    "SliceTiming": null,
    "SoftwareVersions": "syngo MR B17 ",
    "dataset": "<unset>",
    "modality": "T1w",
    "run_id": 2,
    "session_id": "PREEN00",
    "subject_id": "5160587"
  },
  "cjv": 0.48416117664424546,
  "cnr": 2.777531241097888,
  "efc": 0.6490808895941786,
  "fber": 91.54740905761719,
  "fwhm_avg": 2.93604,
  "fwhm_x": 2.96294,
  "fwhm_y": 2.99252,
  "fwhm_z": 2.85266,
  "icvs_csf": 0.19675275198958775,
  "icvs_gm": 0.4164439686000994,
  "icvs_wm": 0.38680327941031284,
  "inu_med": 1.3166284561157227,
  "inu_range": 0.39061679840087904,
  "provenance": {
    "md5sum": "72a19a711d7121dd371b9a96734ead1c",
    "settings": {
      "testing": false
    },
    "software": "mriqc",
    "version": "0.16.1",
    "warnings": {
      "large_rot_frame": false,
      "small_air_mask": false
    },
    "webapi_port": null,
    "webapi_url": "https://mriqc.nimh.nih.gov/api/v1"
  },
  "qi_1": 0.0,
  "qi_2": 0.0034140129588489006,
  "rpve_csf": 25.886469440941976,
  "rpve_gm": 12.670050538186521,
  "rpve_wm": 16.044514506792957,
  "size_x": 176,
  "size_y": 240,
  "size_z": 256,
  "snr_csf": 1.1801200606413185,
  "snr_gm": 8.287183989516677,
  "snr_total": 7.907706962337433,
  "snr_wm": 14.255816836854306,
  "snrd_csf": 9.688742097262363,
  "snrd_gm": 19.679851982977276,
  "snrd_total": 19.311762035144806,
  "snrd_wm": 28.566692025194783,
  "spacing_x": 1.0,
  "spacing_y": 1.0,
  "spacing_z": 1.0,
  "summary_bg_k": 5.81196597753144,
  "summary_bg_mad": 22.93390126529321,
  "summary_bg_mean": 74.31591033935547,
  "summary_bg_median": 70.85899353027344,
  "summary_bg_n": 2915650.0,
  "summary_bg_p05": 38.75711154937744,
  "summary_bg_p95": 120.167769241333,
  "summary_bg_stdv": 26.721458435058594,
  "summary_csf_k": 16.046366877838057,
  "summary_csf_mad": 121.7408352503051,
  "summary_csf_mean": 403.1667785644531,
  "summary_csf_median": 339.1670227050781,
  "summary_csf_n": 18793.0,
  "summary_csf_p05": 183.81749877929687,
  "summary_csf_p95": 720.8350708007802,
  "summary_csf_stdv": 287.3927917480469,
  "summary_gm_k": -0.006341952954796337,
  "summary_gm_mad": 83.03423037697164,
  "summary_gm_mean": 689.24658203125,
  "summary_gm_median": 688.9188232421875,
  "summary_gm_n": 14729.0,
  "summary_gm_p05": 552.9736694335937,
  "summary_gm_p95": 826.8870117187496,
  "summary_gm_stdv": 83.1278076171875,
  "summary_wm_k": 0.40686119152751443,
  "summary_wm_mad": 67.5860835427319,
  "summary_wm_mean": 1002.2783203125,
  "summary_wm_median": 1000.0142211914062,
  "summary_wm_n": 211425.0,
  "summary_wm_p05": 891.2158203125,
  "summary_wm_p95": 1121.1337158203123,
  "summary_wm_stdv": 70.14763641357422,
  "tpm_overlap_csf": 0.15658411383628845,
  "tpm_overlap_gm": 0.40892964601516724,
  "tpm_overlap_wm": 0.4849773049354553,
  "wm2max": 0.4973597779699101
}