{
  "bids_meta": {
    "AcquisitionNumber": 1,
    "DeviceSerialNumber": "35442  ",
    "EchoNumber": 1,
    "EchoTime": 0.00298,
    "FlipAngle": 9,
    "ImageOrientationPatientDICOM": [
      "0.0222901661505",
      "0.9659677392248",
      "0.25770035946794",
      "-0.0429530683512",
      "0.25845169859023",
      "-0.9650687817016  "
    ],
    "ImageType": [
      "ORIGINAL",
      "PRIMARY",
      "M",
      "ND",
      "NORM "
    ],
    "ImagingFrequency": 123.251445,
    "InPlanePhaseEncodingDirectionDICOM": "ROW  ",
    "IntendedFor": [
      "ses-NAPFU36/anat/sub-4628515_ses-NAPFU36_run-001_T2star.nii.gz",
      "ses-NAPFU36/fmap/sub-4628515_ses-NAPFU36_run-004_phasediff.nii.gz",
      "ses-NAPFU36/fmap/sub-4628515_ses-NAPFU36_run-002_phasediff.nii.gz",
      "ses-NAPFU36/asl/sub-4628515_ses-NAPFU36_run-001_asl.nii.gz",
      "ses-NAPFU36/dwi/sub-4628515_ses-NAPFU36_run-001_dwi.nii.gz",
      "ses-NAPFU36/func/sub-4628515_ses-NAPFU36_task-rest_run-001_bold.nii.gz",
      "ses-NAPFU36/fmap/sub-4628515_ses-NAPFU36_run-001_phasediff.nii.gz",
      "ses-NAPFU36/fmap/sub-4628515_ses-NAPFU36_run-003_phasediff.nii.gz",
      "ses-NAPFU36/anat/sub-4628515_ses-NAPFU36_run-001_FLAIR.nii.gz",
      "ses-NAPFU36/func/sub-4628515_ses-NAPFU36_task-rest_run-002_bold.nii.gz"
    ],
    "InversionTime": 0.9,
    "MRAcquisitionType": "3D ",
    "MagneticFieldStrength": 3,
    "Manufacturer": "SIEMENS  ",
    "ManufacturerModelName": "TrioTim  ",
    "Modality": "MRI__ ",
    "PatientPosition": "HFS  ",
    "PercentPhaseFOV": 93.75,
    "PhaseEncodingSteps": 239,
    "PixelBandwidth": 238,
    "ProtocolName": "MPRAGE ADNI_iPAT2  ",
    "PulseSequenceType": "*tfl3d1_ns ",
    "ReceiveCoilName": "HeadMatrixix\\\\ ",
    "RepetitionTime": 2.3,
    "SAR": 0.07837898511888,
    "ScanningSequence": "GR\\\\IR  ",
    "SequenceName": "*tfl3d1_ns ",
    "SequenceVariant": "SP\\\\MP  ",
    "SeriesDescription": "MPRAGE ADNI_iPAT2  ",
    "SeriesNumber": 5,
    "SliceOrder": "interleaved ",
    "SliceThickness": 1,
    "SliceTiming": null,
    "SoftwareVersions": "syngo MR B17 ",
    "dataset": "<unset>",
    "modality": "T1w",
    "run_id": 1,
    "session_id": "NAPFU36",
    "subject_id": "4628515"
  },
  "cjv": 0.46366468128230154,
  "cnr": 2.826059932970895,
  "efc": 0.5996573805087431,
  "fber": 89.36041259765625,
  "fwhm_avg": 3.056516666666667,
  "fwhm_x": 3.13643,
  "fwhm_y": 3.1481,
  "fwhm_z": 2.88502,
  "icvs_csf": 0.20449914979869213,
  "icvs_gm": 0.4278290176811129,
  "icvs_wm": 0.367671832520195,
  "inu_med": 1.3369477987289429,
  "inu_range": 0.4404328823089598,
  "provenance": {
    "md5sum": "81a4e99c27b5e888338ddd6d4473a97d",
    "settings": {
      "testing": false
    },
    "software": "mriqc",
    "version": "0.16.1",
    "warnings": {
      "large_rot_frame": true,
      "small_air_mask": false
    },
    "webapi_port": null,
    "webapi_url": "https://mriqc.nimh.nih.gov/api/v1"
  },
  "qi_1": 2.9752271471495036e-05,
  "qi_2": 0.0040643215923063,
  "rpve_csf": 30.721544814185087,
  "rpve_gm": 15.116320859367926,
  "rpve_wm": 20.192696056870684,
  "size_x": 176,
  "size_y": 240,
  "size_z": 256,
  "snr_csf": 2.613865829498981,
  "snr_gm": 9.629368653277012,
  "snr_total": 9.492154806468337,
  "snr_wm": 16.23322993662902,
  "snrd_csf": 9.591342089605943,
  "snrd_gm": 22.021488156607987,
  "snrd_total": 20.8292610151745,
  "snrd_wm": 30.874952799309572,
  "spacing_x": 1.0,
  "spacing_y": 1.0,
  "spacing_z": 1.0,
  "summary_bg_k": 3062.9486415025012,
  "summary_bg_mad": 21.21899204710378,
  "summary_bg_mean": 71.41236877441406,
  "summary_bg_median": 69.53795623779297,
  "summary_bg_n": 2837416.0,
  "summary_bg_p05": 38.65093803405762,
  "summary_bg_p95": 109.13352584838867,
  "summary_bg_stdv": 31.858673095703125,
  "summary_csf_k": 0.29739854863719906,
  "summary_csf_mad": 110.33412325073536,
  "summary_csf_mean": 337.5122375488281,
  "summary_csf_median": 310.6507568359375,
  "summary_csf_n": 13926.0,
  "summary_csf_p05": 184.16303634643555,
  "summary_csf_p95": 560.5828399658203,
  "summary_csf_stdv": 118.84297943115234,
  "summary_gm_k": -0.040231671511596456,
  "summary_gm_mad": 73.21384574196233,
  "summary_gm_mean": 713.3154907226562,
  "summary_gm_median": 713.24658203125,
  "summary_gm_n": 10076.0,
  "summary_gm_p05": 589.9099273681641,
  "summary_gm_p95": 836.9763031005859,
  "summary_gm_stdv": 74.06624603271484,
  "summary_wm_k": 0.2428276056786629,
  "summary_wm_mad": 59.74287891097198,
  "summary_wm_mean": 999.4921875,
  "summary_wm_median": 999.9984741210938,
  "summary_wm_n": 146160.0,
  "summary_wm_p05": 896.9465728759766,
  "summary_wm_p95": 1099.6075073242187,
  "summary_wm_stdv": 61.60173034667969,
  "tpm_overlap_csf": 0.1587301641702652,
  "tpm_overlap_gm": 0.4282766878604889,
  "tpm_overlap_wm": 0.48414430022239685,
  "wm2max": 0.44391313312764097
}