{
  "bids_meta": {
    "AcquisitionNumber": 1,
    "DeviceSerialNumber": "35442  ",
    "EchoNumber": 1,
    "EchoTime": 0.00298,
    "FlipAngle": 9,
    "ImageOrientationPatientDICOM": [
      "-0.000186121701",
      "0.99999998267935",
      "5.87306036e-008",
      "0.01570095900792",
      "2.981012614e-006",
      "-0.9998767323412  "
    ],
    "ImageType": [
      "ORIGINAL",
      "PRIMARY",
      "M",
      "ND",
      "NORM "
    ],
    "ImagingFrequency": 123.247396,
    "InPlanePhaseEncodingDirectionDICOM": "ROW  ",
    "IntendedFor": [
      "ses-PREBL00/func/sub-4040157_ses-PREBL00_task-retrieval_run-001_bold.nii.gz",
      "ses-PREBL00/fmap/sub-4040157_ses-PREBL00_run-002_phasediff.nii.gz",
      "ses-PREBL00/func/sub-4040157_ses-PREBL00_task-encoding_run-001_bold.nii.gz",
      "ses-PREBL00/anat/sub-4040157_ses-PREBL00_run-001_T2star.nii.gz",
      "ses-PREBL00/asl/sub-4040157_ses-PREBL00_run-001_asl.nii.gz",
      "ses-PREBL00/fmap/sub-4040157_ses-PREBL00_run-003_phasediff.nii.gz",
      "ses-PREBL00/fmap/sub-4040157_ses-PREBL00_run-001_phasediff.nii.gz",
      "ses-PREBL00/func/sub-4040157_ses-PREBL00_task-rest_run-002_bold.nii.gz",
      "ses-PREBL00/func/sub-4040157_ses-PREBL00_task-rest_run-001_bold.nii.gz"
    ],
    "InversionTime": 0.9,
    "MRAcquisitionType": "3D ",
    "MagneticFieldStrength": 3,
    "Manufacturer": "SIEMENS  ",
    "ManufacturerModelName": "TrioTim  ",
    "Modality": "MRI__ ",
    "PatientPosition": "HFS  ",
    "PercentPhaseFOV": 93.75,
    "PhaseEncodingSteps": 239,
    "PixelBandwidth": 238,
    "ProtocolName": "MPRAGE ADNI_iPAT2  ",
    "PulseSequenceType": "*tfl3d1_ns ",
    "ReceiveCoilName": "HeadMatrixix\\\\ ",
    "RepetitionTime": 2.3,
    "SAR": 0.09249642591015,
    "ScanningSequence": "GR\\\\IR  ",
    "SequenceName": "*tfl3d1_ns ",
    "SequenceVariant": "SP\\\\MP  ",
    "SeriesDescription": "MPRAGE ADNI_iPAT2  ",
    "SeriesNumber": 12,
    "SliceOrder": "interleaved ",
    "SliceThickness": 1,
    "SliceTiming": null,
    "SoftwareVersions": "syngo MR B17 ",
    "dataset": "<unset>",
    "modality": "T1w",
    "run_id": 1,
    "session_id": "PREBL00",
    "subject_id": "4040157"
  },
  "cjv": 0.37372181563102436,
  "cnr": 3.4511258635446964,
  "efc": 0.6485611767823911,
  "fber": 95.99252319335938,
  "fwhm_avg": 3.0694866666666667,
  "fwhm_x": 3.14672,
  "fwhm_y": 3.16547,
  "fwhm_z": 2.89627,
  "icvs_csf": 0.20228302655355773,
  "icvs_gm": 0.41431012124635946,
  "icvs_wm": 0.3834068522000828,
  "inu_med": 1.2766045331954956,
  "inu_range": 0.4795245170593261,
  "provenance": {
    "md5sum": "910388cc131b334ea2aab07f622afd17",
    "settings": {
      "testing": false
    },
    "software": "mriqc",
    "version": "0.16.1",
    "warnings": {
      "large_rot_frame": false,
      "small_air_mask": false
    },
    "webapi_port": null,
    "webapi_url": "https://mriqc.nimh.nih.gov/api/v1"
  },
  "qi_1": 0.0,
  "qi_2": 0.004825743752268115,
  "rpve_csf": 25.407699826520783,
  "rpve_gm": 12.712476407947449,
  "rpve_wm": 16.232231690047083,
  "size_x": 176,
  "size_y": 240,
  "size_z": 256,
  "snr_csf": 1.6539595561377318,
  "snr_gm": 9.444645237629663,
  "snr_total": 9.063805011951727,
  "snr_wm": 16.092810242087783,
  "snrd_csf": 9.32705955876243,
  "snrd_gm": 21.02395852581519,
  "snrd_total": 20.72295932198603,
  "snrd_wm": 31.817859881380468,
  "spacing_x": 1.0,
  "spacing_y": 1.0,
  "spacing_z": 1.0,
  "summary_bg_k": 1431.8696831967668,
  "summary_bg_mad": 20.59008058356533,
  "summary_bg_mean": 69.31507873535156,
  "summary_bg_median": 67.37303924560547,
  "summary_bg_n": 2530331.0,
  "summary_bg_p05": 37.34489059448242,
  "summary_bg_p95": 105.78911590576172,
  "summary_bg_stdv": 30.120548248291016,
  "summary_csf_k": 42.866038580642304,
  "summary_csf_mad": 88.41848167715429,
  "summary_csf_mean": 322.88262939453125,
  "summary_csf_median": 293.1372985839844,
  "summary_csf_n": 18563.0,
  "summary_csf_p05": 169.11490783691409,
  "summary_csf_p95": 529.3299987792968,
  "summary_csf_stdv": 177.2288818359375,
  "summary_gm_k": 0.23416556583498416,
  "summary_gm_mad": 67.2568778010984,
  "summary_gm_mean": 660.8386840820312,
  "summary_gm_median": 660.7555541992188,
  "summary_gm_n": 8741.0,
  "summary_gm_p05": 546.0679321289062,
  "summary_gm_p95": 776.4811401367188,
  "summary_gm_stdv": 69.95686340332031,
  "summary_wm_k": 0.33936788013524266,
  "summary_wm_mad": 59.52384578903028,
  "summary_wm_mean": 999.9845581054688,
  "summary_wm_median": 999.9937744140625,
  "summary_wm_n": 189410.0,
  "summary_wm_p05": 897.8744354248047,
  "summary_wm_p95": 1102.0524353027345,
  "summary_wm_stdv": 62.138999938964844,
  "tpm_overlap_csf": 0.1302628219127655,
  "tpm_overlap_gm": 0.38108357787132263,
  "tpm_overlap_wm": 0.42913439869880676,
  "wm2max": 0.4908657670061016
}