{
  "bids_meta": {
    "AcquisitionNumber": 1,
    "DeviceSerialNumber": "35442  ",
    "EchoNumber": 1,
    "EchoTime": 0.00298,
    "FlipAngle": 9,
    "ImageOrientationPatientDICOM": [
      "0.03123264276646",
      "0.99921367869363",
      "0.02442429809347",
      "0.02614525561931",
      "0.02361111788355",
      "-0.9993792777124  "
    ],
    "ImageType": [
      "ORIGINAL",
      "PRIMARY",
      "M",
      "ND",
      "NORM "
    ],
    "ImagingFrequency": 123.24738,
    "InPlanePhaseEncodingDirectionDICOM": "ROW  ",
    "IntendedFor": [
      "ses-PREEN00/dwi/sub-6743559_ses-PREEN00_run-001_dwi.nii.gz",
      "ses-PREEN00/fmap/sub-6743559_ses-PREEN00_run-001_phasediff.nii.gz",
      "ses-PREEN00/fmap/sub-6743559_ses-PREEN00_run-002_phasediff.nii.gz",
      "ses-PREEN00/anat/sub-6743559_ses-PREEN00_run-001_FLAIR.nii.gz"
    ],
    "InversionTime": 0.9,
    "MRAcquisitionType": "3D ",
    "MagneticFieldStrength": 3,
    "Manufacturer": "SIEMENS  ",
    "ManufacturerModelName": "TrioTim  ",
    "Modality": "MRI__ ",
    "PatientPosition": "HFS  ",
    "PercentPhaseFOV": 93.75,
    "PhaseEncodingSteps": 239,
    "PixelBandwidth": 238,
    "ProtocolName": "MPRAGE ADNI_iPAT2  ",
    "PulseSequenceType": "*tfl3d1_ns ",
    "ReceiveCoilName": "HeadMatrixix\\\\ ",
    "RepetitionTime": 2.3,
    "SAR": 0.09651392096217,
    "ScanningSequence": "GR\\\\IR  ",
    "SequenceName": "*tfl3d1_ns ",
    "SequenceVariant": "SP\\\\MP  ",
    "SeriesDescription": "MPRAGE ADNI_iPAT2  ",
    "SeriesNumber": 4,
    "SliceOrder": "interleaved ",
    "SliceThickness": 1,
    "SliceTiming": null,
    "SoftwareVersions": "syngo MR B17 ",
    "dataset": "<unset>",
    "modality": "T1w",
    "run_id": 1,
    "session_id": "PREEN00",
    "subject_id": "6743559"
  },
  "cjv": 0.38297604497210164,
  "cnr": 3.4015004655521923,
  "efc": 0.5965559097875364,
  "fber": 143.740478515625,
  "fwhm_avg": 3.3514033333333337,
  "fwhm_x": 3.42113,
  "fwhm_y": 3.49389,
  "fwhm_z": 3.13919,
  "icvs_csf": 0.20184511909264705,
  "icvs_gm": 0.4058637459512804,
  "icvs_wm": 0.39229113495607254,
  "inu_med": 1.4038032293319702,
  "inu_range": 0.45309016704559335,
  "provenance": {
    "md5sum": "13b8d0e2737fdf80fdfd483c8a82a39c",
    "settings": {
      "testing": false
    },
    "software": "mriqc",
    "version": "0.16.1",
    "warnings": {
      "large_rot_frame": true,
      "small_air_mask": false
    },
    "webapi_port": null,
    "webapi_url": "https://mriqc.nimh.nih.gov/api/v1"
  },
  "qi_1": 0.00015740184420995066,
  "qi_2": 0.0055442764991156775,
  "rpve_csf": 26.103630396757627,
  "rpve_gm": 13.510535982042251,
  "rpve_wm": 17.069555004982178,
  "size_x": 176,
  "size_y": 240,
  "size_z": 256,
  "snr_csf": 2.7112382390809646,
  "snr_gm": 9.21648295633265,
  "snr_total": 9.926749722885743,
  "snr_wm": 17.852527973243618,
  "snrd_csf": 13.17988985526877,
  "snrd_gm": 25.6517841304269,
  "snrd_total": 25.7035908504874,
  "snrd_wm": 38.27909856576653,
  "spacing_x": 1.0,
  "spacing_y": 1.0,
  "spacing_z": 1.0,
  "summary_bg_k": 830.183073532156,
  "summary_bg_mad": 17.114716967187594,
  "summary_bg_mean": 54.36799621582031,
  "summary_bg_median": 52.33974838256836,
  "summary_bg_n": 3114466.0,
  "summary_bg_p05": 27.07607412338257,
  "summary_bg_p95": 84.2696590423584,
  "summary_bg_stdv": 31.32186508178711,
  "summary_csf_k": 8.184589353379717,
  "summary_csf_mad": 142.1517835246559,
  "summary_csf_mean": 358.3318176269531,
  "summary_csf_median": 344.31011962890625,
  "summary_csf_n": 15256.0,
  "summary_csf_p05": 183.2836036682129,
  "summary_csf_p95": 564.7785797119141,
  "summary_csf_stdv": 126.98951721191406,
  "summary_gm_k": -0.03465968271379127,
  "summary_gm_mad": 71.93199749206967,
  "summary_gm_mean": 669.2501220703125,
  "summary_gm_median": 670.1246337890625,
  "summary_gm_n": 14936.0,
  "summary_gm_p05": 545.8790435791016,
  "summary_gm_p95": 787.9371185302734,
  "summary_gm_stdv": 72.7069320678711,
  "summary_wm_k": 0.25458502407218164,
  "summary_wm_mad": 54.40210846808864,
  "summary_wm_mean": 998.7111206054688,
  "summary_wm_median": 999.9993286132812,
  "summary_wm_n": 210115.0,
  "summary_wm_p05": 904.3123291015625,
  "summary_wm_p95": 1088.3257690429687,
  "summary_wm_stdv": 56.014305114746094,
  "tpm_overlap_csf": 0.16746143996715546,
  "tpm_overlap_gm": 0.4383529722690582,
  "tpm_overlap_wm": 0.5074759721755981,
  "wm2max": 0.5066963920131367
}