{
  "bids_meta": {
    "AcquisitionNumber": 1,
    "DeviceSerialNumber": "35442  ",
    "EchoNumber": 1,
    "EchoTime": 0.00298,
    "FlipAngle": 9,
    "ImageOrientationPatientDICOM": [
      "-0.0053190130138",
      "0.99993104464634",
      "0.01046967301446",
      "0.01982066779943",
      "0.01057318638263",
      "-0.9997476425867  "
    ],
    "ImageType": [
      "ORIGINAL",
      "PRIMARY",
      "M",
      "ND",
      "NORM "
    ],
    "ImagingFrequency": 123.247054,
    "InPlanePhaseEncodingDirectionDICOM": "ROW  ",
    "IntendedFor": [
      "ses-NAPBL00/func/sub-9566680_ses-NAPBL00_task-rest_run-002_bold.nii.gz",
      "ses-NAPBL00/func/sub-9566680_ses-NAPBL00_task-retrieval_run-001_bold.nii.gz",
      "ses-NAPBL00/fmap/sub-9566680_ses-NAPBL00_run-002_phasediff.nii.gz",
      "ses-NAPBL00/fmap/sub-9566680_ses-NAPBL00_run-001_phasediff.nii.gz",
      "ses-NAPBL00/fmap/sub-9566680_ses-NAPBL00_run-003_phasediff.nii.gz",
      "ses-NAPBL00/func/sub-9566680_ses-NAPBL00_task-rest_run-001_bold.nii.gz",
      "ses-NAPBL00/func/sub-9566680_ses-NAPBL00_task-encoding_run-001_bold.nii.gz",
      "ses-NAPBL00/anat/sub-9566680_ses-NAPBL00_run-001_T2star.nii.gz",
      "ses-NAPBL00/asl/sub-9566680_ses-NAPBL00_run-001_asl.nii.gz"
    ],
    "InversionTime": 0.9,
    "MRAcquisitionType": "3D ",
    "MagneticFieldStrength": 3,
    "Manufacturer": "SIEMENS  ",
    "ManufacturerModelName": "TrioTim  ",
    "Modality": "MRI__ ",
    "PatientPosition": "HFS  ",
    "PercentPhaseFOV": 93.75,
    "PhaseEncodingSteps": 239,
    "PixelBandwidth": 238,
    "ProtocolName": "MPRAGE ADNI_iPAT2  ",
    "PulseSequenceType": "*tfl3d1_ns ",
    "ReceiveCoilName": "HeadMatrixix\\\\ ",
    "RepetitionTime": 2.3,
    "SAR": 0.09876551380197,
    "ScanningSequence": "GR\\\\IR  ",
    "SequenceName": "*tfl3d1_ns ",
    "SequenceVariant": "SP\\\\MP  ",
    "SeriesDescription": "MPRAGE ADNI_iPAT2  ",
    "SeriesNumber": 12,
    "SliceOrder": "interleaved ",
    "SliceThickness": 1,
    "SliceTiming": null,
    "SoftwareVersions": "syngo MR B17 ",
    "dataset": "<unset>",
    "modality": "T1w",
    "run_id": 1,
    "session_id": "NAPBL00",
    "subject_id": "9566680"
  },
  "cjv": 0.43876904649572807,
  "cnr": 3.0467373740139205,
  "efc": 0.6347137567582438,
  "fber": 105.04097747802734,
  "fwhm_avg": 3.0836433333333333,
  "fwhm_x": 3.13559,
  "fwhm_y": 3.1463,
  "fwhm_z": 2.96904,
  "icvs_csf": 0.21377593483019394,
  "icvs_gm": 0.40334922898130265,
  "icvs_wm": 0.3828748361885034,
  "inu_med": 1.3895496129989624,
  "inu_range": 0.5214644014835355,
  "provenance": {
    "md5sum": "dc0d032477abe23e899d20982c52cf74",
    "settings": {
      "testing": false
    },
    "software": "mriqc",
    "version": "0.16.1",
    "warnings": {
      "large_rot_frame": false,
      "small_air_mask": false
    },
    "webapi_port": null,
    "webapi_url": "https://mriqc.nimh.nih.gov/api/v1"
  },
  "qi_1": 0.0,
  "qi_2": 0.004307074477759197,
  "rpve_csf": 27.376371351027636,
  "rpve_gm": 14.579250090511028,
  "rpve_wm": 18.22384410057305,
  "size_x": 176,
  "size_y": 240,
  "size_z": 256,
  "snr_csf": 1.018615019555042,
  "snr_gm": 8.767346703155793,
  "snr_total": 8.535714409370051,
  "snr_wm": 15.82118150539932,
  "snrd_csf": 11.197283881862377,
  "snrd_gm": 22.763613639767836,
  "snrd_total": 22.384465955720742,
  "snrd_wm": 33.19250034553201,
  "spacing_x": 1.0,
  "spacing_y": 1.0,
  "spacing_z": 1.0,
  "summary_bg_k": 950.0547360039628,
  "summary_bg_mad": 19.737583176788885,
  "summary_bg_mean": 65.47664642333984,
  "summary_bg_median": 63.64474105834961,
  "summary_bg_n": 2896481.0,
  "summary_bg_p05": 34.86220932006836,
  "summary_bg_p95": 101.32708740234375,
  "summary_bg_stdv": 22.835962295532227,
  "summary_csf_k": 10.654845660239392,
  "summary_csf_mad": 121.96431373564914,
  "summary_csf_mean": 419.9510498046875,
  "summary_csf_median": 337.34552001953125,
  "summary_csf_n": 14004.0,
  "summary_csf_p05": 180.06737213134764,
  "summary_csf_p95": 1343.48638305664,
  "summary_csf_stdv": 331.16876220703125,
  "summary_gm_k": 0.3478118387991165,
  "summary_gm_mad": 76.78144782109948,
  "summary_gm_mean": 687.4481811523438,
  "summary_gm_median": 685.8094482421875,
  "summary_gm_n": 10456.0,
  "summary_gm_p05": 561.0613555908203,
  "summary_gm_p95": 817.8031158447266,
  "summary_gm_stdv": 78.21940612792969,
  "summary_wm_k": 0.32133430012020847,
  "summary_wm_mad": 61.07789053997669,
  "summary_wm_mean": 1000.3353881835938,
  "summary_wm_median": 1000.005126953125,
  "summary_wm_n": 185399.0,
  "summary_wm_p05": 897.5496520996094,
  "summary_wm_p95": 1104.8688354492188,
  "summary_wm_stdv": 63.20655822753906,
  "tpm_overlap_csf": 0.13752998411655426,
  "tpm_overlap_gm": 0.3889560401439667,
  "tpm_overlap_wm": 0.4734121263027191,
  "wm2max": 0.5079147481620744
}