{
  "bids_meta": {
    "AcquisitionNumber": 1,
    "DeviceSerialNumber": "35442  ",
    "EchoNumber": 1,
    "EchoTime": 0.00298,
    "FlipAngle": 9,
    "ImageOrientationPatientDICOM": [
      "0.02925948858571",
      "0.99781110112435",
      "0.05930336247394",
      "0.01188296204854",
      "0.05897734602202",
      "-0.9981885933375  "
    ],
    "ImageType": [
      "ORIGINAL",
      "PRIMARY",
      "M",
      "ND",
      "NORM "
    ],
    "ImagingFrequency": 123.25138,
    "InPlanePhaseEncodingDirectionDICOM": "ROW  ",
    "IntendedFor": [
      "ses-NAPFU48/func/sub-4498598_ses-NAPFU48_task-rest_run-001_bold.nii.gz",
      "ses-NAPFU48/fmap/sub-4498598_ses-NAPFU48_run-002_phasediff.nii.gz",
      "ses-NAPFU48/anat/sub-4498598_ses-NAPFU48_run-002_T1w.nii.gz",
      "ses-NAPFU48/func/sub-4498598_ses-NAPFU48_task-retrieval_run-001_bold.nii.gz",
      "ses-NAPFU48/fmap/sub-4498598_ses-NAPFU48_run-003_phasediff.nii.gz",
      "ses-NAPFU48/func/sub-4498598_ses-NAPFU48_task-rest_run-002_bold.nii.gz",
      "ses-NAPFU48/fmap/sub-4498598_ses-NAPFU48_run-001_phasediff.nii.gz",
      "ses-NAPFU48/anat/sub-4498598_ses-NAPFU48_run-001_FLAIR.nii.gz",
      "ses-NAPFU48/asl/sub-4498598_ses-NAPFU48_run-001_asl.nii.gz",
      "ses-NAPFU48/func/sub-4498598_ses-NAPFU48_task-encoding_run-001_bold.nii.gz",
      "ses-NAPFU48/dwi/sub-4498598_ses-NAPFU48_run-001_dwi.nii.gz",
      "ses-NAPFU48/fmap/sub-4498598_ses-NAPFU48_run-004_phasediff.nii.gz",
      "ses-NAPFU48/anat/sub-4498598_ses-NAPFU48_run-001_T2star.nii.gz",
      "ses-NAPFU48/fmap/sub-4498598_ses-NAPFU48_run-005_phasediff.nii.gz"
    ],
    "InversionTime": 0.9,
    "MRAcquisitionType": "3D ",
    "MagneticFieldStrength": 3,
    "Manufacturer": "SIEMENS  ",
    "ManufacturerModelName": "TrioTim  ",
    "Modality": "MRI__ ",
    "PatientPosition": "HFS  ",
    "PercentPhaseFOV": 93.75,
    "PhaseEncodingSteps": 239,
    "PixelBandwidth": 238,
    "ProtocolName": "MPRAGE ADNI_iPAT2  ",
    "PulseSequenceType": "*tfl3d1_ns ",
    "ReceiveCoilName": "HeadMatrixix\\\\ ",
    "RepetitionTime": 2.3,
    "SAR": 0.08428646678648,
    "ScanningSequence": "GR\\\\IR  ",
    "SequenceName": "*tfl3d1_ns ",
    "SequenceVariant": "SP\\\\MP  ",
    "SeriesDescription": "MPRAGE ADNI_iPAT2  ",
    "SeriesNumber": 12,
    "SliceOrder": "interleaved ",
    "SliceThickness": 1,
    "SliceTiming": null,
    "SoftwareVersions": "syngo MR B17 ",
    "dataset": "<unset>",
    "modality": "T1w",
    "run_id": 1,
    "session_id": "NAPFU48",
    "subject_id": "4498598"
  },
  "cjv": 0.4436610732929992,
  "cnr": 3.053742809423413,
  "efc": 0.6558985150931819,
  "fber": 95.92570495605469,
  "fwhm_avg": 3.2210633333333334,
  "fwhm_x": 3.30997,
  "fwhm_y": 3.30742,
  "fwhm_z": 3.0458,
  "icvs_csf": 0.2149932172775397,
  "icvs_gm": 0.39976146364359444,
  "icvs_wm": 0.3852453190788659,
  "inu_med": 1.2388924360275269,
  "inu_range": 0.3262868881225587,
  "provenance": {
    "md5sum": "724d631090b41eae6cd16318bcea224b",
    "settings": {
      "testing": false
    },
    "software": "mriqc",
    "version": "0.16.1",
    "warnings": {
      "large_rot_frame": true,
      "small_air_mask": false
    },
    "webapi_port": null,
    "webapi_url": "https://mriqc.nimh.nih.gov/api/v1"
  },
  "qi_1": 0.0,
  "qi_2": 0.00466076523837889,
  "rpve_csf": 27.324936585514784,
  "rpve_gm": 14.624640958175739,
  "rpve_wm": 18.373920926374126,
  "size_x": 176,
  "size_y": 240,
  "size_z": 256,
  "snr_csf": 2.9134909237018745,
  "snr_gm": 8.429727369913822,
  "snr_total": 8.660258377442824,
  "snr_wm": 14.637556838712776,
  "snrd_csf": 9.84617789317448,
  "snrd_gm": 22.643961984892798,
  "snrd_total": 22.06628801707019,
  "snrd_wm": 33.708724173143295,
  "spacing_x": 1.0,
  "spacing_y": 1.0,
  "spacing_z": 1.0,
  "summary_bg_k": 405.19289618799303,
  "summary_bg_mad": 19.43471310269105,
  "summary_bg_mean": 61.75853729248047,
  "summary_bg_median": 59.04668426513672,
  "summary_bg_n": 2210272.0,
  "summary_bg_p05": 32.08747863769531,
  "summary_bg_p95": 99.21425819396973,
  "summary_bg_stdv": 23.179428100585938,
  "summary_csf_k": 1.0318680927299093,
  "summary_csf_mad": 94.71702998449186,
  "summary_csf_mean": 307.237548828125,
  "summary_csf_median": 292.0882568359375,
  "summary_csf_n": 18482.0,
  "summary_csf_p05": 169.41178207397462,
  "summary_csf_p95": 490.55525360107436,
  "summary_csf_stdv": 100.25099182128906,
  "summary_gm_k": -0.028515516748135017,
  "summary_gm_mad": 79.83963161477052,
  "summary_gm_mean": 668.2431030273438,
  "summary_gm_median": 671.736328125,
  "summary_gm_n": 8144.0,
  "summary_gm_p05": 532.2602294921875,
  "summary_gm_p95": 795.9462829589843,
  "summary_gm_stdv": 79.68170928955078,
  "summary_wm_k": 0.29336598749025544,
  "summary_wm_mad": 65.78667283014744,
  "summary_wm_mean": 1002.7179565429688,
  "summary_wm_median": 999.9740600585938,
  "summary_wm_n": 175330.0,
  "summary_wm_p05": 895.4918090820313,
  "summary_wm_p95": 1120.2454711914063,
  "summary_wm_stdv": 68.31544494628906,
  "tpm_overlap_csf": 0.15886105597019196,
  "tpm_overlap_gm": 0.4054507315158844,
  "tpm_overlap_wm": 0.4764346182346344,
  "wm2max": 0.5602417384677879
}