{
  "bids_meta": {
    "AcquisitionNumber": 1,
    "DeviceSerialNumber": "35442  ",
    "EchoNumber": 1,
    "EchoTime": 0.00298,
    "FlipAngle": 9,
    "ImageOrientationPatientDICOM": [
      "-0.1013043063218",
      "0.99485548574688",
      "-6.7875268e-009",
      "0.0361114493999",
      "0.00367715572873",
      "-0.999341003736 "
    ],
    "ImageType": [
      "ORIGINAL",
      "PRIMARY",
      "M",
      "ND",
      "NORM "
    ],
    "ImagingFrequency": 123.247249,
    "InPlanePhaseEncodingDirectionDICOM": "ROW  ",
    "IntendedFor": [
      "ses-NAPFU03/fmap/sub-9769696_ses-NAPFU03_run-002_phasediff.nii.gz",
      "ses-NAPFU03/fmap/sub-9769696_ses-NAPFU03_run-001_phasediff.nii.gz",
      "ses-NAPFU03/func/sub-9769696_ses-NAPFU03_task-retrieval_run-001_bold.nii.gz",
      "ses-NAPFU03/func/sub-9769696_ses-NAPFU03_task-encoding_run-001_bold.nii.gz",
      "ses-NAPFU03/func/sub-9769696_ses-NAPFU03_task-rest_run-001_bold.nii.gz",
      "ses-NAPFU03/func/sub-9769696_ses-NAPFU03_task-rest_run-002_bold.nii.gz",
      "ses-NAPFU03/asl/sub-9769696_ses-NAPFU03_run-001_asl.nii.gz",
      "ses-NAPFU03/fmap/sub-9769696_ses-NAPFU03_run-003_phasediff.nii.gz",
      "ses-NAPFU03/anat/sub-9769696_ses-NAPFU03_run-001_T2star.nii.gz"
    ],
    "InversionTime": 0.9,
    "MRAcquisitionType": "3D ",
    "MagneticFieldStrength": 3,
    "Manufacturer": "SIEMENS  ",
    "ManufacturerModelName": "TrioTim  ",
    "Modality": "MRI__ ",
    "PatientPosition": "HFS  ",
    "PercentPhaseFOV": 93.75,
    "PhaseEncodingSteps": 239,
    "PixelBandwidth": 238,
    "ProtocolName": "MPRAGE ADNI_iPAT2  ",
    "PulseSequenceType": "*tfl3d1_ns ",
    "ReceiveCoilName": "HeadMatrixix\\\\ ",
    "RepetitionTime": 2.3,
    "SAR": 0.10555294337498,
    "ScanningSequence": "GR\\\\IR  ",
    "SequenceName": "*tfl3d1_ns ",
    "SequenceVariant": "SP\\\\MP  ",
    "SeriesDescription": "MPRAGE ADNI_iPAT2  ",
    "SeriesNumber": 12,
    "SliceOrder": "interleaved ",
    "SliceThickness": 1,
    "SliceTiming": null,
    "SoftwareVersions": "syngo MR B17 ",
    "dataset": "<unset>",
    "modality": "T1w",
    "run_id": 1,
    "session_id": "NAPFU03",
    "subject_id": "9769696"
  },
  "cjv": 0.4789998947703199,
  "cnr": 2.8616175347394495,
  "efc": 0.6559913523654424,
  "fber": 132.38746643066406,
  "fwhm_avg": 3.1041366666666668,
  "fwhm_x": 3.17664,
  "fwhm_y": 3.18061,
  "fwhm_z": 2.95516,
  "icvs_csf": 0.2094013840745374,
  "icvs_gm": 0.41305755571399405,
  "icvs_wm": 0.37754106021146855,
  "inu_med": 1.285746693611145,
  "inu_range": 0.3989378094673157,
  "provenance": {
    "md5sum": "94e4225947b9db9f783b50b5f8a4eb04",
    "settings": {
      "testing": false
    },
    "software": "mriqc",
    "version": "0.16.1",
    "warnings": {
      "large_rot_frame": true,
      "small_air_mask": false
    },
    "webapi_port": null,
    "webapi_url": "https://mriqc.nimh.nih.gov/api/v1"
  },
  "qi_1": 0.0,
  "qi_2": 0.004055467136085358,
  "rpve_csf": 25.74111246712206,
  "rpve_gm": 13.08973963789269,
  "rpve_wm": 17.003269604558437,
  "size_x": 176,
  "size_y": 240,
  "size_z": 256,
  "snr_csf": 2.7429255536418236,
  "snr_gm": 9.046415255843204,
  "snr_total": 8.614305997824077,
  "snr_wm": 14.053577183987205,
  "snrd_csf": 11.401937749657126,
  "snrd_gm": 23.26580463553318,
  "snrd_total": 22.73095594122226,
  "snrd_wm": 33.525125438476465,
  "spacing_x": 1.0,
  "spacing_y": 1.0,
  "spacing_z": 1.0,
  "summary_bg_k": 238.49011369784162,
  "summary_bg_mad": 19.54126326022102,
  "summary_bg_mean": 59.70234298706055,
  "summary_bg_median": 57.53813934326172,
  "summary_bg_n": 2325393.0,
  "summary_bg_p05": 29.098220062255862,
  "summary_bg_p95": 96.26665649414062,
  "summary_bg_stdv": 22.104204177856445,
  "summary_csf_k": -0.4264935634269045,
  "summary_csf_mad": 136.23602285828247,
  "summary_csf_mean": 355.30078125,
  "summary_csf_median": 340.094482421875,
  "summary_csf_n": 13859.0,
  "summary_csf_p05": 176.18955841064454,
  "summary_csf_p95": 569.8380554199216,
  "summary_csf_stdv": 123.98521423339844,
  "summary_gm_k": -0.07120769355854639,
  "summary_gm_mad": 77.18788751008984,
  "summary_gm_mean": 693.9461669921875,
  "summary_gm_median": 693.96728515625,
  "summary_gm_n": 7651.0,
  "summary_gm_p05": 566.1938781738281,
  "summary_gm_p95": 821.8889770507812,
  "summary_gm_stdv": 76.70684051513672,
  "summary_wm_k": 0.20826522542457226,
  "summary_wm_mad": 69.39219057881304,
  "summary_wm_mean": 1002.003662109375,
  "summary_wm_median": 999.9800415039062,
  "summary_wm_n": 184753.0,
  "summary_wm_p05": 889.042041015625,
  "summary_wm_p95": 1122.678369140625,
  "summary_wm_stdv": 71.15464782714844,
  "tpm_overlap_csf": 0.15414024889469147,
  "tpm_overlap_gm": 0.4186944365501404,
  "tpm_overlap_wm": 0.48154690861701965,
  "wm2max": 0.47761290640002124
}