{
  "bids_meta": {
    "AcquisitionNumber": 1,
    "DeviceSerialNumber": "35442  ",
    "EchoNumber": 1,
    "EchoTime": 0.00298,
    "FlipAngle": 9,
    "ImageOrientationPatientDICOM": [
      "-0.0058407191201",
      "0.99822332235069",
      "0.05929658266129",
      "0.01786506797371",
      "0.05939229331186",
      "-0.9980748443085  "
    ],
    "ImageType": [
      "ORIGINAL",
      "PRIMARY",
      "M",
      "ND",
      "NORM "
    ],
    "ImagingFrequency": 123.247072,
    "InPlanePhaseEncodingDirectionDICOM": "ROW  ",
    "IntendedFor": [
      "ses-PREFU12/asl/sub-6433158_ses-PREFU12_run-001_asl.nii.gz",
      "ses-PREFU12/func/sub-6433158_ses-PREFU12_task-retrieval_run-001_bold.nii.gz",
      "ses-PREFU12/fmap/sub-6433158_ses-PREFU12_run-003_phasediff.nii.gz",
      "ses-PREFU12/func/sub-6433158_ses-PREFU12_task-rest_run-001_bold.nii.gz",
      "ses-PREFU12/func/sub-6433158_ses-PREFU12_task-rest_run-002_bold.nii.gz",
      "ses-PREFU12/anat/sub-6433158_ses-PREFU12_run-001_T2star.nii.gz",
      "ses-PREFU12/fmap/sub-6433158_ses-PREFU12_run-001_phasediff.nii.gz",
      "ses-PREFU12/fmap/sub-6433158_ses-PREFU12_run-002_phasediff.nii.gz",
      "ses-PREFU12/func/sub-6433158_ses-PREFU12_task-encoding_run-001_bold.nii.gz"
    ],
    "InversionTime": 0.9,
    "MRAcquisitionType": "3D ",
    "MagneticFieldStrength": 3,
    "Manufacturer": "SIEMENS  ",
    "ManufacturerModelName": "TrioTim  ",
    "Modality": "MRI__ ",
    "PatientPosition": "HFS  ",
    "PercentPhaseFOV": 93.75,
    "PhaseEncodingSteps": 239,
    "PixelBandwidth": 238,
    "ProtocolName": "MPRAGE ADNI_iPAT2  ",
    "PulseSequenceType": "*tfl3d1_ns ",
    "ReceiveCoilName": "HeadMatrixix\\\\ ",
    "RepetitionTime": 2.3,
    "SAR": 0.09690021493015,
    "ScanningSequence": "GR\\\\IR  ",
    "SequenceName": "*tfl3d1_ns ",
    "SequenceVariant": "SP\\\\MP  ",
    "SeriesDescription": "MPRAGE ADNI_iPAT2  ",
    "SeriesNumber": 12,
    "SliceOrder": "interleaved ",
    "SliceThickness": 1,
    "SliceTiming": null,
    "SoftwareVersions": "syngo MR B17 ",
    "dataset": "<unset>",
    "modality": "T1w",
    "run_id": 1,
    "session_id": "PREFU12",
    "subject_id": "6433158"
  },
  "cjv": 0.5031982665295226,
  "cnr": 2.7996626252229424,
  "efc": 0.6090768091025955,
  "fber": 151.5068359375,
  "fwhm_avg": 2.9931433333333337,
  "fwhm_x": 3.11974,
  "fwhm_y": 2.97598,
  "fwhm_z": 2.88371,
  "icvs_csf": 0.23154801266757385,
  "icvs_gm": 0.42452065359170627,
  "icvs_wm": 0.3439313337407198,
  "inu_med": 1.2817403078079224,
  "inu_range": 0.36752644181251526,
  "provenance": {
    "md5sum": "be7d6f37b56a5246c4d68cd783b385d0",
    "settings": {
      "testing": false
    },
    "software": "mriqc",
    "version": "0.16.1",
    "warnings": {
      "large_rot_frame": true,
      "small_air_mask": false
    },
    "webapi_port": null,
    "webapi_url": "https://mriqc.nimh.nih.gov/api/v1"
  },
  "qi_1": 0.0,
  "qi_2": 0.003077409139244294,
  "rpve_csf": 25.561356894964568,
  "rpve_gm": 13.688151843639648,
  "rpve_wm": 18.660502071095436,
  "size_x": 176,
  "size_y": 240,
  "size_z": 256,
  "snr_csf": 2.8103651631554833,
  "snr_gm": 7.181907225020543,
  "snr_total": 6.849736897403094,
  "snr_wm": 10.556938304033256,
  "snrd_csf": 12.661242481241795,
  "snrd_gm": 27.1076245834807,
  "snrd_total": 27.6474544983934,
  "snrd_wm": 43.17349643045771,
  "spacing_x": 1.0,
  "spacing_y": 1.0,
  "spacing_z": 1.0,
  "summary_bg_k": 725.4538510367254,
  "summary_bg_mad": 15.173823798021491,
  "summary_bg_mean": 46.55648422241211,
  "summary_bg_median": 42.89209747314453,
  "summary_bg_n": 3058119.0,
  "summary_bg_p05": 21.377339744567873,
  "summary_bg_p95": 77.96716537475587,
  "summary_bg_stdv": 32.434871673583984,
  "summary_csf_k": 47.108476943319474,
  "summary_csf_mad": 78.8819329298171,
  "summary_csf_mean": 305.365478515625,
  "summary_csf_median": 293.2510986328125,
  "summary_csf_n": 43500.0,
  "summary_csf_p05": 177.42535324096679,
  "summary_csf_p95": 466.78125915527335,
  "summary_csf_stdv": 104.34506225585938,
  "summary_gm_k": -0.3402075567842626,
  "summary_gm_mad": 94.71298051859353,
  "summary_gm_mean": 627.465087890625,
  "summary_gm_median": 627.848388671875,
  "summary_gm_n": 9011.0,
  "summary_gm_p05": 484.3345947265625,
  "summary_gm_p95": 768.8076782226562,
  "summary_gm_stdv": 87.4159927368164,
  "summary_wm_k": 0.13811952256801385,
  "summary_wm_mad": 92.53052200382801,
  "summary_wm_mean": 1003.6066284179688,
  "summary_wm_median": 999.9552001953125,
  "summary_wm_n": 117743.0,
  "summary_wm_p05": 852.9663330078125,
  "summary_wm_p95": 1166.3137329101562,
  "summary_wm_stdv": 94.71978759765625,
  "tpm_overlap_csf": 0.14571043848991394,
  "tpm_overlap_gm": 0.37920790910720825,
  "tpm_overlap_wm": 0.42261457443237305,
  "wm2max": 0.5998012266259283
}