{
  "bids_meta": {
    "AcquisitionNumber": 1,
    "DeviceSerialNumber": "35442  ",
    "EchoNumber": 1,
    "EchoTime": 0.00298,
    "FlipAngle": 9,
    "ImageOrientationPatientDICOM": [
      "0.0214415429087",
      "0.99328263854617",
      "0.11370954313714",
      "0.01244942248802",
      "0.11346160863517",
      "-0.9934643804614 "
    ],
    "ImageType": [
      "ORIGINAL",
      "PRIMARY",
      "M",
      "ND",
      "NORM "
    ],
    "ImagingFrequency": 123.251173,
    "InPlanePhaseEncodingDirectionDICOM": "ROW  ",
    "IntendedFor": [
      "ses-NAPFU24/asl/sub-8929559_ses-NAPFU24_run-001_asl.nii.gz",
      "ses-NAPFU24/fmap/sub-8929559_ses-NAPFU24_run-002_phasediff.nii.gz",
      "ses-NAPFU24/func/sub-8929559_ses-NAPFU24_task-rest_run-001_bold.nii.gz",
      "ses-NAPFU24/fmap/sub-8929559_ses-NAPFU24_run-001_phasediff.nii.gz",
      "ses-NAPFU24/func/sub-8929559_ses-NAPFU24_task-rest_run-002_bold.nii.gz",
      "ses-NAPFU24/anat/sub-8929559_ses-NAPFU24_run-001_T2star.nii.gz",
      "ses-NAPFU24/func/sub-8929559_ses-NAPFU24_task-encoding_run-001_bold.nii.gz",
      "ses-NAPFU24/fmap/sub-8929559_ses-NAPFU24_run-003_phasediff.nii.gz",
      "ses-NAPFU24/func/sub-8929559_ses-NAPFU24_task-retrieval_run-001_bold.nii.gz"
    ],
    "InversionTime": 0.9,
    "MRAcquisitionType": "3D ",
    "MagneticFieldStrength": 3,
    "Manufacturer": "SIEMENS  ",
    "ManufacturerModelName": "TrioTim  ",
    "Modality": "MRI__ ",
    "PatientPosition": "HFS  ",
    "PercentPhaseFOV": 93.75,
    "PhaseEncodingSteps": 239,
    "PixelBandwidth": 238,
    "ProtocolName": "MPRAGE ADNI_iPAT2  ",
    "PulseSequenceType": "*tfl3d1_ns ",
    "ReceiveCoilName": "HeadMatrixix\\\\ ",
    "RepetitionTime": 2.3,
    "SAR": 0.09760285446109,
    "ScanningSequence": "GR\\\\IR  ",
    "SequenceName": "*tfl3d1_ns ",
    "SequenceVariant": "SP\\\\MP  ",
    "SeriesDescription": "MPRAGE ADNI_iPAT2  ",
    "SeriesNumber": 12,
    "SliceOrder": "interleaved ",
    "SliceThickness": 1,
    "SliceTiming": null,
    "SoftwareVersions": "syngo MR B17 ",
    "dataset": "<unset>",
    "modality": "T1w",
    "run_id": 1,
    "session_id": "NAPFU24",
    "subject_id": "8929559"
  },
  "cjv": 0.4275960512617575,
  "cnr": 2.928772361713513,
  "efc": 0.6002975085981369,
  "fber": 101.23194885253906,
  "fwhm_avg": 3.0693100573293406,
  "fwhm_x": 3.1193,
  "fwhm_y": 3.20315,
  "fwhm_z": 2.8854801719880205,
  "icvs_csf": 0.20978956936935414,
  "icvs_gm": 0.41016107492897547,
  "icvs_wm": 0.3800493557016704,
  "inu_med": 1.3588043451309204,
  "inu_range": 0.4158763885498047,
  "provenance": {
    "md5sum": "0ad44fc7710358dca1e98e00b8f6e535",
    "settings": {
      "testing": false
    },
    "software": "mriqc",
    "version": "0.16.1",
    "warnings": {
      "large_rot_frame": true,
      "small_air_mask": false
    },
    "webapi_port": null,
    "webapi_url": "https://mriqc.nimh.nih.gov/api/v1"
  },
  "qi_1": 6.623144473787685e-05,
  "qi_2": 0.003589426278042375,
  "rpve_csf": 30.923179383317702,
  "rpve_gm": 15.843731138545953,
  "rpve_wm": 20.229823989999304,
  "size_x": 176,
  "size_y": 240,
  "size_z": 256,
  "snr_csf": 2.8933381187787894,
  "snr_gm": 9.02289254175973,
  "snr_total": 9.11676445657001,
  "snr_wm": 15.434062709171508,
  "snrd_csf": 10.075248323856947,
  "snrd_gm": 23.05503196048729,
  "snrd_total": 22.37857552500681,
  "snrd_wm": 34.00544629067619,
  "spacing_x": 1.0,
  "spacing_y": 1.0,
  "spacing_z": 0.9999999403953552,
  "summary_bg_k": 675.8886973451876,
  "summary_bg_mad": 19.265973102957222,
  "summary_bg_mean": 65.13483428955078,
  "summary_bg_median": 61.83303451538086,
  "summary_bg_n": 2651431.0,
  "summary_bg_p05": 33.51853561401367,
  "summary_bg_p95": 98.70418548583984,
  "summary_bg_stdv": 47.391624450683594,
  "summary_csf_k": 1.4276659314346265,
  "summary_csf_mad": 86.4764573722624,
  "summary_csf_mean": 314.9245300292969,
  "summary_csf_median": 296.28863525390625,
  "summary_csf_n": 16266.0,
  "summary_csf_p05": 181.47710418701172,
  "summary_csf_p95": 517.5009155273438,
  "summary_csf_stdv": 102.40058898925781,
  "summary_gm_k": -0.07805746435246563,
  "summary_gm_mad": 75.03945355795605,
  "summary_gm_mean": 675.60546875,
  "summary_gm_median": 677.9926147460938,
  "summary_gm_n": 7187.0,
  "summary_gm_p05": 547.9580078125,
  "summary_gm_p95": 796.0828552246094,
  "summary_gm_stdv": 75.13615417480469,
  "summary_wm_k": 0.41733104510360164,
  "summary_wm_mad": 62.65722748575173,
  "summary_wm_mean": 1000.9432983398438,
  "summary_wm_median": 1000.0177612304688,
  "summary_wm_n": 148139.0,
  "summary_wm_p05": 896.1654541015625,
  "summary_wm_p95": 1109.0593627929688,
  "summary_wm_stdv": 64.79268646240234,
  "tpm_overlap_csf": 0.16673892736434937,
  "tpm_overlap_gm": 0.40142717957496643,
  "tpm_overlap_wm": 0.4671310484409332,
  "wm2max": 0.4898133103406032
}