{
  "bids_meta": {
    "AcquisitionNumber": 1,
    "DeviceSerialNumber": "35442  ",
    "EchoNumber": 1,
    "EchoTime": 0.00298,
    "FlipAngle": 9,
    "ImageOrientationPatientDICOM": [
      "-0.0223018078671",
      "0.9997437907318",
      "0.00387069232358",
      "-0.0275731583316",
      "0.00325510283456",
      "-0.9996144883129 "
    ],
    "ImageType": [
      "ORIGINAL",
      "PRIMARY",
      "M",
      "ND",
      "NORM "
    ],
    "ImagingFrequency": 123.247118,
    "InPlanePhaseEncodingDirectionDICOM": "ROW  ",
    "IntendedFor": [
      "ses-NAPFU12/fmap/sub-4696223_ses-NAPFU12_run-002_phasediff.nii.gz",
      "ses-NAPFU12/func/sub-4696223_ses-NAPFU12_task-retrieval_run-001_bold.nii.gz",
      "ses-NAPFU12/func/sub-4696223_ses-NAPFU12_task-rest_run-002_bold.nii.gz",
      "ses-NAPFU12/asl/sub-4696223_ses-NAPFU12_run-001_asl.nii.gz",
      "ses-NAPFU12/fmap/sub-4696223_ses-NAPFU12_run-003_phasediff.nii.gz",
      "ses-NAPFU12/func/sub-4696223_ses-NAPFU12_task-encoding_run-001_bold.nii.gz",
      "ses-NAPFU12/anat/sub-4696223_ses-NAPFU12_run-001_T2star.nii.gz",
      "ses-NAPFU12/fmap/sub-4696223_ses-NAPFU12_run-001_phasediff.nii.gz",
      "ses-NAPFU12/func/sub-4696223_ses-NAPFU12_task-rest_run-001_bold.nii.gz"
    ],
    "InversionTime": 0.9,
    "MRAcquisitionType": "3D ",
    "MagneticFieldStrength": 3,
    "Manufacturer": "SIEMENS  ",
    "ManufacturerModelName": "TrioTim  ",
    "Modality": "MRI__ ",
    "PatientPosition": "HFS  ",
    "PercentPhaseFOV": 93.75,
    "PhaseEncodingSteps": 239,
    "PixelBandwidth": 238,
    "ProtocolName": "MPRAGE ADNI_iPAT2  ",
    "PulseSequenceType": "*tfl3d1_ns ",
    "ReceiveCoilName": "HeadMatrixix\\\\ ",
    "RepetitionTime": 2.3,
    "SAR": 0.07915419594233,
    "ScanningSequence": "GR\\\\IR  ",
    "SequenceName": "*tfl3d1_ns ",
    "SequenceVariant": "SP\\\\MP  ",
    "SeriesDescription": "MPRAGE ADNI_iPAT2  ",
    "SeriesNumber": 12,
    "SliceOrder": "interleaved ",
    "SliceThickness": 1,
    "SliceTiming": null,
    "SoftwareVersions": "syngo MR B17 ",
    "dataset": "<unset>",
    "modality": "T1w",
    "run_id": 1,
    "session_id": "NAPFU12",
    "subject_id": "4696223"
  },
  "cjv": 0.40184818821008766,
  "cnr": 3.356912919836569,
  "efc": 0.6136203549050607,
  "fber": 100.3197250366211,
  "fwhm_avg": 3.2470800000000004,
  "fwhm_x": 3.21297,
  "fwhm_y": 3.43506,
  "fwhm_z": 3.09321,
  "icvs_csf": 0.21024646669106475,
  "icvs_gm": 0.40014033276467553,
  "icvs_wm": 0.38961320054425974,
  "inu_med": 1.2198936939239502,
  "inu_range": 0.3155895590782165,
  "provenance": {
    "md5sum": "180722f363d7ff9afc55b7715199f7cd",
    "settings": {
      "testing": false
    },
    "software": "mriqc",
    "version": "0.16.1",
    "warnings": {
      "large_rot_frame": false,
      "small_air_mask": false
    },
    "webapi_port": null,
    "webapi_url": "https://mriqc.nimh.nih.gov/api/v1"
  },
  "qi_1": 2.8049677253401105e-05,
  "qi_2": 0.00393518613943459,
  "rpve_csf": 30.862692038103116,
  "rpve_gm": 16.177421431373528,
  "rpve_wm": 20.4272679240693,
  "size_x": 176,
  "size_y": 240,
  "size_z": 256,
  "snr_csf": 2.89578820930476,
  "snr_gm": 7.8233591702044185,
  "snr_total": 8.842709777257094,
  "snr_wm": 15.8089819522621,
  "snrd_csf": 10.334372050209094,
  "snrd_gm": 23.90577701372137,
  "snrd_total": 23.787424056392535,
  "snrd_wm": 37.12212310524715,
  "spacing_x": 1.0,
  "spacing_y": 1.0,
  "spacing_z": 1.0,
  "summary_bg_k": 1738.1754918420147,
  "summary_bg_mad": 17.647611974642476,
  "summary_bg_mean": 58.50688171386719,
  "summary_bg_median": 56.88070297241211,
  "summary_bg_n": 2919124.0,
  "summary_bg_p05": 31.430382061004636,
  "summary_bg_p95": 90.43857345581054,
  "summary_bg_stdv": 21.726835250854492,
  "summary_csf_k": 0.9325153608923249,
  "summary_csf_mad": 81.3742095198761,
  "summary_csf_mean": 295.8528137207031,
  "summary_csf_median": 278.38018798828125,
  "summary_csf_n": 17004.0,
  "summary_csf_p05": 167.31443405151367,
  "summary_csf_p95": 484.0407989501951,
  "summary_csf_stdv": 96.12995910644531,
  "summary_gm_k": -0.047821587472415494,
  "summary_gm_mad": 82.47160346696441,
  "summary_gm_mean": 643.6175537109375,
  "summary_gm_median": 643.9573364257812,
  "summary_gm_n": 7348.0,
  "summary_gm_p05": 508.9670623779297,
  "summary_gm_p95": 777.5779449462891,
  "summary_gm_stdv": 82.30652618408203,
  "summary_wm_k": 0.32541407545116297,
  "summary_wm_mad": 60.591502177887605,
  "summary_wm_mean": 1000.8644409179688,
  "summary_wm_median": 999.9701538085938,
  "summary_wm_n": 159395.0,
  "summary_wm_p05": 898.0779541015625,
  "summary_wm_p95": 1106.3439575195312,
  "summary_wm_stdv": 63.25309371948242,
  "tpm_overlap_csf": 0.16577458381652832,
  "tpm_overlap_gm": 0.4055998623371124,
  "tpm_overlap_wm": 0.47666287422180176,
  "wm2max": 0.5791938454764932
}