{
  "bids_meta": {
    "AcquisitionNumber": 1,
    "DeviceSerialNumber": "35442  ",
    "EchoNumber": 1,
    "EchoTime": 0.00298,
    "FlipAngle": 9,
    "ImageOrientationPatientDICOM": [
      "-0.0080479075319",
      "0.99996761506779",
      "-3.89720211e-008",
      "-0.0303955415859",
      "-0.0002446673856",
      "-0.9995379188353  "
    ],
    "ImageType": [
      "ORIGINAL",
      "PRIMARY",
      "M",
      "ND",
      "NORM "
    ],
    "ImagingFrequency": 123.247154,
    "InPlanePhaseEncodingDirectionDICOM": "ROW  ",
    "IntendedFor": [
      "ses-PREFU36/func/sub-4040157_ses-PREFU36_task-rest_run-001_bold.nii.gz",
      "ses-PREFU36/func/sub-4040157_ses-PREFU36_task-rest_run-002_bold.nii.gz",
      "ses-PREFU36/fmap/sub-4040157_ses-PREFU36_run-003_phasediff.nii.gz",
      "ses-PREFU36/dwi/sub-4040157_ses-PREFU36_run-001_dwi.nii.gz",
      "ses-PREFU36/fmap/sub-4040157_ses-PREFU36_run-004_phasediff.nii.gz",
      "ses-PREFU36/fmap/sub-4040157_ses-PREFU36_run-002_phasediff.nii.gz",
      "ses-PREFU36/anat/sub-4040157_ses-PREFU36_run-001_T2star.nii.gz",
      "ses-PREFU36/anat/sub-4040157_ses-PREFU36_run-001_FLAIR.nii.gz",
      "ses-PREFU36/fmap/sub-4040157_ses-PREFU36_run-001_phasediff.nii.gz"
    ],
    "InversionTime": 0.9,
    "MRAcquisitionType": "3D ",
    "MagneticFieldStrength": 3,
    "Manufacturer": "SIEMENS  ",
    "ManufacturerModelName": "TrioTim  ",
    "Modality": "MRI__ ",
    "PatientPosition": "HFS  ",
    "PercentPhaseFOV": 93.75,
    "PhaseEncodingSteps": 239,
    "PixelBandwidth": 238,
    "ProtocolName": "MPRAGE ADNI_iPAT2  ",
    "PulseSequenceType": "*tfl3d1_ns ",
    "ReceiveCoilName": "HeadMatrixix\\\\ ",
    "RepetitionTime": 2.3,
    "SAR": 0.08203252650949,
    "ScanningSequence": "GR\\\\IR  ",
    "SequenceName": "*tfl3d1_ns ",
    "SequenceVariant": "SP\\\\MP  ",
    "SeriesDescription": "MPRAGE ADNI_iPAT2  ",
    "SeriesNumber": 4,
    "SliceOrder": "interleaved ",
    "SliceThickness": 1,
    "SliceTiming": null,
    "SoftwareVersions": "syngo MR B17 ",
    "dataset": "<unset>",
    "modality": "T1w",
    "run_id": 1,
    "session_id": "PREFU36",
    "subject_id": "4040157"
  },
  "cjv": 0.43395584561998823,
  "cnr": 3.0661228390374475,
  "efc": 0.6532062475570085,
  "fber": 76.7900390625,
  "fwhm_avg": 3.03347,
  "fwhm_x": 3.07109,
  "fwhm_y": 3.2094,
  "fwhm_z": 2.81992,
  "icvs_csf": 0.21309701563211617,
  "icvs_gm": 0.39774049786926774,
  "icvs_wm": 0.38916248649861607,
  "inu_med": 1.3470443487167358,
  "inu_range": 0.5239633321762085,
  "provenance": {
    "md5sum": "d5575ceec14432046ba653a051591ad6",
    "settings": {
      "testing": false
    },
    "software": "mriqc",
    "version": "0.16.1",
    "warnings": {
      "large_rot_frame": false,
      "small_air_mask": false
    },
    "webapi_port": null,
    "webapi_url": "https://mriqc.nimh.nih.gov/api/v1"
  },
  "qi_1": 0.0,
  "qi_2": 0.005127684355614638,
  "rpve_csf": 26.25853119174939,
  "rpve_gm": 14.064136676459297,
  "rpve_wm": 17.502619909354724,
  "size_x": 176,
  "size_y": 240,
  "size_z": 256,
  "snr_csf": 2.7493802477671667,
  "snr_gm": 9.415487083338856,
  "snr_total": 9.10382998138708,
  "snr_wm": 15.146622613055214,
  "snrd_csf": 10.031975739902897,
  "snrd_gm": 18.98450033782946,
  "snrd_total": 18.87448820112188,
  "snrd_wm": 27.606988525633295,
  "spacing_x": 1.0,
  "spacing_y": 1.0,
  "spacing_z": 1.0,
  "summary_bg_k": 60.03063588508215,
  "summary_bg_mad": 23.73103806181025,
  "summary_bg_mean": 79.19295501708984,
  "summary_bg_median": 76.8779296875,
  "summary_bg_n": 2753900.0,
  "summary_bg_p05": 42.613657760620114,
  "summary_bg_p95": 122.90123062133789,
  "summary_bg_stdv": 26.16734504699707,
  "summary_csf_k": -0.19219881203093792,
  "summary_csf_mad": 144.4135912105855,
  "summary_csf_mean": 367.68511962890625,
  "summary_csf_median": 363.3887634277344,
  "summary_csf_n": 5232.0,
  "summary_csf_p05": 165.73207092285156,
  "summary_csf_p95": 588.2335510253905,
  "summary_csf_stdv": 132.1585235595703,
  "summary_gm_k": 0.13670781747065197,
  "summary_gm_mad": 71.33258604825978,
  "summary_gm_mean": 687.8633422851562,
  "summary_gm_median": 687.676513671875,
  "summary_gm_n": 3979.0,
  "summary_gm_p05": 569.1805297851563,
  "summary_gm_p95": 808.3662048339843,
  "summary_gm_stdv": 73.0275650024414,
  "summary_wm_k": 0.23023926388157268,
  "summary_wm_mad": 64.2060690123595,
  "summary_wm_mean": 1000.1664428710938,
  "summary_wm_median": 1000.0093383789062,
  "summary_wm_n": 172346.0,
  "summary_wm_p05": 892.0727386474609,
  "summary_wm_p95": 1109.2468872070312,
  "summary_wm_stdv": 66.02174377441406,
  "tpm_overlap_csf": 0.12367773056030273,
  "tpm_overlap_gm": 0.37377268075942993,
  "tpm_overlap_wm": 0.4265492558479309,
  "wm2max": 0.4751625152514107
}