{
  "bids_meta": {
    "AcquisitionNumber": 1,
    "DeviceSerialNumber": "35442  ",
    "EchoNumber": 1,
    "EchoTime": 0.00298,
    "FlipAngle": 9,
    "ImageOrientationPatientDICOM": [
      "-0.0358135341636",
      "0.98801007170019",
      "0.15017819079247",
      "-0.0128078024107",
      "0.14980847666819",
      "-0.9886320754031  "
    ],
    "ImageType": [
      "ORIGINAL",
      "PRIMARY",
      "M",
      "ND",
      "NORM "
    ],
    "ImagingFrequency": 123.247218,
    "InPlanePhaseEncodingDirectionDICOM": "ROW  ",
    "IntendedFor": [
      "ses-NAPFU24/fmap/sub-9939055_ses-NAPFU24_run-004_phasediff.nii.gz",
      "ses-NAPFU24/dwi/sub-9939055_ses-NAPFU24_run-001_dwi.nii.gz",
      "ses-NAPFU24/anat/sub-9939055_ses-NAPFU24_run-001_FLAIR.nii.gz",
      "ses-NAPFU24/fmap/sub-9939055_ses-NAPFU24_run-005_phasediff.nii.gz"
    ],
    "InversionTime": 0.9,
    "MRAcquisitionType": "3D ",
    "MagneticFieldStrength": 3,
    "Manufacturer": "SIEMENS  ",
    "ManufacturerModelName": "TrioTim  ",
    "Modality": "MRI__ ",
    "PatientPosition": "HFS  ",
    "PercentPhaseFOV": 93.75,
    "PhaseEncodingSteps": 239,
    "PixelBandwidth": 238,
    "ProtocolName": "MPRAGE ADNI_iPAT2  ",
    "PulseSequenceType": "*tfl3d1_ns ",
    "ReceiveCoilName": "HeadMatrixix\\\\ ",
    "RepetitionTime": 2.3,
    "SAR": 0.0853817511483,
    "ScanningSequence": "GR\\\\IR  ",
    "SequenceName": "*tfl3d1_ns ",
    "SequenceVariant": "SP\\\\MP  ",
    "SeriesDescription": "MPRAGE ADNI_iPAT2  ",
    "SeriesNumber": 20,
    "SliceOrder": "interleaved ",
    "SliceThickness": 1,
    "SliceTiming": null,
    "SoftwareVersions": "syngo MR B17 ",
    "dataset": "<unset>",
    "modality": "T1w",
    "run_id": 2,
    "session_id": "NAPFU24",
    "subject_id": "9939055"
  },
  "cjv": 0.42466159916425894,
  "cnr": 3.150376167017935,
  "efc": 0.5648671369929764,
  "fber": 120.19620513916016,
  "fwhm_avg": 3.1956366666666667,
  "fwhm_x": 3.25332,
  "fwhm_y": 3.33749,
  "fwhm_z": 2.9961,
  "icvs_csf": 0.19769246050829933,
  "icvs_gm": 0.41453374224955747,
  "icvs_wm": 0.3877737972421432,
  "inu_med": 1.4971048831939697,
  "inu_range": 0.41551891565322885,
  "provenance": {
    "md5sum": "f9cea72ffa12694fedc7c97aea997f75",
    "settings": {
      "testing": false
    },
    "software": "mriqc",
    "version": "0.16.1",
    "warnings": {
      "large_rot_frame": true,
      "small_air_mask": false
    },
    "webapi_port": null,
    "webapi_url": "https://mriqc.nimh.nih.gov/api/v1"
  },
  "qi_1": 2.3426986799165346e-05,
  "qi_2": 0.004942984432104025,
  "rpve_csf": 33.35004855408118,
  "rpve_gm": 16.749139278654425,
  "rpve_wm": 21.610884722808287,
  "size_x": 176,
  "size_y": 240,
  "size_z": 256,
  "snr_csf": 2.5603807907033707,
  "snr_gm": 9.589142125368896,
  "snr_total": 10.063105362381085,
  "snr_wm": 18.039793171070986,
  "snrd_csf": 11.005673800968015,
  "snrd_gm": 25.45988582399556,
  "snrd_total": 24.237279973205716,
  "snrd_wm": 36.24628029465357,
  "spacing_x": 1.0,
  "spacing_y": 1.0,
  "spacing_z": 1.0,
  "summary_bg_k": 1407.810856103298,
  "summary_bg_mad": 18.074604399770408,
  "summary_bg_mean": 60.503211975097656,
  "summary_bg_median": 58.97233581542969,
  "summary_bg_n": 3447897.0,
  "summary_bg_p05": 32.57142944335938,
  "summary_bg_p95": 92.75847167968749,
  "summary_bg_stdv": 22.019256591796875,
  "summary_csf_k": 0.6166488216499242,
  "summary_csf_mad": 113.1253816358348,
  "summary_csf_mean": 330.3080139160156,
  "summary_csf_median": 303.6363220214844,
  "summary_csf_n": 10099.0,
  "summary_csf_p05": 176.86005249023438,
  "summary_csf_p95": 546.9019287109376,
  "summary_csf_stdv": 118.58442687988281,
  "summary_gm_k": -0.06813218962994982,
  "summary_gm_mad": 73.3911173329079,
  "summary_gm_mean": 701.8268432617188,
  "summary_gm_median": 702.4146118164062,
  "summary_gm_n": 9698.0,
  "summary_gm_p05": 580.70908203125,
  "summary_gm_p95": 823.228189086914,
  "summary_gm_stdv": 73.24726104736328,
  "summary_wm_k": 0.35365232060551355,
  "summary_wm_mad": 52.98248788679495,
  "summary_wm_mean": 1000.1338500976562,
  "summary_wm_median": 1000.001220703125,
  "summary_wm_n": 164384.0,
  "summary_wm_p05": 909.2746429443359,
  "summary_wm_p95": 1091.5806701660158,
  "summary_wm_stdv": 55.43290710449219,
  "tpm_overlap_csf": 0.18010011315345764,
  "tpm_overlap_gm": 0.4434658885002136,
  "tpm_overlap_wm": 0.5119911432266235,
  "wm2max": 0.5096239366457934
}