{
  "bids_meta": {
    "AcquisitionNumber": 1,
    "DeviceSerialNumber": "35442  ",
    "EchoNumber": 1,
    "EchoTime": 0.00298,
    "FlipAngle": 9,
    "ImageOrientationPatientDICOM": [
      "-0.0001101277494",
      "0.99999999393594",
      "3.9425176e-009",
      "-0.0244252049523",
      "-2.68595152e-006",
      "-0.9997016601746  "
    ],
    "ImageType": [
      "ORIGINAL",
      "PRIMARY",
      "M",
      "ND",
      "NORM "
    ],
    "ImagingFrequency": 123.247104,
    "InPlanePhaseEncodingDirectionDICOM": "ROW  ",
    "IntendedFor": [
      "ses-PREFU12/asl/sub-5730499_ses-PREFU12_run-001_asl.nii.gz",
      "ses-PREFU12/func/sub-5730499_ses-PREFU12_task-rest_run-002_bold.nii.gz",
      "ses-PREFU12/func/sub-5730499_ses-PREFU12_task-retrieval_run-001_bold.nii.gz",
      "ses-PREFU12/func/sub-5730499_ses-PREFU12_task-encoding_run-001_bold.nii.gz",
      "ses-PREFU12/fmap/sub-5730499_ses-PREFU12_run-001_phasediff.nii.gz",
      "ses-PREFU12/fmap/sub-5730499_ses-PREFU12_run-003_phasediff.nii.gz",
      "ses-PREFU12/fmap/sub-5730499_ses-PREFU12_run-002_phasediff.nii.gz",
      "ses-PREFU12/func/sub-5730499_ses-PREFU12_task-rest_run-001_bold.nii.gz",
      "ses-PREFU12/anat/sub-5730499_ses-PREFU12_run-001_T2star.nii.gz"
    ],
    "InversionTime": 0.9,
    "MRAcquisitionType": "3D ",
    "MagneticFieldStrength": 3,
    "Manufacturer": "SIEMENS  ",
    "ManufacturerModelName": "TrioTim  ",
    "Modality": "MRI__ ",
    "PatientPosition": "HFS  ",
    "PercentPhaseFOV": 93.75,
    "PhaseEncodingSteps": 239,
    "PixelBandwidth": 238,
    "ProtocolName": "MPRAGE ADNI_iPAT2  ",
    "PulseSequenceType": "*tfl3d1_ns ",
    "ReceiveCoilName": "HeadMatrixix\\\\ ",
    "RepetitionTime": 2.3,
    "SAR": 0.08991377203752,
    "ScanningSequence": "GR\\\\IR  ",
    "SequenceName": "*tfl3d1_ns ",
    "SequenceVariant": "SP\\\\MP  ",
    "SeriesDescription": "MPRAGE ADNI_iPAT2  ",
    "SeriesNumber": 12,
    "SliceOrder": "interleaved ",
    "SliceThickness": 1,
    "SliceTiming": null,
    "SoftwareVersions": "syngo MR B17 ",
    "dataset": "<unset>",
    "modality": "T1w",
    "run_id": 1,
    "session_id": "PREFU12",
    "subject_id": "5730499"
  },
  "cjv": 0.45060879581058244,
  "cnr": 2.9400237119617083,
  "efc": 0.6055368257356061,
  "fber": 105.40235137939453,
  "fwhm_avg": 3.1211299999999995,
  "fwhm_x": 3.19399,
  "fwhm_y": 3.22199,
  "fwhm_z": 2.94741,
  "icvs_csf": 0.1963046070051416,
  "icvs_gm": 0.4264471801429459,
  "icvs_wm": 0.37724821285191246,
  "inu_med": 1.5016183853149414,
  "inu_range": 0.5265348255634308,
  "provenance": {
    "md5sum": "f01ca4882a631fd95e99a66e8bbca2ba",
    "settings": {
      "testing": false
    },
    "software": "mriqc",
    "version": "0.16.1",
    "warnings": {
      "large_rot_frame": false,
      "small_air_mask": false
    },
    "webapi_port": null,
    "webapi_url": "https://mriqc.nimh.nih.gov/api/v1"
  },
  "qi_1": 0.0,
  "qi_2": 0.006024532208541447,
  "rpve_csf": 32.64841035546809,
  "rpve_gm": 15.701141690053925,
  "rpve_wm": 20.69041880200372,
  "size_x": 176,
  "size_y": 240,
  "size_z": 256,
  "snr_csf": 2.5750300586508628,
  "snr_gm": 9.593519871807745,
  "snr_total": 9.329759387159994,
  "snr_wm": 15.820728231021373,
  "snrd_csf": 10.55176080936479,
  "snrd_gm": 22.74311925250619,
  "snrd_total": 21.87710940189721,
  "snrd_wm": 32.336448143820654,
  "spacing_x": 1.0,
  "spacing_y": 1.0,
  "spacing_z": 1.0,
  "summary_bg_k": 2059.591526568805,
  "summary_bg_mad": 20.260105669638286,
  "summary_bg_mean": 66.13665771484375,
  "summary_bg_median": 64.51953125,
  "summary_bg_n": 3130988.0,
  "summary_bg_p05": 35.3823356628418,
  "summary_bg_p95": 102.14153785705567,
  "summary_bg_stdv": 28.512414932250977,
  "summary_csf_k": 2.8041270831332463,
  "summary_csf_mad": 126.24280068437267,
  "summary_csf_mean": 351.9041748046875,
  "summary_csf_median": 326.31341552734375,
  "summary_csf_n": 9446.0,
  "summary_csf_p05": 184.62943267822266,
  "summary_csf_p95": 575.2575225830078,
  "summary_csf_stdv": 126.71546936035156,
  "summary_gm_k": -0.09488685508986405,
  "summary_gm_mad": 72.45747790484201,
  "summary_gm_mean": 703.2542114257812,
  "summary_gm_median": 703.3314208984375,
  "summary_gm_n": 10451.0,
  "summary_gm_p05": 582.5212707519531,
  "summary_gm_p95": 825.7754516601562,
  "summary_gm_stdv": 73.3096694946289,
  "summary_wm_k": 0.22985839918601636,
  "summary_wm_mad": 61.226386038058216,
  "summary_wm_mean": 1000.3726806640625,
  "summary_wm_median": 1000.0053100585938,
  "summary_wm_n": 152184.0,
  "summary_wm_p05": 897.0266723632812,
  "summary_wm_p95": 1105.1383911132812,
  "summary_wm_stdv": 63.208343505859375,
  "tpm_overlap_csf": 0.17521391808986664,
  "tpm_overlap_gm": 0.4366591274738312,
  "tpm_overlap_wm": 0.4971063435077667,
  "wm2max": 0.47053130126844117
}