{
  "bids_meta": {
    "AcquisitionNumber": 1,
    "DeviceSerialNumber": "35442  ",
    "EchoNumber": 1,
    "EchoTime": 0.00298,
    "FlipAngle": 9,
    "ImageOrientationPatientDICOM": [
      "0.08447916092725",
      "0.98524503323732",
      "0.14884722318615",
      "0.10920514535881",
      "0.13932659733399",
      "-0.9842064496347  "
    ],
    "ImageType": [
      "ORIGINAL",
      "PRIMARY",
      "M",
      "ND",
      "NORM "
    ],
    "ImagingFrequency": 123.251408,
    "InPlanePhaseEncodingDirectionDICOM": "ROW  ",
    "InversionTime": 0.9,
    "MRAcquisitionType": "3D ",
    "MagneticFieldStrength": 3,
    "Manufacturer": "SIEMENS  ",
    "ManufacturerModelName": "TrioTim  ",
    "Modality": "MRI__ ",
    "PatientPosition": "HFS  ",
    "PercentPhaseFOV": 93.75,
    "PhaseEncodingSteps": 239,
    "PixelBandwidth": 238,
    "ProtocolName": "MPRAGE ADNI_iPAT2  ",
    "PulseSequenceType": "*tfl3d1_ns ",
    "ReceiveCoilName": "32Ch_Headad\\\\  ",
    "RepetitionTime": 2.3,
    "SAR": 0.0819506543944,
    "ScanningSequence": "GR\\\\IR  ",
    "SequenceName": "*tfl3d1_ns ",
    "SequenceVariant": "SP\\\\MP  ",
    "SeriesDescription": "MPRAGE ADNI_iPAT2  ",
    "SeriesNumber": 12,
    "SliceOrder": "interleaved ",
    "SliceThickness": 1,
    "SliceTiming": null,
    "SoftwareVersions": "syngo MR B17 ",
    "dataset": "<unset>",
    "modality": "T1w",
    "run_id": 1,
    "session_id": "PREBL00",
    "subject_id": "9843864"
  },
  "cjv": 0.46517384950932783,
  "cnr": 2.7241901938963293,
  "efc": 0.5656141600616174,
  "fber": 113.69034576416016,
  "fwhm_avg": 3.146993333333333,
  "fwhm_x": 3.2366,
  "fwhm_y": 3.25697,
  "fwhm_z": 2.94741,
  "icvs_csf": 0.19564624263176525,
  "icvs_gm": 0.40991395044346024,
  "icvs_wm": 0.3944398069247745,
  "inu_med": 1.4353116750717163,
  "inu_range": 0.361035919189453,
  "provenance": {
    "md5sum": "7f8af92ccb6b476a112e0fef70d3b9ab",
    "settings": {
      "testing": false
    },
    "software": "mriqc",
    "version": "0.16.1",
    "warnings": {
      "large_rot_frame": true,
      "small_air_mask": false
    },
    "webapi_port": null,
    "webapi_url": "https://mriqc.nimh.nih.gov/api/v1"
  },
  "qi_1": 9.11951649136768e-05,
  "qi_2": 0.008237943480344461,
  "rpve_csf": 29.036539724317212,
  "rpve_gm": 14.302396589468833,
  "rpve_wm": 17.913484596322593,
  "size_x": 176,
  "size_y": 240,
  "size_z": 256,
  "snr_csf": 2.7736208505403623,
  "snr_gm": 10.047869819970238,
  "snr_total": 10.803528118725888,
  "snr_wm": 19.589093685667063,
  "snrd_csf": 17.68011117887461,
  "snrd_gm": 43.182149575138595,
  "snrd_total": 39.58527814504876,
  "snrd_wm": 57.89357368113308,
  "spacing_x": 1.0,
  "spacing_y": 1.0,
  "spacing_z": 1.0,
  "summary_bg_k": 14753.49366873838,
  "summary_bg_mad": 11.316232452863906,
  "summary_bg_mean": 58.50284194946289,
  "summary_bg_median": 58.458221435546875,
  "summary_bg_n": 3222165.0,
  "summary_bg_p05": 36.956285095214845,
  "summary_bg_p95": 78.5525161743164,
  "summary_bg_stdv": 24.187393188476562,
  "summary_csf_k": 2.035651796637927,
  "summary_csf_mad": 94.8114798175952,
  "summary_csf_mean": 332.8081970214844,
  "summary_csf_median": 305.3902282714844,
  "summary_csf_n": 14671.0,
  "summary_csf_p05": 196.71343994140625,
  "summary_csf_p95": 549.4804077148438,
  "summary_csf_stdv": 110.10150146484375,
  "summary_gm_k": 0.21231968837224624,
  "summary_gm_mad": 70.34818124882051,
  "summary_gm_mean": 743.926025390625,
  "summary_gm_median": 745.8893432617188,
  "summary_gm_n": 10746.0,
  "summary_gm_p05": 615.3930969238281,
  "summary_gm_p95": 863.8419342041016,
  "summary_gm_stdv": 74.2301254272461,
  "summary_wm_k": 0.5391109766518536,
  "summary_wm_mad": 47.857990594682384,
  "summary_wm_mean": 1001.9636840820312,
  "summary_wm_median": 1000.0011596679688,
  "summary_wm_n": 176937.0,
  "summary_wm_p05": 921.8555053710938,
  "summary_wm_p95": 1089.4793701171875,
  "summary_wm_stdv": 51.048728942871094,
  "tpm_overlap_csf": 0.18184742331504822,
  "tpm_overlap_gm": 0.42438042163848877,
  "tpm_overlap_wm": 0.5071789026260376,
  "wm2max": 0.40601122384392424
}