{
  "bids_meta": {
    "AcquisitionNumber": 1,
    "DeviceSerialNumber": "35442  ",
    "EchoNumber": 1,
    "EchoTime": 0.00298,
    "FlipAngle": 9,
    "ImageOrientationPatientDICOM": [
      "-0.0314223118668",
      "0.9973098322245",
      "0.0662248961139",
      "0.03643287950904",
      "0.06735643653113",
      "-0.9970635665536  "
    ],
    "ImageType": [
      "ORIGINAL",
      "PRIMARY",
      "M",
      "ND",
      "NORM "
    ],
    "ImagingFrequency": 123.251366,
    "InPlanePhaseEncodingDirectionDICOM": "ROW  ",
    "IntendedFor": [
      "ses-NAPFU36/fmap/sub-3974587_ses-NAPFU36_run-005_phasediff.nii.gz",
      "ses-NAPFU36/dwi/sub-3974587_ses-NAPFU36_run-001_dwi.nii.gz",
      "ses-NAPFU36/func/sub-3974587_ses-NAPFU36_task-rest_run-001_bold.nii.gz",
      "ses-NAPFU36/fmap/sub-3974587_ses-NAPFU36_run-001_phasediff.nii.gz",
      "ses-NAPFU36/asl/sub-3974587_ses-NAPFU36_run-001_asl.nii.gz",
      "ses-NAPFU36/fmap/sub-3974587_ses-NAPFU36_run-004_phasediff.nii.gz",
      "ses-NAPFU36/func/sub-3974587_ses-NAPFU36_task-rest_run-002_bold.nii.gz",
      "ses-NAPFU36/anat/sub-3974587_ses-NAPFU36_run-001_FLAIR.nii.gz",
      "ses-NAPFU36/anat/sub-3974587_ses-NAPFU36_run-002_T1w.nii.gz",
      "ses-NAPFU36/fmap/sub-3974587_ses-NAPFU36_run-003_phasediff.nii.gz",
      "ses-NAPFU36/anat/sub-3974587_ses-NAPFU36_run-001_T2star.nii.gz",
      "ses-NAPFU36/fmap/sub-3974587_ses-NAPFU36_run-002_phasediff.nii.gz"
    ],
    "InversionTime": 0.9,
    "MRAcquisitionType": "3D ",
    "MagneticFieldStrength": 3,
    "Manufacturer": "SIEMENS  ",
    "ManufacturerModelName": "TrioTim  ",
    "Modality": "MRI__ ",
    "PatientPosition": "HFS  ",
    "PercentPhaseFOV": 93.75,
    "PhaseEncodingSteps": 239,
    "PixelBandwidth": 238,
    "ProtocolName": "MPRAGE ADNI_iPAT2  ",
    "PulseSequenceType": "*tfl3d1_ns ",
    "ReceiveCoilName": "HeadMatrixix\\\\ ",
    "RepetitionTime": 2.3,
    "SAR": 0.10507370968967,
    "ScanningSequence": "GR\\\\IR  ",
    "SequenceName": "*tfl3d1_ns ",
    "SequenceVariant": "SP\\\\MP  ",
    "SeriesDescription": "MPRAGE ADNI_iPAT2  ",
    "SeriesNumber": 5,
    "SliceOrder": "interleaved ",
    "SliceThickness": 1,
    "SliceTiming": null,
    "SoftwareVersions": "syngo MR B17 ",
    "dataset": "<unset>",
    "modality": "T1w",
    "run_id": 1,
    "session_id": "NAPFU36",
    "subject_id": "3974587"
  },
  "cjv": 0.4341709623581062,
  "cnr": 3.1179258835103827,
  "efc": 0.5988381064281453,
  "fber": 145.24952697753906,
  "fwhm_avg": 3.18986,
  "fwhm_x": 3.26894,
  "fwhm_y": 3.30317,
  "fwhm_z": 2.99747,
  "icvs_csf": 0.20146228287044304,
  "icvs_gm": 0.40520175874280145,
  "icvs_wm": 0.3933359583867555,
  "inu_med": 1.3688039779663086,
  "inu_range": 0.3599061489105222,
  "provenance": {
    "md5sum": "5f63f258289a5789f4ad99ce9e07beb2",
    "settings": {
      "testing": false
    },
    "software": "mriqc",
    "version": "0.16.1",
    "warnings": {
      "large_rot_frame": true,
      "small_air_mask": false
    },
    "webapi_port": null,
    "webapi_url": "https://mriqc.nimh.nih.gov/api/v1"
  },
  "qi_1": 0.0,
  "qi_2": 0.005752231133307261,
  "rpve_csf": 28.94355390743326,
  "rpve_gm": 14.91946822647605,
  "rpve_wm": 18.824528526593063,
  "size_x": 176,
  "size_y": 240,
  "size_z": 256,
  "snr_csf": 3.1278091744551038,
  "snr_gm": 8.754749458583056,
  "snr_total": 9.659458355324588,
  "snr_wm": 17.095816432935603,
  "snrd_csf": 12.36721184751257,
  "snrd_gm": 26.352589970864972,
  "snrd_total": 25.649430585298905,
  "snrd_wm": 38.22848993751917,
  "spacing_x": 1.0,
  "spacing_y": 1.0,
  "spacing_z": 1.0,
  "summary_bg_k": 15.774184420327945,
  "summary_bg_mad": 17.13711062671889,
  "summary_bg_mean": 54.47218322753906,
  "summary_bg_median": 53.19777297973633,
  "summary_bg_n": 3312396.0,
  "summary_bg_p05": 28.19275999069214,
  "summary_bg_p95": 85.1610336303711,
  "summary_bg_stdv": 17.503633499145508,
  "summary_csf_k": 0.3860021587947102,
  "summary_csf_mad": 100.82727812755738,
  "summary_csf_mean": 338.6090393066406,
  "summary_csf_median": 323.5025329589844,
  "summary_csf_n": 14414.0,
  "summary_csf_p05": 193.42216720581055,
  "summary_csf_p95": 525.2941925048825,
  "summary_csf_stdv": 103.42424774169922,
  "summary_gm_k": 0.04559532232367847,
  "summary_gm_mad": 77.81987566280243,
  "summary_gm_mean": 687.7930297851562,
  "summary_gm_median": 689.3331909179688,
  "summary_gm_n": 10467.0,
  "summary_gm_p05": 555.6652770996094,
  "summary_gm_p95": 815.6592895507812,
  "summary_gm_stdv": 78.73443603515625,
  "summary_wm_k": 0.18797805696433745,
  "summary_wm_mad": 57.055662389930575,
  "summary_wm_mean": 1001.3345336914062,
  "summary_wm_median": 999.9839477539062,
  "summary_wm_n": 197594.0,
  "summary_wm_p05": 907.6393615722657,
  "summary_wm_p95": 1100.2031433105467,
  "summary_wm_stdv": 58.49275588989258,
  "tpm_overlap_csf": 0.18077242374420166,
  "tpm_overlap_gm": 0.42340654134750366,
  "tpm_overlap_wm": 0.5122739672660828,
  "wm2max": 0.52913713503156
}