{
  "bids_meta": {
    "AcquisitionNumber": 1,
    "DeviceSerialNumber": "35442  ",
    "EchoNumber": 1,
    "EchoTime": 0.00298,
    "FlipAngle": 9,
    "ImageOrientationPatientDICOM": [
      "-0.0517650412533",
      "0.99859354585893",
      "0.01145908691526",
      "0.04002090556339",
      "0.01353958177979",
      "-0.9991071047906  "
    ],
    "ImageType": [
      "ORIGINAL",
      "PRIMARY",
      "M",
      "ND",
      "NORM "
    ],
    "ImagingFrequency": 123.247136,
    "InPlanePhaseEncodingDirectionDICOM": "ROW  ",
    "IntendedFor": [
      "ses-NAPFU24/fmap/sub-6865719_ses-NAPFU24_run-004_phasediff.nii.gz",
      "ses-NAPFU24/func/sub-6865719_ses-NAPFU24_task-rest_run-001_bold.nii.gz",
      "ses-NAPFU24/asl/sub-6865719_ses-NAPFU24_run-001_asl.nii.gz",
      "ses-NAPFU24/func/sub-6865719_ses-NAPFU24_task-encoding_run-001_bold.nii.gz",
      "ses-NAPFU24/func/sub-6865719_ses-NAPFU24_task-rest_run-002_bold.nii.gz",
      "ses-NAPFU24/func/sub-6865719_ses-NAPFU24_task-retrieval_run-001_bold.nii.gz",
      "ses-NAPFU24/anat/sub-6865719_ses-NAPFU24_run-001_FLAIR.nii.gz",
      "ses-NAPFU24/fmap/sub-6865719_ses-NAPFU24_run-003_phasediff.nii.gz",
      "ses-NAPFU24/anat/sub-6865719_ses-NAPFU24_run-002_T1w.nii.gz",
      "ses-NAPFU24/dwi/sub-6865719_ses-NAPFU24_run-001_dwi.nii.gz",
      "ses-NAPFU24/fmap/sub-6865719_ses-NAPFU24_run-001_phasediff.nii.gz",
      "ses-NAPFU24/fmap/sub-6865719_ses-NAPFU24_run-005_phasediff.nii.gz",
      "ses-NAPFU24/anat/sub-6865719_ses-NAPFU24_run-001_T2star.nii.gz",
      "ses-NAPFU24/fmap/sub-6865719_ses-NAPFU24_run-002_phasediff.nii.gz"
    ],
    "InversionTime": 0.9,
    "MRAcquisitionType": "3D ",
    "MagneticFieldStrength": 3,
    "Manufacturer": "SIEMENS  ",
    "ManufacturerModelName": "TrioTim  ",
    "Modality": "MRI__ ",
    "PatientPosition": "HFS  ",
    "PercentPhaseFOV": 93.75,
    "PhaseEncodingSteps": 239,
    "PixelBandwidth": 238,
    "ProtocolName": "MPRAGE ADNI_iPAT2  ",
    "PulseSequenceType": "*tfl3d1_ns ",
    "ReceiveCoilName": "HeadMatrixix\\\\ ",
    "RepetitionTime": 2.3,
    "SAR": 0.08439302803975,
    "ScanningSequence": "GR\\\\IR  ",
    "SequenceName": "*tfl3d1_ns ",
    "SequenceVariant": "SP\\\\MP  ",
    "SeriesDescription": "MPRAGE ADNI_iPAT2  ",
    "SeriesNumber": 12,
    "SliceOrder": "interleaved ",
    "SliceThickness": 1,
    "SliceTiming": null,
    "SoftwareVersions": "syngo MR B17 ",
    "dataset": "<unset>",
    "modality": "T1w",
    "run_id": 1,
    "session_id": "NAPFU24",
    "subject_id": "6865719"
  },
  "cjv": 0.41250181173903866,
  "cnr": 3.2463582763371894,
  "efc": 0.5909471832949337,
  "fber": 108.15956115722656,
  "fwhm_avg": 3.2028266666666667,
  "fwhm_x": 3.28097,
  "fwhm_y": 3.31521,
  "fwhm_z": 3.0123,
  "icvs_csf": 0.20482069492075966,
  "icvs_gm": 0.4113930740369712,
  "icvs_wm": 0.38378623104226917,
  "inu_med": 1.4053826332092285,
  "inu_range": 0.403920787572861,
  "provenance": {
    "md5sum": "0bc0bb454a230e891fa977d87ad4febc",
    "settings": {
      "testing": false
    },
    "software": "mriqc",
    "version": "0.16.1",
    "warnings": {
      "large_rot_frame": true,
      "small_air_mask": false
    },
    "webapi_port": null,
    "webapi_url": "https://mriqc.nimh.nih.gov/api/v1"
  },
  "qi_1": 1.965427102825974e-05,
  "qi_2": 0.005325475051096782,
  "rpve_csf": 30.881929414605125,
  "rpve_gm": 16.052217909120408,
  "rpve_wm": 20.79331750181779,
  "size_x": 176,
  "size_y": 240,
  "size_z": 256,
  "snr_csf": 3.8923675088421303,
  "snr_gm": 9.915757034424281,
  "snr_total": 10.64819507487193,
  "snr_wm": 18.136460681349377,
  "snrd_csf": 15.45885427741315,
  "snrd_gm": 24.826103087574612,
  "snrd_total": 25.261753310674106,
  "snrd_wm": 35.500302567034545,
  "spacing_x": 1.0,
  "spacing_y": 1.0,
  "spacing_z": 1.0,
  "summary_bg_k": 1689.6165280364953,
  "summary_bg_mad": 18.454581168455935,
  "summary_bg_mean": 60.97354507446289,
  "summary_bg_median": 59.453826904296875,
  "summary_bg_n": 2694211.0,
  "summary_bg_p05": 31.99824810028076,
  "summary_bg_p95": 94.05828475952148,
  "summary_bg_stdv": 23.76497459411621,
  "summary_csf_k": 0.3037021680821659,
  "summary_csf_mad": 103.25527227431982,
  "summary_csf_mean": 418.9269714355469,
  "summary_csf_median": 435.4615173339844,
  "summary_csf_n": 6056.0,
  "summary_csf_p05": 211.09425735473633,
  "summary_csf_p95": 578.1489410400391,
  "summary_csf_stdv": 111.86650848388672,
  "summary_gm_k": -0.13361763888630085,
  "summary_gm_mad": 70.41261073976142,
  "summary_gm_mean": 697.1968383789062,
  "summary_gm_median": 699.3281860351562,
  "summary_gm_n": 16776.0,
  "summary_gm_p05": 576.3775024414062,
  "summary_gm_p95": 810.5454711914062,
  "summary_gm_stdv": 70.52485656738281,
  "summary_wm_k": 0.21042487892871575,
  "summary_wm_mad": 53.61936254584295,
  "summary_wm_mean": 999.9566650390625,
  "summary_wm_median": 1000.0104370117188,
  "summary_wm_n": 165557.0,
  "summary_wm_p05": 909.1619506835938,
  "summary_wm_p95": 1090.46923828125,
  "summary_wm_stdv": 55.13795852661133,
  "tpm_overlap_csf": 0.1478821039199829,
  "tpm_overlap_gm": 0.4224500060081482,
  "tpm_overlap_wm": 0.482933908700943,
  "wm2max": 0.498782717606299
}