{
  "bids_meta": {
    "AcquisitionNumber": 1,
    "DeviceSerialNumber": "35442  ",
    "EchoNumber": 1,
    "EchoTime": 0.00298,
    "FlipAngle": 9,
    "ImageOrientationPatientDICOM": [
      "-0.0660080911877",
      "0.99781908775977",
      "3.42707112e-008",
      "-0.0104956596326",
      "-0.0006942783494",
      "-0.999944678023  "
    ],
    "ImageType": [
      "ORIGINAL",
      "PRIMARY",
      "M",
      "ND",
      "NORM "
    ],
    "ImagingFrequency": 123.247343,
    "InPlanePhaseEncodingDirectionDICOM": "ROW  ",
    "IntendedFor": [
      "ses-NAPFU03/func/sub-4538817_ses-NAPFU03_task-retrieval_run-001_bold.nii.gz",
      "ses-NAPFU03/fmap/sub-4538817_ses-NAPFU03_run-003_phasediff.nii.gz",
      "ses-NAPFU03/fmap/sub-4538817_ses-NAPFU03_run-001_phasediff.nii.gz",
      "ses-NAPFU03/anat/sub-4538817_ses-NAPFU03_run-001_T1w.nii.gz",
      "ses-NAPFU03/fmap/sub-4538817_ses-NAPFU03_run-002_phasediff.nii.gz",
      "ses-NAPFU03/asl/sub-4538817_ses-NAPFU03_run-001_asl.nii.gz",
      "ses-NAPFU03/func/sub-4538817_ses-NAPFU03_task-rest_run-002_bold.nii.gz",
      "ses-NAPFU03/func/sub-4538817_ses-NAPFU03_task-rest_run-001_bold.nii.gz",
      "ses-NAPFU03/anat/sub-4538817_ses-NAPFU03_run-001_T2star.nii.gz",
      "ses-NAPFU03/func/sub-4538817_ses-NAPFU03_task-encoding_run-001_bold.nii.gz"
    ],
    "InversionTime": 0.9,
    "MRAcquisitionType": "3D ",
    "MagneticFieldStrength": 3,
    "Manufacturer": "SIEMENS  ",
    "ManufacturerModelName": "TrioTim  ",
    "Modality": "MRI__ ",
    "PatientPosition": "HFS  ",
    "PercentPhaseFOV": 93.75,
    "PhaseEncodingSteps": 239,
    "PixelBandwidth": 238,
    "ProtocolName": "MPRAGE ADNI_iPAT2  ",
    "PulseSequenceType": "*tfl3d1_ns ",
    "ReceiveCoilName": "HeadMatrixix\\\\ ",
    "RepetitionTime": 2.3,
    "SAR": 0.08147313764848,
    "ScanningSequence": "GR\\\\IR  ",
    "SequenceName": "*tfl3d1_ns ",
    "SequenceVariant": "SP\\\\MP  ",
    "SeriesDescription": "MPRAGE ADNI_iPAT2  ",
    "SeriesNumber": 17,
    "SliceOrder": "interleaved ",
    "SliceThickness": 1,
    "SliceTiming": null,
    "SoftwareVersions": "syngo MR B17 ",
    "dataset": "<unset>",
    "modality": "T1w",
    "run_id": 2,
    "session_id": "NAPFU03",
    "subject_id": "4538817"
  },
  "cjv": 0.3999337752848858,
  "cnr": 3.389078941886842,
  "efc": 0.6270286831443037,
  "fber": 85.31316375732422,
  "fwhm_avg": 3.3557566666666667,
  "fwhm_x": 3.42349,
  "fwhm_y": 3.50912,
  "fwhm_z": 3.13466,
  "icvs_csf": 0.23491052089394324,
  "icvs_gm": 0.40039268836835495,
  "icvs_wm": 0.3646967907377018,
  "inu_med": 1.2721863985061646,
  "inu_range": 0.37989816665649423,
  "provenance": {
    "md5sum": "258c510c3a194da3069af816c3a189da",
    "settings": {
      "testing": false
    },
    "software": "mriqc",
    "version": "0.16.1",
    "warnings": {
      "large_rot_frame": true,
      "small_air_mask": false
    },
    "webapi_port": null,
    "webapi_url": "https://mriqc.nimh.nih.gov/api/v1"
  },
  "qi_1": 6.834521199278614e-05,
  "qi_2": 0.004813031095999843,
  "rpve_csf": 23.637342161079946,
  "rpve_gm": 13.571201369107724,
  "rpve_wm": 17.803129917440884,
  "size_x": 176,
  "size_y": 240,
  "size_z": 256,
  "snr_csf": 2.8632919076485823,
  "snr_gm": 8.953512052930007,
  "snr_total": 9.40500281142492,
  "snr_wm": 16.398204473696165,
  "snrd_csf": 10.832657534234349,
  "snrd_gm": 21.9940447830276,
  "snrd_total": 21.962084529292927,
  "snrd_wm": 33.059551270616836,
  "spacing_x": 1.0,
  "spacing_y": 1.0,
  "spacing_z": 1.0,
  "summary_bg_k": 835.9149483496429,
  "summary_bg_mad": 19.816816406541058,
  "summary_bg_mean": 66.2738265991211,
  "summary_bg_median": 64.51626586914062,
  "summary_bg_n": 2839284.0,
  "summary_bg_p05": 35.78459720611572,
  "summary_bg_p95": 102.15547676086426,
  "summary_bg_stdv": 22.685569763183594,
  "summary_csf_k": -0.2935938968394858,
  "summary_csf_mad": 122.44385872659721,
  "summary_csf_mean": 342.6763916015625,
  "summary_csf_median": 327.6703796386719,
  "summary_csf_n": 21713.0,
  "summary_csf_p05": 178.45569458007813,
  "summary_csf_p95": 543.3729736328124,
  "summary_csf_stdv": 114.43570709228516,
  "summary_gm_k": -0.05676648950206831,
  "summary_gm_mad": 74.95086300791229,
  "summary_gm_mean": 665.2772216796875,
  "summary_gm_median": 665.2843017578125,
  "summary_gm_n": 10101.0,
  "summary_gm_p05": 543.6831665039062,
  "summary_gm_p95": 786.4708862304688,
  "summary_gm_stdv": 74.30060577392578,
  "summary_wm_k": 0.2823878278627858,
  "summary_wm_mad": 58.912444306527036,
  "summary_wm_mean": 999.8020629882812,
  "summary_wm_median": 999.9979858398438,
  "summary_wm_n": 176600.0,
  "summary_wm_p05": 899.2655059814454,
  "summary_wm_p95": 1099.5286499023437,
  "summary_wm_stdv": 60.981990814208984,
  "tpm_overlap_csf": 0.1739618182182312,
  "tpm_overlap_gm": 0.433313250541687,
  "tpm_overlap_wm": 0.5059535503387451,
  "wm2max": 0.5208156281908137
}