{
  "bids_meta": {
    "AcquisitionNumber": 1,
    "DeviceSerialNumber": "35442  ",
    "EchoNumber": 1,
    "EchoTime": 0.00298,
    "FlipAngle": 9,
    "ImageOrientationPatientDICOM": [
      "0.03174441836731",
      "0.9989566406148",
      "0.0328317235934",
      "0.0437125208321",
      "0.03142926979135",
      "-0.9985496565133 "
    ],
    "ImageType": [
      "ORIGINAL",
      "PRIMARY",
      "M",
      "ND",
      "NORM "
    ],
    "ImagingFrequency": 123.247118,
    "InPlanePhaseEncodingDirectionDICOM": "ROW  ",
    "IntendedFor": [
      "ses-NAPFU24/func/sub-9026274_ses-NAPFU24_task-rest_run-002_bold.nii.gz",
      "ses-NAPFU24/fmap/sub-9026274_ses-NAPFU24_run-003_phasediff.nii.gz",
      "ses-NAPFU24/func/sub-9026274_ses-NAPFU24_task-encoding_run-001_bold.nii.gz",
      "ses-NAPFU24/fmap/sub-9026274_ses-NAPFU24_run-002_phasediff.nii.gz",
      "ses-NAPFU24/asl/sub-9026274_ses-NAPFU24_run-001_asl.nii.gz",
      "ses-NAPFU24/func/sub-9026274_ses-NAPFU24_task-rest_run-001_bold.nii.gz",
      "ses-NAPFU24/func/sub-9026274_ses-NAPFU24_task-retrieval_run-001_bold.nii.gz",
      "ses-NAPFU24/anat/sub-9026274_ses-NAPFU24_run-001_T2star.nii.gz",
      "ses-NAPFU24/fmap/sub-9026274_ses-NAPFU24_run-001_phasediff.nii.gz"
    ],
    "InversionTime": 0.9,
    "MRAcquisitionType": "3D ",
    "MagneticFieldStrength": 3,
    "Manufacturer": "SIEMENS  ",
    "ManufacturerModelName": "TrioTim  ",
    "Modality": "MRI__ ",
    "PatientPosition": "HFS  ",
    "PercentPhaseFOV": 93.75,
    "PhaseEncodingSteps": 239,
    "PixelBandwidth": 238,
    "ProtocolName": "MPRAGE ADNI_iPAT2  ",
    "PulseSequenceType": "*tfl3d1_ns ",
    "ReceiveCoilName": "HeadMatrixix\\\\ ",
    "RepetitionTime": 2.3,
    "SAR": 0.07413383153799,
    "ScanningSequence": "GR\\\\IR  ",
    "SequenceName": "*tfl3d1_ns ",
    "SequenceVariant": "SP\\\\MP  ",
    "SeriesDescription": "MPRAGE ADNI_iPAT2  ",
    "SeriesNumber": 15,
    "SliceOrder": "interleaved ",
    "SliceThickness": 1,
    "SliceTiming": null,
    "SoftwareVersions": "syngo MR B17 ",
    "dataset": "<unset>",
    "modality": "T1w",
    "run_id": 1,
    "session_id": "NAPFU24",
    "subject_id": "9026274"
  },
  "cjv": 0.41366695407641335,
  "cnr": 3.249375293259019,
  "efc": 0.5787457053502452,
  "fber": 136.46278381347656,
  "fwhm_avg": 3.198926666666667,
  "fwhm_x": 3.24364,
  "fwhm_y": 3.32527,
  "fwhm_z": 3.02787,
  "icvs_csf": 0.20272434382870386,
  "icvs_gm": 0.4129272616290556,
  "icvs_wm": 0.38434839454224057,
  "inu_med": 1.3899478912353516,
  "inu_range": 0.40179963111877437,
  "provenance": {
    "md5sum": "1683c3ce964cfe57899b1674cb1b5df0",
    "settings": {
      "testing": false
    },
    "software": "mriqc",
    "version": "0.16.1",
    "warnings": {
      "large_rot_frame": true,
      "small_air_mask": false
    },
    "webapi_port": null,
    "webapi_url": "https://mriqc.nimh.nih.gov/api/v1"
  },
  "qi_1": 2.2451025932832222e-05,
  "qi_2": 0.005259179106765242,
  "rpve_csf": 30.444082469787705,
  "rpve_gm": 15.456882220598555,
  "rpve_wm": 19.83410354271709,
  "size_x": 176,
  "size_y": 240,
  "size_z": 256,
  "snr_csf": 2.5411665840123385,
  "snr_gm": 9.508234841848166,
  "snr_total": 9.844207198673347,
  "snr_wm": 17.48322017015954,
  "snrd_csf": 11.763805740961976,
  "snrd_gm": 27.225900143101956,
  "snrd_total": 26.08744323018009,
  "snrd_wm": 39.27262380647634,
  "spacing_x": 1.0,
  "spacing_y": 1.0,
  "spacing_z": 1.0,
  "summary_bg_k": 671.3902053653381,
  "summary_bg_mad": 16.681548540996857,
  "summary_bg_mean": 55.65614700317383,
  "summary_bg_median": 54.210174560546875,
  "summary_bg_n": 2943837.0,
  "summary_bg_p05": 29.725444412231447,
  "summary_bg_p95": 85.68462829589842,
  "summary_bg_stdv": 18.01582908630371,
  "summary_csf_k": 2.9530990228482006,
  "summary_csf_mad": 114.19463292606548,
  "summary_csf_mean": 323.8903503417969,
  "summary_csf_median": 299.53839111328125,
  "summary_csf_n": 13218.0,
  "summary_csf_p05": 169.86666259765624,
  "summary_csf_p95": 535.0142272949219,
  "summary_csf_stdv": 117.86990356445312,
  "summary_gm_k": 0.07852325873473864,
  "summary_gm_mad": 71.71006866266995,
  "summary_gm_mean": 690.4972534179688,
  "summary_gm_median": 693.2452392578125,
  "summary_gm_n": 11054.0,
  "summary_gm_p05": 566.7767578125,
  "summary_gm_p95": 804.7952636718751,
  "summary_gm_stdv": 72.90668487548828,
  "summary_wm_k": 0.2661435033680415,
  "summary_wm_mad": 55.1790629754183,
  "summary_wm_mean": 1000.3536987304688,
  "summary_wm_median": 999.9874877929688,
  "summary_wm_n": 172243.0,
  "summary_wm_p05": 906.8998779296876,
  "summary_wm_p95": 1094.8714111328125,
  "summary_wm_stdv": 57.19681930541992,
  "tpm_overlap_csf": 0.16309817135334015,
  "tpm_overlap_gm": 0.4291393756866455,
  "tpm_overlap_wm": 0.4985917806625366,
  "wm2max": 0.510247128600262
}