{
  "bids_meta": {
    "AcquisitionNumber": 1,
    "DeviceSerialNumber": "35442  ",
    "EchoNumber": 1,
    "EchoTime": 0.00298,
    "FlipAngle": 9,
    "ImageOrientationPatientDICOM": [
      "0.03282415930918",
      "0.99851388521744",
      "0.0435039721592",
      "0.07416127451116",
      "0.04097414907672",
      "-0.9964041471563 "
    ],
    "ImageType": [
      "ORIGINAL",
      "PRIMARY",
      "M",
      "ND",
      "NORM "
    ],
    "ImagingFrequency": 123.251308,
    "InPlanePhaseEncodingDirectionDICOM": "ROW  ",
    "IntendedFor": [
      "ses-PREFU24/func/sub-7672530_ses-PREFU24_task-encoding_run-001_bold.nii.gz",
      "ses-PREFU24/fmap/sub-7672530_ses-PREFU24_run-003_phasediff.nii.gz",
      "ses-PREFU24/anat/sub-7672530_ses-PREFU24_run-002_T1w.nii.gz",
      "ses-PREFU24/func/sub-7672530_ses-PREFU24_task-rest_run-002_bold.nii.gz",
      "ses-PREFU24/fmap/sub-7672530_ses-PREFU24_run-002_phasediff.nii.gz",
      "ses-PREFU24/func/sub-7672530_ses-PREFU24_task-rest_run-001_bold.nii.gz",
      "ses-PREFU24/asl/sub-7672530_ses-PREFU24_run-001_asl.nii.gz",
      "ses-PREFU24/dwi/sub-7672530_ses-PREFU24_run-001_dwi.nii.gz",
      "ses-PREFU24/func/sub-7672530_ses-PREFU24_task-retrieval_run-001_bold.nii.gz",
      "ses-PREFU24/fmap/sub-7672530_ses-PREFU24_run-001_phasediff.nii.gz",
      "ses-PREFU24/anat/sub-7672530_ses-PREFU24_run-001_FLAIR.nii.gz",
      "ses-PREFU24/fmap/sub-7672530_ses-PREFU24_run-005_phasediff.nii.gz",
      "ses-PREFU24/anat/sub-7672530_ses-PREFU24_run-003_T1w.nii.gz",
      "ses-PREFU24/anat/sub-7672530_ses-PREFU24_run-001_T2star.nii.gz",
      "ses-PREFU24/fmap/sub-7672530_ses-PREFU24_run-004_phasediff.nii.gz"
    ],
    "InversionTime": 0.9,
    "MRAcquisitionType": "3D ",
    "MagneticFieldStrength": 3,
    "Manufacturer": "SIEMENS  ",
    "ManufacturerModelName": "TrioTim  ",
    "Modality": "MRI__ ",
    "PatientPosition": "HFS  ",
    "PercentPhaseFOV": 93.75,
    "PhaseEncodingSteps": 239,
    "PixelBandwidth": 238,
    "ProtocolName": "MPRAGE ADNI_iPAT2  ",
    "PulseSequenceType": "*tfl3d1_ns ",
    "ReceiveCoilName": "HeadMatrixix\\\\ ",
    "RepetitionTime": 2.3,
    "SAR": 0.11398770193167,
    "ScanningSequence": "GR\\\\IR  ",
    "SequenceName": "*tfl3d1_ns ",
    "SequenceVariant": "SP\\\\MP  ",
    "SeriesDescription": "MPRAGE ADNI_iPAT2  ",
    "SeriesNumber": 12,
    "SliceOrder": "interleaved ",
    "SliceThickness": 1,
    "SliceTiming": null,
    "SoftwareVersions": "syngo MR B17 ",
    "dataset": "<unset>",
    "modality": "T1w",
    "run_id": 1,
    "session_id": "PREFU24",
    "subject_id": "7672530"
  },
  "cjv": 0.45035524078610617,
  "cnr": 2.979321470490418,
  "efc": 0.587718268371631,
  "fber": 190.91990661621094,
  "fwhm_avg": 3.2049066666666666,
  "fwhm_x": 3.21272,
  "fwhm_y": 3.33273,
  "fwhm_z": 3.06927,
  "icvs_csf": 0.22111899783362465,
  "icvs_gm": 0.4126643032734857,
  "icvs_wm": 0.3662166988928896,
  "inu_med": 1.3510315418243408,
  "inu_range": 0.3286830186843872,
  "provenance": {
    "md5sum": "2774e6ef2351fcf0bfe86e22691dc028",
    "settings": {
      "testing": false
    },
    "software": "mriqc",
    "version": "0.16.1",
    "warnings": {
      "large_rot_frame": true,
      "small_air_mask": false
    },
    "webapi_port": null,
    "webapi_url": "https://mriqc.nimh.nih.gov/api/v1"
  },
  "qi_1": 0.0,
  "qi_2": 0.0033129015113840827,
  "rpve_csf": 29.204738808504857,
  "rpve_gm": 15.336099805623835,
  "rpve_wm": 19.80423379957507,
  "size_x": 176,
  "size_y": 240,
  "size_z": 256,
  "snr_csf": 2.8862193002588086,
  "snr_gm": 7.011575070442862,
  "snr_total": 6.996298201549462,
  "snr_wm": 11.091100233946715,
  "snrd_csf": 11.805392663973242,
  "snrd_gm": 24.32955942225651,
  "snrd_total": 25.158401952823226,
  "snrd_wm": 39.34025377223992,
  "spacing_x": 1.0,
  "spacing_y": 1.0,
  "spacing_z": 1.0,
  "summary_bg_k": 645.9776016360294,
  "summary_bg_mad": 16.65267912943542,
  "summary_bg_mean": 43.383155822753906,
  "summary_bg_median": 40.54289627075195,
  "summary_bg_n": 4048611.0,
  "summary_bg_p05": 19.358537673950195,
  "summary_bg_p95": 76.13581085205078,
  "summary_bg_stdv": 22.21765899658203,
  "summary_csf_k": 28.4319046587183,
  "summary_csf_mad": 92.02232534494573,
  "summary_csf_mean": 308.4731140136719,
  "summary_csf_median": 300.07708740234375,
  "summary_csf_n": 33311.0,
  "summary_csf_p05": 160.54837036132812,
  "summary_csf_p95": 479.1544189453125,
  "summary_csf_stdv": 103.96735382080078,
  "summary_gm_k": -0.04461947732783589,
  "summary_gm_mad": 86.09666724097163,
  "summary_gm_mean": 622.7919921875,
  "summary_gm_median": 618.4244384765625,
  "summary_gm_n": 10924.0,
  "summary_gm_p05": 483.42481079101566,
  "summary_gm_p95": 778.2595855712891,
  "summary_gm_stdv": 88.19646453857422,
  "summary_wm_k": 0.4170372120661199,
  "summary_wm_mad": 85.73705657102893,
  "summary_wm_mean": 1006.3333740234375,
  "summary_wm_median": 999.9759521484375,
  "summary_wm_n": 146432.0,
  "summary_wm_p05": 869.1641357421875,
  "summary_wm_p95": 1165.8208068847653,
  "summary_wm_stdv": 90.15990447998047,
  "tpm_overlap_csf": 0.15751275420188904,
  "tpm_overlap_gm": 0.4119349718093872,
  "tpm_overlap_wm": 0.4677555561065674,
  "wm2max": 0.5849336852407775
}