{
  "bids_meta": {
    "AcquisitionNumber": 1,
    "DeviceSerialNumber": "35442  ",
    "EchoNumber": 1,
    "EchoTime": 0.00298,
    "FlipAngle": 9,
    "ImageOrientationPatientDICOM": [
      "-0.0119372910337",
      "0.98820297171704",
      "0.15268394733042",
      "0.06891613751979",
      "0.1531448195367",
      "-0.9857977633564 "
    ],
    "ImageType": [
      "ORIGINAL",
      "PRIMARY",
      "M",
      "ND",
      "NORM "
    ],
    "ImagingFrequency": 123.247156,
    "InPlanePhaseEncodingDirectionDICOM": "ROW  ",
    "IntendedFor": [
      "ses-NAPFU24/fmap/sub-4676902_ses-NAPFU24_run-001_phasediff.nii.gz",
      "ses-NAPFU24/fmap/sub-4676902_ses-NAPFU24_run-003_phasediff.nii.gz",
      "ses-NAPFU24/asl/sub-4676902_ses-NAPFU24_run-001_asl.nii.gz",
      "ses-NAPFU24/func/sub-4676902_ses-NAPFU24_task-encoding_run-001_bold.nii.gz",
      "ses-NAPFU24/anat/sub-4676902_ses-NAPFU24_run-001_T2star.nii.gz",
      "ses-NAPFU24/func/sub-4676902_ses-NAPFU24_task-rest_run-001_bold.nii.gz",
      "ses-NAPFU24/func/sub-4676902_ses-NAPFU24_task-retrieval_run-001_bold.nii.gz",
      "ses-NAPFU24/func/sub-4676902_ses-NAPFU24_task-rest_run-002_bold.nii.gz",
      "ses-NAPFU24/fmap/sub-4676902_ses-NAPFU24_run-002_phasediff.nii.gz"
    ],
    "InversionTime": 0.9,
    "MRAcquisitionType": "3D ",
    "MagneticFieldStrength": 3,
    "Manufacturer": "SIEMENS  ",
    "ManufacturerModelName": "TrioTim  ",
    "Modality": "MRI__ ",
    "PatientPosition": "HFS  ",
    "PercentPhaseFOV": 93.75,
    "PhaseEncodingSteps": 239,
    "PixelBandwidth": 238,
    "ProtocolName": "MPRAGE ADNI_iPAT2  ",
    "PulseSequenceType": "*tfl3d1_ns ",
    "ReceiveCoilName": "HeadMatrixix\\\\ ",
    "RepetitionTime": 2.3,
    "SAR": 0.08536318754987,
    "ScanningSequence": "GR\\\\IR  ",
    "SequenceName": "*tfl3d1_ns ",
    "SequenceVariant": "SP\\\\MP  ",
    "SeriesDescription": "MPRAGE ADNI_iPAT2  ",
    "SeriesNumber": 12,
    "SliceOrder": "interleaved ",
    "SliceThickness": 1,
    "SliceTiming": null,
    "SoftwareVersions": "syngo MR B17 ",
    "dataset": "<unset>",
    "modality": "T1w",
    "run_id": 1,
    "session_id": "NAPFU24",
    "subject_id": "4676902"
  },
  "cjv": 0.47906128269936304,
  "cnr": 2.758144097012671,
  "efc": 0.6429251747669175,
  "fber": 113.35646057128906,
  "fwhm_avg": 2.9714466666666666,
  "fwhm_x": 3.00222,
  "fwhm_y": 3.06855,
  "fwhm_z": 2.84357,
  "icvs_csf": 0.21844967664120926,
  "icvs_gm": 0.4119928841579044,
  "icvs_wm": 0.36955743920088635,
  "inu_med": 1.3470280170440674,
  "inu_range": 0.387542188167572,
  "provenance": {
    "md5sum": "9cbbb28404c0dbf88deaa989a7996841",
    "settings": {
      "testing": false
    },
    "software": "mriqc",
    "version": "0.16.1",
    "warnings": {
      "large_rot_frame": true,
      "small_air_mask": false
    },
    "webapi_port": null,
    "webapi_url": "https://mriqc.nimh.nih.gov/api/v1"
  },
  "qi_1": 0.0,
  "qi_2": 0.0050255745694256695,
  "rpve_csf": 26.708497284398653,
  "rpve_gm": 13.949415264294265,
  "rpve_wm": 18.06261955996884,
  "size_x": 176,
  "size_y": 240,
  "size_z": 256,
  "snr_csf": 2.9234915264507757,
  "snr_gm": 9.577244877008738,
  "snr_total": 8.812725984061895,
  "snr_wm": 13.937441548726174,
  "snrd_csf": 10.302357911867865,
  "snrd_gm": 23.495122448676582,
  "snrd_total": 22.31052381760661,
  "snrd_wm": 33.13409109227539,
  "spacing_x": 1.0,
  "spacing_y": 1.0,
  "spacing_z": 1.0,
  "summary_bg_k": 196.87839924998272,
  "summary_bg_mad": 19.772557893430267,
  "summary_bg_mean": 64.31124877929688,
  "summary_bg_median": 62.60014343261719,
  "summary_bg_n": 2712739.0,
  "summary_bg_p05": 33.67206039428711,
  "summary_bg_p95": 99.8442741394043,
  "summary_bg_stdv": 22.254323959350586,
  "summary_csf_k": 7.186418586108241,
  "summary_csf_mad": 95.19645055051008,
  "summary_csf_mean": 327.7723388671875,
  "summary_csf_median": 310.9336853027344,
  "summary_csf_n": 22922.0,
  "summary_csf_p05": 183.68195648193358,
  "summary_csf_p95": 525.9148895263672,
  "summary_csf_stdv": 106.35464477539062,
  "summary_gm_k": 0.17515413479937214,
  "summary_gm_mad": 72.52806077413123,
  "summary_gm_mean": 708.6383056640625,
  "summary_gm_median": 709.1022338867188,
  "summary_gm_n": 9918.0,
  "summary_gm_p05": 584.3428131103516,
  "summary_gm_p95": 826.7591247558594,
  "summary_gm_stdv": 74.03658294677734,
  "summary_wm_k": 3.075790644581586,
  "summary_wm_mad": 66.83663825625342,
  "summary_wm_mean": 1002.7750244140625,
  "summary_wm_median": 1000.0142822265625,
  "summary_wm_n": 163200.0,
  "summary_wm_p05": 891.8565002441406,
  "summary_wm_p95": 1121.0671020507814,
  "summary_wm_stdv": 71.74998474121094,
  "tpm_overlap_csf": 0.14616020023822784,
  "tpm_overlap_gm": 0.3966541588306427,
  "tpm_overlap_wm": 0.44405266642570496,
  "wm2max": 0.49972346971841813
}