{
  "bids_meta": {
    "AcquisitionNumber": 1,
    "DeviceSerialNumber": "35442  ",
    "EchoNumber": 1,
    "EchoTime": 0.00298,
    "FlipAngle": 9,
    "ImageOrientationPatientDICOM": [
      "0.05624968005386",
      "0.99797794270084",
      "0.02959728663968",
      "0.06972654573161",
      "0.02564525323117",
      "-0.997236446289 "
    ],
    "ImageType": [
      "ORIGINAL",
      "PRIMARY",
      "M",
      "ND",
      "NORM "
    ],
    "ImagingFrequency": 123.247105,
    "InPlanePhaseEncodingDirectionDICOM": "ROW  ",
    "IntendedFor": [
      "ses-PREEN00/fmap/sub-7672530_ses-PREEN00_run-001_phasediff.nii.gz",
      "ses-PREEN00/fmap/sub-7672530_ses-PREEN00_run-002_phasediff.nii.gz",
      "ses-PREEN00/anat/sub-7672530_ses-PREEN00_run-001_FLAIR.nii.gz",
      "ses-PREEN00/dwi/sub-7672530_ses-PREEN00_run-001_dwi.nii.gz"
    ],
    "InversionTime": 0.9,
    "MRAcquisitionType": "3D ",
    "MagneticFieldStrength": 3,
    "Manufacturer": "SIEMENS  ",
    "ManufacturerModelName": "TrioTim  ",
    "Modality": "MRI__ ",
    "PatientPosition": "HFS  ",
    "PercentPhaseFOV": 93.75,
    "PhaseEncodingSteps": 239,
    "PixelBandwidth": 238,
    "ProtocolName": "MPRAGE ADNI_iPAT2  ",
    "PulseSequenceType": "*tfl3d1_ns ",
    "ReceiveCoilName": "HeadMatrixix\\\\ ",
    "RepetitionTime": 2.3,
    "SAR": 0.10927655843641,
    "ScanningSequence": "GR\\\\IR  ",
    "SequenceName": "*tfl3d1_ns ",
    "SequenceVariant": "SP\\\\MP  ",
    "SeriesDescription": "MPRAGE ADNI_iPAT2  ",
    "SeriesNumber": 4,
    "SliceOrder": "interleaved ",
    "SliceThickness": 1,
    "SliceTiming": null,
    "SoftwareVersions": "syngo MR B17 ",
    "dataset": "<unset>",
    "modality": "T1w",
    "run_id": 1,
    "session_id": "PREEN00",
    "subject_id": "7672530"
  },
  "cjv": 0.48971653842849583,
  "cnr": 2.822793706191028,
  "efc": 0.6055978887563627,
  "fber": 184.7042999267578,
  "fwhm_avg": 3.2752199999999996,
  "fwhm_x": 3.28713,
  "fwhm_y": 3.47852,
  "fwhm_z": 3.06001,
  "icvs_csf": 0.2127220849804919,
  "icvs_gm": 0.4233489659436183,
  "icvs_wm": 0.3639289490758898,
  "inu_med": 1.2585219144821167,
  "inu_range": 0.3154323816299438,
  "provenance": {
    "md5sum": "12917bd4a48b192d8a44127775fdf961",
    "settings": {
      "testing": false
    },
    "software": "mriqc",
    "version": "0.16.1",
    "warnings": {
      "large_rot_frame": true,
      "small_air_mask": false
    },
    "webapi_port": null,
    "webapi_url": "https://mriqc.nimh.nih.gov/api/v1"
  },
  "qi_1": 0.0,
  "qi_2": 0.005180869607645397,
  "rpve_csf": 31.147527013866345,
  "rpve_gm": 16.07043776410966,
  "rpve_wm": 22.002987933659686,
  "size_x": 176,
  "size_y": 240,
  "size_z": 256,
  "snr_csf": 3.501678378368159,
  "snr_gm": 6.908561610667968,
  "snr_total": 7.3057926022860284,
  "snr_wm": 11.507137817821954,
  "snrd_csf": 13.938860190317097,
  "snrd_gm": 29.45925907213876,
  "snrd_total": 29.87145997175986,
  "snrd_wm": 46.21626065282373,
  "spacing_x": 1.0,
  "spacing_y": 1.0,
  "spacing_z": 1.0,
  "summary_bg_k": 1815.8055597810958,
  "summary_bg_mad": 14.174719889825587,
  "summary_bg_mean": 42.41029739379883,
  "summary_bg_median": 40.31100845336914,
  "summary_bg_n": 3103599.0,
  "summary_bg_p05": 21.70609474182129,
  "summary_bg_p95": 68.59701614379883,
  "summary_bg_stdv": 20.8381290435791,
  "summary_csf_k": 2.233118094251446,
  "summary_csf_mad": 77.46406560889838,
  "summary_csf_mean": 311.107421875,
  "summary_csf_median": 301.585205078125,
  "summary_csf_n": 21619.0,
  "summary_csf_p05": 190.0550308227539,
  "summary_csf_p95": 463.62014465332015,
  "summary_csf_stdv": 86.12390899658203,
  "summary_gm_k": -0.17824798203244496,
  "summary_gm_mad": 93.49361620619344,
  "summary_gm_mean": 640.8931884765625,
  "summary_gm_median": 637.3890380859375,
  "summary_gm_n": 12257.0,
  "summary_gm_p05": 492.8985107421875,
  "summary_gm_p95": 796.1307495117186,
  "summary_gm_stdv": 92.2569808959961,
  "summary_wm_k": 0.14138249968285566,
  "summary_wm_mad": 84.05768198166514,
  "summary_wm_mean": 1004.430908203125,
  "summary_wm_median": 999.9483642578125,
  "summary_wm_n": 149043.0,
  "summary_wm_p05": 868.254071044922,
  "summary_wm_p95": 1156.7108764648438,
  "summary_wm_stdv": 86.8978042602539,
  "tpm_overlap_csf": 0.17383916676044464,
  "tpm_overlap_gm": 0.4234462082386017,
  "tpm_overlap_wm": 0.4856826364994049,
  "wm2max": 0.6007701671480888
}