{
  "bids_meta": {
    "AcquisitionNumber": 1,
    "DeviceSerialNumber": "35442  ",
    "EchoNumber": 1,
    "EchoTime": 0.00298,
    "FlipAngle": 9,
    "ImageOrientationPatientDICOM": [
      "0.00601563122887",
      "0.99998190592676",
      "-1.22061688e-008",
      "0.08689660039252",
      "-0.0005227595218",
      "-0.9962171989896  "
    ],
    "ImageType": [
      "ORIGINAL",
      "PRIMARY",
      "M",
      "ND",
      "NORM "
    ],
    "ImagingFrequency": 123.24739,
    "InPlanePhaseEncodingDirectionDICOM": "ROW  ",
    "IntendedFor": [
      "ses-NAPBL00/fmap/sub-2017146_ses-NAPBL00_run-001_phasediff.nii.gz",
      "ses-NAPBL00/fmap/sub-2017146_ses-NAPBL00_run-003_phasediff.nii.gz",
      "ses-NAPBL00/fmap/sub-2017146_ses-NAPBL00_run-002_phasediff.nii.gz",
      "ses-NAPBL00/func/sub-2017146_ses-NAPBL00_task-encoding_run-001_bold.nii.gz",
      "ses-NAPBL00/anat/sub-2017146_ses-NAPBL00_run-001_T2star.nii.gz",
      "ses-NAPBL00/asl/sub-2017146_ses-NAPBL00_run-001_asl.nii.gz",
      "ses-NAPBL00/func/sub-2017146_ses-NAPBL00_task-rest_run-001_bold.nii.gz",
      "ses-NAPBL00/func/sub-2017146_ses-NAPBL00_task-retrieval_run-001_bold.nii.gz",
      "ses-NAPBL00/func/sub-2017146_ses-NAPBL00_task-rest_run-002_bold.nii.gz"
    ],
    "InversionTime": 0.9,
    "MRAcquisitionType": "3D ",
    "MagneticFieldStrength": 3,
    "Manufacturer": "SIEMENS  ",
    "ManufacturerModelName": "TrioTim  ",
    "Modality": "MRI__ ",
    "PatientPosition": "HFS  ",
    "PercentPhaseFOV": 93.75,
    "PhaseEncodingSteps": 239,
    "PixelBandwidth": 238,
    "ProtocolName": "MPRAGE ADNI_iPAT2  ",
    "PulseSequenceType": "*tfl3d1_ns ",
    "ReceiveCoilName": "HeadMatrixix\\\\ ",
    "RepetitionTime": 2.3,
    "SAR": 0.09598898822389,
    "ScanningSequence": "GR\\\\IR  ",
    "SequenceName": "*tfl3d1_ns ",
    "SequenceVariant": "SP\\\\MP  ",
    "SeriesDescription": "MPRAGE ADNI_iPAT2  ",
    "SeriesNumber": 12,
    "SliceOrder": "interleaved ",
    "SliceThickness": 1,
    "SliceTiming": null,
    "SoftwareVersions": "syngo MR B17 ",
    "dataset": "<unset>",
    "modality": "T1w",
    "run_id": 1,
    "session_id": "NAPBL00",
    "subject_id": "2017146"
  },
  "cjv": 0.4524947339633922,
  "cnr": 2.9549151161463127,
  "efc": 0.6233437371513361,
  "fber": 113.47257995605469,
  "fwhm_avg": 3.065916666666667,
  "fwhm_x": 3.09195,
  "fwhm_y": 3.15282,
  "fwhm_z": 2.95298,
  "icvs_csf": 0.20532972289960222,
  "icvs_gm": 0.40378452609244264,
  "icvs_wm": 0.39088575100795514,
  "inu_med": 1.4614185094833374,
  "inu_range": 0.5015571415424347,
  "provenance": {
    "md5sum": "8450d5fb0286f35625f701e41ef1e51c",
    "settings": {
      "testing": false
    },
    "software": "mriqc",
    "version": "0.16.1",
    "warnings": {
      "large_rot_frame": false,
      "small_air_mask": false
    },
    "webapi_port": null,
    "webapi_url": "https://mriqc.nimh.nih.gov/api/v1"
  },
  "qi_1": 2.7664206926076583e-05,
  "qi_2": 0.004858384074471099,
  "rpve_csf": 26.04826957000701,
  "rpve_gm": 13.569015994839308,
  "rpve_wm": 17.06627088990976,
  "size_x": 176,
  "size_y": 240,
  "size_z": 256,
  "snr_csf": 1.119753726878933,
  "snr_gm": 8.453713433150485,
  "snr_total": 8.629557836200947,
  "snr_wm": 16.315206348573422,
  "snrd_csf": 11.553549518728527,
  "snrd_gm": 23.674572816633948,
  "snrd_total": 23.171128920905005,
  "snrd_wm": 34.28526442735253,
  "spacing_x": 1.0,
  "spacing_y": 1.0,
  "spacing_z": 1.0,
  "summary_bg_k": 1575.6109946276629,
  "summary_bg_mad": 19.10851052640951,
  "summary_bg_mean": 63.55360794067383,
  "summary_bg_median": 62.02302551269531,
  "summary_bg_n": 3418768.0,
  "summary_bg_p05": 33.167876625061034,
  "summary_bg_p95": 98.0997085571289,
  "summary_bg_stdv": 23.265586853027344,
  "summary_csf_k": 12.540579868245304,
  "summary_csf_mad": 139.98908595101994,
  "summary_csf_mean": 401.7897644042969,
  "summary_csf_median": 336.9849853515625,
  "summary_csf_n": 13537.0,
  "summary_csf_p05": 167.92517700195316,
  "summary_csf_p95": 825.5080200195309,
  "summary_csf_stdv": 300.93450927734375,
  "summary_gm_k": 0.05623689986924596,
  "summary_gm_mad": 80.09721384224709,
  "summary_gm_mean": 690.643798828125,
  "summary_gm_median": 690.5216064453125,
  "summary_gm_n": 10758.0,
  "summary_gm_p05": 555.7688171386719,
  "summary_gm_p95": 826.0229034423828,
  "summary_gm_stdv": 81.67884063720703,
  "summary_wm_k": 0.19145956195889857,
  "summary_wm_mad": 59.9428637072914,
  "summary_wm_mean": 999.4832153320312,
  "summary_wm_median": 1000.0060424804688,
  "summary_wm_n": 202567.0,
  "summary_wm_p05": 897.3797424316406,
  "summary_wm_p95": 1099.0039306640624,
  "summary_wm_stdv": 61.29273223876953,
  "tpm_overlap_csf": 0.16192710399627686,
  "tpm_overlap_gm": 0.41370266675949097,
  "tpm_overlap_wm": 0.5027803778648376,
  "wm2max": 0.5124953005627743
}