{
  "bids_meta": {
    "AcquisitionNumber": 1,
    "DeviceSerialNumber": "35442  ",
    "EchoNumber": 1,
    "EchoTime": 0.00298,
    "FlipAngle": 9,
    "ImageOrientationPatientDICOM": [
      "0.00044882701903",
      "0.9995607539258",
      "-0.0296327144486",
      "0.04754245011547",
      "-0.0296205382621",
      "-0.9984299370262 "
    ],
    "ImageType": [
      "ORIGINAL",
      "PRIMARY",
      "M",
      "ND",
      "NORM "
    ],
    "ImagingFrequency": 123.247158,
    "InPlanePhaseEncodingDirectionDICOM": "ROW  ",
    "IntendedFor": [
      "ses-PREBL00/func/sub-1346022_ses-PREBL00_task-rest_run-002_bold.nii.gz",
      "ses-PREBL00/func/sub-1346022_ses-PREBL00_task-rest_run-001_bold.nii.gz",
      "ses-PREBL00/fmap/sub-1346022_ses-PREBL00_run-002_phasediff.nii.gz",
      "ses-PREBL00/fmap/sub-1346022_ses-PREBL00_run-001_phasediff.nii.gz",
      "ses-PREBL00/fmap/sub-1346022_ses-PREBL00_run-003_phasediff.nii.gz",
      "ses-PREBL00/anat/sub-1346022_ses-PREBL00_run-001_T2star.nii.gz",
      "ses-PREBL00/func/sub-1346022_ses-PREBL00_task-retrieval_run-001_bold.nii.gz",
      "ses-PREBL00/func/sub-1346022_ses-PREBL00_task-encoding_run-001_bold.nii.gz",
      "ses-PREBL00/asl/sub-1346022_ses-PREBL00_run-001_asl.nii.gz"
    ],
    "InversionTime": 0.9,
    "MRAcquisitionType": "3D ",
    "MagneticFieldStrength": 3,
    "Manufacturer": "SIEMENS  ",
    "ManufacturerModelName": "TrioTim  ",
    "Modality": "MRI__ ",
    "PatientPosition": "HFS  ",
    "PercentPhaseFOV": 93.75,
    "PhaseEncodingSteps": 239,
    "PixelBandwidth": 238,
    "ProtocolName": "MPRAGE ADNI_iPAT2  ",
    "PulseSequenceType": "*tfl3d1_ns ",
    "ReceiveCoilName": "HeadMatrixix\\\\ ",
    "RepetitionTime": 2.3,
    "SAR": 0.07473231872428,
    "ScanningSequence": "GR\\\\IR  ",
    "SequenceName": "*tfl3d1_ns ",
    "SequenceVariant": "SP\\\\MP  ",
    "SeriesDescription": "MPRAGE ADNI_iPAT2  ",
    "SeriesNumber": 12,
    "SliceOrder": "interleaved ",
    "SliceThickness": 1,
    "SliceTiming": null,
    "SoftwareVersions": "syngo MR B17 ",
    "dataset": "<unset>",
    "modality": "T1w",
    "run_id": 1,
    "session_id": "PREBL00",
    "subject_id": "1346022"
  },
  "cjv": 0.4390438102263878,
  "cnr": 2.996306708339818,
  "efc": 0.5907946530852195,
  "fber": 106.3532943725586,
  "fwhm_avg": 3.1855733333333336,
  "fwhm_x": 3.25453,
  "fwhm_y": 3.33546,
  "fwhm_z": 2.96673,
  "icvs_csf": 0.200438080988477,
  "icvs_gm": 0.3904674119715115,
  "icvs_wm": 0.40909450704001143,
  "inu_med": 1.46000075340271,
  "inu_range": 0.39364414215087873,
  "provenance": {
    "md5sum": "6b29c1558b7bda597001549ff5456000",
    "settings": {
      "testing": false
    },
    "software": "mriqc",
    "version": "0.16.1",
    "warnings": {
      "large_rot_frame": true,
      "small_air_mask": false
    },
    "webapi_port": null,
    "webapi_url": "https://mriqc.nimh.nih.gov/api/v1"
  },
  "qi_1": 0.0,
  "qi_2": 0.005204741399552758,
  "rpve_csf": 31.11912043231221,
  "rpve_gm": 16.298881552556963,
  "rpve_wm": 19.481429407469548,
  "size_x": 176,
  "size_y": 240,
  "size_z": 256,
  "snr_csf": 2.663466646792383,
  "snr_gm": 9.59526227279406,
  "snr_total": 10.219748600267666,
  "snr_wm": 18.400516881216554,
  "snrd_csf": 10.845724893857957,
  "snrd_gm": 24.86856116984564,
  "snrd_total": 23.513229755483263,
  "snrd_wm": 34.825403202746195,
  "spacing_x": 1.0,
  "spacing_y": 1.0,
  "spacing_z": 1.0,
  "summary_bg_k": 1591.0533084513947,
  "summary_bg_mad": 18.81203136916238,
  "summary_bg_mean": 61.995574951171875,
  "summary_bg_median": 60.292694091796875,
  "summary_bg_n": 3228689.0,
  "summary_bg_p05": 32.824075317382814,
  "summary_bg_p95": 95.96418151855467,
  "summary_bg_stdv": 24.771495819091797,
  "summary_csf_k": -0.10796410165246773,
  "summary_csf_mad": 122.02873191523281,
  "summary_csf_mean": 333.5191345214844,
  "summary_csf_median": 311.4315185546875,
  "summary_csf_n": 8878.0,
  "summary_csf_p05": 174.86503982543945,
  "summary_csf_p95": 540.46455078125,
  "summary_csf_stdv": 116.92054748535156,
  "summary_gm_k": 0.017962029475979246,
  "summary_gm_mad": 72.85681406147441,
  "summary_gm_mean": 713.8270874023438,
  "summary_gm_median": 714.0927734375,
  "summary_gm_n": 7871.0,
  "summary_gm_p05": 590.4540100097656,
  "summary_gm_p95": 836.8717041015625,
  "summary_gm_stdv": 74.41666412353516,
  "summary_wm_k": 0.2608792913974418,
  "summary_wm_mad": 52.669118045322485,
  "summary_wm_mean": 1000.1845703125,
  "summary_wm_median": 1000.0003051757812,
  "summary_wm_n": 184235.0,
  "summary_wm_p05": 911.2032409667969,
  "summary_wm_p95": 1089.792138671875,
  "summary_wm_stdv": 54.346168518066406,
  "tpm_overlap_csf": 0.16801919043064117,
  "tpm_overlap_gm": 0.39773717522621155,
  "tpm_overlap_wm": 0.48977720737457275,
  "wm2max": 0.4994113359389996
}