{
  "bids_meta": {
    "AcquisitionNumber": 1,
    "DeviceSerialNumber": "35442  ",
    "EchoNumber": 1,
    "EchoTime": 0.00298,
    "FlipAngle": 9,
    "ImageOrientationPatientDICOM": [
      "0.01042692706288",
      "0.99994557718929",
      "-0.0003490725009",
      "-0.0009683293259",
      "-0.0003389940669",
      "-0.9999994737105  "
    ],
    "ImageType": [
      "ORIGINAL",
      "PRIMARY",
      "M",
      "ND",
      "NORM "
    ],
    "ImagingFrequency": 123.251389,
    "InPlanePhaseEncodingDirectionDICOM": "ROW  ",
    "IntendedFor": [
      "ses-PREEN00/fmap/sub-7161471_ses-PREEN00_run-002_phasediff.nii.gz",
      "ses-PREEN00/dwi/sub-7161471_ses-PREEN00_run-001_dwi.nii.gz",
      "ses-PREEN00/anat/sub-7161471_ses-PREEN00_run-001_FLAIR.nii.gz",
      "ses-PREEN00/fmap/sub-7161471_ses-PREEN00_run-001_phasediff.nii.gz"
    ],
    "InversionTime": 0.9,
    "MRAcquisitionType": "3D ",
    "MagneticFieldStrength": 3,
    "Manufacturer": "SIEMENS  ",
    "ManufacturerModelName": "TrioTim  ",
    "Modality": "MRI__ ",
    "PatientPosition": "HFS  ",
    "PercentPhaseFOV": 93.75,
    "PhaseEncodingSteps": 239,
    "PixelBandwidth": 238,
    "ProtocolName": "MPRAGE ADNI_iPAT2  ",
    "PulseSequenceType": "*tfl3d1_ns ",
    "ReceiveCoilName": "HeadMatrixix\\\\ ",
    "RepetitionTime": 2.3,
    "SAR": 0.09784330174264,
    "ScanningSequence": "GR\\\\IR  ",
    "SequenceName": "*tfl3d1_ns ",
    "SequenceVariant": "SP\\\\MP  ",
    "SeriesDescription": "MPRAGE ADNI_iPAT2  ",
    "SeriesNumber": 4,
    "SliceOrder": "interleaved ",
    "SliceThickness": 1,
    "SliceTiming": null,
    "SoftwareVersions": "syngo MR B17 ",
    "dataset": "<unset>",
    "modality": "T1w",
    "run_id": 1,
    "session_id": "PREEN00",
    "subject_id": "7161471"
  },
  "cjv": 0.39881637228893846,
  "cnr": 3.4652422369162137,
  "efc": 0.600996122916277,
  "fber": 247.70167541503906,
  "fwhm_avg": 3.3416566666666667,
  "fwhm_x": 3.37573,
  "fwhm_y": 3.46116,
  "fwhm_z": 3.18808,
  "icvs_csf": 0.1970518620304897,
  "icvs_gm": 0.42644241825354257,
  "icvs_wm": 0.37650571971596775,
  "inu_med": 1.4241375923156738,
  "inu_range": 0.4005103945732116,
  "provenance": {
    "md5sum": "9bdc040cef3caf6b8c837744c4f04aad",
    "settings": {
      "testing": false
    },
    "software": "mriqc",
    "version": "0.16.1",
    "warnings": {
      "large_rot_frame": false,
      "small_air_mask": false
    },
    "webapi_port": null,
    "webapi_url": "https://mriqc.nimh.nih.gov/api/v1"
  },
  "qi_1": 6.849672034724859e-06,
  "qi_2": 0.005545718692928072,
  "rpve_csf": 29.637163526801974,
  "rpve_gm": 14.53354017987208,
  "rpve_wm": 19.360641500799083,
  "size_x": 176,
  "size_y": 240,
  "size_z": 256,
  "snr_csf": 3.092578981150784,
  "snr_gm": 8.13610473894811,
  "snr_total": 9.284903826889993,
  "snr_wm": 16.626027760571084,
  "snrd_csf": 15.826906573020187,
  "snrd_gm": 34.652504753929605,
  "snrd_total": 34.59524443427763,
  "snrd_wm": 53.3063219758831,
  "spacing_x": 1.0,
  "spacing_y": 1.0,
  "spacing_z": 1.0,
  "summary_bg_k": 181.25579163977477,
  "summary_bg_mad": 12.289833492202249,
  "summary_bg_mean": 36.700965881347656,
  "summary_bg_median": 35.389808654785156,
  "summary_bg_n": 3138868.0,
  "summary_bg_p05": 17.738039016723633,
  "summary_bg_p95": 61.825456619262674,
  "summary_bg_stdv": 14.03349781036377,
  "summary_csf_k": 0.8045383063105906,
  "summary_csf_mad": 88.89061772909844,
  "summary_csf_mean": 312.9889221191406,
  "summary_csf_median": 296.90008544921875,
  "summary_csf_n": 14807.0,
  "summary_csf_p05": 182.7630111694336,
  "summary_csf_p95": 495.8361816406248,
  "summary_csf_stdv": 96.00080108642578,
  "summary_gm_k": -0.205337592154049,
  "summary_gm_mad": 81.09564472468614,
  "summary_gm_mean": 649.2352294921875,
  "summary_gm_median": 650.05322265625,
  "summary_gm_n": 14598.0,
  "summary_gm_p05": 515.1567504882812,
  "summary_gm_p95": 778.6035186767577,
  "summary_gm_stdv": 79.89461517333984,
  "summary_wm_k": 0.24501014709838698,
  "summary_wm_mad": 58.46243326937932,
  "summary_wm_mean": 999.3836669921875,
  "summary_wm_median": 999.98388671875,
  "summary_wm_n": 181785.0,
  "summary_wm_p05": 899.22314453125,
  "summary_wm_p95": 1096.99755859375,
  "summary_wm_stdv": 60.14552307128906,
  "tpm_overlap_csf": 0.16885405778884888,
  "tpm_overlap_gm": 0.42986997961997986,
  "tpm_overlap_wm": 0.500475287437439,
  "wm2max": 0.5406681095819537
}