{
  "bids_meta": {
    "AcquisitionNumber": 1,
    "DeviceSerialNumber": "35442  ",
    "EchoNumber": 1,
    "EchoTime": 0.00298,
    "FlipAngle": 9,
    "ImageOrientationPatientDICOM": [
      "0.0252913568358",
      "0.99966891314728",
      "-0.0047340634073",
      "0.03559223768473",
      "-0.0056330297332",
      "-0.9993505198841 "
    ],
    "ImageType": [
      "ORIGINAL",
      "PRIMARY",
      "M",
      "ND",
      "NORM "
    ],
    "ImagingFrequency": 123.247179,
    "InPlanePhaseEncodingDirectionDICOM": "ROW  ",
    "IntendedFor": [
      "ses-PREFU12/fmap/sub-7678521_ses-PREFU12_run-003_phasediff.nii.gz",
      "ses-PREFU12/fmap/sub-7678521_ses-PREFU12_run-001_phasediff.nii.gz",
      "ses-PREFU12/func/sub-7678521_ses-PREFU12_task-rest_run-002_bold.nii.gz",
      "ses-PREFU12/func/sub-7678521_ses-PREFU12_task-retrieval_run-001_bold.nii.gz",
      "ses-PREFU12/asl/sub-7678521_ses-PREFU12_run-001_asl.nii.gz",
      "ses-PREFU12/fmap/sub-7678521_ses-PREFU12_run-002_phasediff.nii.gz",
      "ses-PREFU12/func/sub-7678521_ses-PREFU12_task-encoding_run-001_bold.nii.gz",
      "ses-PREFU12/anat/sub-7678521_ses-PREFU12_run-001_T2star.nii.gz",
      "ses-PREFU12/func/sub-7678521_ses-PREFU12_task-rest_run-001_bold.nii.gz"
    ],
    "InversionTime": 0.9,
    "MRAcquisitionType": "3D ",
    "MagneticFieldStrength": 3,
    "Manufacturer": "SIEMENS  ",
    "ManufacturerModelName": "TrioTim  ",
    "Modality": "MRI__ ",
    "PatientPosition": "HFS  ",
    "PercentPhaseFOV": 93.75,
    "PhaseEncodingSteps": 239,
    "PixelBandwidth": 238,
    "ProtocolName": "MPRAGE ADNI_iPAT2  ",
    "PulseSequenceType": "*tfl3d1_ns ",
    "ReceiveCoilName": "HeadMatrixix\\\\ ",
    "RepetitionTime": 2.3,
    "SAR": 0.07609291904001,
    "ScanningSequence": "GR\\\\IR  ",
    "SequenceName": "*tfl3d1_ns ",
    "SequenceVariant": "SP\\\\MP  ",
    "SeriesDescription": "MPRAGE ADNI_iPAT2  ",
    "SeriesNumber": 12,
    "SliceOrder": "interleaved ",
    "SliceThickness": 1,
    "SliceTiming": null,
    "SoftwareVersions": "syngo MR B17 ",
    "dataset": "<unset>",
    "modality": "T1w",
    "run_id": 1,
    "session_id": "PREFU12",
    "subject_id": "7678521"
  },
  "cjv": 0.4241331626614348,
  "cnr": 3.1324428760432754,
  "efc": 0.6021055916862332,
  "fber": 122.3559799194336,
  "fwhm_avg": 3.2626233333333334,
  "fwhm_x": 3.39082,
  "fwhm_y": 3.34447,
  "fwhm_z": 3.05258,
  "icvs_csf": 0.20108981856577918,
  "icvs_gm": 0.39755456957710844,
  "icvs_wm": 0.40135561185711244,
  "inu_med": 1.237452507019043,
  "inu_range": 0.3431074619293213,
  "provenance": {
    "md5sum": "694ed2f664029f3a6f91786c6ec552b7",
    "settings": {
      "testing": false
    },
    "software": "mriqc",
    "version": "0.16.1",
    "warnings": {
      "large_rot_frame": false,
      "small_air_mask": false
    },
    "webapi_port": null,
    "webapi_url": "https://mriqc.nimh.nih.gov/api/v1"
  },
  "qi_1": 0.0,
  "qi_2": 0.004753430355355097,
  "rpve_csf": 28.48909245744029,
  "rpve_gm": 14.831664899817572,
  "rpve_wm": 18.22135289959126,
  "size_x": 176,
  "size_y": 240,
  "size_z": 256,
  "snr_csf": 3.0376602701710644,
  "snr_gm": 8.700272723444598,
  "snr_total": 10.142691950232475,
  "snr_wm": 18.690142857081764,
  "snrd_csf": 12.814164293296765,
  "snrd_gm": 25.925505874395704,
  "snrd_total": 25.404648884482402,
  "snrd_wm": 37.47427648575475,
  "spacing_x": 1.0,
  "spacing_y": 1.0,
  "spacing_z": 1.0,
  "summary_bg_k": 1636.84789438604,
  "summary_bg_mad": 17.482044810619488,
  "summary_bg_mean": 58.290077209472656,
  "summary_bg_median": 56.85758972167969,
  "summary_bg_n": 2974832.0,
  "summary_bg_p05": 31.17220296859741,
  "summary_bg_p95": 89.42663917541503,
  "summary_bg_stdv": 22.226354598999023,
  "summary_csf_k": 9.626839700828231,
  "summary_csf_mad": 125.9411946544484,
  "summary_csf_mean": 346.7724609375,
  "summary_csf_median": 341.9407043457031,
  "summary_csf_n": 11974.0,
  "summary_csf_p05": 185.69869079589841,
  "summary_csf_p95": 517.3132598876954,
  "summary_csf_stdv": 112.56243133544922,
  "summary_gm_k": -0.016924639199201508,
  "summary_gm_mad": 78.95318316918451,
  "summary_gm_mean": 689.3657836914062,
  "summary_gm_median": 691.8114624023438,
  "summary_gm_n": 12472.0,
  "summary_gm_p05": 553.8226531982422,
  "summary_gm_p95": 816.0642639160155,
  "summary_gm_stdv": 79.51287841796875,
  "summary_wm_k": 0.26727471348648724,
  "summary_wm_mad": 51.7537125251563,
  "summary_wm_mean": 1000.0242919921875,
  "summary_wm_median": 999.9856567382812,
  "summary_wm_n": 195782.0,
  "summary_wm_p05": 912.0115112304687,
  "summary_wm_p95": 1087.8295227050783,
  "summary_wm_stdv": 53.50323486328125,
  "tpm_overlap_csf": 0.1726086586713791,
  "tpm_overlap_gm": 0.41399988532066345,
  "tpm_overlap_wm": 0.5091714262962341,
  "wm2max": 0.5200971859656058
}