{
  "bids_meta": {
    "AcquisitionNumber": 1,
    "DeviceSerialNumber": "35442  ",
    "EchoNumber": 1,
    "EchoTime": 0.00298,
    "FlipAngle": 9,
    "ImageOrientationPatientDICOM": [
      "0.00334354858668",
      "0.9975699932432",
      "0.06959115794135",
      "0.00206294026671",
      "0.06958451799559",
      "-0.9975739266504 "
    ],
    "ImageType": [
      "ORIGINAL",
      "PRIMARY",
      "M",
      "ND",
      "NORM "
    ],
    "ImagingFrequency": 123.247111,
    "InPlanePhaseEncodingDirectionDICOM": "ROW  ",
    "IntendedFor": [
      "ses-NAPFU36/fmap/sub-2332918_ses-NAPFU36_run-002_phasediff.nii.gz",
      "ses-NAPFU36/fmap/sub-2332918_ses-NAPFU36_run-003_phasediff.nii.gz",
      "ses-NAPFU36/dwi/sub-2332918_ses-NAPFU36_run-001_dwi.nii.gz",
      "ses-NAPFU36/anat/sub-2332918_ses-NAPFU36_run-001_FLAIR.nii.gz",
      "ses-NAPFU36/anat/sub-2332918_ses-NAPFU36_run-001_T2star.nii.gz",
      "ses-NAPFU36/fmap/sub-2332918_ses-NAPFU36_run-004_phasediff.nii.gz",
      "ses-NAPFU36/fmap/sub-2332918_ses-NAPFU36_run-001_phasediff.nii.gz",
      "ses-NAPFU36/func/sub-2332918_ses-NAPFU36_task-rest_run-002_bold.nii.gz",
      "ses-NAPFU36/func/sub-2332918_ses-NAPFU36_task-rest_run-001_bold.nii.gz"
    ],
    "InversionTime": 0.9,
    "MRAcquisitionType": "3D ",
    "MagneticFieldStrength": 3,
    "Manufacturer": "SIEMENS  ",
    "ManufacturerModelName": "TrioTim  ",
    "Modality": "MRI__ ",
    "PatientPosition": "HFS  ",
    "PercentPhaseFOV": 93.75,
    "PhaseEncodingSteps": 239,
    "PixelBandwidth": 238,
    "ProtocolName": "MPRAGE ADNI_iPAT2  ",
    "PulseSequenceType": "*tfl3d1_ns ",
    "ReceiveCoilName": "HeadMatrixix\\\\ ",
    "RepetitionTime": 2.3,
    "SAR": 0.09209513489907,
    "ScanningSequence": "GR\\\\IR  ",
    "SequenceName": "*tfl3d1_ns ",
    "SequenceVariant": "SP\\\\MP  ",
    "SeriesDescription": "MPRAGE ADNI_iPAT2  ",
    "SeriesNumber": 4,
    "SliceOrder": "interleaved ",
    "SliceThickness": 1,
    "SliceTiming": null,
    "SoftwareVersions": "syngo MR B17 ",
    "dataset": "<unset>",
    "modality": "T1w",
    "run_id": 1,
    "session_id": "NAPFU36",
    "subject_id": "2332918"
  },
  "cjv": 0.5470105422015936,
  "cnr": 2.6406315291135143,
  "efc": 0.6225012801739418,
  "fber": 305.6923522949219,
  "fwhm_avg": 2.990813333333333,
  "fwhm_x": 3.05211,
  "fwhm_y": 3.04974,
  "fwhm_z": 2.87059,
  "icvs_csf": 0.19301788396898506,
  "icvs_gm": 0.42681456495972836,
  "icvs_wm": 0.3801675510712866,
  "inu_med": 1.316264271736145,
  "inu_range": 0.3251538872718811,
  "provenance": {
    "md5sum": "a65e5315766d0b81e016f286095cb0b2",
    "settings": {
      "testing": false
    },
    "software": "mriqc",
    "version": "0.16.1",
    "warnings": {
      "large_rot_frame": true,
      "small_air_mask": false
    },
    "webapi_port": null,
    "webapi_url": "https://mriqc.nimh.nih.gov/api/v1"
  },
  "qi_1": 0.0,
  "qi_2": 0.0055037926231320975,
  "rpve_csf": 34.15835409094375,
  "rpve_gm": 16.494814689143546,
  "rpve_wm": 22.05434677854262,
  "size_x": 176,
  "size_y": 240,
  "size_z": 256,
  "snr_csf": 3.0977363829397144,
  "snr_gm": 6.484094000819385,
  "snr_total": 7.462495729639162,
  "snr_wm": 12.805656805158385,
  "snrd_csf": 17.807859820542152,
  "snrd_gm": 36.69872222084755,
  "snrd_total": 36.74010703505195,
  "snrd_wm": 55.713739063766134,
  "spacing_x": 1.0,
  "spacing_y": 1.0,
  "spacing_z": 1.0,
  "summary_bg_k": 1680.039449850389,
  "summary_bg_mad": 11.758432997825063,
  "summary_bg_mean": 29.7900333404541,
  "summary_bg_median": 28.43061065673828,
  "summary_bg_n": 2664525.0,
  "summary_bg_p05": 12.258673477172852,
  "summary_bg_p95": 51.889537048339825,
  "summary_bg_stdv": 16.983243942260742,
  "summary_csf_k": 3.723516056883259,
  "summary_csf_mad": 87.89325011424162,
  "summary_csf_mean": 331.1398620605469,
  "summary_csf_median": 319.61669921875,
  "summary_csf_n": 8448.0,
  "summary_csf_p05": 186.035880279541,
  "summary_csf_p95": 518.255303955078,
  "summary_csf_stdv": 103.17139434814453,
  "summary_gm_k": -0.4327313188195605,
  "summary_gm_mad": 109.03564730567362,
  "summary_gm_mean": 653.7682495117188,
  "summary_gm_median": 658.6712036132812,
  "summary_gm_n": 8198.0,
  "summary_gm_p05": 479.3945022583008,
  "summary_gm_p95": 811.1320617675781,
  "summary_gm_stdv": 101.576416015625,
  "summary_wm_k": -0.0034036246334006037,
  "summary_wm_mad": 77.64966235878576,
  "summary_wm_mean": 998.7449951171875,
  "summary_wm_median": 999.9540405273438,
  "summary_wm_n": 154431.0,
  "summary_wm_p05": 867.4072570800781,
  "summary_wm_p95": 1125.1357421875,
  "summary_wm_stdv": 78.0866470336914,
  "tpm_overlap_csf": 0.15897072851657867,
  "tpm_overlap_gm": 0.4156927168369293,
  "tpm_overlap_wm": 0.5112586617469788,
  "wm2max": 0.6426236843012597
}