{
  "bids_meta": {
    "AcquisitionNumber": 1,
    "DeviceSerialNumber": "35442  ",
    "EchoNumber": 1,
    "EchoTime": 0.00298,
    "FlipAngle": 9,
    "ImageOrientationPatientDICOM": [
      "-0.0971260392216",
      "0.995272028487",
      "-0.0003490222094",
      "0.00943131100203",
      "0.00056971283869",
      "-0.9999553619038  "
    ],
    "ImageType": [
      "ORIGINAL",
      "PRIMARY",
      "M",
      "ND",
      "NORM "
    ],
    "ImagingFrequency": 123.247332,
    "InPlanePhaseEncodingDirectionDICOM": "ROW  ",
    "IntendedFor": [
      "ses-NAPEN00/fmap/sub-1322140_ses-NAPEN00_run-001_phasediff.nii.gz",
      "ses-NAPEN00/anat/sub-1322140_ses-NAPEN00_run-001_FLAIR.nii.gz",
      "ses-NAPEN00/dwi/sub-1322140_ses-NAPEN00_run-001_dwi.nii.gz",
      "ses-NAPEN00/fmap/sub-1322140_ses-NAPEN00_run-002_phasediff.nii.gz"
    ],
    "InversionTime": 0.9,
    "MRAcquisitionType": "3D ",
    "MagneticFieldStrength": 3,
    "Manufacturer": "SIEMENS  ",
    "ManufacturerModelName": "TrioTim  ",
    "Modality": "MRI__ ",
    "PatientPosition": "HFS  ",
    "PercentPhaseFOV": 93.75,
    "PhaseEncodingSteps": 239,
    "PixelBandwidth": 238,
    "ProtocolName": "MPRAGE ADNI_iPAT2  ",
    "PulseSequenceType": "*tfl3d1_ns ",
    "ReceiveCoilName": "HeadMatrixix\\\\ ",
    "RepetitionTime": 2.3,
    "SAR": 0.079338018373,
    "ScanningSequence": "GR\\\\IR  ",
    "SequenceName": "*tfl3d1_ns ",
    "SequenceVariant": "SP\\\\MP  ",
    "SeriesDescription": "MPRAGE ADNI_iPAT2  ",
    "SeriesNumber": 4,
    "SliceOrder": "interleaved ",
    "SliceThickness": 1,
    "SliceTiming": null,
    "SoftwareVersions": "syngo MR B17 ",
    "dataset": "<unset>",
    "modality": "T1w",
    "run_id": 1,
    "session_id": "NAPEN00",
    "subject_id": "1322140"
  },
  "cjv": 0.40363439448487004,
  "cnr": 3.271129731336782,
  "efc": 0.585330748197947,
  "fber": 99.89398956298828,
  "fwhm_avg": 3.1452000000000004,
  "fwhm_x": 3.21159,
  "fwhm_y": 3.23876,
  "fwhm_z": 2.98525,
  "icvs_csf": 0.20415062566054518,
  "icvs_gm": 0.4191640713368748,
  "icvs_wm": 0.3766853030025801,
  "inu_med": 1.3760039806365967,
  "inu_range": 0.41604603528976436,
  "provenance": {
    "md5sum": "e6a9907193617b0289f57443ec0d5286",
    "settings": {
      "testing": false
    },
    "software": "mriqc",
    "version": "0.16.1",
    "warnings": {
      "large_rot_frame": true,
      "small_air_mask": false
    },
    "webapi_port": null,
    "webapi_url": "https://mriqc.nimh.nih.gov/api/v1"
  },
  "qi_1": 1.7371656405408933e-05,
  "qi_2": 0.004674386624786387,
  "rpve_csf": 32.16701235809442,
  "rpve_gm": 16.30000106733187,
  "rpve_wm": 21.77326803234545,
  "size_x": 176,
  "size_y": 240,
  "size_z": 256,
  "snr_csf": 2.775263195640403,
  "snr_gm": 9.231658113863439,
  "snr_total": 9.880773240125285,
  "snr_wm": 17.635398410872014,
  "snrd_csf": 9.431524075732137,
  "snrd_gm": 22.281015515112177,
  "snrd_total": 21.430945178980213,
  "snrd_wm": 32.580295946096335,
  "spacing_x": 1.0,
  "spacing_y": 1.0,
  "spacing_z": 1.0,
  "summary_bg_k": 1458.5033282056222,
  "summary_bg_mad": 20.10845995856044,
  "summary_bg_mean": 66.23638153076172,
  "summary_bg_median": 64.46382141113281,
  "summary_bg_n": 3126017.0,
  "summary_bg_p05": 35.39412231445313,
  "summary_bg_p95": 102.26238403320312,
  "summary_bg_stdv": 25.230274200439453,
  "summary_csf_k": 1.152038202106473,
  "summary_csf_mad": 85.45867275755509,
  "summary_csf_mean": 311.2610778808594,
  "summary_csf_median": 289.4869384765625,
  "summary_csf_n": 10596.0,
  "summary_csf_p05": 178.75994491577148,
  "summary_csf_p95": 524.7784423828125,
  "summary_csf_stdv": 104.30480194091797,
  "summary_gm_k": -0.019576188651992954,
  "summary_gm_mad": 73.41152302140114,
  "summary_gm_mean": 683.1594848632812,
  "summary_gm_median": 683.8834228515625,
  "summary_gm_n": 9831.0,
  "summary_gm_p05": 558.2723999023438,
  "summary_gm_p95": 803.4086303710938,
  "summary_gm_stdv": 74.07646942138672,
  "summary_wm_k": 0.37256510977504265,
  "summary_wm_mad": 54.18597105360496,
  "summary_wm_mean": 1000.0762939453125,
  "summary_wm_median": 1000.0048828125,
  "summary_wm_n": 151174.0,
  "summary_wm_p05": 907.0583129882813,
  "summary_wm_p95": 1093.1317199707032,
  "summary_wm_stdv": 56.7042236328125,
  "tpm_overlap_csf": 0.17018258571624756,
  "tpm_overlap_gm": 0.42598599195480347,
  "tpm_overlap_wm": 0.49942925572395325,
  "wm2max": 0.4627007024598205
}