{
  "bids_meta": {
    "AcquisitionNumber": 1,
    "DeviceSerialNumber": "35442  ",
    "EchoNumber": 1,
    "EchoTime": 0.00298,
    "FlipAngle": 9,
    "ImageOrientationPatientDICOM": [
      "-0.0086030068033",
      "0.99996293254735",
      "-0.0003490060692",
      "-0.0111342510319",
      "-0.0004447889251",
      "-0.999937913381 "
    ],
    "ImageType": [
      "ORIGINAL",
      "PRIMARY",
      "M",
      "ND",
      "NORM "
    ],
    "ImagingFrequency": 123.247521,
    "InPlanePhaseEncodingDirectionDICOM": "ROW  ",
    "IntendedFor": [
      "ses-NAPEN00/dwi/sub-9191774_ses-NAPEN00_run-001_dwi.nii.gz",
      "ses-NAPEN00/fmap/sub-9191774_ses-NAPEN00_run-001_phasediff.nii.gz",
      "ses-NAPEN00/fmap/sub-9191774_ses-NAPEN00_run-002_phasediff.nii.gz",
      "ses-NAPEN00/anat/sub-9191774_ses-NAPEN00_run-001_FLAIR.nii.gz"
    ],
    "InversionTime": 0.9,
    "MRAcquisitionType": "3D ",
    "MagneticFieldStrength": 3,
    "Manufacturer": "SIEMENS  ",
    "ManufacturerModelName": "TrioTim  ",
    "Modality": "MRI__ ",
    "PatientPosition": "HFS  ",
    "PercentPhaseFOV": 93.75,
    "PhaseEncodingSteps": 239,
    "PixelBandwidth": 238,
    "ProtocolName": "MPRAGE ADNI_iPAT2  ",
    "PulseSequenceType": "*tfl3d1_ns ",
    "ReceiveCoilName": "HeadMatrixix\\\\ ",
    "RepetitionTime": 2.3,
    "SAR": 0.08080184427759,
    "ScanningSequence": "GR\\\\IR  ",
    "SequenceName": "*tfl3d1_ns ",
    "SequenceVariant": "SP\\\\MP  ",
    "SeriesDescription": "MPRAGE ADNI_iPAT2  ",
    "SeriesNumber": 4,
    "SliceOrder": "interleaved ",
    "SliceThickness": 1,
    "SliceTiming": null,
    "SoftwareVersions": "syngo MR B17 ",
    "dataset": "<unset>",
    "modality": "T1w",
    "run_id": 1,
    "session_id": "NAPEN00",
    "subject_id": "9191774"
  },
  "cjv": 0.4753360174775774,
  "cnr": 2.7328865129693023,
  "efc": 0.6312256814120696,
  "fber": 84.58686828613281,
  "fwhm_avg": 3.1649966666666667,
  "fwhm_x": 3.23684,
  "fwhm_y": 3.25127,
  "fwhm_z": 3.00688,
  "icvs_csf": 0.20791950819692537,
  "icvs_gm": 0.41662638425413645,
  "icvs_wm": 0.3754541075489382,
  "inu_med": 1.400651216506958,
  "inu_range": 0.5004281818866732,
  "provenance": {
    "md5sum": "2e72f0231d6c2b58f9edc118e2fdff24",
    "settings": {
      "testing": false
    },
    "software": "mriqc",
    "version": "0.16.1",
    "warnings": {
      "large_rot_frame": false,
      "small_air_mask": false
    },
    "webapi_port": null,
    "webapi_url": "https://mriqc.nimh.nih.gov/api/v1"
  },
  "qi_1": 3.840902151097249e-06,
  "qi_2": 0.004277256593039985,
  "rpve_csf": 27.48525505529994,
  "rpve_gm": 14.150127071288518,
  "rpve_wm": 18.744677361667232,
  "size_x": 176,
  "size_y": 240,
  "size_z": 256,
  "snr_csf": 2.572433774666932,
  "snr_gm": 9.131267795539083,
  "snr_total": 9.35320883322519,
  "snr_wm": 16.355924929469555,
  "snrd_csf": 9.29851241723447,
  "snrd_gm": 20.864448090555285,
  "snrd_total": 19.78233362094306,
  "snrd_wm": 29.184040355039418,
  "spacing_x": 1.0,
  "spacing_y": 1.0,
  "spacing_z": 1.0,
  "summary_bg_k": 1787.3430448698116,
  "summary_bg_mad": 22.449000346683533,
  "summary_bg_mean": 75.54511260986328,
  "summary_bg_median": 73.55265808105469,
  "summary_bg_n": 2902557.0,
  "summary_bg_p05": 40.897132873535156,
  "summary_bg_p95": 115.50300750732417,
  "summary_bg_stdv": 31.838153839111328,
  "summary_csf_k": -0.011114232706538107,
  "summary_csf_mad": 121.11210476848278,
  "summary_csf_mean": 341.8868713378906,
  "summary_csf_median": 318.62420654296875,
  "summary_csf_n": 12757.0,
  "summary_csf_p05": 177.4073974609375,
  "summary_csf_p95": 574.2130126953125,
  "summary_csf_stdv": 123.85614013671875,
  "summary_gm_k": 0.10780342561604561,
  "summary_gm_mad": 76.09828708815222,
  "summary_gm_mean": 716.1908569335938,
  "summary_gm_median": 714.9442749023438,
  "summary_gm_n": 9285.0,
  "summary_gm_p05": 586.918408203125,
  "summary_gm_p95": 846.7128906249999,
  "summary_gm_stdv": 78.29206085205078,
  "summary_wm_k": 0.21152926434928743,
  "summary_wm_mad": 59.41068697102239,
  "summary_wm_mean": 999.963623046875,
  "summary_wm_median": 1000.024658203125,
  "summary_wm_n": 172971.0,
  "summary_wm_p05": 899.2088928222656,
  "summary_wm_p95": 1100.4807739257812,
  "summary_wm_stdv": 61.14125442504883,
  "tpm_overlap_csf": 0.14702634513378143,
  "tpm_overlap_gm": 0.4053525924682617,
  "tpm_overlap_wm": 0.46265438199043274,
  "wm2max": 0.45456325744731
}