{
  "bids_meta": {
    "AcquisitionNumber": 1,
    "DeviceSerialNumber": "35442  ",
    "EchoNumber": 1,
    "EchoTime": 0.00298,
    "FlipAngle": 9,
    "ImageOrientationPatientDICOM": [
      "0.00509482362584",
      "0.99308142540468",
      "-0.117317199457",
      "-0.0148880401584",
      "-0.1172303898696",
      "-0.9929931429528 "
    ],
    "ImageType": [
      "ORIGINAL",
      "PRIMARY",
      "M",
      "ND",
      "NORM "
    ],
    "ImagingFrequency": 123.247147,
    "InPlanePhaseEncodingDirectionDICOM": "ROW  ",
    "IntendedFor": [
      "ses-NAPFU12/func/sub-2245781_ses-NAPFU12_task-retrieval_run-001_bold.nii.gz",
      "ses-NAPFU12/asl/sub-2245781_ses-NAPFU12_run-001_asl.nii.gz",
      "ses-NAPFU12/func/sub-2245781_ses-NAPFU12_task-rest_run-001_bold.nii.gz",
      "ses-NAPFU12/func/sub-2245781_ses-NAPFU12_task-rest_run-003_bold.nii.gz",
      "ses-NAPFU12/anat/sub-2245781_ses-NAPFU12_run-001_T2star.nii.gz",
      "ses-NAPFU12/func/sub-2245781_ses-NAPFU12_task-rest_run-002_bold.nii.gz",
      "ses-NAPFU12/func/sub-2245781_ses-NAPFU12_task-encoding_run-001_bold.nii.gz",
      "ses-NAPFU12/fmap/sub-2245781_ses-NAPFU12_run-002_phasediff.nii.gz",
      "ses-NAPFU12/fmap/sub-2245781_ses-NAPFU12_run-001_phasediff.nii.gz",
      "ses-NAPFU12/fmap/sub-2245781_ses-NAPFU12_run-003_phasediff.nii.gz"
    ],
    "InversionTime": 0.9,
    "MRAcquisitionType": "3D ",
    "MagneticFieldStrength": 3,
    "Manufacturer": "SIEMENS  ",
    "ManufacturerModelName": "TrioTim  ",
    "Modality": "MRI__ ",
    "PatientPosition": "HFS  ",
    "PercentPhaseFOV": 93.75,
    "PhaseEncodingSteps": 239,
    "PixelBandwidth": 238,
    "ProtocolName": "MPRAGE ADNI_iPAT2  ",
    "PulseSequenceType": "*tfl3d1_ns ",
    "ReceiveCoilName": "HeadMatrixix\\\\ ",
    "RepetitionTime": 2.3,
    "SAR": 0.08240012307783,
    "ScanningSequence": "GR\\\\IR  ",
    "SequenceName": "*tfl3d1_ns ",
    "SequenceVariant": "SP\\\\MP  ",
    "SeriesDescription": "MPRAGE ADNI_iPAT2  ",
    "SeriesNumber": 13,
    "SliceOrder": "interleaved ",
    "SliceThickness": 1,
    "SliceTiming": null,
    "SoftwareVersions": "syngo MR B17 ",
    "dataset": "<unset>",
    "modality": "T1w",
    "run_id": 1,
    "session_id": "NAPFU12",
    "subject_id": "2245781"
  },
  "cjv": 0.42966386142948426,
  "cnr": 3.16146437081129,
  "efc": 0.6165470902735172,
  "fber": 125.66168212890625,
  "fwhm_avg": 3.187753333333333,
  "fwhm_x": 3.27991,
  "fwhm_y": 3.25991,
  "fwhm_z": 3.02344,
  "icvs_csf": 0.1865920861833271,
  "icvs_gm": 0.41879493029599374,
  "icvs_wm": 0.3946129835206792,
  "inu_med": 1.357330560684204,
  "inu_range": 0.38240205049514775,
  "provenance": {
    "md5sum": "e584ff883a7197e311c84bd6631ead59",
    "settings": {
      "testing": false
    },
    "software": "mriqc",
    "version": "0.16.1",
    "warnings": {
      "large_rot_frame": true,
      "small_air_mask": false
    },
    "webapi_port": null,
    "webapi_url": "https://mriqc.nimh.nih.gov/api/v1"
  },
  "qi_1": 0.0,
  "qi_2": 0.004481905985554873,
  "rpve_csf": 29.602332734348302,
  "rpve_gm": 13.871103222744502,
  "rpve_wm": 17.58211992854652,
  "size_x": 176,
  "size_y": 240,
  "size_z": 256,
  "snr_csf": 2.9977838491815723,
  "snr_gm": 9.272305530277281,
  "snr_total": 9.450910660877092,
  "snr_wm": 16.082642603172424,
  "snrd_csf": 11.450707277314322,
  "snrd_gm": 25.623650151164775,
  "snrd_total": 24.765590243577922,
  "snrd_wm": 37.22241330225467,
  "spacing_x": 1.0,
  "spacing_y": 1.0,
  "spacing_z": 1.0,
  "summary_bg_k": 15.304276092350527,
  "summary_bg_mad": 17.60018345366016,
  "summary_bg_mean": 58.15777587890625,
  "summary_bg_median": 56.51813888549805,
  "summary_bg_n": 2866213.0,
  "summary_bg_p05": 30.893231582641604,
  "summary_bg_p95": 90.16529693603516,
  "summary_bg_stdv": 18.371444702148438,
  "summary_csf_k": 0.29244337632970296,
  "summary_csf_mad": 96.12680968497118,
  "summary_csf_mean": 325.2367858886719,
  "summary_csf_median": 307.6222839355469,
  "summary_csf_n": 12041.0,
  "summary_csf_p05": 184.89364624023438,
  "summary_csf_p95": 521.0502319335938,
  "summary_csf_stdv": 102.6123046875,
  "summary_gm_k": -0.020661383950795642,
  "summary_gm_mad": 74.22571451682376,
  "summary_gm_mean": 688.3007202148438,
  "summary_gm_median": 688.377197265625,
  "summary_gm_n": 8140.0,
  "summary_gm_p05": 563.3512420654297,
  "summary_gm_p95": 808.8697326660156,
  "summary_gm_stdv": 74.2355728149414,
  "summary_wm_k": 0.36605707245421515,
  "summary_wm_mad": 59.65745554096043,
  "summary_wm_mean": 1001.4713134765625,
  "summary_wm_median": 999.9769897460938,
  "summary_wm_n": 186183.0,
  "summary_wm_p05": 902.2426391601563,
  "summary_wm_p95": 1106.1837280273437,
  "summary_wm_stdv": 62.17723846435547,
  "tpm_overlap_csf": 0.1590529978275299,
  "tpm_overlap_gm": 0.409065306186676,
  "tpm_overlap_wm": 0.48346713185310364,
  "wm2max": 0.524388243684786
}