{
  "bids_meta": {
    "AcquisitionNumber": 1,
    "DeviceSerialNumber": "35442  ",
    "EchoNumber": 1,
    "EchoTime": 0.00298,
    "FlipAngle": 9,
    "ImageOrientationPatientDICOM": [
      "-0.0090480354448",
      "0.99995900505011",
      "-0.0003482438567",
      "0.06862225702983",
      "0.00027348489196",
      "-0.9976426770373  "
    ],
    "ImageType": [
      "ORIGINAL",
      "PRIMARY",
      "M",
      "ND",
      "NORM "
    ],
    "ImagingFrequency": 123.247082,
    "InPlanePhaseEncodingDirectionDICOM": "ROW  ",
    "IntendedFor": [
      "ses-NAPFU12/fmap/sub-4847131_ses-NAPFU12_run-001_phasediff.nii.gz",
      "ses-NAPFU12/fmap/sub-4847131_ses-NAPFU12_run-002_phasediff.nii.gz",
      "ses-NAPFU12/fmap/sub-4847131_ses-NAPFU12_run-003_phasediff.nii.gz",
      "ses-NAPFU12/func/sub-4847131_ses-NAPFU12_task-encoding_run-001_bold.nii.gz",
      "ses-NAPFU12/func/sub-4847131_ses-NAPFU12_task-retrieval_run-001_bold.nii.gz",
      "ses-NAPFU12/asl/sub-4847131_ses-NAPFU12_run-001_asl.nii.gz",
      "ses-NAPFU12/func/sub-4847131_ses-NAPFU12_task-rest_run-002_bold.nii.gz",
      "ses-NAPFU12/anat/sub-4847131_ses-NAPFU12_run-001_T2star.nii.gz",
      "ses-NAPFU12/func/sub-4847131_ses-NAPFU12_task-rest_run-001_bold.nii.gz"
    ],
    "InversionTime": 0.9,
    "MRAcquisitionType": "3D ",
    "MagneticFieldStrength": 3,
    "Manufacturer": "SIEMENS  ",
    "ManufacturerModelName": "TrioTim  ",
    "Modality": "MRI__ ",
    "PatientPosition": "HFS  ",
    "PercentPhaseFOV": 93.75,
    "PhaseEncodingSteps": 239,
    "PixelBandwidth": 238,
    "ProtocolName": "MPRAGE ADNI_iPAT2  ",
    "PulseSequenceType": "*tfl3d1_ns ",
    "ReceiveCoilName": "HeadMatrixix\\\\ ",
    "RepetitionTime": 2.3,
    "SAR": 0.09182027230325,
    "ScanningSequence": "GR\\\\IR  ",
    "SequenceName": "*tfl3d1_ns ",
    "SequenceVariant": "SP\\\\MP  ",
    "SeriesDescription": "MPRAGE ADNI_iPAT2  ",
    "SeriesNumber": 12,
    "SliceOrder": "interleaved ",
    "SliceThickness": 1,
    "SliceTiming": null,
    "SoftwareVersions": "syngo MR B17 ",
    "dataset": "<unset>",
    "modality": "T1w",
    "run_id": 1,
    "session_id": "NAPFU12",
    "subject_id": "4847131"
  },
  "cjv": 0.4229941495922321,
  "cnr": 3.283375873604081,
  "efc": 0.5886400351611788,
  "fber": 214.37918090820312,
  "fwhm_avg": 2.9625766666666666,
  "fwhm_x": 3.02968,
  "fwhm_y": 2.98635,
  "fwhm_z": 2.8717,
  "icvs_csf": 0.19588761825531836,
  "icvs_gm": 0.41920782370083337,
  "icvs_wm": 0.38490455804384827,
  "inu_med": 1.3928476572036743,
  "inu_range": 0.36459931135177603,
  "provenance": {
    "md5sum": "bc025f01a756efef851a0e4a176782a9",
    "settings": {
      "testing": false
    },
    "software": "mriqc",
    "version": "0.16.1",
    "warnings": {
      "large_rot_frame": false,
      "small_air_mask": false
    },
    "webapi_port": null,
    "webapi_url": "https://mriqc.nimh.nih.gov/api/v1"
  },
  "qi_1": 0.0,
  "qi_2": 0.0052028231479693005,
  "rpve_csf": 29.01435441581902,
  "rpve_gm": 14.044983636930665,
  "rpve_wm": 17.895716787732447,
  "size_x": 176,
  "size_y": 240,
  "size_z": 256,
  "snr_csf": 1.0085070044562459,
  "snr_gm": 8.196326453754272,
  "snr_total": 8.297976309686552,
  "snr_wm": 15.689095470849136,
  "snrd_csf": 15.887690936177709,
  "snrd_gm": 31.87504754211074,
  "snrd_total": 32.064740237441114,
  "snrd_wm": 48.431482234034895,
  "spacing_x": 1.0,
  "spacing_y": 1.0,
  "spacing_z": 1.0,
  "summary_bg_k": 1580.6518795590023,
  "summary_bg_mad": 13.527023089721105,
  "summary_bg_mean": 41.98224639892578,
  "summary_bg_median": 40.09233856201172,
  "summary_bg_n": 3356764.0,
  "summary_bg_p05": 21.508693599700926,
  "summary_bg_p95": 67.91454849243163,
  "summary_bg_stdv": 18.173511505126953,
  "summary_csf_k": 6.927618778194853,
  "summary_csf_mad": 122.65164835942458,
  "summary_csf_mean": 420.99993896484375,
  "summary_csf_median": 328.04339599609375,
  "summary_csf_n": 16111.0,
  "summary_csf_p05": 173.319091796875,
  "summary_csf_p95": 1371.0611572265625,
  "summary_csf_stdv": 325.26617431640625,
  "summary_gm_k": -0.1656183612062181,
  "summary_gm_mad": 81.99856250643961,
  "summary_gm_mean": 658.485107421875,
  "summary_gm_median": 658.1446533203125,
  "summary_gm_n": 15756.0,
  "summary_gm_p05": 527.7762756347656,
  "summary_gm_p95": 789.8313446044922,
  "summary_gm_stdv": 80.29496765136719,
  "summary_wm_k": 0.14481457841253365,
  "summary_wm_mad": 62.60257100748163,
  "summary_wm_mean": 999.6890869140625,
  "summary_wm_median": 999.9960327148438,
  "summary_wm_n": 178183.0,
  "summary_wm_p05": 894.6125671386719,
  "summary_wm_p95": 1104.027783203125,
  "summary_wm_stdv": 63.73810577392578,
  "tpm_overlap_csf": 0.14645572006702423,
  "tpm_overlap_gm": 0.3883207142353058,
  "tpm_overlap_wm": 0.4799981415271759,
  "wm2max": 0.6188815107720775
}