{
  "bids_meta": {
    "AcquisitionNumber": 1,
    "DeviceSerialNumber": "35442  ",
    "EchoNumber": 1,
    "EchoTime": 0.00298,
    "FlipAngle": 9,
    "ImageOrientationPatientDICOM": [
      "0.05279209249803",
      "0.99752729463952",
      "-0.0463927949022",
      "0.03818765738047",
      "-0.0484402389884",
      "-0.9980958100656  "
    ],
    "ImageType": [
      "ORIGINAL",
      "PRIMARY",
      "M",
      "ND",
      "NORM "
    ],
    "ImagingFrequency": 123.251508,
    "InPlanePhaseEncodingDirectionDICOM": "ROW  ",
    "IntendedFor": [
      "ses-PREFU48/fmap/sub-2599481_ses-PREFU48_run-005_phasediff.nii.gz",
      "ses-PREFU48/func/sub-2599481_ses-PREFU48_task-retrieval_run-001_bold.nii.gz",
      "ses-PREFU48/func/sub-2599481_ses-PREFU48_task-rest_run-002_bold.nii.gz",
      "ses-PREFU48/dwi/sub-2599481_ses-PREFU48_run-001_dwi.nii.gz",
      "ses-PREFU48/asl/sub-2599481_ses-PREFU48_run-001_asl.nii.gz",
      "ses-PREFU48/fmap/sub-2599481_ses-PREFU48_run-004_phasediff.nii.gz",
      "ses-PREFU48/func/sub-2599481_ses-PREFU48_task-encoding_run-001_bold.nii.gz",
      "ses-PREFU48/fmap/sub-2599481_ses-PREFU48_run-003_phasediff.nii.gz",
      "ses-PREFU48/anat/sub-2599481_ses-PREFU48_run-001_FLAIR.nii.gz",
      "ses-PREFU48/anat/sub-2599481_ses-PREFU48_run-001_T2star.nii.gz",
      "ses-PREFU48/func/sub-2599481_ses-PREFU48_task-rest_run-001_bold.nii.gz",
      "ses-PREFU48/fmap/sub-2599481_ses-PREFU48_run-001_phasediff.nii.gz",
      "ses-PREFU48/fmap/sub-2599481_ses-PREFU48_run-002_phasediff.nii.gz",
      "ses-PREFU48/anat/sub-2599481_ses-PREFU48_run-002_T1w.nii.gz"
    ],
    "InversionTime": 0.9,
    "MRAcquisitionType": "3D ",
    "MagneticFieldStrength": 3,
    "Manufacturer": "SIEMENS  ",
    "ManufacturerModelName": "TrioTim  ",
    "Modality": "MRI__ ",
    "PatientPosition": "HFS  ",
    "PercentPhaseFOV": 93.75,
    "PhaseEncodingSteps": 239,
    "PixelBandwidth": 238,
    "ProtocolName": "MPRAGE ADNI_iPAT2  ",
    "PulseSequenceType": "*tfl3d1_ns ",
    "ReceiveCoilName": "HeadMatrixix\\\\ ",
    "RepetitionTime": 2.3,
    "SAR": 0.08632031881826,
    "ScanningSequence": "GR\\\\IR  ",
    "SequenceName": "*tfl3d1_ns ",
    "SequenceVariant": "SP\\\\MP  ",
    "SeriesDescription": "MPRAGE ADNI_iPAT2  ",
    "SeriesNumber": 13,
    "SliceOrder": "interleaved ",
    "SliceThickness": 1,
    "SliceTiming": null,
    "SoftwareVersions": "syngo MR B17 ",
    "dataset": "<unset>",
    "modality": "T1w",
    "run_id": 1,
    "session_id": "PREFU48",
    "subject_id": "2599481"
  },
  "cjv": 0.47535839595438417,
  "cnr": 2.829798778464123,
  "efc": 0.633159600417675,
  "fber": 74.41630554199219,
  "fwhm_avg": 3.151813333333333,
  "fwhm_x": 3.18601,
  "fwhm_y": 3.29184,
  "fwhm_z": 2.97759,
  "icvs_csf": 0.22221401808193708,
  "icvs_gm": 0.4079052561368591,
  "icvs_wm": 0.36988072578120385,
  "inu_med": 1.311537742614746,
  "inu_range": 0.4110491871833801,
  "provenance": {
    "md5sum": "60e120a38a39fca86acab048680203d9",
    "settings": {
      "testing": false
    },
    "software": "mriqc",
    "version": "0.16.1",
    "warnings": {
      "large_rot_frame": true,
      "small_air_mask": false
    },
    "webapi_port": null,
    "webapi_url": "https://mriqc.nimh.nih.gov/api/v1"
  },
  "qi_1": 0.0,
  "qi_2": 0.004018428540112135,
  "rpve_csf": 29.040913081650572,
  "rpve_gm": 15.582804809578324,
  "rpve_wm": 20.094931856262342,
  "size_x": 176,
  "size_y": 240,
  "size_z": 256,
  "snr_csf": 2.962194062446177,
  "snr_gm": 9.265884313244127,
  "snr_total": 8.868339858986138,
  "snr_wm": 14.376941201268105,
  "snrd_csf": 8.833494479636906,
  "snrd_gm": 19.54173824855909,
  "snrd_total": 18.772740585839596,
  "snrd_wm": 27.942989029322792,
  "spacing_x": 1.0,
  "spacing_y": 1.0,
  "spacing_z": 1.0,
  "summary_bg_k": 813.7530775109024,
  "summary_bg_mad": 23.445757148248425,
  "summary_bg_mean": 77.27963256835938,
  "summary_bg_median": 75.0085220336914,
  "summary_bg_n": 2708241.0,
  "summary_bg_p05": 40.83009719848633,
  "summary_bg_p95": 120.41414642333984,
  "summary_bg_stdv": 27.469026565551758,
  "summary_csf_k": 0.7259363386248108,
  "summary_csf_mad": 99.27523548684562,
  "summary_csf_mean": 332.25738525390625,
  "summary_csf_median": 316.1295471191406,
  "summary_csf_n": 17955.0,
  "summary_csf_p05": 183.16017150878906,
  "summary_csf_p95": 531.1818298339842,
  "summary_csf_stdv": 106.71844482421875,
  "summary_gm_k": -0.018233432515324388,
  "summary_gm_mad": 74.83186752955933,
  "summary_gm_mean": 696.8040161132812,
  "summary_gm_median": 699.3518676757812,
  "summary_gm_n": 9059.0,
  "summary_gm_p05": 568.5674499511719,
  "summary_gm_p95": 818.1541015625,
  "summary_gm_stdv": 75.47183227539062,
  "summary_wm_k": 0.19309971141205073,
  "summary_wm_mad": 68.08966516785297,
  "summary_wm_mean": 1001.9020385742188,
  "summary_wm_median": 1000.012451171875,
  "summary_wm_n": 154249.0,
  "summary_wm_p05": 891.1082153320312,
  "summary_wm_p95": 1119.4048583984375,
  "summary_wm_stdv": 69.55646514892578,
  "tpm_overlap_csf": 0.15602685511112213,
  "tpm_overlap_gm": 0.4073403477668762,
  "tpm_overlap_wm": 0.4849531650543213,
  "wm2max": 0.44194393852798697
}