{
  "bids_meta": {
    "AcquisitionNumber": 1,
    "DeviceSerialNumber": "35442  ",
    "EchoNumber": 1,
    "EchoTime": 0.00298,
    "FlipAngle": 9,
    "ImageOrientationPatientDICOM": [
      "-0.0323969442034",
      "0.9981937741026",
      "-0.0505927598485",
      "-0.0011459174414",
      "-0.0506563937189",
      "-0.9987154833328 "
    ],
    "ImageType": [
      "ORIGINAL",
      "PRIMARY",
      "M",
      "ND",
      "NORM "
    ],
    "ImagingFrequency": 123.251548,
    "InPlanePhaseEncodingDirectionDICOM": "ROW  ",
    "IntendedFor": [
      "ses-PREFU24/dwi/sub-9605091_ses-PREFU24_run-001_dwi.nii.gz",
      "ses-PREFU24/fmap/sub-9605091_ses-PREFU24_run-004_phasediff.nii.gz",
      "ses-PREFU24/fmap/sub-9605091_ses-PREFU24_run-005_phasediff.nii.gz",
      "ses-PREFU24/anat/sub-9605091_ses-PREFU24_run-001_FLAIR.nii.gz"
    ],
    "InversionTime": 0.9,
    "MRAcquisitionType": "3D ",
    "MagneticFieldStrength": 3,
    "Manufacturer": "SIEMENS  ",
    "ManufacturerModelName": "TrioTim  ",
    "Modality": "MRI__ ",
    "PatientPosition": "HFS  ",
    "PercentPhaseFOV": 93.75,
    "PhaseEncodingSteps": 239,
    "PixelBandwidth": 238,
    "ProtocolName": "MPRAGE ADNI_iPAT2  ",
    "PulseSequenceType": "*tfl3d1_ns ",
    "ReceiveCoilName": "HeadMatrixix\\\\ ",
    "RepetitionTime": 2.3,
    "SAR": 0.08371652596845,
    "ScanningSequence": "GR\\\\IR  ",
    "SequenceName": "*tfl3d1_ns ",
    "SequenceVariant": "SP\\\\MP  ",
    "SeriesDescription": "MPRAGE ADNI_iPAT2  ",
    "SeriesNumber": 20,
    "SliceOrder": "interleaved ",
    "SliceThickness": 1,
    "SliceTiming": null,
    "SoftwareVersions": "syngo MR B17 ",
    "dataset": "<unset>",
    "modality": "T1w",
    "run_id": 2,
    "session_id": "PREFU24",
    "subject_id": "9605091"
  },
  "cjv": 0.5399970387385512,
  "cnr": 2.466145904370064,
  "efc": 0.665691121296116,
  "fber": 68.99459838867188,
  "fwhm_avg": 3.191463333333333,
  "fwhm_x": 3.27682,
  "fwhm_y": 3.30934,
  "fwhm_z": 2.98823,
  "icvs_csf": 0.19946144160110765,
  "icvs_gm": 0.39938420054988294,
  "icvs_wm": 0.40115435784900944,
  "inu_med": 1.337180495262146,
  "inu_range": 0.5269908905029297,
  "provenance": {
    "md5sum": "9502ea70eca47568ce86f48296f36dc5",
    "settings": {
      "testing": false
    },
    "software": "mriqc",
    "version": "0.16.1",
    "warnings": {
      "large_rot_frame": true,
      "small_air_mask": false
    },
    "webapi_port": null,
    "webapi_url": "https://mriqc.nimh.nih.gov/api/v1"
  },
  "qi_1": 0.0,
  "qi_2": 0.0037870474954380374,
  "rpve_csf": 24.437733897915162,
  "rpve_gm": 12.375491796417212,
  "rpve_wm": 14.981032255361345,
  "size_x": 176,
  "size_y": 240,
  "size_z": 256,
  "snr_csf": 2.565458317887518,
  "snr_gm": 8.876460443735349,
  "snr_total": 8.764751486744863,
  "snr_wm": 14.852335698611725,
  "snrd_csf": 9.094869259730205,
  "snrd_gm": 18.449871955189263,
  "snrd_total": 17.645198137198946,
  "snrd_wm": 25.390853196677377,
  "spacing_x": 1.0,
  "spacing_y": 1.0,
  "spacing_z": 1.0,
  "summary_bg_k": 957.8277625282453,
  "summary_bg_mad": 25.802868674754322,
  "summary_bg_mean": 85.8785400390625,
  "summary_bg_median": 83.0911636352539,
  "summary_bg_n": 2747599.0,
  "summary_bg_p05": 46.113111877441405,
  "summary_bg_p95": 134.0016571044922,
  "summary_bg_stdv": 32.45946502685547,
  "summary_csf_k": 9.441518006291249,
  "summary_csf_mad": 152.6132732663277,
  "summary_csf_mean": 369.30426025390625,
  "summary_csf_median": 358.2059020996094,
  "summary_csf_n": 8942.0,
  "summary_csf_p05": 175.73488006591796,
  "summary_csf_p95": 595.1620880126945,
  "summary_csf_stdv": 139.61866760253906,
  "summary_gm_k": -0.10500685851829639,
  "summary_gm_mad": 81.93309237063099,
  "summary_gm_mean": 723.975830078125,
  "summary_gm_median": 726.6572875976562,
  "summary_gm_n": 7606.0,
  "summary_gm_p05": 585.285400390625,
  "summary_gm_p95": 857.1839599609375,
  "summary_gm_stdv": 81.85802459716797,
  "summary_wm_k": 0.19670164155285974,
  "summary_wm_mad": 65.68803779485867,
  "summary_wm_mean": 1001.5087280273438,
  "summary_wm_median": 1000.03125,
  "summary_wm_n": 220229.0,
  "summary_wm_p05": 893.1757568359375,
  "summary_wm_p95": 1115.0328369140625,
  "summary_wm_stdv": 67.33142852783203,
  "tpm_overlap_csf": 0.15976548194885254,
  "tpm_overlap_gm": 0.41091784834861755,
  "tpm_overlap_wm": 0.49359947443008423,
  "wm2max": 0.4429446723130143
}