{
  "bids_meta": {
    "AcquisitionNumber": 1,
    "DeviceSerialNumber": "35442  ",
    "EchoNumber": 1,
    "EchoTime": 0.00298,
    "FlipAngle": 9,
    "ImageOrientationPatientDICOM": [
      "0.02372214078434",
      "0.97750015978823",
      "-0.209596511542",
      "-0.0199308413018",
      "-0.2091514169361",
      "-0.9776801349923 "
    ],
    "ImageType": [
      "ORIGINAL",
      "PRIMARY",
      "M",
      "ND",
      "NORM "
    ],
    "ImagingFrequency": 123.247153,
    "InPlanePhaseEncodingDirectionDICOM": "ROW  ",
    "IntendedFor": [
      "ses-NAPFU24/anat/sub-2332918_ses-NAPFU24_run-001_T2star.nii.gz",
      "ses-NAPFU24/func/sub-2332918_ses-NAPFU24_task-rest_run-001_bold.nii.gz",
      "ses-NAPFU24/fmap/sub-2332918_ses-NAPFU24_run-002_phasediff.nii.gz",
      "ses-NAPFU24/func/sub-2332918_ses-NAPFU24_task-retrieval_run-001_bold.nii.gz",
      "ses-NAPFU24/asl/sub-2332918_ses-NAPFU24_run-001_asl.nii.gz",
      "ses-NAPFU24/func/sub-2332918_ses-NAPFU24_task-rest_run-002_bold.nii.gz",
      "ses-NAPFU24/fmap/sub-2332918_ses-NAPFU24_run-003_phasediff.nii.gz",
      "ses-NAPFU24/fmap/sub-2332918_ses-NAPFU24_run-001_phasediff.nii.gz",
      "ses-NAPFU24/func/sub-2332918_ses-NAPFU24_task-encoding_run-001_bold.nii.gz"
    ],
    "InversionTime": 0.9,
    "MRAcquisitionType": "3D ",
    "MagneticFieldStrength": 3,
    "Manufacturer": "SIEMENS  ",
    "ManufacturerModelName": "TrioTim  ",
    "Modality": "MRI__ ",
    "PatientPosition": "HFS  ",
    "PercentPhaseFOV": 93.75,
    "PhaseEncodingSteps": 239,
    "PixelBandwidth": 238,
    "ProtocolName": "MPRAGE ADNI_iPAT2  ",
    "PulseSequenceType": "*tfl3d1_ns ",
    "ReceiveCoilName": "HeadMatrixix\\\\ ",
    "RepetitionTime": 2.3,
    "SAR": 0.10531565782722,
    "ScanningSequence": "GR\\\\IR  ",
    "SequenceName": "*tfl3d1_ns ",
    "SequenceVariant": "SP\\\\MP  ",
    "SeriesDescription": "MPRAGE ADNI_iPAT2  ",
    "SeriesNumber": 12,
    "SliceOrder": "interleaved ",
    "SliceThickness": 1,
    "SliceTiming": null,
    "SoftwareVersions": "syngo MR B17 ",
    "dataset": "<unset>",
    "modality": "T1w",
    "run_id": 1,
    "session_id": "NAPFU24",
    "subject_id": "2332918"
  },
  "cjv": 0.47790454984904873,
  "cnr": 2.9378714900989227,
  "efc": 0.6066063644366446,
  "fber": 223.08767700195312,
  "fwhm_avg": 2.919023333333333,
  "fwhm_x": 2.97447,
  "fwhm_y": 2.91311,
  "fwhm_z": 2.86949,
  "icvs_csf": 0.1803026108224206,
  "icvs_gm": 0.4438505108872182,
  "icvs_wm": 0.3758468782903612,
  "inu_med": 1.317930817604065,
  "inu_range": 0.32293054461479187,
  "provenance": {
    "md5sum": "baef5012567aad18e41b1b73dead44fe",
    "settings": {
      "testing": false
    },
    "software": "mriqc",
    "version": "0.16.1",
    "warnings": {
      "large_rot_frame": true,
      "small_air_mask": false
    },
    "webapi_port": null,
    "webapi_url": "https://mriqc.nimh.nih.gov/api/v1"
  },
  "qi_1": 0.0,
  "qi_2": 0.004722319119417934,
  "rpve_csf": 34.626031547732126,
  "rpve_gm": 15.448252200819944,
  "rpve_wm": 21.123857518959486,
  "size_x": 176,
  "size_y": 240,
  "size_z": 256,
  "snr_csf": 1.0201652536130739,
  "snr_gm": 6.548009571527412,
  "snr_total": 6.8348110486507805,
  "snr_wm": 12.936258320811856,
  "snrd_csf": 16.616073762036798,
  "snrd_gm": 31.7369854464499,
  "snrd_total": 32.933167351701464,
  "snrd_wm": 50.4464428466177,
  "spacing_x": 1.0,
  "spacing_y": 1.0,
  "spacing_z": 1.0,
  "summary_bg_k": 950.6682724925314,
  "summary_bg_mad": 12.986105502131064,
  "summary_bg_mean": 35.87359619140625,
  "summary_bg_median": 33.83855438232422,
  "summary_bg_n": 3109727.0,
  "summary_bg_p05": 18.175283432006836,
  "summary_bg_p95": 57.6058364868164,
  "summary_bg_stdv": 27.029865264892578,
  "summary_csf_k": 7.119689955110287,
  "summary_csf_mad": 103.85920826103285,
  "summary_csf_mean": 425.08026123046875,
  "summary_csf_median": 329.3636169433594,
  "summary_csf_n": 11051.0,
  "summary_csf_p05": 190.36831665039062,
  "summary_csf_p95": 1304.2080078125,
  "summary_csf_stdv": 322.8385925292969,
  "summary_gm_k": -0.3665866765483021,
  "summary_gm_mad": 101.2673238589609,
  "summary_gm_mean": 631.4830932617188,
  "summary_gm_median": 629.0901489257812,
  "summary_gm_n": 12699.0,
  "summary_gm_p05": 478.0871826171875,
  "summary_gm_p95": 793.300811767578,
  "summary_gm_stdv": 96.06970977783203,
  "summary_wm_k": 0.051702945148951684,
  "summary_wm_mad": 75.96770877996718,
  "summary_wm_mean": 997.9550170898438,
  "summary_wm_median": 999.9487915039062,
  "summary_wm_n": 159983.0,
  "summary_wm_p05": 866.7248718261719,
  "summary_wm_p95": 1121.878662109375,
  "summary_wm_stdv": 77.29790496826172,
  "tpm_overlap_csf": 0.14350765943527222,
  "tpm_overlap_gm": 0.4088338613510132,
  "tpm_overlap_wm": 0.5056237578392029,
  "wm2max": 0.6433048811309694
}