{
  "bids_meta": {
    "AcquisitionNumber": 1,
    "DeviceSerialNumber": "35442  ",
    "EchoNumber": 1,
    "EchoTime": 0.00298,
    "FlipAngle": 9,
    "ImageOrientationPatientDICOM": [
      "0.02511688321447",
      "0.98946479341454",
      "-0.1425782759424",
      "0.02331271353085",
      "-0.1431642237927",
      "-0.989424338903 "
    ],
    "ImageType": [
      "ORIGINAL",
      "PRIMARY",
      "M",
      "ND",
      "NORM "
    ],
    "ImagingFrequency": 123.24716,
    "InPlanePhaseEncodingDirectionDICOM": "ROW  ",
    "IntendedFor": [
      "ses-NAPFU24/fmap/sub-7492583_ses-NAPFU24_run-005_phasediff.nii.gz",
      "ses-NAPFU24/dwi/sub-7492583_ses-NAPFU24_run-001_dwi.nii.gz",
      "ses-NAPFU24/fmap/sub-7492583_ses-NAPFU24_run-004_phasediff.nii.gz",
      "ses-NAPFU24/anat/sub-7492583_ses-NAPFU24_run-001_FLAIR.nii.gz"
    ],
    "InversionTime": 0.9,
    "MRAcquisitionType": "3D ",
    "MagneticFieldStrength": 3,
    "Manufacturer": "SIEMENS  ",
    "ManufacturerModelName": "TrioTim  ",
    "Modality": "MRI__ ",
    "PatientPosition": "HFS  ",
    "PercentPhaseFOV": 93.75,
    "PhaseEncodingSteps": 239,
    "PixelBandwidth": 238,
    "ProtocolName": "MPRAGE ADNI_iPAT2  ",
    "PulseSequenceType": "*tfl3d1_ns ",
    "ReceiveCoilName": "HeadMatrixix\\\\ ",
    "RepetitionTime": 2.3,
    "SAR": 0.08814399620245,
    "ScanningSequence": "GR\\\\IR  ",
    "SequenceName": "*tfl3d1_ns ",
    "SequenceVariant": "SP\\\\MP  ",
    "SeriesDescription": "MPRAGE ADNI_iPAT2  ",
    "SeriesNumber": 20,
    "SliceOrder": "interleaved ",
    "SliceThickness": 1,
    "SliceTiming": null,
    "SoftwareVersions": "syngo MR B17 ",
    "dataset": "<unset>",
    "modality": "T1w",
    "run_id": 2,
    "session_id": "NAPFU24",
    "subject_id": "7492583"
  },
  "cjv": 0.5075282700246511,
  "cnr": 2.639563704101798,
  "efc": 0.6097215054623084,
  "fber": 75.45075225830078,
  "fwhm_avg": 3.3393033333333335,
  "fwhm_x": 3.39538,
  "fwhm_y": 3.50144,
  "fwhm_z": 3.12109,
  "icvs_csf": 0.21873564821484337,
  "icvs_gm": 0.4077007388721999,
  "icvs_wm": 0.37356361291295676,
  "inu_med": 1.4537769556045532,
  "inu_range": 0.48277752399444607,
  "provenance": {
    "md5sum": "edf222576a1e91307345ac480f52b500",
    "settings": {
      "testing": false
    },
    "software": "mriqc",
    "version": "0.16.1",
    "warnings": {
      "large_rot_frame": true,
      "small_air_mask": false
    },
    "webapi_port": null,
    "webapi_url": "https://mriqc.nimh.nih.gov/api/v1"
  },
  "qi_1": 0.0,
  "qi_2": 0.004242771836267485,
  "rpve_csf": 32.29016066971245,
  "rpve_gm": 17.537271653930667,
  "rpve_wm": 22.990411682102163,
  "size_x": 176,
  "size_y": 240,
  "size_z": 256,
  "snr_csf": 2.906940322943859,
  "snr_gm": 8.784996333493995,
  "snr_total": 9.693260097342772,
  "snr_wm": 17.387843635590464,
  "snrd_csf": 9.178015394923735,
  "snrd_gm": 22.070236215767267,
  "snrd_total": 20.52651185859445,
  "snrd_wm": 30.331283965092346,
  "spacing_x": 1.0,
  "spacing_y": 1.0,
  "spacing_z": 1.0,
  "summary_bg_k": 0.35008117274227857,
  "summary_bg_mad": 21.59969274265381,
  "summary_bg_mean": 72.678955078125,
  "summary_bg_median": 71.06214904785156,
  "summary_bg_n": 3140287.0,
  "summary_bg_p05": 39.68856430053711,
  "summary_bg_p95": 111.18145217895506,
  "summary_bg_stdv": 21.897676467895508,
  "summary_csf_k": 0.187646690718958,
  "summary_csf_mad": 99.33023130583345,
  "summary_csf_mean": 321.2908935546875,
  "summary_csf_median": 302.5970153808594,
  "summary_csf_n": 13030.0,
  "summary_csf_p05": 179.2464515686035,
  "summary_csf_p95": 514.4019866943358,
  "summary_csf_stdv": 104.09068298339844,
  "summary_gm_k": -0.08088160721817594,
  "summary_gm_mad": 82.09620214228968,
  "summary_gm_mean": 729.0403442382812,
  "summary_gm_median": 727.6505126953125,
  "summary_gm_n": 13584.0,
  "summary_gm_p05": 594.7058807373047,
  "summary_gm_p95": 869.373403930664,
  "summary_gm_stdv": 82.82572937011719,
  "summary_wm_k": 0.23672989804863498,
  "summary_wm_mad": 56.136637235441874,
  "summary_wm_mean": 1000.0694580078125,
  "summary_wm_median": 1000.0153198242188,
  "summary_wm_n": 153813.0,
  "summary_wm_p05": 905.6012939453126,
  "summary_wm_p95": 1094.26484375,
  "summary_wm_stdv": 57.51213836669922,
  "tpm_overlap_csf": 0.17749452590942383,
  "tpm_overlap_gm": 0.4298131465911865,
  "tpm_overlap_wm": 0.5058676600456238,
  "wm2max": 0.540557628808021
}