{
  "bids_meta": {
    "AcquisitionNumber": 1,
    "DeviceSerialNumber": "35442  ",
    "EchoNumber": 1,
    "EchoTime": 0.00298,
    "FlipAngle": 9,
    "ImageOrientationPatientDICOM": [
      "0.00731861350217",
      "0.99997315807869",
      "-0.0003478771902",
      "0.08160525950937",
      "-0.0009439794622",
      "-0.9966642817535  "
    ],
    "ImageType": [
      "ORIGINAL",
      "PRIMARY",
      "M",
      "ND",
      "NORM "
    ],
    "ImagingFrequency": 123.247306,
    "InPlanePhaseEncodingDirectionDICOM": "ROW  ",
    "IntendedFor": [
      "ses-NAPEN00/fmap/sub-9678578_ses-NAPEN00_run-002_phasediff.nii.gz",
      "ses-NAPEN00/dwi/sub-9678578_ses-NAPEN00_run-001_dwi.nii.gz",
      "ses-NAPEN00/fmap/sub-9678578_ses-NAPEN00_run-001_phasediff.nii.gz",
      "ses-NAPEN00/anat/sub-9678578_ses-NAPEN00_run-001_FLAIR.nii.gz"
    ],
    "InversionTime": 0.9,
    "MRAcquisitionType": "3D ",
    "MagneticFieldStrength": 3,
    "Manufacturer": "SIEMENS  ",
    "ManufacturerModelName": "TrioTim  ",
    "Modality": "MRI__ ",
    "PatientPosition": "HFS  ",
    "PercentPhaseFOV": 93.75,
    "PhaseEncodingSteps": 239,
    "PixelBandwidth": 238,
    "ProtocolName": "MPRAGE ADNI_iPAT2  ",
    "PulseSequenceType": "*tfl3d1_ns ",
    "ReceiveCoilName": "HeadMatrixix\\\\ ",
    "RepetitionTime": 2.3,
    "SAR": 0.09780022947137,
    "ScanningSequence": "GR\\\\IR  ",
    "SequenceName": "*tfl3d1_ns ",
    "SequenceVariant": "SP\\\\MP  ",
    "SeriesDescription": "MPRAGE ADNI_iPAT2  ",
    "SeriesNumber": 4,
    "SliceOrder": "interleaved ",
    "SliceThickness": 1,
    "SliceTiming": null,
    "SoftwareVersions": "syngo MR B17 ",
    "dataset": "<unset>",
    "modality": "T1w",
    "run_id": 1,
    "session_id": "NAPEN00",
    "subject_id": "9678578"
  },
  "cjv": 0.4132944242473514,
  "cnr": 3.2573796532924475,
  "efc": 0.6466133172205152,
  "fber": 109.01321411132812,
  "fwhm_avg": 3.2882366666666667,
  "fwhm_x": 3.32508,
  "fwhm_y": 3.44885,
  "fwhm_z": 3.09078,
  "icvs_csf": 0.20073550905593077,
  "icvs_gm": 0.40053968076096147,
  "icvs_wm": 0.3987248101831078,
  "inu_med": 1.2921501398086548,
  "inu_range": 0.3513526678085328,
  "provenance": {
    "md5sum": "6aea9c53fe08f74402a0550d96fda3d2",
    "settings": {
      "testing": false
    },
    "software": "mriqc",
    "version": "0.16.1",
    "warnings": {
      "large_rot_frame": false,
      "small_air_mask": false
    },
    "webapi_port": null,
    "webapi_url": "https://mriqc.nimh.nih.gov/api/v1"
  },
  "qi_1": 0.0,
  "qi_2": 0.005495428816572162,
  "rpve_csf": 25.292045746564412,
  "rpve_gm": 13.248845577136832,
  "rpve_wm": 16.476494005568725,
  "size_x": 176,
  "size_y": 240,
  "size_z": 256,
  "snr_csf": 3.0263221648018153,
  "snr_gm": 9.151370960760197,
  "snr_total": 9.834776217648715,
  "snr_wm": 17.326635527384134,
  "snrd_csf": 13.077296744866931,
  "snrd_gm": 23.98032334388884,
  "snrd_total": 24.042380450788908,
  "snrd_wm": 35.069521263610945,
  "spacing_x": 1.0,
  "spacing_y": 1.0,
  "spacing_z": 1.0,
  "summary_bg_k": 1038.0415041948927,
  "summary_bg_mad": 18.681034540758805,
  "summary_bg_mean": 61.67512130737305,
  "summary_bg_median": 60.150638580322266,
  "summary_bg_n": 2686185.0,
  "summary_bg_p05": 32.9926399230957,
  "summary_bg_p95": 94.84493865966797,
  "summary_bg_stdv": 22.576656341552734,
  "summary_csf_k": 2.4128129928952617,
  "summary_csf_mad": 135.05104507194636,
  "summary_csf_mean": 372.7003173828125,
  "summary_csf_median": 372.8955383300781,
  "summary_csf_n": 11053.0,
  "summary_csf_p05": 184.86798706054688,
  "summary_csf_p95": 571.0169677734375,
  "summary_csf_stdv": 123.21182250976562,
  "summary_gm_k": -0.0031540010801340834,
  "summary_gm_mad": 74.55790645677334,
  "summary_gm_mean": 682.70654296875,
  "summary_gm_median": 683.7923583984375,
  "summary_gm_n": 11486.0,
  "summary_gm_p05": 557.9102020263672,
  "summary_gm_p95": 802.57763671875,
  "summary_gm_stdv": 74.71695709228516,
  "summary_wm_k": 0.23659930862773626,
  "summary_wm_mad": 56.12804060392588,
  "summary_wm_mean": 1000.17431640625,
  "summary_wm_median": 999.997802734375,
  "summary_wm_n": 234221.0,
  "summary_wm_p05": 905.7191772460938,
  "summary_wm_p95": 1095.4263916015625,
  "summary_wm_stdv": 57.714359283447266,
  "tpm_overlap_csf": 0.1803770810365677,
  "tpm_overlap_gm": 0.43425098061561584,
  "tpm_overlap_wm": 0.5267058610916138,
  "wm2max": 0.5349251214551217
}