{
  "bids_meta": {
    "AcquisitionNumber": 1,
    "DeviceSerialNumber": "35442  ",
    "EchoNumber": 1,
    "EchoTime": 0.00298,
    "FlipAngle": 9,
    "ImageOrientationPatientDICOM": [
      "-0.0027687322073",
      "0.99999610613725",
      "-0.000349044849",
      "-0.0100987999906",
      "-0.0003769893657",
      "-0.999948934755  "
    ],
    "ImageType": [
      "ORIGINAL",
      "PRIMARY",
      "M",
      "ND",
      "NORM "
    ],
    "ImagingFrequency": 123.247123,
    "InPlanePhaseEncodingDirectionDICOM": "ROW  ",
    "IntendedFor": [
      "ses-PREEN00/dwi/sub-2448082_ses-PREEN00_run-001_dwi.nii.gz",
      "ses-PREEN00/fmap/sub-2448082_ses-PREEN00_run-001_phasediff.nii.gz",
      "ses-PREEN00/anat/sub-2448082_ses-PREEN00_run-001_FLAIR.nii.gz",
      "ses-PREEN00/fmap/sub-2448082_ses-PREEN00_run-002_phasediff.nii.gz"
    ],
    "InversionTime": 0.9,
    "MRAcquisitionType": "3D ",
    "MagneticFieldStrength": 3,
    "Manufacturer": "SIEMENS  ",
    "ManufacturerModelName": "TrioTim  ",
    "Modality": "MRI__ ",
    "PatientPosition": "HFS  ",
    "PercentPhaseFOV": 93.75,
    "PhaseEncodingSteps": 239,
    "PixelBandwidth": 238,
    "ProtocolName": "MPRAGE ADNI_iPAT2  ",
    "PulseSequenceType": "*tfl3d1_ns ",
    "ReceiveCoilName": "HeadMatrixix\\\\ ",
    "RepetitionTime": 2.3,
    "SAR": 0.07611024758408,
    "ScanningSequence": "GR\\\\IR  ",
    "SequenceName": "*tfl3d1_ns ",
    "SequenceVariant": "SP\\\\MP  ",
    "SeriesDescription": "MPRAGE ADNI_iPAT2  ",
    "SeriesNumber": 4,
    "SliceOrder": "interleaved ",
    "SliceThickness": 1,
    "SliceTiming": null,
    "SoftwareVersions": "syngo MR B17 ",
    "dataset": "<unset>",
    "modality": "T1w",
    "run_id": 1,
    "session_id": "PREEN00",
    "subject_id": "2448082"
  },
  "cjv": 0.3919013989657792,
  "cnr": 3.438101544492807,
  "efc": 0.6179783587949285,
  "fber": 102.07764434814453,
  "fwhm_avg": 3.30479,
  "fwhm_x": 3.32686,
  "fwhm_y": 3.43468,
  "fwhm_z": 3.15283,
  "icvs_csf": 0.21692022317203397,
  "icvs_gm": 0.4037862169378597,
  "icvs_wm": 0.3792935598901064,
  "inu_med": 1.3205212354660034,
  "inu_range": 0.4427574872970581,
  "provenance": {
    "md5sum": "1949f0fdd93fe9f065a66893ffc4661b",
    "settings": {
      "testing": false
    },
    "software": "mriqc",
    "version": "0.16.1",
    "warnings": {
      "large_rot_frame": false,
      "small_air_mask": false
    },
    "webapi_port": null,
    "webapi_url": "https://mriqc.nimh.nih.gov/api/v1"
  },
  "qi_1": 0.0,
  "qi_2": 0.0054629841320276,
  "rpve_csf": 24.72741663440801,
  "rpve_gm": 13.394053823860832,
  "rpve_wm": 17.354478154516283,
  "size_x": 176,
  "size_y": 240,
  "size_z": 256,
  "snr_csf": 2.77988207530922,
  "snr_gm": 8.612067748397834,
  "snr_total": 10.008074612868162,
  "snr_wm": 18.63227401489743,
  "snrd_csf": 11.97602586482124,
  "snrd_gm": 23.78710402120326,
  "snrd_total": 23.77235454964024,
  "snrd_wm": 35.55393376289623,
  "spacing_x": 1.0,
  "spacing_y": 1.0,
  "spacing_z": 1.0,
  "summary_bg_k": 0.6657464360954441,
  "summary_bg_mad": 18.42646113431283,
  "summary_bg_mean": 61.37435531616211,
  "summary_bg_median": 59.966758728027344,
  "summary_bg_n": 2770459.0,
  "summary_bg_p05": 33.12243156433105,
  "summary_bg_p95": 94.24908523559571,
  "summary_bg_stdv": 18.73619270324707,
  "summary_csf_k": -0.5563954633359702,
  "summary_csf_mad": 136.48299503265116,
  "summary_csf_mean": 350.3061218261719,
  "summary_csf_median": 336.8394470214844,
  "summary_csf_n": 22319.0,
  "summary_csf_p05": 174.10983276367188,
  "summary_csf_p95": 557.0360107421874,
  "summary_csf_stdv": 121.16769409179688,
  "summary_gm_k": -0.0511125875815619,
  "summary_gm_mad": 77.75259570983252,
  "summary_gm_mean": 667.5214233398438,
  "summary_gm_median": 669.03955078125,
  "summary_gm_n": 13198.0,
  "summary_gm_p05": 536.5424102783203,
  "summary_gm_p95": 794.2109619140624,
  "summary_gm_stdv": 77.68334197998047,
  "summary_wm_k": 0.29111423465748576,
  "summary_wm_mad": 51.949353760288695,
  "summary_wm_mean": 999.1982421875,
  "summary_wm_median": 999.9951171875,
  "summary_wm_n": 200197.0,
  "summary_wm_p05": 909.4134643554688,
  "summary_wm_p95": 1085.5125488281249,
  "summary_wm_stdv": 53.669918060302734,
  "tpm_overlap_csf": 0.15623006224632263,
  "tpm_overlap_gm": 0.41250982880592346,
  "tpm_overlap_wm": 0.479274719953537,
  "wm2max": 0.4631135038267982
}