{
  "bids_meta": {
    "AcquisitionNumber": 1,
    "DeviceSerialNumber": "35442  ",
    "EchoNumber": 1,
    "EchoTime": 0.00298,
    "FlipAngle": 9,
    "ImageOrientationPatientDICOM": [
      "-0.0191767151337",
      "0.99981604913509",
      "-0.0003485521203",
      "0.05346931028426",
      "0.00067743691274",
      "-0.998569263465 "
    ],
    "ImageType": [
      "ORIGINAL",
      "PRIMARY",
      "M",
      "ND",
      "NORM "
    ],
    "ImagingFrequency": 123.251255,
    "InPlanePhaseEncodingDirectionDICOM": "ROW  ",
    "InversionTime": 0.9,
    "MRAcquisitionType": "3D ",
    "MagneticFieldStrength": 3,
    "Manufacturer": "SIEMENS  ",
    "ManufacturerModelName": "TrioTim  ",
    "Modality": "MRI__ ",
    "PatientPosition": "HFS  ",
    "PercentPhaseFOV": 93.75,
    "PhaseEncodingSteps": 239,
    "PixelBandwidth": 238,
    "ProtocolName": "MPRAGE ADNI_iPAT2  ",
    "PulseSequenceType": "*tfl3d1_ns ",
    "ReceiveCoilName": "32Ch_Headad\\\\  ",
    "RepetitionTime": 2.3,
    "SAR": 0.10721827764316,
    "ScanningSequence": "GR\\\\IR  ",
    "SequenceName": "*tfl3d1_ns ",
    "SequenceVariant": "SP\\\\MP  ",
    "SeriesDescription": "MPRAGE ADNI_iPAT2  ",
    "SeriesNumber": 12,
    "SliceOrder": "interleaved ",
    "SliceThickness": 1,
    "SliceTiming": null,
    "SoftwareVersions": "syngo MR B17 ",
    "dataset": "<unset>",
    "modality": "T1w",
    "run_id": 1,
    "session_id": "PREBL00",
    "subject_id": "6395760"
  },
  "cjv": 0.3869494497406779,
  "cnr": 3.26186598493416,
  "efc": 0.6620358645867382,
  "fber": 169.0111083984375,
  "fwhm_avg": 3.168036666666667,
  "fwhm_x": 3.21809,
  "fwhm_y": 3.34049,
  "fwhm_z": 2.94553,
  "icvs_csf": 0.20813127035148887,
  "icvs_gm": 0.4127992073657016,
  "icvs_wm": 0.37906952228280955,
  "inu_med": 1.40057373046875,
  "inu_range": 0.45819857716560386,
  "provenance": {
    "md5sum": "611082509f089599ed6df31b11f44bb7",
    "settings": {
      "testing": false
    },
    "software": "mriqc",
    "version": "0.16.1",
    "warnings": {
      "large_rot_frame": false,
      "small_air_mask": false
    },
    "webapi_port": null,
    "webapi_url": "https://mriqc.nimh.nih.gov/api/v1"
  },
  "qi_1": 9.65946132290248e-05,
  "qi_2": 0.0038409325783100505,
  "rpve_csf": 26.31656456462348,
  "rpve_gm": 13.522661013465681,
  "rpve_wm": 17.871792098172904,
  "size_x": 176,
  "size_y": 240,
  "size_z": 256,
  "snr_csf": 2.8385672250954017,
  "snr_gm": 9.856477013963953,
  "snr_total": 10.214723033777396,
  "snr_wm": 17.949124862272832,
  "snrd_csf": 24.19281045949345,
  "snrd_gm": 54.3799999678738,
  "snrd_total": 52.27678985439954,
  "snrd_wm": 78.25755913583136,
  "spacing_x": 1.0,
  "spacing_y": 1.0,
  "spacing_z": 1.0,
  "summary_bg_k": 3269.389978521041,
  "summary_bg_mad": 8.371541162239877,
  "summary_bg_mean": 50.56636047363281,
  "summary_bg_median": 49.12406921386719,
  "summary_bg_n": 2706700.0,
  "summary_bg_p05": 36.74138565063477,
  "summary_bg_p95": 65.49188079833982,
  "summary_bg_stdv": 25.999515533447266,
  "summary_csf_k": 5.472996745106405,
  "summary_csf_mad": 97.76440012062434,
  "summary_csf_mean": 329.5086975097656,
  "summary_csf_median": 309.1434326171875,
  "summary_csf_n": 10494.0,
  "summary_csf_p05": 187.64481506347656,
  "summary_csf_p95": 530.7440155029296,
  "summary_csf_stdv": 108.903076171875,
  "summary_gm_k": 0.3458909666022869,
  "summary_gm_mad": 66.84994041238869,
  "summary_gm_mean": 694.2850952148438,
  "summary_gm_median": 694.8849487304688,
  "summary_gm_n": 10868.0,
  "summary_gm_p05": 577.1735443115234,
  "summary_gm_p95": 810.8396453857422,
  "summary_gm_stdv": 70.4970932006836,
  "summary_wm_k": 0.6198855446373193,
  "summary_wm_mad": 51.21416078395515,
  "summary_wm_mean": 999.4856567382812,
  "summary_wm_median": 1000.0,
  "summary_wm_n": 171380.0,
  "summary_wm_p05": 906.8378662109376,
  "summary_wm_p95": 1090.5250549316406,
  "summary_wm_stdv": 55.712860107421875,
  "tpm_overlap_csf": 0.1498301476240158,
  "tpm_overlap_gm": 0.3985486924648285,
  "tpm_overlap_wm": 0.45233169198036194,
  "wm2max": 0.4325568688872852
}