{
  "bids_meta": {
    "AcquisitionNumber": 1,
    "DeviceSerialNumber": "35442  ",
    "EchoNumber": 1,
    "EchoTime": 0.00298,
    "FlipAngle": 9,
    "ImageOrientationPatientDICOM": [
      "-0.0012985420746",
      "0.99999915689388",
      "-1.69069882e-008",
      "0.03279505094275",
      "4.256889148e-005",
      "-0.9994620967408  "
    ],
    "ImageType": [
      "ORIGINAL",
      "PRIMARY",
      "M",
      "ND",
      "NORM "
    ],
    "ImagingFrequency": 123.247119,
    "InPlanePhaseEncodingDirectionDICOM": "ROW  ",
    "IntendedFor": [
      "ses-NAPFU03/asl/sub-9555827_ses-NAPFU03_run-001_asl.nii.gz",
      "ses-NAPFU03/func/sub-9555827_ses-NAPFU03_task-encoding_run-001_bold.nii.gz",
      "ses-NAPFU03/func/sub-9555827_ses-NAPFU03_task-rest_run-001_bold.nii.gz",
      "ses-NAPFU03/fmap/sub-9555827_ses-NAPFU03_run-003_phasediff.nii.gz",
      "ses-NAPFU03/fmap/sub-9555827_ses-NAPFU03_run-002_phasediff.nii.gz",
      "ses-NAPFU03/func/sub-9555827_ses-NAPFU03_task-rest_run-002_bold.nii.gz",
      "ses-NAPFU03/anat/sub-9555827_ses-NAPFU03_run-001_T2star.nii.gz",
      "ses-NAPFU03/fmap/sub-9555827_ses-NAPFU03_run-001_phasediff.nii.gz",
      "ses-NAPFU03/func/sub-9555827_ses-NAPFU03_task-retrieval_run-001_bold.nii.gz"
    ],
    "InversionTime": 0.9,
    "MRAcquisitionType": "3D ",
    "MagneticFieldStrength": 3,
    "Manufacturer": "SIEMENS  ",
    "ManufacturerModelName": "TrioTim  ",
    "Modality": "MRI__ ",
    "PatientPosition": "HFS  ",
    "PercentPhaseFOV": 93.75,
    "PhaseEncodingSteps": 239,
    "PixelBandwidth": 238,
    "ProtocolName": "MPRAGE ADNI_iPAT2  ",
    "PulseSequenceType": "*tfl3d1_ns ",
    "ReceiveCoilName": "HeadMatrixix\\\\ ",
    "RepetitionTime": 2.3,
    "SAR": 0.08000588918889,
    "ScanningSequence": "GR\\\\IR  ",
    "SequenceName": "*tfl3d1_ns ",
    "SequenceVariant": "SP\\\\MP  ",
    "SeriesDescription": "MPRAGE ADNI_iPAT2  ",
    "SeriesNumber": 12,
    "SliceOrder": "interleaved ",
    "SliceThickness": 1,
    "SliceTiming": null,
    "SoftwareVersions": "syngo MR B17 ",
    "dataset": "<unset>",
    "modality": "T1w",
    "run_id": 1,
    "session_id": "NAPFU03",
    "subject_id": "9555827"
  },
  "cjv": 0.3883709075117531,
  "cnr": 3.217532285207567,
  "efc": 0.610915846003246,
  "fber": 104.72795867919922,
  "fwhm_avg": 3.2009700000000003,
  "fwhm_x": 3.26624,
  "fwhm_y": 3.29944,
  "fwhm_z": 3.03723,
  "icvs_csf": 0.20036089057065498,
  "icvs_gm": 0.42454183846178667,
  "icvs_wm": 0.37509727096755835,
  "inu_med": 1.345592975616455,
  "inu_range": 0.3840050458908082,
  "provenance": {
    "md5sum": "9fb6c573b9ccf361e3e11f5015219b5c",
    "settings": {
      "testing": false
    },
    "software": "mriqc",
    "version": "0.16.1",
    "warnings": {
      "large_rot_frame": false,
      "small_air_mask": false
    },
    "webapi_port": null,
    "webapi_url": "https://mriqc.nimh.nih.gov/api/v1"
  },
  "qi_1": 0.0,
  "qi_2": 0.004307127865593689,
  "rpve_csf": 31.20058982493926,
  "rpve_gm": 15.336512994982881,
  "rpve_wm": 20.228056470588236,
  "size_x": 176,
  "size_y": 240,
  "size_z": 256,
  "snr_csf": 2.873000816052276,
  "snr_gm": 9.62295840929108,
  "snr_total": 9.580954178331842,
  "snr_wm": 16.246903309652172,
  "snrd_csf": 11.779727420021233,
  "snrd_gm": 23.399536761836245,
  "snrd_total": 23.370313216767656,
  "snrd_wm": 34.93167546844549,
  "spacing_x": 1.0,
  "spacing_y": 1.0,
  "spacing_z": 1.0,
  "summary_bg_k": 822.1884642334352,
  "summary_bg_mad": 18.75495426043909,
  "summary_bg_mean": 62.82392883300781,
  "summary_bg_median": 60.01519012451172,
  "summary_bg_n": 2987422.0,
  "summary_bg_p05": 32.37270755767822,
  "summary_bg_p95": 95.34977302551268,
  "summary_bg_stdv": 43.52105712890625,
  "summary_csf_k": -0.3782282452141046,
  "summary_csf_mad": 129.40432503795174,
  "summary_csf_mean": 349.8012390136719,
  "summary_csf_median": 337.2248229980469,
  "summary_csf_n": 16877.0,
  "summary_csf_p05": 180.66988830566407,
  "summary_csf_p95": 553.6470947265625,
  "summary_csf_stdv": 117.37373352050781,
  "summary_gm_k": 0.031332331704885696,
  "summary_gm_mad": 68.22264148377668,
  "summary_gm_mean": 670.6551513671875,
  "summary_gm_median": 669.87158203125,
  "summary_gm_n": 11112.0,
  "summary_gm_p05": 555.3569305419921,
  "summary_gm_p95": 786.6762573242188,
  "summary_gm_stdv": 69.60868072509766,
  "summary_wm_k": 0.21470991699982056,
  "summary_wm_mad": 59.99295039722932,
  "summary_wm_mean": 998.0613403320312,
  "summary_wm_median": 1000.008544921875,
  "summary_wm_n": 157842.0,
  "summary_wm_p05": 893.2187011718751,
  "summary_wm_p95": 1095.31455078125,
  "summary_wm_stdv": 61.55052185058594,
  "tpm_overlap_csf": 0.17361950874328613,
  "tpm_overlap_gm": 0.43654248118400574,
  "tpm_overlap_wm": 0.5018433332443237,
  "wm2max": 0.5229052292434487
}