{
  "bids_meta": {
    "AcquisitionNumber": 1,
    "DeviceSerialNumber": "35442  ",
    "EchoNumber": 1,
    "EchoTime": 0.00298,
    "FlipAngle": 9,
    "ImageOrientationPatientDICOM": [
      "0.0158264293024",
      "0.99421198653263",
      "0.10626405775419",
      "0.00252634645665",
      "0.10623726772587",
      "-0.9943375988666 "
    ],
    "ImageType": [
      "ORIGINAL",
      "PRIMARY",
      "M",
      "ND",
      "NORM "
    ],
    "ImagingFrequency": 123.247155,
    "InPlanePhaseEncodingDirectionDICOM": "ROW  ",
    "IntendedFor": [
      "ses-NAPFU12/anat/sub-6852929_ses-NAPFU12_run-001_T2star.nii.gz",
      "ses-NAPFU12/func/sub-6852929_ses-NAPFU12_task-encoding_run-001_bold.nii.gz",
      "ses-NAPFU12/fmap/sub-6852929_ses-NAPFU12_run-003_phasediff.nii.gz",
      "ses-NAPFU12/fmap/sub-6852929_ses-NAPFU12_run-001_phasediff.nii.gz",
      "ses-NAPFU12/func/sub-6852929_ses-NAPFU12_task-retrieval_run-001_bold.nii.gz",
      "ses-NAPFU12/fmap/sub-6852929_ses-NAPFU12_run-002_phasediff.nii.gz",
      "ses-NAPFU12/func/sub-6852929_ses-NAPFU12_task-rest_run-002_bold.nii.gz",
      "ses-NAPFU12/func/sub-6852929_ses-NAPFU12_task-rest_run-001_bold.nii.gz",
      "ses-NAPFU12/asl/sub-6852929_ses-NAPFU12_run-001_asl.nii.gz"
    ],
    "InversionTime": 0.9,
    "MRAcquisitionType": "3D ",
    "MagneticFieldStrength": 3,
    "Manufacturer": "SIEMENS  ",
    "ManufacturerModelName": "TrioTim  ",
    "Modality": "MRI__ ",
    "PatientPosition": "HFS  ",
    "PercentPhaseFOV": 93.75,
    "PhaseEncodingSteps": 239,
    "PixelBandwidth": 238,
    "ProtocolName": "MPRAGE ADNI_iPAT2  ",
    "PulseSequenceType": "*tfl3d1_ns ",
    "ReceiveCoilName": "HeadMatrixix\\\\ ",
    "RepetitionTime": 2.3,
    "SAR": 0.0821735462073,
    "ScanningSequence": "GR\\\\IR  ",
    "SequenceName": "*tfl3d1_ns ",
    "SequenceVariant": "SP\\\\MP  ",
    "SeriesDescription": "MPRAGE ADNI_iPAT2  ",
    "SeriesNumber": 12,
    "SliceOrder": "interleaved ",
    "SliceThickness": 1,
    "SliceTiming": null,
    "SoftwareVersions": "syngo MR B17 ",
    "dataset": "<unset>",
    "modality": "T1w",
    "run_id": 1,
    "session_id": "NAPFU12",
    "subject_id": "6852929"
  },
  "cjv": 0.45460472868454965,
  "cnr": 2.9520994874068838,
  "efc": 0.6246707445481678,
  "fber": 107.18665313720703,
  "fwhm_avg": 3.2160999999999995,
  "fwhm_x": 3.27765,
  "fwhm_y": 3.36427,
  "fwhm_z": 3.00638,
  "icvs_csf": 0.18833117948084274,
  "icvs_gm": 0.4137033393380887,
  "icvs_wm": 0.39796548118106856,
  "inu_med": 1.3373287916183472,
  "inu_range": 0.4173757791519166,
  "provenance": {
    "md5sum": "792c35e7dd3ace6313f8bc5493c4b99c",
    "settings": {
      "testing": false
    },
    "software": "mriqc",
    "version": "0.16.1",
    "warnings": {
      "large_rot_frame": true,
      "small_air_mask": false
    },
    "webapi_port": null,
    "webapi_url": "https://mriqc.nimh.nih.gov/api/v1"
  },
  "qi_1": 0.00015375680832092474,
  "qi_2": 0.0043961304383359455,
  "rpve_csf": 28.21670945550005,
  "rpve_gm": 13.689745303924827,
  "rpve_wm": 17.168777038894454,
  "size_x": 176,
  "size_y": 240,
  "size_z": 256,
  "snr_csf": 3.201210132472834,
  "snr_gm": 9.276611354988745,
  "snr_total": 10.013110649193331,
  "snr_wm": 17.561510460118416,
  "snrd_csf": 11.624979085896001,
  "snrd_gm": 22.925515474606204,
  "snrd_total": 22.288112907032897,
  "snrd_wm": 32.31384416059649,
  "spacing_x": 1.0,
  "spacing_y": 1.0,
  "spacing_z": 1.0,
  "summary_bg_k": 302.70220882243115,
  "summary_bg_mad": 20.27438060249774,
  "summary_bg_mean": 67.05713653564453,
  "summary_bg_median": 65.1671142578125,
  "summary_bg_n": 2728451.0,
  "summary_bg_p05": 35.69449043273926,
  "summary_bg_p95": 103.40615463256836,
  "summary_bg_stdv": 24.38837432861328,
  "summary_csf_k": -0.29301117835219115,
  "summary_csf_mad": 124.92066137992742,
  "summary_csf_mean": 367.07049560546875,
  "summary_csf_median": 359.7560119628906,
  "summary_csf_n": 12768.0,
  "summary_csf_p05": 200.7318908691406,
  "summary_csf_p95": 554.708917236328,
  "summary_csf_stdv": 112.3768539428711,
  "summary_gm_k": -0.09056598937325733,
  "summary_gm_mad": 77.18087446858995,
  "summary_gm_mean": 709.73681640625,
  "summary_gm_median": 709.4715576171875,
  "summary_gm_n": 14462.0,
  "summary_gm_p05": 584.3969177246095,
  "summary_gm_p95": 836.3156463623046,
  "summary_gm_stdv": 76.47695922851562,
  "summary_wm_k": 0.2927109633003617,
  "summary_wm_mad": 54.89944622400336,
  "summary_wm_mean": 999.576171875,
  "summary_wm_median": 1000.0103759765625,
  "summary_wm_n": 209097.0,
  "summary_wm_p05": 904.617822265625,
  "summary_wm_p95": 1092.03779296875,
  "summary_wm_stdv": 56.94316482543945,
  "tpm_overlap_csf": 0.18076872825622559,
  "tpm_overlap_gm": 0.43646368384361267,
  "tpm_overlap_wm": 0.5123406052589417,
  "wm2max": 0.49612015945458493
}