{
  "bids_meta": {
    "AcquisitionNumber": 1,
    "DeviceSerialNumber": "35442  ",
    "EchoNumber": 1,
    "EchoTime": 0.00298,
    "FlipAngle": 9,
    "ImageOrientationPatientDICOM": [
      "-0.0530694131225",
      "0.99859076480902",
      "-0.0003490400752",
      "-0.0105353787355",
      "-0.0009094084966",
      "-0.9999440878225  "
    ],
    "ImageType": [
      "ORIGINAL",
      "PRIMARY",
      "M",
      "ND",
      "NORM "
    ],
    "ImagingFrequency": 123.247481,
    "InPlanePhaseEncodingDirectionDICOM": "ROW  ",
    "IntendedFor": [
      "ses-PREBL00/fmap/sub-8478383_ses-PREBL00_run-003_phasediff.nii.gz",
      "ses-PREBL00/func/sub-8478383_ses-PREBL00_task-rest_run-001_bold.nii.gz",
      "ses-PREBL00/asl/sub-8478383_ses-PREBL00_run-001_asl.nii.gz",
      "ses-PREBL00/fmap/sub-8478383_ses-PREBL00_run-002_phasediff.nii.gz",
      "ses-PREBL00/anat/sub-8478383_ses-PREBL00_run-001_T2star.nii.gz",
      "ses-PREBL00/func/sub-8478383_ses-PREBL00_task-rest_run-002_bold.nii.gz",
      "ses-PREBL00/func/sub-8478383_ses-PREBL00_task-encoding_run-001_bold.nii.gz",
      "ses-PREBL00/fmap/sub-8478383_ses-PREBL00_run-001_phasediff.nii.gz",
      "ses-PREBL00/func/sub-8478383_ses-PREBL00_task-retrieval_run-001_bold.nii.gz"
    ],
    "InversionTime": 0.9,
    "MRAcquisitionType": "3D ",
    "MagneticFieldStrength": 3,
    "Manufacturer": "SIEMENS  ",
    "ManufacturerModelName": "TrioTim  ",
    "Modality": "MRI__ ",
    "PatientPosition": "HFS  ",
    "PercentPhaseFOV": 93.75,
    "PhaseEncodingSteps": 239,
    "PixelBandwidth": 238,
    "ProtocolName": "MPRAGE ADNI_iPAT2  ",
    "PulseSequenceType": "*tfl3d1_ns ",
    "ReceiveCoilName": "HeadMatrixix\\\\ ",
    "RepetitionTime": 2.3,
    "SAR": 0.08505569076878,
    "ScanningSequence": "GR\\\\IR  ",
    "SequenceName": "*tfl3d1_ns ",
    "SequenceVariant": "SP\\\\MP  ",
    "SeriesDescription": "MPRAGE ADNI_iPAT2  ",
    "SeriesNumber": 12,
    "SliceOrder": "interleaved ",
    "SliceThickness": 1,
    "SliceTiming": null,
    "SoftwareVersions": "syngo MR B17 ",
    "dataset": "<unset>",
    "modality": "T1w",
    "run_id": 1,
    "session_id": "PREBL00",
    "subject_id": "8478383"
  },
  "cjv": 0.4169828086216922,
  "cnr": 3.199978001997265,
  "efc": 0.6425980420780615,
  "fber": 102.46905517578125,
  "fwhm_avg": 2.9674866666666664,
  "fwhm_x": 3.01393,
  "fwhm_y": 3.0599,
  "fwhm_z": 2.82863,
  "icvs_csf": 0.20185793977687008,
  "icvs_gm": 0.418773305204057,
  "icvs_wm": 0.37936875501907297,
  "inu_med": 1.3508400917053223,
  "inu_range": 0.4551847577095032,
  "provenance": {
    "md5sum": "62229f3b2f558b1f727c7f1999d6c2a9",
    "settings": {
      "testing": false
    },
    "software": "mriqc",
    "version": "0.16.1",
    "warnings": {
      "large_rot_frame": true,
      "small_air_mask": false
    },
    "webapi_port": null,
    "webapi_url": "https://mriqc.nimh.nih.gov/api/v1"
  },
  "qi_1": 0.0,
  "qi_2": 0.004828928862085654,
  "rpve_csf": 24.888448257069243,
  "rpve_gm": 12.486468398524124,
  "rpve_wm": 16.40778805387331,
  "size_x": 176,
  "size_y": 240,
  "size_z": 256,
  "snr_csf": 1.107034198962475,
  "snr_gm": 9.00666139413906,
  "snr_total": 8.812021062973129,
  "snr_wm": 16.32236759581785,
  "snrd_csf": 12.544996497576973,
  "snrd_gm": 22.136365243765614,
  "snrd_total": 22.422806236334566,
  "snrd_wm": 32.58705696766111,
  "spacing_x": 1.0,
  "spacing_y": 1.0,
  "spacing_z": 1.0,
  "summary_bg_k": 1382.5503005756786,
  "summary_bg_mad": 20.104365247233087,
  "summary_bg_mean": 66.16114044189453,
  "summary_bg_median": 64.47627258300781,
  "summary_bg_n": 2594537.0,
  "summary_bg_p05": 35.298911285400386,
  "summary_bg_p95": 101.83284301757813,
  "summary_bg_stdv": 24.547405242919922,
  "summary_csf_k": 7.034526365589187,
  "summary_csf_mad": 133.04459127611355,
  "summary_csf_mean": 476.78948974609375,
  "summary_csf_median": 384.9720458984375,
  "summary_csf_n": 10125.0,
  "summary_csf_p05": 209.3968719482422,
  "summary_csf_p95": 1474.9941894531248,
  "summary_csf_stdv": 347.733642578125,
  "summary_gm_k": 0.11472053829414453,
  "summary_gm_mad": 73.95808780410218,
  "summary_gm_mean": 678.5155639648438,
  "summary_gm_median": 679.3052368164062,
  "summary_gm_n": 11323.0,
  "summary_gm_p05": 551.2393920898437,
  "summary_gm_p95": 800.7814086914061,
  "summary_gm_stdv": 75.41920471191406,
  "summary_wm_k": 0.15737418734808895,
  "summary_wm_mad": 59.769754695816715,
  "summary_wm_mean": 998.3126220703125,
  "summary_wm_median": 1000.0087280273438,
  "summary_wm_n": 199081.0,
  "summary_wm_p05": 894.4559326171875,
  "summary_wm_p95": 1096.2755126953125,
  "summary_wm_stdv": 61.2660026550293,
  "tpm_overlap_csf": 0.1380738914012909,
  "tpm_overlap_gm": 0.40786707401275635,
  "tpm_overlap_wm": 0.482469379901886,
  "wm2max": 0.48622933731503254
}