{
  "bids_meta": {
    "AcquisitionNumber": 1,
    "DeviceSerialNumber": "35442  ",
    "EchoNumber": 1,
    "EchoTime": 0.00298,
    "FlipAngle": 9,
    "ImageOrientationPatientDICOM": [
      "-0.0114728249834",
      "0.98887412277434",
      "0.14831164348826",
      "-0.0147524521726",
      "0.14813787105413",
      "-0.9888566813823  "
    ],
    "ImageType": [
      "ORIGINAL",
      "PRIMARY",
      "M",
      "ND",
      "NORM "
    ],
    "ImagingFrequency": 123.251415,
    "InPlanePhaseEncodingDirectionDICOM": "ROW  ",
    "IntendedFor": [
      "ses-PREFU24/func/sub-2448082_ses-PREFU24_task-rest_run-001_bold.nii.gz",
      "ses-PREFU24/func/sub-2448082_ses-PREFU24_task-retrieval_run-001_bold.nii.gz",
      "ses-PREFU24/fmap/sub-2448082_ses-PREFU24_run-004_phasediff.nii.gz",
      "ses-PREFU24/dwi/sub-2448082_ses-PREFU24_run-001_dwi.nii.gz",
      "ses-PREFU24/fmap/sub-2448082_ses-PREFU24_run-001_phasediff.nii.gz",
      "ses-PREFU24/asl/sub-2448082_ses-PREFU24_run-001_asl.nii.gz",
      "ses-PREFU24/func/sub-2448082_ses-PREFU24_task-rest_run-002_bold.nii.gz",
      "ses-PREFU24/anat/sub-2448082_ses-PREFU24_run-001_FLAIR.nii.gz",
      "ses-PREFU24/fmap/sub-2448082_ses-PREFU24_run-003_phasediff.nii.gz",
      "ses-PREFU24/fmap/sub-2448082_ses-PREFU24_run-005_phasediff.nii.gz",
      "ses-PREFU24/anat/sub-2448082_ses-PREFU24_run-001_T2star.nii.gz",
      "ses-PREFU24/anat/sub-2448082_ses-PREFU24_run-002_T1w.nii.gz",
      "ses-PREFU24/func/sub-2448082_ses-PREFU24_task-encoding_run-001_bold.nii.gz",
      "ses-PREFU24/fmap/sub-2448082_ses-PREFU24_run-002_phasediff.nii.gz"
    ],
    "InversionTime": 0.9,
    "MRAcquisitionType": "3D ",
    "MagneticFieldStrength": 3,
    "Manufacturer": "SIEMENS  ",
    "ManufacturerModelName": "TrioTim  ",
    "Modality": "MRI__ ",
    "PatientPosition": "HFS  ",
    "PercentPhaseFOV": 93.75,
    "PhaseEncodingSteps": 239,
    "PixelBandwidth": 238,
    "ProtocolName": "MPRAGE ADNI_iPAT2  ",
    "PulseSequenceType": "*tfl3d1_ns ",
    "ReceiveCoilName": "HeadMatrixix\\\\ ",
    "RepetitionTime": 2.3,
    "SAR": 0.07740820084788,
    "ScanningSequence": "GR\\\\IR  ",
    "SequenceName": "*tfl3d1_ns ",
    "SequenceVariant": "SP\\\\MP  ",
    "SeriesDescription": "MPRAGE ADNI_iPAT2  ",
    "SeriesNumber": 12,
    "SliceOrder": "interleaved ",
    "SliceThickness": 1,
    "SliceTiming": null,
    "SoftwareVersions": "syngo MR B17 ",
    "dataset": "<unset>",
    "modality": "T1w",
    "run_id": 1,
    "session_id": "PREFU24",
    "subject_id": "2448082"
  },
  "cjv": 0.4013098317464119,
  "cnr": 3.3531362011056736,
  "efc": 0.6201419756435327,
  "fber": 98.44829559326172,
  "fwhm_avg": 3.3559733333333335,
  "fwhm_x": 3.35712,
  "fwhm_y": 3.51928,
  "fwhm_z": 3.19152,
  "icvs_csf": 0.22280207826564388,
  "icvs_gm": 0.4024519010492115,
  "icvs_wm": 0.3747460206851446,
  "inu_med": 1.3001837730407715,
  "inu_range": 0.4258057296276092,
  "provenance": {
    "md5sum": "babc776127011efb2d5f0ac53432023a",
    "settings": {
      "testing": false
    },
    "software": "mriqc",
    "version": "0.16.1",
    "warnings": {
      "large_rot_frame": true,
      "small_air_mask": false
    },
    "webapi_port": null,
    "webapi_url": "https://mriqc.nimh.nih.gov/api/v1"
  },
  "qi_1": 0.0,
  "qi_2": 0.004946767927972451,
  "rpve_csf": 24.460231649672036,
  "rpve_gm": 13.537949358539812,
  "rpve_wm": 17.62982206802837,
  "size_x": 176,
  "size_y": 240,
  "size_z": 256,
  "snr_csf": 2.7784420081013503,
  "snr_gm": 8.767679551021432,
  "snr_total": 9.83695711737168,
  "snr_wm": 17.964749792992258,
  "snrd_csf": 11.377414344309857,
  "snrd_gm": 23.31991831423496,
  "snrd_total": 23.08920702043942,
  "snrd_wm": 34.57028840277345,
  "spacing_x": 1.0,
  "spacing_y": 1.0,
  "spacing_z": 1.0,
  "summary_bg_k": 480.01434366301623,
  "summary_bg_mad": 18.951019671468654,
  "summary_bg_mean": 62.98610305786133,
  "summary_bg_median": 61.464393615722656,
  "summary_bg_n": 2560698.0,
  "summary_bg_p05": 34.04690589904785,
  "summary_bg_p95": 96.9876811981201,
  "summary_bg_stdv": 20.048786163330078,
  "summary_csf_k": -0.3449029314758887,
  "summary_csf_mad": 127.05770479530253,
  "summary_csf_mean": 346.9046936035156,
  "summary_csf_median": 329.112548828125,
  "summary_csf_n": 23254.0,
  "summary_csf_p05": 180.74216384887694,
  "summary_csf_p95": 556.1077331542969,
  "summary_csf_stdv": 118.44964599609375,
  "summary_gm_k": -0.015339141591156569,
  "summary_gm_mad": 76.34822283812247,
  "summary_gm_mean": 671.9658203125,
  "summary_gm_median": 674.5713500976562,
  "summary_gm_n": 13281.0,
  "summary_gm_p05": 541.0673828125,
  "summary_gm_p95": 795.3880004882812,
  "summary_gm_stdv": 76.93551635742188,
  "summary_wm_k": 0.24733513363858295,
  "summary_wm_mad": 54.253070024858744,
  "summary_wm_mean": 999.834228515625,
  "summary_wm_median": 1000.0089111328125,
  "summary_wm_n": 197117.0,
  "summary_wm_p05": 908.2323364257812,
  "summary_wm_p95": 1090.8795654296873,
  "summary_wm_stdv": 55.664920806884766,
  "tpm_overlap_csf": 0.1537831872701645,
  "tpm_overlap_gm": 0.40968063473701477,
  "tpm_overlap_wm": 0.4768766462802887,
  "wm2max": 0.477972014284639
}