{
  "bids_meta": {
    "AcquisitionNumber": 1,
    "DeviceSerialNumber": "35442  ",
    "EchoNumber": 1,
    "EchoTime": 0.00298,
    "FlipAngle": 9,
    "ImageOrientationPatientDICOM": [
      "-0.0690489673319",
      "0.99754590396811",
      "-0.0115935148611",
      "-0.0323194479796",
      "-0.013851963954",
      "-0.9993815969773 "
    ],
    "ImageType": [
      "ORIGINAL",
      "PRIMARY",
      "M",
      "ND",
      "NORM "
    ],
    "ImagingFrequency": 123.247059,
    "InPlanePhaseEncodingDirectionDICOM": "ROW  ",
    "IntendedFor": [
      "ses-PREFU12/func/sub-7125565_ses-PREFU12_task-retrieval_run-001_bold.nii.gz",
      "ses-PREFU12/asl/sub-7125565_ses-PREFU12_run-001_asl.nii.gz",
      "ses-PREFU12/func/sub-7125565_ses-PREFU12_task-rest_run-001_bold.nii.gz",
      "ses-PREFU12/fmap/sub-7125565_ses-PREFU12_run-003_phasediff.nii.gz",
      "ses-PREFU12/fmap/sub-7125565_ses-PREFU12_run-002_phasediff.nii.gz",
      "ses-PREFU12/func/sub-7125565_ses-PREFU12_task-rest_run-002_bold.nii.gz",
      "ses-PREFU12/func/sub-7125565_ses-PREFU12_task-encoding_run-001_bold.nii.gz",
      "ses-PREFU12/fmap/sub-7125565_ses-PREFU12_run-001_phasediff.nii.gz",
      "ses-PREFU12/anat/sub-7125565_ses-PREFU12_run-001_T2star.nii.gz"
    ],
    "InversionTime": 0.9,
    "MRAcquisitionType": "3D ",
    "MagneticFieldStrength": 3,
    "Manufacturer": "SIEMENS  ",
    "ManufacturerModelName": "TrioTim  ",
    "Modality": "MRI__ ",
    "PatientPosition": "HFS  ",
    "PercentPhaseFOV": 93.75,
    "PhaseEncodingSteps": 239,
    "PixelBandwidth": 238,
    "ProtocolName": "MPRAGE ADNI_iPAT2  ",
    "PulseSequenceType": "*tfl3d1_ns ",
    "ReceiveCoilName": "HeadMatrixix\\\\ ",
    "RepetitionTime": 2.3,
    "SAR": 0.08840726957541,
    "ScanningSequence": "GR\\\\IR  ",
    "SequenceName": "*tfl3d1_ns ",
    "SequenceVariant": "SP\\\\MP  ",
    "SeriesDescription": "MPRAGE ADNI_iPAT2  ",
    "SeriesNumber": 12,
    "SliceOrder": "interleaved ",
    "SliceThickness": 1,
    "SliceTiming": null,
    "SoftwareVersions": "syngo MR B17 ",
    "dataset": "<unset>",
    "modality": "T1w",
    "run_id": 1,
    "session_id": "PREFU12",
    "subject_id": "7125565"
  },
  "cjv": 0.38979293092744866,
  "cnr": 3.407015717936789,
  "efc": 0.603571043238359,
  "fber": 104.05106353759766,
  "fwhm_avg": 3.280043333333333,
  "fwhm_x": 3.36665,
  "fwhm_y": 3.34526,
  "fwhm_z": 3.12822,
  "icvs_csf": 0.22371495737333688,
  "icvs_gm": 0.4153420796495002,
  "icvs_wm": 0.36094296297716294,
  "inu_med": 1.296799659729004,
  "inu_range": 0.3948137521743773,
  "provenance": {
    "md5sum": "24dc6a33baaade97b759aeeca350472f",
    "settings": {
      "testing": false
    },
    "software": "mriqc",
    "version": "0.16.1",
    "warnings": {
      "large_rot_frame": true,
      "small_air_mask": false
    },
    "webapi_port": null,
    "webapi_url": "https://mriqc.nimh.nih.gov/api/v1"
  },
  "qi_1": 0.0,
  "qi_2": 0.004906022328519903,
  "rpve_csf": 26.005119135585623,
  "rpve_gm": 14.127508307495884,
  "rpve_wm": 19.448183424198323,
  "size_x": 176,
  "size_y": 240,
  "size_z": 256,
  "snr_csf": 2.855151005877812,
  "snr_gm": 8.635247726406545,
  "snr_total": 9.531278713770662,
  "snr_wm": 17.10343740902763,
  "snrd_csf": 10.910328928803763,
  "snrd_gm": 23.363181532569946,
  "snrd_total": 23.205735496760088,
  "snrd_wm": 35.343696028906564,
  "spacing_x": 1.0,
  "spacing_y": 1.0,
  "spacing_z": 1.0,
  "summary_bg_k": 1358.4646549924305,
  "summary_bg_mad": 18.536195438910894,
  "summary_bg_mean": 61.155677795410156,
  "summary_bg_median": 59.197208404541016,
  "summary_bg_n": 2975450.0,
  "summary_bg_p05": 32.60572834014893,
  "summary_bg_p95": 95.06761398315429,
  "summary_bg_stdv": 24.91575813293457,
  "summary_csf_k": -0.0491395383102784,
  "summary_csf_mad": 114.55013757332358,
  "summary_csf_mean": 323.38873291015625,
  "summary_csf_median": 308.6929626464844,
  "summary_csf_n": 16797.0,
  "summary_csf_p05": 169.2233856201172,
  "summary_csf_p95": 511.06322631835934,
  "summary_csf_stdv": 108.11469268798828,
  "summary_gm_k": -0.10264606468408344,
  "summary_gm_mad": 75.82346635221462,
  "summary_gm_mean": 659.5894165039062,
  "summary_gm_median": 661.029541015625,
  "summary_gm_n": 13211.0,
  "summary_gm_p05": 528.1117858886719,
  "summary_gm_p95": 783.7770385742188,
  "summary_gm_stdv": 76.54725646972656,
  "summary_wm_k": 0.30804905123311777,
  "summary_wm_mad": 56.30558366744566,
  "summary_wm_mean": 999.851318359375,
  "summary_wm_median": 1000.001953125,
  "summary_wm_n": 168742.0,
  "summary_wm_p05": 903.2067291259766,
  "summary_wm_p95": 1095.2886291503905,
  "summary_wm_stdv": 58.46772003173828,
  "tpm_overlap_csf": 0.16745923459529877,
  "tpm_overlap_gm": 0.43311306834220886,
  "tpm_overlap_wm": 0.49793770909309387,
  "wm2max": 0.5057750082430412
}