{
  "bids_meta": {
    "AcquisitionNumber": 1,
    "DeviceSerialNumber": "35442  ",
    "EchoNumber": 1,
    "EchoTime": 0.00298,
    "FlipAngle": 9,
    "ImageOrientationPatientDICOM": [
      "-0.0441566493616",
      "0.97612859888266",
      "0.21265735059136",
      "0.05088238898881",
      "0.21478614800071",
      "-0.9753347595148  "
    ],
    "ImageType": [
      "ORIGINAL",
      "PRIMARY",
      "M",
      "ND",
      "NORM "
    ],
    "ImagingFrequency": 123.251504,
    "InPlanePhaseEncodingDirectionDICOM": "ROW  ",
    "IntendedFor": [
      "ses-NAPFU48/asl/sub-9779747_ses-NAPFU48_run-001_asl.nii.gz",
      "ses-NAPFU48/func/sub-9779747_ses-NAPFU48_task-rest_run-001_bold.nii.gz",
      "ses-NAPFU48/fmap/sub-9779747_ses-NAPFU48_run-004_phasediff.nii.gz",
      "ses-NAPFU48/func/sub-9779747_ses-NAPFU48_task-retrieval_run-001_bold.nii.gz",
      "ses-NAPFU48/fmap/sub-9779747_ses-NAPFU48_run-003_phasediff.nii.gz",
      "ses-NAPFU48/fmap/sub-9779747_ses-NAPFU48_run-002_phasediff.nii.gz",
      "ses-NAPFU48/dwi/sub-9779747_ses-NAPFU48_run-001_dwi.nii.gz",
      "ses-NAPFU48/fmap/sub-9779747_ses-NAPFU48_run-005_phasediff.nii.gz",
      "ses-NAPFU48/fmap/sub-9779747_ses-NAPFU48_run-001_phasediff.nii.gz",
      "ses-NAPFU48/func/sub-9779747_ses-NAPFU48_task-rest_run-002_bold.nii.gz",
      "ses-NAPFU48/anat/sub-9779747_ses-NAPFU48_run-002_T1w.nii.gz",
      "ses-NAPFU48/anat/sub-9779747_ses-NAPFU48_run-001_FLAIR.nii.gz",
      "ses-NAPFU48/func/sub-9779747_ses-NAPFU48_task-encoding_run-001_bold.nii.gz",
      "ses-NAPFU48/anat/sub-9779747_ses-NAPFU48_run-001_T2star.nii.gz"
    ],
    "InversionTime": 0.9,
    "MRAcquisitionType": "3D ",
    "MagneticFieldStrength": 3,
    "Manufacturer": "SIEMENS  ",
    "ManufacturerModelName": "TrioTim  ",
    "Modality": "MRI__ ",
    "PatientPosition": "HFS  ",
    "PercentPhaseFOV": 93.75,
    "PhaseEncodingSteps": 239,
    "PixelBandwidth": 238,
    "ProtocolName": "MPRAGE ADNI_iPAT2  ",
    "PulseSequenceType": "*tfl3d1_ns ",
    "ReceiveCoilName": "HeadMatrixix\\\\ ",
    "RepetitionTime": 2.3,
    "SAR": 0.09173066173542,
    "ScanningSequence": "GR\\\\IR  ",
    "SequenceName": "*tfl3d1_ns ",
    "SequenceVariant": "SP\\\\MP  ",
    "SeriesDescription": "MPRAGE ADNI_iPAT2  ",
    "SeriesNumber": 12,
    "SliceOrder": "interleaved ",
    "SliceThickness": 1,
    "SliceTiming": null,
    "SoftwareVersions": "syngo MR B17 ",
    "dataset": "<unset>",
    "modality": "T1w",
    "run_id": 1,
    "session_id": "NAPFU48",
    "subject_id": "9779747"
  },
  "cjv": 0.4747597062367562,
  "cnr": 2.834737484372793,
  "efc": 0.6244511515310125,
  "fber": 116.1153793334961,
  "fwhm_avg": 3.0954599999999997,
  "fwhm_x": 3.11137,
  "fwhm_y": 3.22451,
  "fwhm_z": 2.9505,
  "icvs_csf": 0.1927067430327693,
  "icvs_gm": 0.403697800480727,
  "icvs_wm": 0.4035954564865037,
  "inu_med": 1.4187188148498535,
  "inu_range": 0.39845557212829563,
  "provenance": {
    "md5sum": "0082be9bad07af1edc7402fd6bf1679b",
    "settings": {
      "testing": false
    },
    "software": "mriqc",
    "version": "0.16.1",
    "warnings": {
      "large_rot_frame": true,
      "small_air_mask": false
    },
    "webapi_port": null,
    "webapi_url": "https://mriqc.nimh.nih.gov/api/v1"
  },
  "qi_1": 9.219774692692916e-05,
  "qi_2": 0.004437691091770126,
  "rpve_csf": 28.615369038102852,
  "rpve_gm": 14.355060011241182,
  "rpve_wm": 17.645305396712818,
  "size_x": 176,
  "size_y": 240,
  "size_z": 256,
  "snr_csf": 2.7843752509358475,
  "snr_gm": 8.974746453777804,
  "snr_total": 9.737697805370704,
  "snr_wm": 17.45397171139846,
  "snrd_csf": 11.566302588004278,
  "snrd_gm": 24.54475846934349,
  "snrd_total": 23.483094621107497,
  "snrd_wm": 34.33822280597472,
  "spacing_x": 1.0,
  "spacing_y": 1.0,
  "spacing_z": 1.0,
  "summary_bg_k": 1164.0200200263332,
  "summary_bg_mad": 19.07900767884163,
  "summary_bg_mean": 60.23309326171875,
  "summary_bg_median": 58.54011535644531,
  "summary_bg_n": 2449263.0,
  "summary_bg_p05": 31.0012300491333,
  "summary_bg_p95": 94.31626052856444,
  "summary_bg_stdv": 22.299808502197266,
  "summary_csf_k": 2.395710096019312,
  "summary_csf_mad": 130.41454235465352,
  "summary_csf_mean": 356.19976806640625,
  "summary_csf_median": 336.8360900878906,
  "summary_csf_n": 11698.0,
  "summary_csf_p05": 188.59384078979494,
  "summary_csf_p95": 568.3699829101562,
  "summary_csf_stdv": 120.96849822998047,
  "summary_gm_k": -0.09215208765565208,
  "summary_gm_mad": 79.441562330151,
  "summary_gm_mean": 716.4363403320312,
  "summary_gm_median": 714.7971801757812,
  "summary_gm_n": 11285.0,
  "summary_gm_p05": 586.5038818359375,
  "summary_gm_p95": 851.0977172851562,
  "summary_gm_stdv": 79.64186096191406,
  "summary_wm_k": 0.1874697956002378,
  "summary_wm_mad": 55.96330199682204,
  "summary_wm_mean": 1000.0844116210938,
  "summary_wm_median": 1000.0043334960938,
  "summary_wm_n": 211882.0,
  "summary_wm_p05": 905.9737548828125,
  "summary_wm_p95": 1094.4175537109375,
  "summary_wm_stdv": 57.293663024902344,
  "tpm_overlap_csf": 0.1715327799320221,
  "tpm_overlap_gm": 0.426319420337677,
  "tpm_overlap_wm": 0.5126974582672119,
  "wm2max": 0.4996534300775912
}