{
  "bids_meta": {
    "AcquisitionNumber": 1,
    "DeviceSerialNumber": "35442  ",
    "EchoNumber": 1,
    "EchoTime": 0.00298,
    "FlipAngle": 9,
    "ImageOrientationPatientDICOM": [
      "0.00509734836774",
      "0.98618860397133",
      "0.16554774065721",
      "0.03987536542677",
      "0.16521776320508",
      "-0.9854506816445  "
    ],
    "ImageType": [
      "ORIGINAL",
      "PRIMARY",
      "M",
      "ND",
      "NORM "
    ],
    "ImagingFrequency": 123.247071,
    "InPlanePhaseEncodingDirectionDICOM": "ROW  ",
    "IntendedFor": [
      "ses-PREFU24/anat/sub-1004359_ses-PREFU24_run-001_FLAIR.nii.gz",
      "ses-PREFU24/dwi/sub-1004359_ses-PREFU24_run-001_dwi.nii.gz",
      "ses-PREFU24/fmap/sub-1004359_ses-PREFU24_run-001_phasediff.nii.gz",
      "ses-PREFU24/fmap/sub-1004359_ses-PREFU24_run-002_phasediff.nii.gz"
    ],
    "InversionTime": 0.9,
    "MRAcquisitionType": "3D ",
    "MagneticFieldStrength": 3,
    "Manufacturer": "SIEMENS  ",
    "ManufacturerModelName": "TrioTim  ",
    "Modality": "MRI__ ",
    "PatientPosition": "HFS  ",
    "PercentPhaseFOV": 93.75,
    "PhaseEncodingSteps": 239,
    "PixelBandwidth": 238,
    "ProtocolName": "MPRAGE ADNI_iPAT2  ",
    "PulseSequenceType": "*tfl3d1_ns ",
    "ReceiveCoilName": "HeadMatrixix\\\\ ",
    "RepetitionTime": 2.3,
    "SAR": 0.08305110366807,
    "ScanningSequence": "GR\\\\IR  ",
    "SequenceName": "*tfl3d1_ns ",
    "SequenceVariant": "SP\\\\MP  ",
    "SeriesDescription": "MPRAGE ADNI_iPAT2  ",
    "SeriesNumber": 4,
    "SliceOrder": "interleaved ",
    "SliceThickness": 1,
    "SliceTiming": null,
    "SoftwareVersions": "syngo MR B17 ",
    "dataset": "<unset>",
    "modality": "T1w",
    "run_id": 1,
    "session_id": "PREFU24",
    "subject_id": "1004359"
  },
  "cjv": 0.39839532103966396,
  "cnr": 3.3336951920386264,
  "efc": 0.5899297280828898,
  "fber": 133.3954315185547,
  "fwhm_avg": 3.1881,
  "fwhm_x": 3.2856,
  "fwhm_y": 3.29357,
  "fwhm_z": 2.98513,
  "icvs_csf": 0.201848901883253,
  "icvs_gm": 0.41884219029966296,
  "icvs_wm": 0.37930890781708404,
  "inu_med": 1.4094741344451904,
  "inu_range": 0.44491558074951176,
  "provenance": {
    "md5sum": "da0aa9040ddea416fdfd71d336741a6e",
    "settings": {
      "testing": false
    },
    "software": "mriqc",
    "version": "0.16.1",
    "warnings": {
      "large_rot_frame": true,
      "small_air_mask": false
    },
    "webapi_port": null,
    "webapi_url": "https://mriqc.nimh.nih.gov/api/v1"
  },
  "qi_1": 0.0,
  "qi_2": 0.005591314308313948,
  "rpve_csf": 31.754469258063278,
  "rpve_gm": 15.747548846203733,
  "rpve_wm": 20.58065584820967,
  "size_x": 176,
  "size_y": 240,
  "size_z": 256,
  "snr_csf": 3.0423542124692156,
  "snr_gm": 9.228599873690435,
  "snr_total": 9.546241257433225,
  "snr_wm": 16.367769686140026,
  "snrd_csf": 11.949900293467524,
  "snrd_gm": 23.709261292611714,
  "snrd_total": 23.642073435336773,
  "snrd_wm": 35.26705871993108,
  "spacing_x": 1.0,
  "spacing_y": 1.0,
  "spacing_z": 1.0,
  "summary_bg_k": 1771.6901266750917,
  "summary_bg_mad": 18.57628288903284,
  "summary_bg_mean": 55.70528030395508,
  "summary_bg_median": 54.19755554199219,
  "summary_bg_n": 2875042.0,
  "summary_bg_p05": 27.64826602935791,
  "summary_bg_p95": 88.34254455566406,
  "summary_bg_stdv": 25.003801345825195,
  "summary_csf_k": -0.45693293950899383,
  "summary_csf_mad": 127.53243114805873,
  "summary_csf_mean": 347.2036437988281,
  "summary_csf_median": 338.8374328613281,
  "summary_csf_n": 12153.0,
  "summary_csf_p05": 185.29351501464845,
  "summary_csf_p95": 532.2378173828124,
  "summary_csf_stdv": 111.36885070800781,
  "summary_gm_k": 0.1255282576626371,
  "summary_gm_mad": 71.25847403550613,
  "summary_gm_mean": 671.254150390625,
  "summary_gm_median": 672.2721557617188,
  "summary_gm_n": 10401.0,
  "summary_gm_p05": 549.2249145507812,
  "summary_gm_p95": 788.6395874023438,
  "summary_gm_stdv": 72.84310150146484,
  "summary_wm_k": 0.23328228578038912,
  "summary_wm_mad": 59.30341005878861,
  "summary_wm_mean": 999.9503173828125,
  "summary_wm_median": 999.9915771484375,
  "summary_wm_n": 161016.0,
  "summary_wm_p05": 898.8317260742188,
  "summary_wm_p95": 1099.4748229980469,
  "summary_wm_stdv": 61.094974517822266,
  "tpm_overlap_csf": 0.1770498901605606,
  "tpm_overlap_gm": 0.4336174428462982,
  "tpm_overlap_wm": 0.5036435723304749,
  "wm2max": 0.5195410996407066
}