{
  "bids_meta": {
    "AcquisitionNumber": 1,
    "DeviceSerialNumber": "35442  ",
    "EchoNumber": 1,
    "EchoTime": 0.00298,
    "FlipAngle": 9,
    "ImageOrientationPatientDICOM": [
      "-0.071845547956",
      "0.9974157694958",
      "5.127994e-009",
      "0.02385629112504",
      "0.00171841421303",
      "-0.9997139212927 "
    ],
    "ImageType": [
      "ORIGINAL",
      "PRIMARY",
      "M",
      "ND",
      "NORM "
    ],
    "ImagingFrequency": 123.247329,
    "InPlanePhaseEncodingDirectionDICOM": "ROW  ",
    "IntendedFor": [
      "ses-NAPBL00/func/sub-1322140_ses-NAPBL00_task-retrieval_run-001_bold.nii.gz",
      "ses-NAPBL00/fmap/sub-1322140_ses-NAPBL00_run-003_phasediff.nii.gz",
      "ses-NAPBL00/asl/sub-1322140_ses-NAPBL00_run-001_asl.nii.gz",
      "ses-NAPBL00/func/sub-1322140_ses-NAPBL00_task-rest_run-002_bold.nii.gz",
      "ses-NAPBL00/func/sub-1322140_ses-NAPBL00_task-encoding_run-001_bold.nii.gz",
      "ses-NAPBL00/func/sub-1322140_ses-NAPBL00_task-rest_run-001_bold.nii.gz",
      "ses-NAPBL00/anat/sub-1322140_ses-NAPBL00_run-001_T2star.nii.gz",
      "ses-NAPBL00/fmap/sub-1322140_ses-NAPBL00_run-002_phasediff.nii.gz",
      "ses-NAPBL00/fmap/sub-1322140_ses-NAPBL00_run-001_phasediff.nii.gz"
    ],
    "InversionTime": 0.9,
    "MRAcquisitionType": "3D ",
    "MagneticFieldStrength": 3,
    "Manufacturer": "SIEMENS  ",
    "ManufacturerModelName": "TrioTim  ",
    "Modality": "MRI__ ",
    "PatientPosition": "HFS  ",
    "PercentPhaseFOV": 93.75,
    "PhaseEncodingSteps": 239,
    "PixelBandwidth": 238,
    "ProtocolName": "MPRAGE ADNI_iPAT2  ",
    "PulseSequenceType": "*tfl3d1_ns ",
    "ReceiveCoilName": "HeadMatrixix\\\\ ",
    "RepetitionTime": 2.3,
    "SAR": 0.07728325523206,
    "ScanningSequence": "GR\\\\IR  ",
    "SequenceName": "*tfl3d1_ns ",
    "SequenceVariant": "SP\\\\MP  ",
    "SeriesDescription": "MPRAGE ADNI_iPAT2  ",
    "SeriesNumber": 12,
    "SliceOrder": "interleaved ",
    "SliceThickness": 1,
    "SliceTiming": null,
    "SoftwareVersions": "syngo MR B17 ",
    "dataset": "<unset>",
    "modality": "T1w",
    "run_id": 1,
    "session_id": "NAPBL00",
    "subject_id": "1322140"
  },
  "cjv": 0.44089963381777697,
  "cnr": 2.982726154277327,
  "efc": 0.5991577837193178,
  "fber": 86.34542083740234,
  "fwhm_avg": 3.096016666666667,
  "fwhm_x": 3.17217,
  "fwhm_y": 3.18852,
  "fwhm_z": 2.92736,
  "icvs_csf": 0.21447431139340772,
  "icvs_gm": 0.4113892768528306,
  "icvs_wm": 0.37413641175376167,
  "inu_med": 1.3984715938568115,
  "inu_range": 0.3917162299156187,
  "provenance": {
    "md5sum": "8bd038810aebedfb0122e8690bb5b601",
    "settings": {
      "testing": false
    },
    "software": "mriqc",
    "version": "0.16.1",
    "warnings": {
      "large_rot_frame": true,
      "small_air_mask": false
    },
    "webapi_port": null,
    "webapi_url": "https://mriqc.nimh.nih.gov/api/v1"
  },
  "qi_1": 0.0,
  "qi_2": 0.004271976903102953,
  "rpve_csf": 31.515278233941725,
  "rpve_gm": 16.780259310587287,
  "rpve_wm": 22.417944790070965,
  "size_x": 176,
  "size_y": 240,
  "size_z": 256,
  "snr_csf": 3.5491653043754794,
  "snr_gm": 9.32134402957957,
  "snr_total": 9.884242623792597,
  "snr_wm": 16.782218537422743,
  "snrd_csf": 13.088523823475951,
  "snrd_gm": 21.916198512584863,
  "snrd_total": 22.075101519927717,
  "snrd_wm": 31.22058222372235,
  "spacing_x": 1.0,
  "spacing_y": 1.0,
  "spacing_z": 1.0,
  "summary_bg_k": 1520.6055393181803,
  "summary_bg_mad": 20.98425876128813,
  "summary_bg_mean": 70.138671875,
  "summary_bg_median": 68.25770568847656,
  "summary_bg_n": 3288074.0,
  "summary_bg_p05": 37.799156570434576,
  "summary_bg_p95": 107.77497787475582,
  "summary_bg_stdv": 27.601184844970703,
  "summary_csf_k": -0.5699937389540688,
  "summary_csf_mad": 131.51825935044897,
  "summary_csf_mean": 406.90753173828125,
  "summary_csf_median": 419.230224609375,
  "summary_csf_n": 5064.0,
  "summary_csf_p05": 207.83644943237303,
  "summary_csf_p95": 585.0187561035157,
  "summary_csf_stdv": 118.109130859375,
  "summary_gm_k": 0.03343377531693248,
  "summary_gm_mad": 73.61105536343024,
  "summary_gm_mean": 701.1124877929688,
  "summary_gm_median": 701.98388671875,
  "summary_gm_n": 8373.0,
  "summary_gm_p05": 573.550244140625,
  "summary_gm_p95": 825.5568115234373,
  "summary_gm_stdv": 75.30480194091797,
  "summary_wm_k": 0.2668607257273341,
  "summary_wm_mad": 57.7870999956545,
  "summary_wm_mean": 1000.6846923828125,
  "summary_wm_median": 1000.0067138671875,
  "summary_wm_n": 146573.0,
  "summary_wm_p05": 903.7336181640626,
  "summary_wm_p95": 1099.5894775390625,
  "summary_wm_stdv": 59.587074279785156,
  "tpm_overlap_csf": 0.14769905805587769,
  "tpm_overlap_gm": 0.4225011467933655,
  "tpm_overlap_wm": 0.4997386336326599,
  "wm2max": 0.47920832144871806
}