{
  "bids_meta": {
    "AcquisitionNumber": 1,
    "DeviceSerialNumber": "35442  ",
    "EchoNumber": 1,
    "EchoTime": 0.00298,
    "FlipAngle": 9,
    "ImageOrientationPatientDICOM": [
      "-0.0612522170554",
      "0.99812225922011",
      "-0.0003486475932",
      "0.0448930891777",
      "0.00240602405664",
      "-0.9989888996342 "
    ],
    "ImageType": [
      "ORIGINAL",
      "PRIMARY",
      "M",
      "ND",
      "NORM "
    ],
    "ImagingFrequency": 123.251307,
    "InPlanePhaseEncodingDirectionDICOM": "ROW  ",
    "InversionTime": 0.9,
    "MRAcquisitionType": "3D ",
    "MagneticFieldStrength": 3,
    "Manufacturer": "SIEMENS  ",
    "ManufacturerModelName": "TrioTim  ",
    "Modality": "MRI__ ",
    "PatientPosition": "HFS  ",
    "PercentPhaseFOV": 93.75,
    "PhaseEncodingSteps": 239,
    "PixelBandwidth": 238,
    "ProtocolName": "MPRAGE ADNI_iPAT2  ",
    "PulseSequenceType": "*tfl3d1_ns ",
    "ReceiveCoilName": "32Ch_Headad\\\\  ",
    "RepetitionTime": 2.3,
    "SAR": 0.08734266799358,
    "ScanningSequence": "GR\\\\IR  ",
    "SequenceName": "*tfl3d1_ns ",
    "SequenceVariant": "SP\\\\MP  ",
    "SeriesDescription": "MPRAGE ADNI_iPAT2  ",
    "SeriesNumber": 4,
    "SliceOrder": "interleaved ",
    "SliceThickness": 1,
    "SliceTiming": null,
    "SoftwareVersions": "syngo MR B17 ",
    "dataset": "<unset>",
    "modality": "T1w",
    "run_id": 1,
    "session_id": "PREEN00",
    "subject_id": "4280226"
  },
  "cjv": 0.4306362676094022,
  "cnr": 2.8748907215467407,
  "efc": 0.6027316618455091,
  "fber": 87.94654083251953,
  "fwhm_avg": 3.25745,
  "fwhm_x": 3.33376,
  "fwhm_y": 3.37831,
  "fwhm_z": 3.06028,
  "icvs_csf": 0.18404305971741394,
  "icvs_gm": 0.4263616213839531,
  "icvs_wm": 0.38959531889863297,
  "inu_med": 1.398871898651123,
  "inu_range": 0.4376881122589109,
  "provenance": {
    "md5sum": "33804e7e2892bd9b75235f4c1bfa2d60",
    "settings": {
      "testing": false
    },
    "software": "mriqc",
    "version": "0.16.1",
    "warnings": {
      "large_rot_frame": true,
      "small_air_mask": false
    },
    "webapi_port": null,
    "webapi_url": "https://mriqc.nimh.nih.gov/api/v1"
  },
  "qi_1": 0.0,
  "qi_2": 0.0063709119493396225,
  "rpve_csf": 28.59309307310319,
  "rpve_gm": 13.30677979848395,
  "rpve_wm": 17.406731963208284,
  "size_x": 176,
  "size_y": 240,
  "size_z": 256,
  "snr_csf": 2.7705196718204164,
  "snr_gm": 10.025390827556683,
  "snr_total": 11.098513641145544,
  "snr_wm": 20.499630424059536,
  "snrd_csf": 17.81375692483835,
  "snrd_gm": 41.356422345196144,
  "snrd_total": 38.5961473486259,
  "snrd_wm": 56.618262775843206,
  "spacing_x": 1.0,
  "spacing_y": 1.0,
  "spacing_z": 1.0,
  "summary_bg_k": 7138.161632365101,
  "summary_bg_mad": 11.571099954598587,
  "summary_bg_mean": 71.46400451660156,
  "summary_bg_median": 70.10128784179688,
  "summary_bg_n": 3013201.0,
  "summary_bg_p05": 53.08163833618164,
  "summary_bg_p95": 92.29887390136719,
  "summary_bg_stdv": 33.22047805786133,
  "summary_csf_k": 6.702998548306226,
  "summary_csf_mad": 100.20620543459864,
  "summary_csf_mean": 339.7480163574219,
  "summary_csf_median": 314.6287841796875,
  "summary_csf_n": 9341.0,
  "summary_csf_p05": 196.87913513183594,
  "summary_csf_p95": 559.2178344726562,
  "summary_csf_stdv": 113.55701446533203,
  "summary_gm_k": 0.18432806467909746,
  "summary_gm_mad": 70.63078419855154,
  "summary_gm_mean": 730.52490234375,
  "summary_gm_median": 730.4422607421875,
  "summary_gm_n": 18152.0,
  "summary_gm_p05": 611.1090881347657,
  "summary_gm_p95": 852.1858642578125,
  "summary_gm_stdv": 72.85722351074219,
  "summary_wm_k": 0.6223578089586272,
  "summary_wm_mad": 45.450028861623665,
  "summary_wm_mean": 1000.2696533203125,
  "summary_wm_median": 999.998779296875,
  "summary_wm_n": 193030.0,
  "summary_wm_p05": 920.5644287109375,
  "summary_wm_p95": 1080.423693847656,
  "summary_wm_stdv": 48.78118133544922,
  "tpm_overlap_csf": 0.1751125305891037,
  "tpm_overlap_gm": 0.42584067583084106,
  "tpm_overlap_wm": 0.4993729591369629,
  "wm2max": 0.3967566998544871
}