{
  "bids_meta": {
    "AcquisitionNumber": 1,
    "DeviceSerialNumber": "35442  ",
    "EchoNumber": 1,
    "EchoTime": 0.00298,
    "FlipAngle": 9,
    "ImageOrientationPatientDICOM": [
      "0.04992140173334",
      "0.99875308890721",
      "-0.000347918497",
      "0.08149681695114",
      "-0.0044207053361",
      "-0.9966637979736 "
    ],
    "ImageType": [
      "ORIGINAL",
      "PRIMARY",
      "M",
      "ND",
      "NORM "
    ],
    "ImagingFrequency": 123.247359,
    "InPlanePhaseEncodingDirectionDICOM": "ROW  ",
    "IntendedFor": [
      "ses-NAPFU03/anat/sub-7492583_ses-NAPFU03_run-001_T2star.nii.gz",
      "ses-NAPFU03/fmap/sub-7492583_ses-NAPFU03_run-003_phasediff.nii.gz",
      "ses-NAPFU03/asl/sub-7492583_ses-NAPFU03_run-001_asl.nii.gz",
      "ses-NAPFU03/func/sub-7492583_ses-NAPFU03_task-rest_run-001_bold.nii.gz",
      "ses-NAPFU03/func/sub-7492583_ses-NAPFU03_task-encoding_run-001_bold.nii.gz",
      "ses-NAPFU03/fmap/sub-7492583_ses-NAPFU03_run-001_phasediff.nii.gz",
      "ses-NAPFU03/func/sub-7492583_ses-NAPFU03_task-rest_run-002_bold.nii.gz",
      "ses-NAPFU03/func/sub-7492583_ses-NAPFU03_task-retrieval_run-001_bold.nii.gz",
      "ses-NAPFU03/fmap/sub-7492583_ses-NAPFU03_run-002_phasediff.nii.gz"
    ],
    "InversionTime": 0.9,
    "MRAcquisitionType": "3D ",
    "MagneticFieldStrength": 3,
    "Manufacturer": "SIEMENS  ",
    "ManufacturerModelName": "TrioTim  ",
    "Modality": "MRI__ ",
    "PatientPosition": "HFS  ",
    "PercentPhaseFOV": 93.75,
    "PhaseEncodingSteps": 239,
    "PixelBandwidth": 238,
    "ProtocolName": "MPRAGE ADNI_iPAT2  ",
    "PulseSequenceType": "*tfl3d1_ns ",
    "ReceiveCoilName": "HeadMatrixix\\\\ ",
    "RepetitionTime": 2.3,
    "SAR": 0.0717443851526,
    "ScanningSequence": "GR\\\\IR  ",
    "SequenceName": "*tfl3d1_ns ",
    "SequenceVariant": "SP\\\\MP  ",
    "SeriesDescription": "MPRAGE ADNI_iPAT2  ",
    "SeriesNumber": 12,
    "SliceOrder": "interleaved ",
    "SliceThickness": 1,
    "SliceTiming": null,
    "SoftwareVersions": "syngo MR B17 ",
    "dataset": "<unset>",
    "modality": "T1w",
    "run_id": 1,
    "session_id": "NAPFU03",
    "subject_id": "7492583"
  },
  "cjv": 0.4452234695974102,
  "cnr": 2.9011481822203744,
  "efc": 0.6083295411063862,
  "fber": 74.75572204589844,
  "fwhm_avg": 3.4113366666666667,
  "fwhm_x": 3.40282,
  "fwhm_y": 3.67807,
  "fwhm_z": 3.15312,
  "icvs_csf": 0.2186094387752753,
  "icvs_gm": 0.4067293670652624,
  "icvs_wm": 0.37466119415946225,
  "inu_med": 1.3983639478683472,
  "inu_range": 0.44364588260650617,
  "provenance": {
    "md5sum": "dd44a5990ec0d4cd068dc4a8c3b91279",
    "settings": {
      "testing": false
    },
    "software": "mriqc",
    "version": "0.16.1",
    "warnings": {
      "large_rot_frame": true,
      "small_air_mask": false
    },
    "webapi_port": null,
    "webapi_url": "https://mriqc.nimh.nih.gov/api/v1"
  },
  "qi_1": 2.413924620720715e-06,
  "qi_2": 0.004069344176782351,
  "rpve_csf": 32.071662384707885,
  "rpve_gm": 17.492489161554193,
  "rpve_wm": 22.931854280774093,
  "size_x": 176,
  "size_y": 240,
  "size_z": 256,
  "snr_csf": 2.966810646612253,
  "snr_gm": 9.156653542929437,
  "snr_total": 10.061691817835268,
  "snr_wm": 18.061611263964114,
  "snrd_csf": 9.773110607237353,
  "snrd_gm": 22.294073649239884,
  "snrd_total": 21.15393344255102,
  "snrd_wm": 31.394616071175815,
  "spacing_x": 1.0,
  "spacing_y": 1.0,
  "spacing_z": 1.0,
  "summary_bg_k": 2248.5442760791875,
  "summary_bg_mad": 20.868291898840972,
  "summary_bg_mean": 70.29199981689453,
  "summary_bg_median": 68.50975036621094,
  "summary_bg_n": 2686140.0,
  "summary_bg_p05": 38.05122718811035,
  "summary_bg_p95": 107.28955879211425,
  "summary_bg_stdv": 30.069503784179688,
  "summary_csf_k": -0.19160645581867364,
  "summary_csf_mad": 102.32565968943773,
  "summary_csf_mean": 331.5220642089844,
  "summary_csf_median": 311.3063659667969,
  "summary_csf_n": 11265.0,
  "summary_csf_p05": 188.6537353515625,
  "summary_csf_p95": 527.6081909179686,
  "summary_csf_stdv": 104.92498016357422,
  "summary_gm_k": 0.029196355381262418,
  "summary_gm_mad": 75.72537426207424,
  "summary_gm_mean": 711.5455322265625,
  "summary_gm_median": 710.1410522460938,
  "summary_gm_n": 14607.0,
  "summary_gm_p05": 585.6485900878906,
  "summary_gm_p95": 843.2156555175779,
  "summary_gm_stdv": 77.55199432373047,
  "summary_wm_k": 0.38641149947366227,
  "summary_wm_mad": 53.33725729583128,
  "summary_wm_mean": 999.6981201171875,
  "summary_wm_median": 1000.0238647460938,
  "summary_wm_n": 153976.0,
  "summary_wm_p05": 908.1629791259766,
  "summary_wm_p95": 1089.81298828125,
  "summary_wm_stdv": 55.3671875,
  "tpm_overlap_csf": 0.1774778664112091,
  "tpm_overlap_gm": 0.4330439567565918,
  "tpm_overlap_wm": 0.5069670677185059,
  "wm2max": 0.544774940353232
}