{
  "bids_meta": {
    "AcquisitionNumber": 1,
    "DeviceSerialNumber": "35442  ",
    "EchoNumber": 1,
    "EchoTime": 0.00298,
    "FlipAngle": 9,
    "ImageOrientationPatientDICOM": [
      "-0.00968490302",
      "0.99995303932744",
      "-0.0003489889822",
      "-0.0189042287213",
      "-0.0005320371748",
      "-0.9998211575441  "
    ],
    "ImageType": [
      "ORIGINAL",
      "PRIMARY",
      "M",
      "ND",
      "NORM "
    ],
    "ImagingFrequency": 123.247232,
    "InPlanePhaseEncodingDirectionDICOM": "ROW  ",
    "IntendedFor": [
      "ses-NAPFU12/func/sub-2424540_ses-NAPFU12_task-retrieval_run-001_bold.nii.gz",
      "ses-NAPFU12/asl/sub-2424540_ses-NAPFU12_run-001_asl.nii.gz",
      "ses-NAPFU12/func/sub-2424540_ses-NAPFU12_task-rest_run-001_bold.nii.gz",
      "ses-NAPFU12/fmap/sub-2424540_ses-NAPFU12_run-002_phasediff.nii.gz",
      "ses-NAPFU12/fmap/sub-2424540_ses-NAPFU12_run-003_phasediff.nii.gz",
      "ses-NAPFU12/func/sub-2424540_ses-NAPFU12_task-encoding_run-001_bold.nii.gz",
      "ses-NAPFU12/fmap/sub-2424540_ses-NAPFU12_run-001_phasediff.nii.gz",
      "ses-NAPFU12/func/sub-2424540_ses-NAPFU12_task-rest_run-002_bold.nii.gz",
      "ses-NAPFU12/anat/sub-2424540_ses-NAPFU12_run-001_T2star.nii.gz"
    ],
    "InversionTime": 0.9,
    "MRAcquisitionType": "3D ",
    "MagneticFieldStrength": 3,
    "Manufacturer": "SIEMENS  ",
    "ManufacturerModelName": "TrioTim  ",
    "Modality": "MRI__ ",
    "PatientPosition": "HFS  ",
    "PercentPhaseFOV": 93.75,
    "PhaseEncodingSteps": 239,
    "PixelBandwidth": 238,
    "ProtocolName": "MPRAGE ADNI_iPAT2  ",
    "PulseSequenceType": "*tfl3d1_ns ",
    "ReceiveCoilName": "HeadMatrixix\\\\ ",
    "RepetitionTime": 2.3,
    "SAR": 0.08632989876778,
    "ScanningSequence": "GR\\\\IR  ",
    "SequenceName": "*tfl3d1_ns ",
    "SequenceVariant": "SP\\\\MP  ",
    "SeriesDescription": "MPRAGE ADNI_iPAT2  ",
    "SeriesNumber": 12,
    "SliceOrder": "interleaved ",
    "SliceThickness": 1,
    "SliceTiming": null,
    "SoftwareVersions": "syngo MR B17 ",
    "dataset": "<unset>",
    "modality": "T1w",
    "run_id": 1,
    "session_id": "NAPFU12",
    "subject_id": "2424540"
  },
  "cjv": 0.42070600044755674,
  "cnr": 3.1454980962456256,
  "efc": 0.5937637096548647,
  "fber": 110.93570709228516,
  "fwhm_avg": 3.1147499999999995,
  "fwhm_x": 3.15605,
  "fwhm_y": 3.23024,
  "fwhm_z": 2.95796,
  "icvs_csf": 0.20903846429460607,
  "icvs_gm": 0.4128695344690411,
  "icvs_wm": 0.3780920012363528,
  "inu_med": 1.249792456626892,
  "inu_range": 0.37982138991355896,
  "provenance": {
    "md5sum": "6aaeff8c7e0be12b25f4daa8b7b6ecd6",
    "settings": {
      "testing": false
    },
    "software": "mriqc",
    "version": "0.16.1",
    "warnings": {
      "large_rot_frame": false,
      "small_air_mask": false
    },
    "webapi_port": null,
    "webapi_url": "https://mriqc.nimh.nih.gov/api/v1"
  },
  "qi_1": 6.012788382581272e-05,
  "qi_2": 0.006065248916153224,
  "rpve_csf": 28.40888373052173,
  "rpve_gm": 14.401027126003749,
  "rpve_wm": 18.491223810065065,
  "size_x": 176,
  "size_y": 240,
  "size_z": 256,
  "snr_csf": 2.97987960373881,
  "snr_gm": 9.44918863816294,
  "snr_total": 9.450932949954405,
  "snr_wm": 15.923730607961467,
  "snrd_csf": 10.347615074982121,
  "snrd_gm": 24.073217915967284,
  "snrd_total": 23.120772208096895,
  "snrd_wm": 34.94148363334128,
  "spacing_x": 1.0,
  "spacing_y": 1.0,
  "spacing_z": 1.0,
  "summary_bg_k": 1678.7044798514837,
  "summary_bg_mad": 18.74897903596761,
  "summary_bg_mean": 61.49129867553711,
  "summary_bg_median": 59.95249938964844,
  "summary_bg_n": 2606270.0,
  "summary_bg_p05": 32.85088901519775,
  "summary_bg_p95": 94.74252052307125,
  "summary_bg_stdv": 22.787179946899414,
  "summary_csf_k": 0.8709520185226096,
  "summary_csf_mad": 90.08054988991351,
  "summary_csf_mean": 312.7030334472656,
  "summary_csf_median": 296.132568359375,
  "summary_csf_n": 15421.0,
  "summary_csf_p05": 177.68399047851562,
  "summary_csf_p95": 498.9963073730469,
  "summary_csf_stdv": 99.37413787841797,
  "summary_gm_k": 0.2629840595508446,
  "summary_gm_mad": 70.35496806317525,
  "summary_gm_mean": 683.6534423828125,
  "summary_gm_median": 688.9378662109375,
  "summary_gm_n": 5536.0,
  "summary_gm_p05": 553.4801940917969,
  "summary_gm_p95": 796.3501434326172,
  "summary_gm_stdv": 72.90315246582031,
  "summary_wm_k": 0.3013104740710766,
  "summary_wm_mad": 60.49838708494069,
  "summary_wm_mean": 1000.2108154296875,
  "summary_wm_median": 999.9706420898438,
  "summary_wm_n": 153489.0,
  "summary_wm_p05": 897.3608276367188,
  "summary_wm_p95": 1103.824462890625,
  "summary_wm_stdv": 62.797306060791016,
  "tpm_overlap_csf": 0.14806263148784637,
  "tpm_overlap_gm": 0.4009144902229309,
  "tpm_overlap_wm": 0.45181310176849365,
  "wm2max": 0.48090183949158144
}