{
  "bids_meta": {
    "AcquisitionNumber": 1,
    "DeviceSerialNumber": "35442  ",
    "EchoNumber": 1,
    "EchoTime": 0.00298,
    "FlipAngle": 9,
    "ImageOrientationPatientDICOM": [
      "-0.0515473456108",
      "0.99851887577498",
      "0.01740476605817",
      "0.07283654288185",
      "0.02114047917315",
      "-0.9971198113373  "
    ],
    "ImageType": [
      "ORIGINAL",
      "PRIMARY",
      "M",
      "ND",
      "NORM "
    ],
    "ImagingFrequency": 123.247337,
    "InPlanePhaseEncodingDirectionDICOM": "ROW  ",
    "IntendedFor": [
      "ses-NAPFU24/func/sub-4541749_ses-NAPFU24_task-rest_run-002_bold.nii.gz",
      "ses-NAPFU24/fmap/sub-4541749_ses-NAPFU24_run-001_phasediff.nii.gz",
      "ses-NAPFU24/func/sub-4541749_ses-NAPFU24_task-retrieval_run-001_bold.nii.gz",
      "ses-NAPFU24/func/sub-4541749_ses-NAPFU24_task-rest_run-001_bold.nii.gz",
      "ses-NAPFU24/fmap/sub-4541749_ses-NAPFU24_run-002_phasediff.nii.gz",
      "ses-NAPFU24/asl/sub-4541749_ses-NAPFU24_run-001_asl.nii.gz",
      "ses-NAPFU24/anat/sub-4541749_ses-NAPFU24_run-001_T2star.nii.gz",
      "ses-NAPFU24/func/sub-4541749_ses-NAPFU24_task-encoding_run-001_bold.nii.gz",
      "ses-NAPFU24/fmap/sub-4541749_ses-NAPFU24_run-003_phasediff.nii.gz"
    ],
    "InversionTime": 0.9,
    "MRAcquisitionType": "3D ",
    "MagneticFieldStrength": 3,
    "Manufacturer": "SIEMENS  ",
    "ManufacturerModelName": "TrioTim  ",
    "Modality": "MRI__ ",
    "PatientPosition": "HFS  ",
    "PercentPhaseFOV": 93.75,
    "PhaseEncodingSteps": 239,
    "PixelBandwidth": 238,
    "ProtocolName": "MPRAGE ADNI_iPAT2  ",
    "PulseSequenceType": "*tfl3d1_ns ",
    "ReceiveCoilName": "HeadMatrixix\\\\ ",
    "RepetitionTime": 2.3,
    "SAR": 0.09853345176851,
    "ScanningSequence": "GR\\\\IR  ",
    "SequenceName": "*tfl3d1_ns ",
    "SequenceVariant": "SP\\\\MP  ",
    "SeriesDescription": "MPRAGE ADNI_iPAT2  ",
    "SeriesNumber": 12,
    "SliceOrder": "interleaved ",
    "SliceThickness": 1,
    "SliceTiming": null,
    "SoftwareVersions": "syngo MR B17 ",
    "dataset": "<unset>",
    "modality": "T1w",
    "run_id": 1,
    "session_id": "NAPFU24",
    "subject_id": "4541749"
  },
  "cjv": 0.41775211425891895,
  "cnr": 3.138655553806666,
  "efc": 0.6048105540689247,
  "fber": 88.57714080810547,
  "fwhm_avg": 3.120006666666667,
  "fwhm_x": 3.10768,
  "fwhm_y": 3.3026,
  "fwhm_z": 2.94974,
  "icvs_csf": 0.2190121172368273,
  "icvs_gm": 0.4062840584575595,
  "icvs_wm": 0.3747038243056132,
  "inu_med": 1.3178869485855103,
  "inu_range": 0.4331034898757935,
  "provenance": {
    "md5sum": "fb84c5cd8a43916b9b6cc157ec4b1878",
    "settings": {
      "testing": false
    },
    "software": "mriqc",
    "version": "0.16.1",
    "warnings": {
      "large_rot_frame": true,
      "small_air_mask": false
    },
    "webapi_port": null,
    "webapi_url": "https://mriqc.nimh.nih.gov/api/v1"
  },
  "qi_1": 0.0,
  "qi_2": 0.004303882164920649,
  "rpve_csf": 31.608348252475988,
  "rpve_gm": 16.840235306721112,
  "rpve_wm": 21.739417660325454,
  "size_x": 176,
  "size_y": 240,
  "size_z": 256,
  "snr_csf": 2.7636501331248664,
  "snr_gm": 9.757973896087712,
  "snr_total": 9.855304916518643,
  "snr_wm": 17.04429072034335,
  "snrd_csf": 10.525037455272098,
  "snrd_gm": 22.405842982541266,
  "snrd_total": 21.625594133288683,
  "snrd_wm": 31.945901962052687,
  "spacing_x": 1.0,
  "spacing_y": 1.0,
  "spacing_z": 1.0,
  "summary_bg_k": 27.26268762291906,
  "summary_bg_mad": 20.50727579275898,
  "summary_bg_mean": 68.31185150146484,
  "summary_bg_median": 66.76622772216797,
  "summary_bg_n": 2979333.0,
  "summary_bg_p05": 36.93008728027344,
  "summary_bg_p95": 104.86696166992186,
  "summary_bg_stdv": 21.10167121887207,
  "summary_csf_k": -0.3154705084328109,
  "summary_csf_mad": 126.68234871605685,
  "summary_csf_mean": 348.1595458984375,
  "summary_csf_median": 329.4578857421875,
  "summary_csf_n": 8486.0,
  "summary_csf_p05": 181.0161247253418,
  "summary_csf_p95": 563.3841247558594,
  "summary_csf_stdv": 119.20411682128906,
  "summary_gm_k": 0.35087965481855843,
  "summary_gm_mad": 68.50547066065286,
  "summary_gm_mean": 700.0215454101562,
  "summary_gm_median": 701.3544311523438,
  "summary_gm_n": 5677.0,
  "summary_gm_p05": 578.8321044921875,
  "summary_gm_p95": 813.0496459960938,
  "summary_gm_stdv": 71.8686752319336,
  "summary_wm_k": 0.3617751567979073,
  "summary_wm_mad": 56.24608592826918,
  "summary_wm_mean": 999.8317260742188,
  "summary_wm_median": 999.980224609375,
  "summary_wm_n": 143360.0,
  "summary_wm_p05": 903.0891021728515,
  "summary_wm_p95": 1095.626544189453,
  "summary_wm_stdv": 58.669307708740234,
  "tpm_overlap_csf": 0.1479572057723999,
  "tpm_overlap_gm": 0.39786043763160706,
  "tpm_overlap_wm": 0.4669540524482727,
  "wm2max": 0.5034565813802193
}