{
  "bids_meta": {
    "AcquisitionNumber": 1,
    "DeviceSerialNumber": "35442  ",
    "EchoNumber": 1,
    "EchoTime": 0.00298,
    "FlipAngle": 9,
    "ImageOrientationPatientDICOM": [
      "-0.0100352475827",
      "0.99994958500148",
      "-0.0003482259582",
      "-0.0690133943832",
      "-0.0010400144374",
      "-0.9976151912264  "
    ],
    "ImageType": [
      "ORIGINAL",
      "PRIMARY",
      "M",
      "ND",
      "NORM "
    ],
    "ImagingFrequency": 123.247436,
    "InPlanePhaseEncodingDirectionDICOM": "ROW  ",
    "IntendedFor": [
      "ses-NAPFU03/func/sub-5984591_ses-NAPFU03_task-rest_run-002_bold.nii.gz",
      "ses-NAPFU03/fmap/sub-5984591_ses-NAPFU03_run-003_phasediff.nii.gz",
      "ses-NAPFU03/func/sub-5984591_ses-NAPFU03_task-rest_run-001_bold.nii.gz",
      "ses-NAPFU03/func/sub-5984591_ses-NAPFU03_task-encoding_run-001_bold.nii.gz",
      "ses-NAPFU03/fmap/sub-5984591_ses-NAPFU03_run-002_phasediff.nii.gz",
      "ses-NAPFU03/func/sub-5984591_ses-NAPFU03_task-retrieval_run-001_bold.nii.gz",
      "ses-NAPFU03/anat/sub-5984591_ses-NAPFU03_run-001_T2star.nii.gz",
      "ses-NAPFU03/asl/sub-5984591_ses-NAPFU03_run-001_asl.nii.gz",
      "ses-NAPFU03/fmap/sub-5984591_ses-NAPFU03_run-001_phasediff.nii.gz"
    ],
    "InversionTime": 0.9,
    "MRAcquisitionType": "3D ",
    "MagneticFieldStrength": 3,
    "Manufacturer": "SIEMENS  ",
    "ManufacturerModelName": "TrioTim  ",
    "Modality": "MRI__ ",
    "PatientPosition": "HFS  ",
    "PercentPhaseFOV": 93.75,
    "PhaseEncodingSteps": 239,
    "PixelBandwidth": 238,
    "ProtocolName": "MPRAGE ADNI_iPAT2  ",
    "PulseSequenceType": "*tfl3d1_ns ",
    "ReceiveCoilName": "HeadMatrixix\\\\ ",
    "RepetitionTime": 2.3,
    "SAR": 0.07797707816056,
    "ScanningSequence": "GR\\\\IR  ",
    "SequenceName": "*tfl3d1_ns ",
    "SequenceVariant": "SP\\\\MP  ",
    "SeriesDescription": "MPRAGE ADNI_iPAT2  ",
    "SeriesNumber": 12,
    "SliceOrder": "interleaved ",
    "SliceThickness": 1,
    "SliceTiming": null,
    "SoftwareVersions": "syngo MR B17 ",
    "dataset": "<unset>",
    "modality": "T1w",
    "run_id": 1,
    "session_id": "NAPFU03",
    "subject_id": "5984591"
  },
  "cjv": 0.3903327685600015,
  "cnr": 3.368888020715045,
  "efc": 0.619789725900872,
  "fber": 111.54547119140625,
  "fwhm_avg": 3.3112999999999997,
  "fwhm_x": 3.33882,
  "fwhm_y": 3.47234,
  "fwhm_z": 3.12274,
  "icvs_csf": 0.2163755945200794,
  "icvs_gm": 0.4129613452530646,
  "icvs_wm": 0.370663060226856,
  "inu_med": 1.459299087524414,
  "inu_range": 0.4716369748115541,
  "provenance": {
    "md5sum": "75c3969d9c5f13459ee2fb6ea46cf9ca",
    "settings": {
      "testing": false
    },
    "software": "mriqc",
    "version": "0.16.1",
    "warnings": {
      "large_rot_frame": false,
      "small_air_mask": false
    },
    "webapi_port": null,
    "webapi_url": "https://mriqc.nimh.nih.gov/api/v1"
  },
  "qi_1": 0.0,
  "qi_2": 0.005866116085788948,
  "rpve_csf": 28.91081876853681,
  "rpve_gm": 15.46151362605129,
  "rpve_wm": 20.67464100108094,
  "size_x": 176,
  "size_y": 240,
  "size_z": 256,
  "snr_csf": 2.8905005990293984,
  "snr_gm": 9.621180003057606,
  "snr_total": 10.159028987863278,
  "snr_wm": 17.965406361502833,
  "snrd_csf": 11.49247371234521,
  "snrd_gm": 23.7298765775042,
  "snrd_total": 23.31547824107086,
  "snrd_wm": 34.724084433363174,
  "spacing_x": 1.0,
  "spacing_y": 1.0,
  "spacing_z": 1.0,
  "summary_bg_k": 2043.534125223202,
  "summary_bg_mad": 18.866817928040952,
  "summary_bg_mean": 57.162044525146484,
  "summary_bg_median": 55.26736068725586,
  "summary_bg_n": 2759971.0,
  "summary_bg_p05": 28.007139205932617,
  "summary_bg_p95": 89.83607482910156,
  "summary_bg_stdv": 26.262298583984375,
  "summary_csf_k": -0.1684926106612994,
  "summary_csf_mad": 123.00904200334475,
  "summary_csf_mean": 345.882080078125,
  "summary_csf_median": 330.9637756347656,
  "summary_csf_n": 12804.0,
  "summary_csf_p05": 182.26932601928712,
  "summary_csf_p95": 543.4994293212891,
  "summary_csf_stdv": 114.49603271484375,
  "summary_gm_k": 0.07651291787891346,
  "summary_gm_mad": 70.07593950233772,
  "summary_gm_mean": 681.7102661132812,
  "summary_gm_median": 683.3802490234375,
  "summary_gm_n": 11099.0,
  "summary_gm_p05": 560.2621948242188,
  "summary_gm_p95": 796.3934082031251,
  "summary_gm_stdv": 71.0255355834961,
  "summary_wm_k": 0.3347111805925014,
  "summary_wm_mad": 53.50909943529308,
  "summary_wm_mean": 998.5235595703125,
  "summary_wm_median": 999.9948120117188,
  "summary_wm_n": 162154.0,
  "summary_wm_p05": 904.4486694335938,
  "summary_wm_p95": 1087.4587890625,
  "summary_wm_stdv": 55.662071228027344,
  "tpm_overlap_csf": 0.1768844574689865,
  "tpm_overlap_gm": 0.4406377971172333,
  "tpm_overlap_wm": 0.5150055885314941,
  "wm2max": 0.5207090639620784
}