{
  "bids_meta": {
    "AcquisitionNumber": 1,
    "DeviceSerialNumber": "35442  ",
    "EchoNumber": 1,
    "EchoTime": 0.00298,
    "FlipAngle": 9,
    "ImageOrientationPatientDICOM": [
      "0.00212199921549",
      "0.97993318675399",
      "0.199314943287",
      "-0.0230793540036",
      "0.19931029322442",
      "-0.9796646111979  "
    ],
    "ImageType": [
      "ORIGINAL",
      "PRIMARY",
      "M",
      "ND",
      "NORM "
    ],
    "ImagingFrequency": 123.247183,
    "InPlanePhaseEncodingDirectionDICOM": "ROW  ",
    "IntendedFor": [
      "ses-PREBL00/func/sub-2448082_ses-PREBL00_task-encoding_run-001_bold.nii.gz",
      "ses-PREBL00/fmap/sub-2448082_ses-PREBL00_run-003_phasediff.nii.gz",
      "ses-PREBL00/func/sub-2448082_ses-PREBL00_task-rest_run-001_bold.nii.gz",
      "ses-PREBL00/func/sub-2448082_ses-PREBL00_task-rest_run-002_bold.nii.gz",
      "ses-PREBL00/fmap/sub-2448082_ses-PREBL00_run-001_phasediff.nii.gz",
      "ses-PREBL00/anat/sub-2448082_ses-PREBL00_run-001_T2star.nii.gz",
      "ses-PREBL00/func/sub-2448082_ses-PREBL00_task-retrieval_run-001_bold.nii.gz",
      "ses-PREBL00/asl/sub-2448082_ses-PREBL00_run-001_asl.nii.gz",
      "ses-PREBL00/fmap/sub-2448082_ses-PREBL00_run-002_phasediff.nii.gz"
    ],
    "InversionTime": 0.9,
    "MRAcquisitionType": "3D ",
    "MagneticFieldStrength": 3,
    "Manufacturer": "SIEMENS  ",
    "ManufacturerModelName": "TrioTim  ",
    "Modality": "MRI__ ",
    "PatientPosition": "HFS  ",
    "PercentPhaseFOV": 93.75,
    "PhaseEncodingSteps": 239,
    "PixelBandwidth": 238,
    "ProtocolName": "MPRAGE ADNI_iPAT2  ",
    "PulseSequenceType": "*tfl3d1_ns ",
    "ReceiveCoilName": "HeadMatrixix\\\\ ",
    "RepetitionTime": 2.3,
    "SAR": 0.08022582588343,
    "ScanningSequence": "GR\\\\IR  ",
    "SequenceName": "*tfl3d1_ns ",
    "SequenceVariant": "SP\\\\MP  ",
    "SeriesDescription": "MPRAGE ADNI_iPAT2  ",
    "SeriesNumber": 12,
    "SliceOrder": "interleaved ",
    "SliceThickness": 1,
    "SliceTiming": null,
    "SoftwareVersions": "syngo MR B17 ",
    "dataset": "<unset>",
    "modality": "T1w",
    "run_id": 1,
    "session_id": "PREBL00",
    "subject_id": "2448082"
  },
  "cjv": 0.39764799924526945,
  "cnr": 3.3518069877687235,
  "efc": 0.6197099890366107,
  "fber": 98.4824447631836,
  "fwhm_avg": 3.2800166666666666,
  "fwhm_x": 3.30054,
  "fwhm_y": 3.39375,
  "fwhm_z": 3.14576,
  "icvs_csf": 0.21465615752135409,
  "icvs_gm": 0.40358666837920687,
  "icvs_wm": 0.38175717409943905,
  "inu_med": 1.292048454284668,
  "inu_range": 0.4253023028373719,
  "provenance": {
    "md5sum": "6b18b9800d9a49c8f8f0367a8307a207",
    "settings": {
      "testing": false
    },
    "software": "mriqc",
    "version": "0.16.1",
    "warnings": {
      "large_rot_frame": true,
      "small_air_mask": false
    },
    "webapi_port": null,
    "webapi_url": "https://mriqc.nimh.nih.gov/api/v1"
  },
  "qi_1": 6.090011097761187e-05,
  "qi_2": 0.005083013863759779,
  "rpve_csf": 25.08413619981208,
  "rpve_gm": 13.460238354016685,
  "rpve_wm": 17.33789910852782,
  "size_x": 176,
  "size_y": 240,
  "size_z": 256,
  "snr_csf": 2.80254423252147,
  "snr_gm": 8.67803088121761,
  "snr_total": 9.858045133883147,
  "snr_wm": 18.093560287910364,
  "snrd_csf": 11.400335930675793,
  "snrd_gm": 23.453837959996374,
  "snrd_total": 23.234788262952748,
  "snrd_wm": 34.85019089818607,
  "spacing_x": 1.0,
  "spacing_y": 1.0,
  "spacing_z": 1.0,
  "summary_bg_k": 1075.257783663373,
  "summary_bg_mad": 18.798539747793036,
  "summary_bg_mean": 62.699951171875,
  "summary_bg_median": 61.12787628173828,
  "summary_bg_n": 2509250.0,
  "summary_bg_p05": 33.944660377502444,
  "summary_bg_p95": 96.37396430969235,
  "summary_bg_stdv": 21.21700096130371,
  "summary_csf_k": -0.27802119972623274,
  "summary_csf_mad": 123.2462411650426,
  "summary_csf_mean": 345.23895263671875,
  "summary_csf_median": 327.1222229003906,
  "summary_csf_n": 19977.0,
  "summary_csf_p05": 183.316162109375,
  "summary_csf_p95": 552.7669067382812,
  "summary_csf_stdv": 116.72038269042969,
  "summary_gm_k": -0.048796199032797194,
  "summary_gm_mad": 76.57331884755439,
  "summary_gm_mean": 670.3633422851562,
  "summary_gm_median": 672.9864501953125,
  "summary_gm_n": 11862.0,
  "summary_gm_p05": 536.5040100097657,
  "summary_gm_p95": 794.8265777587891,
  "summary_gm_stdv": 77.54732513427734,
  "summary_wm_k": 0.2747378665318756,
  "summary_wm_mad": 53.460732071658356,
  "summary_wm_mean": 999.687744140625,
  "summary_wm_median": 999.994384765625,
  "summary_wm_n": 199715.0,
  "summary_wm_p05": 908.3762634277343,
  "summary_wm_p95": 1089.7901123046875,
  "summary_wm_stdv": 55.2678337097168,
  "tpm_overlap_csf": 0.15824741125106812,
  "tpm_overlap_gm": 0.41030219197273254,
  "tpm_overlap_wm": 0.48016512393951416,
  "wm2max": 0.481472374590134
}