{
  "bids_meta": {
    "AcquisitionNumber": 1,
    "DeviceSerialNumber": "35442  ",
    "EchoNumber": 1,
    "EchoTime": 0.00298,
    "FlipAngle": 9,
    "ImageOrientationPatientDICOM": [
      "-0.0260928649678",
      "0.99660419252909",
      "0.07809766853889",
      "0.09410146497453",
      "0.08022606963361",
      "-0.9923248923819  "
    ],
    "ImageType": [
      "ORIGINAL",
      "PRIMARY",
      "M",
      "ND",
      "NORM "
    ],
    "ImagingFrequency": 123.247354,
    "InPlanePhaseEncodingDirectionDICOM": "ROW  ",
    "IntendedFor": [
      "ses-PREEN00/fmap/sub-1346022_ses-PREEN00_run-001_phasediff.nii.gz",
      "ses-PREEN00/dwi/sub-1346022_ses-PREEN00_run-001_dwi.nii.gz",
      "ses-PREEN00/fmap/sub-1346022_ses-PREEN00_run-002_phasediff.nii.gz",
      "ses-PREEN00/anat/sub-1346022_ses-PREEN00_run-001_FLAIR.nii.gz"
    ],
    "InversionTime": 0.9,
    "MRAcquisitionType": "3D ",
    "MagneticFieldStrength": 3,
    "Manufacturer": "SIEMENS  ",
    "ManufacturerModelName": "TrioTim  ",
    "Modality": "MRI__ ",
    "PatientPosition": "HFS  ",
    "PercentPhaseFOV": 93.75,
    "PhaseEncodingSteps": 239,
    "PixelBandwidth": 238,
    "ProtocolName": "MPRAGE ADNI_iPAT2  ",
    "PulseSequenceType": "*tfl3d1_ns ",
    "ReceiveCoilName": "HeadMatrixix\\\\ ",
    "RepetitionTime": 2.3,
    "SAR": 0.08259718445449,
    "ScanningSequence": "GR\\\\IR  ",
    "SequenceName": "*tfl3d1_ns ",
    "SequenceVariant": "SP\\\\MP  ",
    "SeriesDescription": "MPRAGE ADNI_iPAT2  ",
    "SeriesNumber": 4,
    "SliceOrder": "interleaved ",
    "SliceThickness": 1,
    "SliceTiming": null,
    "SoftwareVersions": "syngo MR B17 ",
    "dataset": "<unset>",
    "modality": "T1w",
    "run_id": 1,
    "session_id": "PREEN00",
    "subject_id": "1346022"
  },
  "cjv": 0.45640322828517643,
  "cnr": 2.936852824112308,
  "efc": 0.5796769821826562,
  "fber": 139.78244018554688,
  "fwhm_avg": 3.2407733333333333,
  "fwhm_x": 3.28113,
  "fwhm_y": 3.43117,
  "fwhm_z": 3.01002,
  "icvs_csf": 0.20550967115119967,
  "icvs_gm": 0.3896076103826982,
  "icvs_wm": 0.40488271846610213,
  "inu_med": 1.5443557500839233,
  "inu_range": 0.4184658169746398,
  "provenance": {
    "md5sum": "63d34121b7898c9020c30c260fae3a54",
    "settings": {
      "testing": false
    },
    "software": "mriqc",
    "version": "0.16.1",
    "warnings": {
      "large_rot_frame": true,
      "small_air_mask": false
    },
    "webapi_port": null,
    "webapi_url": "https://mriqc.nimh.nih.gov/api/v1"
  },
  "qi_1": 8.178386976736578e-06,
  "qi_2": 0.005090067679146811,
  "rpve_csf": 30.320024155748136,
  "rpve_gm": 16.238059778611245,
  "rpve_wm": 19.515204260169448,
  "size_x": 176,
  "size_y": 240,
  "size_z": 256,
  "snr_csf": 2.5097144874421415,
  "snr_gm": 9.394724785035855,
  "snr_total": 10.076848384698987,
  "snr_wm": 18.326105881618965,
  "snrd_csf": 11.02631516044937,
  "snrd_gm": 26.739742705293537,
  "snrd_total": 24.994451937753,
  "snrd_wm": 37.21729794751609,
  "spacing_x": 1.0,
  "spacing_y": 1.0,
  "spacing_z": 1.0,
  "summary_bg_k": 922.3685544245284,
  "summary_bg_mad": 17.603076333278864,
  "summary_bg_mean": 53.150691986083984,
  "summary_bg_median": 51.913883209228516,
  "summary_bg_n": 3198274.0,
  "summary_bg_p05": 26.581446933746335,
  "summary_bg_p95": 83.95160827636715,
  "summary_bg_stdv": 19.064348220825195,
  "summary_csf_k": 0.2117512085764246,
  "summary_csf_mad": 115.20245223502859,
  "summary_csf_mean": 321.3163146972656,
  "summary_csf_median": 296.26971435546875,
  "summary_csf_n": 9696.0,
  "summary_csf_p05": 164.36419677734375,
  "summary_csf_p95": 537.2004241943359,
  "summary_csf_stdv": 118.04308319091797,
  "summary_gm_k": 0.06337211702679557,
  "summary_gm_mad": 75.54484500023838,
  "summary_gm_mean": 717.0227661132812,
  "summary_gm_median": 718.47900390625,
  "summary_gm_n": 8377.0,
  "summary_gm_p05": 587.1006469726562,
  "summary_gm_p95": 841.774462890625,
  "summary_gm_stdv": 76.4722900390625,
  "summary_wm_k": 0.26695898663169393,
  "summary_wm_mad": 52.94402927211814,
  "summary_wm_mean": 1000.2587280273438,
  "summary_wm_median": 1000.00390625,
  "summary_wm_n": 184999.0,
  "summary_wm_p05": 911.0302062988281,
  "summary_wm_p95": 1090.064013671875,
  "summary_wm_stdv": 54.56703186035156,
  "tpm_overlap_csf": 0.1684170663356781,
  "tpm_overlap_gm": 0.40026092529296875,
  "tpm_overlap_wm": 0.49211549758911133,
  "wm2max": 0.5078938636142335
}