{
  "bids_meta": {
    "AcquisitionNumber": 1,
    "DeviceSerialNumber": "35442  ",
    "EchoNumber": 1,
    "EchoTime": 0.00298,
    "FlipAngle": 9,
    "ImageOrientationPatientDICOM": [
      "-0.0400559879991",
      "0.99919737640308",
      "-0.0003475839755",
      "0.09168617618835",
      "0.00332913441415",
      "-0.9957823868497  "
    ],
    "ImageType": [
      "ORIGINAL",
      "PRIMARY",
      "M",
      "ND",
      "NORM "
    ],
    "ImagingFrequency": 123.247081,
    "InPlanePhaseEncodingDirectionDICOM": "ROW  ",
    "IntendedFor": [
      "ses-NAPEN00/anat/sub-4487709_ses-NAPEN00_run-001_FLAIR.nii.gz",
      "ses-NAPEN00/fmap/sub-4487709_ses-NAPEN00_run-001_phasediff.nii.gz",
      "ses-NAPEN00/fmap/sub-4487709_ses-NAPEN00_run-002_phasediff.nii.gz",
      "ses-NAPEN00/dwi/sub-4487709_ses-NAPEN00_run-001_dwi.nii.gz"
    ],
    "InversionTime": 0.9,
    "MRAcquisitionType": "3D ",
    "MagneticFieldStrength": 3,
    "Manufacturer": "SIEMENS  ",
    "ManufacturerModelName": "TrioTim  ",
    "Modality": "MRI__ ",
    "PatientPosition": "HFS  ",
    "PercentPhaseFOV": 93.75,
    "PhaseEncodingSteps": 239,
    "PixelBandwidth": 238,
    "ProtocolName": "MPRAGE ADNI_iPAT2  ",
    "PulseSequenceType": "*tfl3d1_ns ",
    "ReceiveCoilName": "HeadMatrixix\\\\ ",
    "RepetitionTime": 2.3,
    "SAR": 0.08657601651665,
    "ScanningSequence": "GR\\\\IR  ",
    "SequenceName": "*tfl3d1_ns ",
    "SequenceVariant": "SP\\\\MP  ",
    "SeriesDescription": "MPRAGE ADNI_iPAT2  ",
    "SeriesNumber": 4,
    "SliceOrder": "interleaved ",
    "SliceThickness": 1,
    "SliceTiming": null,
    "SoftwareVersions": "syngo MR B17 ",
    "dataset": "<unset>",
    "modality": "T1w",
    "run_id": 1,
    "session_id": "NAPEN00",
    "subject_id": "4487709"
  },
  "cjv": 0.40220608324268786,
  "cnr": 3.3011415189019147,
  "efc": 0.6179588692104516,
  "fber": 104.92725372314453,
  "fwhm_avg": 3.2270299999999996,
  "fwhm_x": 3.26644,
  "fwhm_y": 3.34226,
  "fwhm_z": 3.07239,
  "icvs_csf": 0.21202892008915647,
  "icvs_gm": 0.40326395321980085,
  "icvs_wm": 0.3847071266910427,
  "inu_med": 1.410920262336731,
  "inu_range": 0.40116190910339355,
  "provenance": {
    "md5sum": "eef8dc9feca333f6b9087f2604fa8a18",
    "settings": {
      "testing": false
    },
    "software": "mriqc",
    "version": "0.16.1",
    "warnings": {
      "large_rot_frame": true,
      "small_air_mask": false
    },
    "webapi_port": null,
    "webapi_url": "https://mriqc.nimh.nih.gov/api/v1"
  },
  "qi_1": 0.0,
  "qi_2": 0.005522508046782687,
  "rpve_csf": 25.881904077652113,
  "rpve_gm": 13.743036477313142,
  "rpve_wm": 17.484374771079043,
  "size_x": 176,
  "size_y": 240,
  "size_z": 256,
  "snr_csf": 2.8431570506163344,
  "snr_gm": 8.56022391984665,
  "snr_total": 9.667510945296428,
  "snr_wm": 17.5991518654263,
  "snrd_csf": 11.341474003210935,
  "snrd_gm": 24.458634582231987,
  "snrd_total": 24.076166669249165,
  "snrd_wm": 36.428391422304585,
  "spacing_x": 1.0,
  "spacing_y": 1.0,
  "spacing_z": 1.0,
  "summary_bg_k": 2041.9069007629037,
  "summary_bg_mad": 17.984198376886756,
  "summary_bg_mean": 59.85445785522461,
  "summary_bg_median": 58.38075256347656,
  "summary_bg_n": 2955815.0,
  "summary_bg_p05": 31.833032798767093,
  "summary_bg_p95": 91.94233627319335,
  "summary_bg_stdv": 22.967113494873047,
  "summary_csf_k": 0.6724422462799513,
  "summary_csf_mad": 109.8592498503348,
  "summary_csf_mean": 327.8428955078125,
  "summary_csf_median": 311.3356628417969,
  "summary_csf_n": 22537.0,
  "summary_csf_p05": 178.61000366210936,
  "summary_csf_p95": 526.6055541992188,
  "summary_csf_stdv": 109.5010757446289,
  "summary_gm_k": 0.07263878210886432,
  "summary_gm_mad": 77.40443213343481,
  "summary_gm_mean": 669.7294311523438,
  "summary_gm_median": 671.4158325195312,
  "summary_gm_n": 10287.0,
  "summary_gm_p05": 536.7150268554688,
  "summary_gm_p95": 795.5998474121094,
  "summary_gm_stdv": 78.4305648803711,
  "summary_wm_k": 0.33282592632060837,
  "summary_wm_mad": 54.753529715376644,
  "summary_wm_mean": 998.6704711914062,
  "summary_wm_median": 999.99853515625,
  "summary_wm_n": 188882.0,
  "summary_wm_p05": 903.0604705810547,
  "summary_wm_p95": 1089.5404724121092,
  "summary_wm_stdv": 56.82068634033203,
  "tpm_overlap_csf": 0.14716605842113495,
  "tpm_overlap_gm": 0.41106200218200684,
  "tpm_overlap_wm": 0.4768955111503601,
  "wm2max": 0.5494108706724351
}