{
  "bids_meta": {
    "AcquisitionNumber": 1,
    "DeviceSerialNumber": "35442  ",
    "EchoNumber": 1,
    "EchoTime": 0.00298,
    "FlipAngle": 9,
    "ImageOrientationPatientDICOM": [
      "-0.0196111681247",
      "0.99980762172576",
      "-0.0003487461332",
      "0.04429722568227",
      "0.00052041670177",
      "-0.9990182605755  "
    ],
    "ImageType": [
      "ORIGINAL",
      "PRIMARY",
      "M",
      "ND",
      "NORM "
    ],
    "ImagingFrequency": 123.251407,
    "InPlanePhaseEncodingDirectionDICOM": "ROW  ",
    "InversionTime": 0.9,
    "MRAcquisitionType": "3D ",
    "MagneticFieldStrength": 3,
    "Manufacturer": "SIEMENS  ",
    "ManufacturerModelName": "TrioTim  ",
    "Modality": "MRI__ ",
    "PatientPosition": "HFS  ",
    "PercentPhaseFOV": 93.75,
    "PhaseEncodingSteps": 239,
    "PixelBandwidth": 238,
    "ProtocolName": "MPRAGE ADNI_iPAT2  ",
    "PulseSequenceType": "*tfl3d1_ns ",
    "ReceiveCoilName": "32Ch_Headad\\\\  ",
    "RepetitionTime": 2.3,
    "SAR": 0.08497177795074,
    "ScanningSequence": "GR\\\\IR  ",
    "SequenceName": "*tfl3d1_ns ",
    "SequenceVariant": "SP\\\\MP  ",
    "SeriesDescription": "MPRAGE ADNI_iPAT2  ",
    "SeriesNumber": 4,
    "SliceOrder": "interleaved ",
    "SliceThickness": 1,
    "SliceTiming": null,
    "SoftwareVersions": "syngo MR B17 ",
    "dataset": "<unset>",
    "modality": "T1w",
    "run_id": 1,
    "session_id": "PREEN00",
    "subject_id": "8462806"
  },
  "cjv": 0.36921510415750175,
  "cnr": 3.594543428379078,
  "efc": 0.5657059287585415,
  "fber": 103.80480194091797,
  "fwhm_avg": 3.154973333333333,
  "fwhm_x": 3.22319,
  "fwhm_y": 3.29632,
  "fwhm_z": 2.94541,
  "icvs_csf": 0.18247399189873365,
  "icvs_gm": 0.4330937462610368,
  "icvs_wm": 0.38443226184022955,
  "inu_med": 1.4971716403961182,
  "inu_range": 0.43488394618034354,
  "provenance": {
    "md5sum": "f001c707cbebb0d2b0c3e25f48c68698",
    "settings": {
      "testing": false
    },
    "software": "mriqc",
    "version": "0.16.1",
    "warnings": {
      "large_rot_frame": false,
      "small_air_mask": false
    },
    "webapi_port": null,
    "webapi_url": "https://mriqc.nimh.nih.gov/api/v1"
  },
  "qi_1": 0.0001403437814858373,
  "qi_2": 0.005745035724298504,
  "rpve_csf": 33.12716996366572,
  "rpve_gm": 15.214165547003097,
  "rpve_wm": 20.43719018003771,
  "size_x": 176,
  "size_y": 240,
  "size_z": 256,
  "snr_csf": 2.447651678297258,
  "snr_gm": 10.405215956488748,
  "snr_total": 11.422403328726505,
  "snr_wm": 21.414342351393508,
  "snrd_csf": 15.674740442937937,
  "snrd_gm": 36.07409154157727,
  "snrd_total": 34.4064269763702,
  "snrd_wm": 51.47044894459538,
  "spacing_x": 1.0,
  "spacing_y": 1.0,
  "spacing_z": 1.0,
  "summary_bg_k": 34.9711622167068,
  "summary_bg_mad": 12.728183933936753,
  "summary_bg_mean": 59.68132400512695,
  "summary_bg_median": 60.07270050048828,
  "summary_bg_n": 3402906.0,
  "summary_bg_p05": 36.609989166259766,
  "summary_bg_p95": 82.41011047363281,
  "summary_bg_stdv": 14.415541648864746,
  "summary_csf_k": 6.1168910995846275,
  "summary_csf_mad": 104.53419088268267,
  "summary_csf_mean": 335.1269226074219,
  "summary_csf_median": 304.53350830078125,
  "summary_csf_n": 7374.0,
  "summary_csf_p05": 188.65356674194334,
  "summary_csf_p95": 566.205191040039,
  "summary_csf_stdv": 124.41020965576172,
  "summary_gm_k": 0.04381963104843356,
  "summary_gm_mad": 66.76279771607395,
  "summary_gm_mean": 701.2457275390625,
  "summary_gm_median": 700.858154296875,
  "summary_gm_n": 14597.0,
  "summary_gm_p05": 590.440185546875,
  "summary_gm_p95": 812.3954956054688,
  "summary_gm_stdv": 67.35411834716797,
  "summary_wm_k": 0.6193713173158133,
  "summary_wm_mad": 43.67867031503876,
  "summary_wm_mean": 1000.7715454101562,
  "summary_wm_median": 999.983154296875,
  "summary_wm_n": 160627.0,
  "summary_wm_p05": 925.5799926757813,
  "summary_wm_p95": 1078.1663085937498,
  "summary_wm_stdv": 46.69674301147461,
  "tpm_overlap_csf": 0.17061379551887512,
  "tpm_overlap_gm": 0.4236985743045807,
  "tpm_overlap_wm": 0.49075818061828613,
  "wm2max": 0.39636062220937124
}