{
  "bids_meta": {
    "AcquisitionNumber": 1,
    "DeviceSerialNumber": "35442  ",
    "EchoNumber": 1,
    "EchoTime": 0.00298,
    "FlipAngle": 9,
    "ImageOrientationPatientDICOM": [
      "-0.0426057901075",
      "0.99890815459315",
      "-0.0191636462248",
      "0.06008826102404",
      "-0.0165843782053",
      "-0.9980552886923  "
    ],
    "ImageType": [
      "ORIGINAL",
      "PRIMARY",
      "M",
      "ND",
      "NORM "
    ],
    "ImagingFrequency": 123.251484,
    "InPlanePhaseEncodingDirectionDICOM": "ROW  ",
    "IntendedFor": [
      "ses-NAPFU36/anat/sub-5640996_ses-NAPFU36_run-001_FLAIR.nii.gz",
      "ses-NAPFU36/fmap/sub-5640996_ses-NAPFU36_run-004_phasediff.nii.gz",
      "ses-NAPFU36/func/sub-5640996_ses-NAPFU36_task-rest_run-001_bold.nii.gz",
      "ses-NAPFU36/fmap/sub-5640996_ses-NAPFU36_run-003_phasediff.nii.gz",
      "ses-NAPFU36/asl/sub-5640996_ses-NAPFU36_run-001_asl.nii.gz",
      "ses-NAPFU36/func/sub-5640996_ses-NAPFU36_task-rest_run-002_bold.nii.gz",
      "ses-NAPFU36/fmap/sub-5640996_ses-NAPFU36_run-002_phasediff.nii.gz",
      "ses-NAPFU36/fmap/sub-5640996_ses-NAPFU36_run-001_phasediff.nii.gz",
      "ses-NAPFU36/anat/sub-5640996_ses-NAPFU36_run-001_T2star.nii.gz",
      "ses-NAPFU36/dwi/sub-5640996_ses-NAPFU36_run-001_dwi.nii.gz"
    ],
    "InversionTime": 0.9,
    "MRAcquisitionType": "3D ",
    "MagneticFieldStrength": 3,
    "Manufacturer": "SIEMENS  ",
    "ManufacturerModelName": "TrioTim  ",
    "Modality": "MRI__ ",
    "PatientPosition": "HFS  ",
    "PercentPhaseFOV": 93.75,
    "PhaseEncodingSteps": 239,
    "PixelBandwidth": 238,
    "ProtocolName": "MPRAGE ADNI_iPAT2  ",
    "PulseSequenceType": "*tfl3d1_ns ",
    "ReceiveCoilName": "HeadMatrixix\\\\ ",
    "RepetitionTime": 2.3,
    "SAR": 0.07189653809657,
    "ScanningSequence": "GR\\\\IR  ",
    "SequenceName": "*tfl3d1_ns ",
    "SequenceVariant": "SP\\\\MP  ",
    "SeriesDescription": "MPRAGE ADNI_iPAT2  ",
    "SeriesNumber": 5,
    "SliceOrder": "interleaved ",
    "SliceThickness": 1,
    "SliceTiming": null,
    "SoftwareVersions": "syngo MR B17 ",
    "dataset": "<unset>",
    "modality": "T1w",
    "run_id": 1,
    "session_id": "NAPFU36",
    "subject_id": "5640996"
  },
  "cjv": 0.4386922792715456,
  "cnr": 3.0731117131124055,
  "efc": 0.6217249750716805,
  "fber": 93.24703979492188,
  "fwhm_avg": 3.1946600000000003,
  "fwhm_x": 3.25296,
  "fwhm_y": 3.28281,
  "fwhm_z": 3.04821,
  "icvs_csf": 0.20653592485485678,
  "icvs_gm": 0.41675729900063996,
  "icvs_wm": 0.37670677614450326,
  "inu_med": 1.4379334449768066,
  "inu_range": 0.3913708806037903,
  "provenance": {
    "md5sum": "ed06847d55cfd07e73d6e4c325f40863",
    "settings": {
      "testing": false
    },
    "software": "mriqc",
    "version": "0.16.1",
    "warnings": {
      "large_rot_frame": true,
      "small_air_mask": false
    },
    "webapi_port": null,
    "webapi_url": "https://mriqc.nimh.nih.gov/api/v1"
  },
  "qi_1": 0.00010247742374318646,
  "qi_2": 0.00481265474257419,
  "rpve_csf": 30.29885290776183,
  "rpve_gm": 15.458921529198337,
  "rpve_wm": 20.343057211529363,
  "size_x": 176,
  "size_y": 240,
  "size_z": 256,
  "snr_csf": 2.86697101651502,
  "snr_gm": 9.22777211215559,
  "snr_total": 9.749544741003456,
  "snr_wm": 17.15389109433976,
  "snrd_csf": 9.706790645195495,
  "snrd_gm": 22.475527752724265,
  "snrd_total": 21.45516768363368,
  "snrd_wm": 32.183184652981275,
  "spacing_x": 1.0,
  "spacing_y": 1.0,
  "spacing_z": 1.0,
  "summary_bg_k": 478.943941589802,
  "summary_bg_mad": 20.356568924333537,
  "summary_bg_mean": 66.25709533691406,
  "summary_bg_median": 64.35453796386719,
  "summary_bg_n": 2902332.0,
  "summary_bg_p05": 35.186959457397464,
  "summary_bg_p95": 103.04115219116211,
  "summary_bg_stdv": 22.55443572998047,
  "summary_csf_k": 0.4624657502320728,
  "summary_csf_mad": 89.86719506931527,
  "summary_csf_mean": 324.39239501953125,
  "summary_csf_median": 301.6119384765625,
  "summary_csf_n": 13969.0,
  "summary_csf_p05": 188.21515502929685,
  "summary_csf_p95": 531.1530883789062,
  "summary_csf_stdv": 105.19853210449219,
  "summary_gm_k": -0.08300793161629771,
  "summary_gm_mad": 76.00888212038589,
  "summary_gm_mean": 697.2420043945312,
  "summary_gm_median": 698.365478515625,
  "summary_gm_n": 12649.0,
  "summary_gm_p05": 569.6797607421875,
  "summary_gm_p95": 820.7350463867188,
  "summary_gm_stdv": 75.67784118652344,
  "summary_wm_k": 0.27901181491098104,
  "summary_wm_mad": 56.31775468785514,
  "summary_wm_mean": 999.2030029296875,
  "summary_wm_median": 1000.0043334960938,
  "summary_wm_n": 168276.0,
  "summary_wm_p05": 901.8101806640625,
  "summary_wm_p95": 1093.1655578613281,
  "summary_wm_stdv": 58.29589080810547,
  "tpm_overlap_csf": 0.15889836847782135,
  "tpm_overlap_gm": 0.4038529396057129,
  "tpm_overlap_wm": 0.48130863904953003,
  "wm2max": 0.49188391769967094
}