{
  "bids_meta": {
    "AcquisitionNumber": 1,
    "DeviceSerialNumber": "35442  ",
    "EchoNumber": 1,
    "EchoTime": 0.00298,
    "FlipAngle": 9,
    "ImageOrientationPatientDICOM": [
      "0.00402818988146",
      "0.9996021475438",
      "-0.02791630907",
      "-0.0197292867674",
      "-0.0278316587789",
      "-0.9994179075909 "
    ],
    "ImageType": [
      "ORIGINAL",
      "PRIMARY",
      "M",
      "ND",
      "NORM "
    ],
    "ImagingFrequency": 123.247193,
    "InPlanePhaseEncodingDirectionDICOM": "ROW  ",
    "IntendedFor": [
      "ses-PREFU24/func/sub-6794127_ses-PREFU24_task-retrieval_run-001_bold.nii.gz",
      "ses-PREFU24/func/sub-6794127_ses-PREFU24_task-encoding_run-001_bold.nii.gz",
      "ses-PREFU24/anat/sub-6794127_ses-PREFU24_run-001_T2star.nii.gz",
      "ses-PREFU24/fmap/sub-6794127_ses-PREFU24_run-002_phasediff.nii.gz",
      "ses-PREFU24/func/sub-6794127_ses-PREFU24_task-rest_run-001_bold.nii.gz",
      "ses-PREFU24/asl/sub-6794127_ses-PREFU24_run-001_asl.nii.gz",
      "ses-PREFU24/fmap/sub-6794127_ses-PREFU24_run-001_phasediff.nii.gz",
      "ses-PREFU24/fmap/sub-6794127_ses-PREFU24_run-003_phasediff.nii.gz",
      "ses-PREFU24/func/sub-6794127_ses-PREFU24_task-rest_run-002_bold.nii.gz"
    ],
    "InversionTime": 0.9,
    "MRAcquisitionType": "3D ",
    "MagneticFieldStrength": 3,
    "Manufacturer": "SIEMENS  ",
    "ManufacturerModelName": "TrioTim  ",
    "Modality": "MRI__ ",
    "PatientPosition": "HFS  ",
    "PercentPhaseFOV": 93.75,
    "PhaseEncodingSteps": 239,
    "PixelBandwidth": 238,
    "ProtocolName": "MPRAGE ADNI_iPAT2  ",
    "PulseSequenceType": "*tfl3d1_ns ",
    "ReceiveCoilName": "HeadMatrixix\\\\ ",
    "RepetitionTime": 2.3,
    "SAR": 0.08378785837938,
    "ScanningSequence": "GR\\\\IR  ",
    "SequenceName": "*tfl3d1_ns ",
    "SequenceVariant": "SP\\\\MP  ",
    "SeriesDescription": "MPRAGE ADNI_iPAT2  ",
    "SeriesNumber": 12,
    "SliceOrder": "interleaved ",
    "SliceThickness": 1,
    "SliceTiming": null,
    "SoftwareVersions": "syngo MR B17 ",
    "dataset": "<unset>",
    "modality": "T1w",
    "run_id": 1,
    "session_id": "PREFU24",
    "subject_id": "6794127"
  },
  "cjv": 0.42364475511763783,
  "cnr": 3.2032442891360104,
  "efc": 0.6451340788715416,
  "fber": 130.95957946777344,
  "fwhm_avg": 2.9970999999999997,
  "fwhm_x": 3.06812,
  "fwhm_y": 3.03025,
  "fwhm_z": 2.89293,
  "icvs_csf": 0.20583466387112795,
  "icvs_gm": 0.41839535780872505,
  "icvs_wm": 0.37576997832014697,
  "inu_med": 1.212836742401123,
  "inu_range": 0.3450485706329345,
  "provenance": {
    "md5sum": "70b98d7a12c00eaf7b3a35f6a8f1907e",
    "settings": {
      "testing": false
    },
    "software": "mriqc",
    "version": "0.16.1",
    "warnings": {
      "large_rot_frame": true,
      "small_air_mask": false
    },
    "webapi_port": null,
    "webapi_url": "https://mriqc.nimh.nih.gov/api/v1"
  },
  "qi_1": 4.875015943973378e-05,
  "qi_2": 0.003945798117632275,
  "rpve_csf": 27.591447393766614,
  "rpve_gm": 13.911597023856862,
  "rpve_wm": 18.16573339739339,
  "size_x": 176,
  "size_y": 240,
  "size_z": 256,
  "snr_csf": 1.6868068763210768,
  "snr_gm": 7.5102963472537265,
  "snr_total": 7.809642778816414,
  "snr_wm": 14.23182511287444,
  "snrd_csf": 12.231501586057549,
  "snrd_gm": 24.71290009355718,
  "snrd_total": 25.259191357099553,
  "snrd_wm": 38.83317239168393,
  "spacing_x": 1.0,
  "spacing_y": 1.0,
  "spacing_z": 1.0,
  "summary_bg_k": 409.86673061338274,
  "summary_bg_mad": 16.870159767593474,
  "summary_bg_mean": 53.06371307373047,
  "summary_bg_median": 50.13140106201172,
  "summary_bg_n": 2778861.0,
  "summary_bg_p05": 26.687030792236328,
  "summary_bg_p95": 85.553955078125,
  "summary_bg_stdv": 27.730504989624023,
  "summary_csf_k": 33.21799782634327,
  "summary_csf_mad": 113.66558943575691,
  "summary_csf_mean": 346.2986755371094,
  "summary_csf_median": 314.9685974121094,
  "summary_csf_n": 24532.0,
  "summary_csf_p05": 175.82297897338867,
  "summary_csf_p95": 545.5873657226564,
  "summary_csf_stdv": 186.720947265625,
  "summary_gm_k": -0.16122548675988435,
  "summary_gm_mad": 86.29081537694599,
  "summary_gm_mean": 637.4849853515625,
  "summary_gm_median": 636.3721923828125,
  "summary_gm_n": 9623.0,
  "summary_gm_p05": 500.2965393066406,
  "summary_gm_p95": 779.9544311523438,
  "summary_gm_stdv": 84.72889709472656,
  "summary_wm_k": 0.2532337896478185,
  "summary_wm_mad": 67.74878610552933,
  "summary_wm_mean": 1001.6014404296875,
  "summary_wm_median": 999.977783203125,
  "summary_wm_n": 177697.0,
  "summary_wm_p05": 888.6684814453125,
  "summary_wm_p95": 1120.6061767578124,
  "summary_wm_stdv": 70.26329803466797,
  "tpm_overlap_csf": 0.1539466232061386,
  "tpm_overlap_gm": 0.39081281423568726,
  "tpm_overlap_wm": 0.4772104024887085,
  "wm2max": 0.552803697381865
}