{
  "bids_meta": {
    "AcquisitionNumber": 1,
    "DeviceSerialNumber": "35442  ",
    "EchoNumber": 1,
    "EchoTime": 0.00298,
    "FlipAngle": 9,
    "ImageOrientationPatientDICOM": [
      "0.00704558671045",
      "0.99997517954593",
      "2.03611701e-008",
      "0.03950436532493",
      "-0.000278317994",
      "-0.9992193591296  "
    ],
    "ImageType": [
      "ORIGINAL",
      "PRIMARY",
      "M",
      "ND",
      "NORM "
    ],
    "ImagingFrequency": 123.247045,
    "InPlanePhaseEncodingDirectionDICOM": "ROW  ",
    "IntendedFor": [
      "ses-NAPFU03/fmap/sub-3360165_ses-NAPFU03_run-002_phasediff.nii.gz",
      "ses-NAPFU03/asl/sub-3360165_ses-NAPFU03_run-001_asl.nii.gz",
      "ses-NAPFU03/fmap/sub-3360165_ses-NAPFU03_run-003_phasediff.nii.gz",
      "ses-NAPFU03/func/sub-3360165_ses-NAPFU03_task-retrieval_run-001_bold.nii.gz",
      "ses-NAPFU03/func/sub-3360165_ses-NAPFU03_task-encoding_run-001_bold.nii.gz",
      "ses-NAPFU03/fmap/sub-3360165_ses-NAPFU03_run-001_phasediff.nii.gz",
      "ses-NAPFU03/func/sub-3360165_ses-NAPFU03_task-rest_run-001_bold.nii.gz",
      "ses-NAPFU03/anat/sub-3360165_ses-NAPFU03_run-001_T2star.nii.gz",
      "ses-NAPFU03/func/sub-3360165_ses-NAPFU03_task-rest_run-002_bold.nii.gz"
    ],
    "InversionTime": 0.9,
    "MRAcquisitionType": "3D ",
    "MagneticFieldStrength": 3,
    "Manufacturer": "SIEMENS  ",
    "ManufacturerModelName": "TrioTim  ",
    "Modality": "MRI__ ",
    "PatientPosition": "HFS  ",
    "PercentPhaseFOV": 93.75,
    "PhaseEncodingSteps": 239,
    "PixelBandwidth": 238,
    "ProtocolName": "MPRAGE ADNI_iPAT2  ",
    "PulseSequenceType": "*tfl3d1_ns ",
    "ReceiveCoilName": "HeadMatrixix\\\\ ",
    "RepetitionTime": 2.3,
    "SAR": 0.09700207086059,
    "ScanningSequence": "GR\\\\IR  ",
    "SequenceName": "*tfl3d1_ns ",
    "SequenceVariant": "SP\\\\MP  ",
    "SeriesDescription": "MPRAGE ADNI_iPAT2  ",
    "SeriesNumber": 12,
    "SliceOrder": "interleaved ",
    "SliceThickness": 1,
    "SliceTiming": null,
    "SoftwareVersions": "syngo MR B17 ",
    "dataset": "<unset>",
    "modality": "T1w",
    "run_id": 1,
    "session_id": "NAPFU03",
    "subject_id": "3360165"
  },
  "cjv": 0.4214393990898423,
  "cnr": 3.1551398749461135,
  "efc": 0.6569828970636707,
  "fber": 94.92891693115234,
  "fwhm_avg": 3.024533333333333,
  "fwhm_x": 3.08067,
  "fwhm_y": 3.09351,
  "fwhm_z": 2.89942,
  "icvs_csf": 0.2001512075032911,
  "icvs_gm": 0.4125189315996514,
  "icvs_wm": 0.38732986089705745,
  "inu_med": 1.2474710941314697,
  "inu_range": 0.41053998470306396,
  "provenance": {
    "md5sum": "0ffe18704d7faf26017df77dd9317f1e",
    "settings": {
      "testing": false
    },
    "software": "mriqc",
    "version": "0.16.1",
    "warnings": {
      "large_rot_frame": true,
      "small_air_mask": false
    },
    "webapi_port": null,
    "webapi_url": "https://mriqc.nimh.nih.gov/api/v1"
  },
  "qi_1": 0.0,
  "qi_2": 0.0044168360995202665,
  "rpve_csf": 26.495226815697595,
  "rpve_gm": 13.235377802936915,
  "rpve_wm": 16.646229290057832,
  "size_x": 176,
  "size_y": 240,
  "size_z": 256,
  "snr_csf": 1.2173149242792904,
  "snr_gm": 8.261584824810246,
  "snr_total": 8.288538799689983,
  "snr_wm": 15.386716649980409,
  "snrd_csf": 10.066625913786732,
  "snrd_gm": 21.533483333097305,
  "snrd_total": 21.360140972972157,
  "snrd_wm": 32.48031367203243,
  "spacing_x": 1.0,
  "spacing_y": 1.0,
  "spacing_z": 1.0,
  "summary_bg_k": 1465.929378647391,
  "summary_bg_mad": 20.170064438026202,
  "summary_bg_mean": 65.20172119140625,
  "summary_bg_median": 62.78963851928711,
  "summary_bg_n": 2530376.0,
  "summary_bg_p05": 34.336198806762695,
  "summary_bg_p95": 102.8243350982666,
  "summary_bg_stdv": 27.33964729309082,
  "summary_csf_k": 19.930534007428765,
  "summary_csf_mad": 117.76807166554772,
  "summary_csf_mean": 361.3529052734375,
  "summary_csf_median": 309.92706298828125,
  "summary_csf_n": 16146.0,
  "summary_csf_p05": 162.3166618347168,
  "summary_csf_p95": 592.4387817382812,
  "summary_csf_stdv": 254.59103393554688,
  "summary_gm_k": -0.033781684960874525,
  "summary_gm_mad": 79.60526029238713,
  "summary_gm_mean": 661.3458862304688,
  "summary_gm_median": 662.9638671875,
  "summary_gm_n": 11124.0,
  "summary_gm_p05": 526.0930969238282,
  "summary_gm_p95": 791.3256286621095,
  "summary_gm_stdv": 80.24296569824219,
  "summary_wm_k": 0.3234928653312825,
  "summary_wm_mad": 62.43095509516499,
  "summary_wm_mean": 1000.9075317382812,
  "summary_wm_median": 999.9902954101562,
  "summary_wm_n": 194902.0,
  "summary_wm_p05": 895.7420684814454,
  "summary_wm_p95": 1109.1791687011719,
  "summary_wm_stdv": 64.99032592773438,
  "tpm_overlap_csf": 0.15964718163013458,
  "tpm_overlap_gm": 0.41315925121307373,
  "tpm_overlap_wm": 0.4845770001411438,
  "wm2max": 0.5135781974322269
}