{
  "bids_meta": {
    "AcquisitionNumber": 1,
    "DeviceSerialNumber": "35442  ",
    "EchoNumber": 1,
    "EchoTime": 0.00298,
    "FlipAngle": 9,
    "ImageOrientationPatientDICOM": [
      "0.00077703446838",
      "0.99999817569891",
      "0.00174494019835",
      "0.02126337230624",
      "0.00172802385637",
      "-0.9997724155685  "
    ],
    "ImageType": [
      "ORIGINAL",
      "PRIMARY",
      "M",
      "ND",
      "NORM "
    ],
    "ImagingFrequency": 123.247165,
    "InPlanePhaseEncodingDirectionDICOM": "ROW  ",
    "IntendedFor": [
      "ses-NAPFU24/fmap/sub-3619481_ses-NAPFU24_run-004_phasediff.nii.gz",
      "ses-NAPFU24/anat/sub-3619481_ses-NAPFU24_run-001_FLAIR.nii.gz",
      "ses-NAPFU24/dwi/sub-3619481_ses-NAPFU24_run-001_dwi.nii.gz",
      "ses-NAPFU24/fmap/sub-3619481_ses-NAPFU24_run-005_phasediff.nii.gz"
    ],
    "InversionTime": 0.9,
    "MRAcquisitionType": "3D ",
    "MagneticFieldStrength": 3,
    "Manufacturer": "SIEMENS  ",
    "ManufacturerModelName": "TrioTim  ",
    "Modality": "MRI__ ",
    "PatientPosition": "HFS  ",
    "PercentPhaseFOV": 93.75,
    "PhaseEncodingSteps": 239,
    "PixelBandwidth": 238,
    "ProtocolName": "MPRAGE ADNI_iPAT2  ",
    "PulseSequenceType": "*tfl3d1_ns ",
    "ReceiveCoilName": "HeadMatrixix\\\\ ",
    "RepetitionTime": 2.3,
    "SAR": 0.08106883246651,
    "ScanningSequence": "GR\\\\IR  ",
    "SequenceName": "*tfl3d1_ns ",
    "SequenceVariant": "SP\\\\MP  ",
    "SeriesDescription": "MPRAGE ADNI_iPAT2  ",
    "SeriesNumber": 20,
    "SliceOrder": "interleaved ",
    "SliceThickness": 1,
    "SliceTiming": null,
    "SoftwareVersions": "syngo MR B17 ",
    "dataset": "<unset>",
    "modality": "T1w",
    "run_id": 2,
    "session_id": "NAPFU24",
    "subject_id": "3619481"
  },
  "cjv": 0.4422287584874407,
  "cnr": 3.0181909931166238,
  "efc": 0.60176810107045,
  "fber": 124.44706726074219,
  "fwhm_avg": 3.17782,
  "fwhm_x": 3.23468,
  "fwhm_y": 3.30531,
  "fwhm_z": 2.99347,
  "icvs_csf": 0.19749531474822654,
  "icvs_gm": 0.4176135791519041,
  "icvs_wm": 0.3848911060998694,
  "inu_med": 1.5006327629089355,
  "inu_range": 0.494051456451416,
  "provenance": {
    "md5sum": "33db371e89c29a2f299673994b6b7e86",
    "settings": {
      "testing": false
    },
    "software": "mriqc",
    "version": "0.16.1",
    "warnings": {
      "large_rot_frame": false,
      "small_air_mask": false
    },
    "webapi_port": null,
    "webapi_url": "https://mriqc.nimh.nih.gov/api/v1"
  },
  "qi_1": 0.0,
  "qi_2": 0.006212166363225754,
  "rpve_csf": 28.894510715457915,
  "rpve_gm": 14.275509917420601,
  "rpve_wm": 18.569000923054585,
  "size_x": 176,
  "size_y": 240,
  "size_z": 256,
  "snr_csf": 2.8596249337382247,
  "snr_gm": 9.765001793136497,
  "snr_total": 9.87655594308751,
  "snr_wm": 17.00504110238781,
  "snrd_csf": 12.007282783438086,
  "snrd_gm": 24.72630483239289,
  "snrd_total": 23.890846821176197,
  "snrd_wm": 34.938952847697614,
  "spacing_x": 1.0,
  "spacing_y": 1.0,
  "spacing_z": 1.0,
  "summary_bg_k": 1918.393938157586,
  "summary_bg_mad": 18.75119888982947,
  "summary_bg_mean": 60.6465950012207,
  "summary_bg_median": 59.18625259399414,
  "summary_bg_n": 3167135.0,
  "summary_bg_p05": 31.240692138671875,
  "summary_bg_p95": 94.14862442016602,
  "summary_bg_stdv": 25.870319366455078,
  "summary_csf_k": -0.4807637443848014,
  "summary_csf_mad": 138.01520886408986,
  "summary_csf_mean": 359.06402587890625,
  "summary_csf_median": 343.67034912109375,
  "summary_csf_n": 11522.0,
  "summary_csf_p05": 186.82799377441407,
  "summary_csf_p95": 562.5349182128905,
  "summary_csf_stdv": 120.17500305175781,
  "summary_gm_k": -0.017696792186136623,
  "summary_gm_mad": 72.32816646866986,
  "summary_gm_mean": 706.4490966796875,
  "summary_gm_median": 707.7119750976562,
  "summary_gm_n": 8869.0,
  "summary_gm_p05": 585.4885864257812,
  "summary_gm_p95": 824.9644287109375,
  "summary_gm_stdv": 72.47024536132812,
  "summary_wm_k": 0.2846780653376477,
  "summary_wm_mad": 56.93734559301309,
  "summary_wm_mean": 1000.2817993164062,
  "summary_wm_median": 1000.0166015625,
  "summary_wm_n": 183840.0,
  "summary_wm_p05": 904.0033874511719,
  "summary_wm_p95": 1097.5030517578125,
  "summary_wm_stdv": 58.806907653808594,
  "tpm_overlap_csf": 0.17656202614307404,
  "tpm_overlap_gm": 0.4403090476989746,
  "tpm_overlap_wm": 0.510954737663269,
  "wm2max": 0.476094838817924
}