{
  "bids_meta": {
    "AcquisitionNumber": 1,
    "DeviceSerialNumber": "35442  ",
    "EchoNumber": 1,
    "EchoTime": 0.00298,
    "FlipAngle": 9,
    "ImageOrientationPatientDICOM": [
      "0.0213800302811",
      "0.99938157327903",
      "0.02791711474173",
      "0.01855875036483",
      "0.02752196344069",
      "-0.999448905304  "
    ],
    "ImageType": [
      "ORIGINAL",
      "PRIMARY",
      "M",
      "ND",
      "NORM "
    ],
    "ImagingFrequency": 123.25131,
    "InPlanePhaseEncodingDirectionDICOM": "ROW  ",
    "IntendedFor": [
      "ses-NAPFU48/func/sub-6332669_ses-NAPFU48_task-rest_run-001_bold.nii.gz",
      "ses-NAPFU48/fmap/sub-6332669_ses-NAPFU48_run-003_phasediff.nii.gz",
      "ses-NAPFU48/anat/sub-6332669_ses-NAPFU48_run-001_T2star.nii.gz",
      "ses-NAPFU48/dwi/sub-6332669_ses-NAPFU48_run-001_dwi.nii.gz",
      "ses-NAPFU48/fmap/sub-6332669_ses-NAPFU48_run-004_phasediff.nii.gz",
      "ses-NAPFU48/fmap/sub-6332669_ses-NAPFU48_run-005_phasediff.nii.gz",
      "ses-NAPFU48/asl/sub-6332669_ses-NAPFU48_run-001_asl.nii.gz",
      "ses-NAPFU48/anat/sub-6332669_ses-NAPFU48_run-001_FLAIR.nii.gz",
      "ses-NAPFU48/func/sub-6332669_ses-NAPFU48_task-encoding_run-001_bold.nii.gz",
      "ses-NAPFU48/fmap/sub-6332669_ses-NAPFU48_run-001_phasediff.nii.gz",
      "ses-NAPFU48/fmap/sub-6332669_ses-NAPFU48_run-002_phasediff.nii.gz",
      "ses-NAPFU48/anat/sub-6332669_ses-NAPFU48_run-002_T1w.nii.gz",
      "ses-NAPFU48/func/sub-6332669_ses-NAPFU48_task-rest_run-002_bold.nii.gz",
      "ses-NAPFU48/func/sub-6332669_ses-NAPFU48_task-retrieval_run-001_bold.nii.gz"
    ],
    "InversionTime": 0.9,
    "MRAcquisitionType": "3D ",
    "MagneticFieldStrength": 3,
    "Manufacturer": "SIEMENS  ",
    "ManufacturerModelName": "TrioTim  ",
    "Modality": "MRI__ ",
    "PatientPosition": "HFS  ",
    "PercentPhaseFOV": 93.75,
    "PhaseEncodingSteps": 239,
    "PixelBandwidth": 238,
    "ProtocolName": "MPRAGE ADNI_iPAT2  ",
    "PulseSequenceType": "*tfl3d1_ns ",
    "ReceiveCoilName": "HeadMatrixix\\\\ ",
    "RepetitionTime": 2.3,
    "SAR": 0.09375248956328,
    "ScanningSequence": "GR\\\\IR  ",
    "SequenceName": "*tfl3d1_ns ",
    "SequenceVariant": "SP\\\\MP  ",
    "SeriesDescription": "MPRAGE ADNI_iPAT2  ",
    "SeriesNumber": 12,
    "SliceOrder": "interleaved ",
    "SliceThickness": 1,
    "SliceTiming": null,
    "SoftwareVersions": "syngo MR B17 ",
    "dataset": "<unset>",
    "modality": "T1w",
    "run_id": 1,
    "session_id": "NAPFU48",
    "subject_id": "6332669"
  },
  "cjv": 0.4302105396944278,
  "cnr": 3.1129256778420356,
  "efc": 0.6541375884798057,
  "fber": 109.45770263671875,
  "fwhm_avg": 2.89888,
  "fwhm_x": 2.99105,
  "fwhm_y": 2.91638,
  "fwhm_z": 2.78921,
  "icvs_csf": 0.19374029738281792,
  "icvs_gm": 0.4529424333645144,
  "icvs_wm": 0.35331726925266765,
  "inu_med": 1.3751921653747559,
  "inu_range": 0.4862855076789856,
  "provenance": {
    "md5sum": "1f45650469460234d6911fa300df7062",
    "settings": {
      "testing": false
    },
    "software": "mriqc",
    "version": "0.16.1",
    "warnings": {
      "large_rot_frame": true,
      "small_air_mask": false
    },
    "webapi_port": null,
    "webapi_url": "https://mriqc.nimh.nih.gov/api/v1"
  },
  "qi_1": 0.0,
  "qi_2": 0.00409092241818793,
  "rpve_csf": 27.010089987704948,
  "rpve_gm": 12.202040035904998,
  "rpve_wm": 17.02965578896054,
  "size_x": 176,
  "size_y": 240,
  "size_z": 256,
  "snr_csf": 1.1856523854040635,
  "snr_gm": 9.01464887129672,
  "snr_total": 8.03534770448193,
  "snr_wm": 13.905741856745008,
  "snrd_csf": 10.903869725960563,
  "snrd_gm": 22.828885333916276,
  "snrd_total": 22.65503373339163,
  "snrd_wm": 34.23234614029805,
  "spacing_x": 1.0,
  "spacing_y": 1.0,
  "spacing_z": 1.0,
  "summary_bg_k": 1204.634487861597,
  "summary_bg_mad": 19.137764524117717,
  "summary_bg_mean": 61.506614685058594,
  "summary_bg_median": 59.330631256103516,
  "summary_bg_n": 2757164.0,
  "summary_bg_p05": 31.780995559692382,
  "summary_bg_p95": 96.63750610351563,
  "summary_bg_stdv": 28.420499801635742,
  "summary_csf_k": 18.310633223762537,
  "summary_csf_mad": 117.39227444336899,
  "summary_csf_mean": 378.64837646484375,
  "summary_csf_median": 318.52252197265625,
  "summary_csf_n": 16151.0,
  "summary_csf_p05": 175.01532745361328,
  "summary_csf_p95": 648.6487121582031,
  "summary_csf_stdv": 268.63916015625,
  "summary_gm_k": 0.057437418652995564,
  "summary_gm_mad": 73.24596999657471,
  "summary_gm_mean": 666.6444091796875,
  "summary_gm_median": 666.8746337890625,
  "summary_gm_n": 18050.0,
  "summary_gm_p05": 543.4891296386719,
  "summary_gm_p95": 786.771435546875,
  "summary_gm_stdv": 73.97472381591797,
  "summary_wm_k": 0.5123466678584228,
  "summary_wm_mad": 70.06426618164758,
  "summary_wm_mean": 999.7194213867188,
  "summary_wm_median": 999.9911499023438,
  "summary_wm_n": 150805.0,
  "summary_wm_p05": 881.2692138671875,
  "summary_wm_p95": 1115.913232421875,
  "summary_wm_stdv": 71.911865234375,
  "tpm_overlap_csf": 0.15905475616455078,
  "tpm_overlap_gm": 0.4149763584136963,
  "tpm_overlap_wm": 0.46232688426971436,
  "wm2max": 0.5002634694435616
}