{
  "bids_meta": {
    "AcquisitionNumber": 1,
    "DeviceSerialNumber": "35442  ",
    "EchoNumber": 1,
    "EchoTime": 0.00298,
    "FlipAngle": 9,
    "ImageOrientationPatientDICOM": [
      "0.00741082891899",
      "0.99994822063306",
      "-0.0069739276958",
      "0.04585598722022",
      "-0.0073066144012",
      "-0.9989213391564  "
    ],
    "ImageType": [
      "ORIGINAL",
      "PRIMARY",
      "M",
      "ND",
      "NORM "
    ],
    "ImagingFrequency": 123.251511,
    "InPlanePhaseEncodingDirectionDICOM": "ROW  ",
    "IntendedFor": [
      "ses-PREBL00/fmap/sub-3084846_ses-PREBL00_run-003_phasediff.nii.gz",
      "ses-PREBL00/func/sub-3084846_ses-PREBL00_task-rest_run-002_bold.nii.gz",
      "ses-PREBL00/asl/sub-3084846_ses-PREBL00_run-001_asl.nii.gz",
      "ses-PREBL00/func/sub-3084846_ses-PREBL00_task-retrieval_run-001_bold.nii.gz",
      "ses-PREBL00/fmap/sub-3084846_ses-PREBL00_run-002_phasediff.nii.gz",
      "ses-PREBL00/anat/sub-3084846_ses-PREBL00_run-001_T2star.nii.gz",
      "ses-PREBL00/func/sub-3084846_ses-PREBL00_task-rest_run-001_bold.nii.gz",
      "ses-PREBL00/fmap/sub-3084846_ses-PREBL00_run-001_phasediff.nii.gz",
      "ses-PREBL00/func/sub-3084846_ses-PREBL00_task-encoding_run-001_bold.nii.gz"
    ],
    "InversionTime": 0.9,
    "MRAcquisitionType": "3D ",
    "MagneticFieldStrength": 3,
    "Manufacturer": "SIEMENS  ",
    "ManufacturerModelName": "TrioTim  ",
    "Modality": "MRI__ ",
    "PatientPosition": "HFS  ",
    "PercentPhaseFOV": 93.75,
    "PhaseEncodingSteps": 239,
    "PixelBandwidth": 238,
    "ProtocolName": "MPRAGE ADNI_iPAT2  ",
    "PulseSequenceType": "*tfl3d1_ns ",
    "ReceiveCoilName": "HeadMatrixix\\\\ ",
    "RepetitionTime": 2.3,
    "SAR": 0.07813908517011,
    "ScanningSequence": "GR\\\\IR  ",
    "SequenceName": "*tfl3d1_ns ",
    "SequenceVariant": "SP\\\\MP  ",
    "SeriesDescription": "MPRAGE ADNI_iPAT2  ",
    "SeriesNumber": 12,
    "SliceOrder": "interleaved ",
    "SliceThickness": 1,
    "SliceTiming": null,
    "SoftwareVersions": "syngo MR B17 ",
    "dataset": "<unset>",
    "modality": "T1w",
    "run_id": 1,
    "session_id": "PREBL00",
    "subject_id": "3084846"
  },
  "cjv": 0.41630469215899735,
  "cnr": 3.272417837836912,
  "efc": 0.6145396070256561,
  "fber": 142.9336395263672,
  "fwhm_avg": 3.4014333333333333,
  "fwhm_x": 3.4595,
  "fwhm_y": 3.51215,
  "fwhm_z": 3.23265,
  "icvs_csf": 0.19999252287309846,
  "icvs_gm": 0.4079019170492973,
  "icvs_wm": 0.3921055600776043,
  "inu_med": 1.3319756984710693,
  "inu_range": 0.371351170539856,
  "provenance": {
    "md5sum": "8c82e94db85c8557e86a662cc53d2b3f",
    "settings": {
      "testing": false
    },
    "software": "mriqc",
    "version": "0.16.1",
    "warnings": {
      "large_rot_frame": false,
      "small_air_mask": false
    },
    "webapi_port": null,
    "webapi_url": "https://mriqc.nimh.nih.gov/api/v1"
  },
  "qi_1": 4.9851551324152944e-05,
  "qi_2": 0.004745155571943532,
  "rpve_csf": 29.06887827581075,
  "rpve_gm": 14.783147948859646,
  "rpve_wm": 18.33978325002049,
  "size_x": 176,
  "size_y": 240,
  "size_z": 256,
  "snr_csf": 2.8380201655603887,
  "snr_gm": 9.048538328425671,
  "snr_total": 9.607416821743138,
  "snr_wm": 16.935691971243354,
  "snrd_csf": 13.34196312814328,
  "snrd_gm": 26.989687767826357,
  "snrd_total": 26.663749362837,
  "snrd_wm": 39.65959719254137,
  "spacing_x": 1.0,
  "spacing_y": 1.0,
  "spacing_z": 1.0,
  "summary_bg_k": 1432.4368722431725,
  "summary_bg_mad": 16.51887425659257,
  "summary_bg_mean": 53.36212158203125,
  "summary_bg_median": 51.68586349487305,
  "summary_bg_n": 2809844.0,
  "summary_bg_p05": 28.250511837005615,
  "summary_bg_p95": 83.23840179443361,
  "summary_bg_stdv": 19.694795608520508,
  "summary_csf_k": -0.009565111360491318,
  "summary_csf_mad": 128.15396760666505,
  "summary_csf_mean": 346.53094482421875,
  "summary_csf_median": 336.40966796875,
  "summary_csf_n": 13510.0,
  "summary_csf_p05": 173.9762367248535,
  "summary_csf_p95": 549.3711608886719,
  "summary_csf_stdv": 118.53235626220703,
  "summary_gm_k": -0.06482145934500538,
  "summary_gm_mad": 75.84115731496595,
  "summary_gm_mean": 680.2033081054688,
  "summary_gm_median": 680.5289306640625,
  "summary_gm_n": 14264.0,
  "summary_gm_p05": 556.4846130371094,
  "summary_gm_p95": 804.1684448242187,
  "summary_gm_stdv": 75.2060775756836,
  "summary_wm_k": 0.263489003507845,
  "summary_wm_mad": 57.15330202578065,
  "summary_wm_mean": 1000.7559204101562,
  "summary_wm_median": 999.9931640625,
  "summary_wm_n": 193315.0,
  "summary_wm_p05": 904.9468505859375,
  "summary_wm_p95": 1098.9586791992188,
  "summary_wm_stdv": 59.04633712768555,
  "tpm_overlap_csf": 0.17419251799583435,
  "tpm_overlap_gm": 0.43595847487449646,
  "tpm_overlap_wm": 0.5212537050247192,
  "wm2max": 0.5757266269611838
}