{
  "bids_meta": {
    "AcquisitionNumber": 1,
    "DeviceSerialNumber": "35442  ",
    "EchoNumber": 1,
    "EchoTime": 0.00298,
    "FlipAngle": 9,
    "ImageOrientationPatientDICOM": [
      "-0.0093489535377",
      "0.99992018386841",
      "0.008498409281",
      "-0.0284584023335",
      "0.00822927990132",
      "-0.9995611028291  "
    ],
    "ImageType": [
      "ORIGINAL",
      "PRIMARY",
      "M",
      "ND",
      "NORM "
    ],
    "ImagingFrequency": 123.24712,
    "InPlanePhaseEncodingDirectionDICOM": "ROW  ",
    "IntendedFor": [
      "ses-NAPFU12/func/sub-6424373_ses-NAPFU12_task-retrieval_run-001_bold.nii.gz",
      "ses-NAPFU12/func/sub-6424373_ses-NAPFU12_task-rest_run-002_bold.nii.gz",
      "ses-NAPFU12/fmap/sub-6424373_ses-NAPFU12_run-002_phasediff.nii.gz",
      "ses-NAPFU12/fmap/sub-6424373_ses-NAPFU12_run-001_phasediff.nii.gz",
      "ses-NAPFU12/asl/sub-6424373_ses-NAPFU12_run-001_asl.nii.gz",
      "ses-NAPFU12/func/sub-6424373_ses-NAPFU12_task-encoding_run-001_bold.nii.gz",
      "ses-NAPFU12/fmap/sub-6424373_ses-NAPFU12_run-003_phasediff.nii.gz",
      "ses-NAPFU12/anat/sub-6424373_ses-NAPFU12_run-001_T2star.nii.gz",
      "ses-NAPFU12/func/sub-6424373_ses-NAPFU12_task-rest_run-001_bold.nii.gz"
    ],
    "InversionTime": 0.9,
    "MRAcquisitionType": "3D ",
    "MagneticFieldStrength": 3,
    "Manufacturer": "SIEMENS  ",
    "ManufacturerModelName": "TrioTim  ",
    "Modality": "MRI__ ",
    "PatientPosition": "HFS  ",
    "PercentPhaseFOV": 93.75,
    "PhaseEncodingSteps": 239,
    "PixelBandwidth": 238,
    "ProtocolName": "MPRAGE ADNI_iPAT2  ",
    "PulseSequenceType": "*tfl3d1_ns ",
    "ReceiveCoilName": "HeadMatrixix\\\\ ",
    "RepetitionTime": 2.3,
    "SAR": 0.09414889524674,
    "ScanningSequence": "GR\\\\IR  ",
    "SequenceName": "*tfl3d1_ns ",
    "SequenceVariant": "SP\\\\MP  ",
    "SeriesDescription": "MPRAGE ADNI_iPAT2  ",
    "SeriesNumber": 12,
    "SliceOrder": "interleaved ",
    "SliceThickness": 1,
    "SliceTiming": null,
    "SoftwareVersions": "syngo MR B17 ",
    "dataset": "<unset>",
    "modality": "T1w",
    "run_id": 1,
    "session_id": "NAPFU12",
    "subject_id": "6424373"
  },
  "cjv": 0.5437887708567296,
  "cnr": 2.468001618556169,
  "efc": 0.6522392120752956,
  "fber": 97.07911682128906,
  "fwhm_avg": 3.0087399999999995,
  "fwhm_x": 3.0631,
  "fwhm_y": 3.06703,
  "fwhm_z": 2.89609,
  "icvs_csf": 0.18700011679931733,
  "icvs_gm": 0.39661274034240473,
  "icvs_wm": 0.41638714285827794,
  "inu_med": 1.3031965494155884,
  "inu_range": 0.5049951672554016,
  "provenance": {
    "md5sum": "53fad241b712b5386e0991079fa6f7f0",
    "settings": {
      "testing": false
    },
    "software": "mriqc",
    "version": "0.16.1",
    "warnings": {
      "large_rot_frame": false,
      "small_air_mask": false
    },
    "webapi_port": null,
    "webapi_url": "https://mriqc.nimh.nih.gov/api/v1"
  },
  "qi_1": 0.0,
  "qi_2": 0.004857668911216864,
  "rpve_csf": 23.95105374442651,
  "rpve_gm": 11.673840917917964,
  "rpve_wm": 13.55984395844793,
  "size_x": 176,
  "size_y": 240,
  "size_z": 256,
  "snr_csf": 1.104833885222094,
  "snr_gm": 8.585066267419808,
  "snr_total": 8.508724831110461,
  "snr_wm": 15.836274340689485,
  "snrd_csf": 13.139225911020208,
  "snrd_gm": 21.623135143406028,
  "snrd_total": 21.456980495532495,
  "snrd_wm": 29.608580432171244,
  "spacing_x": 1.0,
  "spacing_y": 1.0,
  "spacing_z": 1.0,
  "summary_bg_k": 1213.4038564926227,
  "summary_bg_mad": 22.127327968983778,
  "summary_bg_mean": 74.42807006835938,
  "summary_bg_median": 72.63200378417969,
  "summary_bg_n": 2594356.0,
  "summary_bg_p05": 40.469882011413574,
  "summary_bg_p95": 113.82839775085449,
  "summary_bg_stdv": 26.81145477294922,
  "summary_csf_k": 4.193559750237286,
  "summary_csf_mad": 169.2752757819829,
  "summary_csf_mean": 548.87060546875,
  "summary_csf_median": 443.779296875,
  "summary_csf_n": 10781.0,
  "summary_csf_p05": 212.31996154785156,
  "summary_csf_p95": 1613.0130615234375,
  "summary_csf_stdv": 401.6519775390625,
  "summary_gm_k": -0.027861939706072203,
  "summary_gm_mad": 84.71238333975157,
  "summary_gm_mean": 730.7568969726562,
  "summary_gm_median": 730.3245849609375,
  "summary_gm_n": 11445.0,
  "summary_gm_p05": 590.946484375,
  "summary_gm_p95": 873.2979736328124,
  "summary_gm_stdv": 85.06546783447266,
  "summary_wm_k": 0.16184357858011955,
  "summary_wm_mad": 61.95266566487254,
  "summary_wm_mean": 1000.7151489257812,
  "summary_wm_median": 1000.0341796875,
  "summary_wm_n": 257117.0,
  "summary_wm_p05": 898.2813842773437,
  "summary_wm_p95": 1106.0587646484375,
  "summary_wm_stdv": 63.14820098876953,
  "tpm_overlap_csf": 0.14870679378509521,
  "tpm_overlap_gm": 0.4182179272174835,
  "tpm_overlap_wm": 0.5070658326148987,
  "wm2max": 0.46543428985156554
}