{
  "bids_meta": {
    "AcquisitionNumber": 1,
    "DeviceSerialNumber": "35442  ",
    "EchoNumber": 1,
    "EchoTime": 0.00298,
    "FlipAngle": 9,
    "ImageOrientationPatientDICOM": [
      "-0.0090964070204",
      "0.99957083364188",
      "-0.0278460753391",
      "0.07379057106357",
      "-0.027100306419",
      "-0.9969054744629 "
    ],
    "ImageType": [
      "ORIGINAL",
      "PRIMARY",
      "M",
      "ND",
      "NORM "
    ],
    "ImagingFrequency": 123.247169,
    "InPlanePhaseEncodingDirectionDICOM": "ROW  ",
    "IntendedFor": [
      "ses-NAPFU36/dwi/sub-8889872_ses-NAPFU36_run-001_dwi.nii.gz",
      "ses-NAPFU36/fmap/sub-8889872_ses-NAPFU36_run-002_phasediff.nii.gz",
      "ses-NAPFU36/anat/sub-8889872_ses-NAPFU36_run-001_T2star.nii.gz",
      "ses-NAPFU36/func/sub-8889872_ses-NAPFU36_task-rest_run-002_bold.nii.gz",
      "ses-NAPFU36/fmap/sub-8889872_ses-NAPFU36_run-004_phasediff.nii.gz",
      "ses-NAPFU36/anat/sub-8889872_ses-NAPFU36_run-001_FLAIR.nii.gz",
      "ses-NAPFU36/fmap/sub-8889872_ses-NAPFU36_run-001_phasediff.nii.gz",
      "ses-NAPFU36/fmap/sub-8889872_ses-NAPFU36_run-003_phasediff.nii.gz",
      "ses-NAPFU36/func/sub-8889872_ses-NAPFU36_task-rest_run-001_bold.nii.gz"
    ],
    "InversionTime": 0.9,
    "MRAcquisitionType": "3D ",
    "MagneticFieldStrength": 3,
    "Manufacturer": "SIEMENS  ",
    "ManufacturerModelName": "TrioTim  ",
    "Modality": "MRI__ ",
    "PatientPosition": "HFS  ",
    "PercentPhaseFOV": 93.75,
    "PhaseEncodingSteps": 239,
    "PixelBandwidth": 238,
    "ProtocolName": "MPRAGE ADNI_iPAT2  ",
    "PulseSequenceType": "*tfl3d1_ns ",
    "ReceiveCoilName": "HeadMatrixix\\\\ ",
    "RepetitionTime": 2.3,
    "SAR": 0.07316872230775,
    "ScanningSequence": "GR\\\\IR  ",
    "SequenceName": "*tfl3d1_ns ",
    "SequenceVariant": "SP\\\\MP  ",
    "SeriesDescription": "MPRAGE ADNI_iPAT2  ",
    "SeriesNumber": 4,
    "SliceOrder": "interleaved ",
    "SliceThickness": 1,
    "SliceTiming": null,
    "SoftwareVersions": "syngo MR B17 ",
    "dataset": "<unset>",
    "modality": "T1w",
    "run_id": 1,
    "session_id": "NAPFU36",
    "subject_id": "8889872"
  },
  "cjv": 0.4119705253782947,
  "cnr": 3.207597841330421,
  "efc": 0.6040496822999417,
  "fber": 89.73289489746094,
  "fwhm_avg": 3.3460200000000007,
  "fwhm_x": 3.32607,
  "fwhm_y": 3.59865,
  "fwhm_z": 3.11334,
  "icvs_csf": 0.22875169385060196,
  "icvs_gm": 0.4111682382636529,
  "icvs_wm": 0.36008006788574515,
  "inu_med": 1.3368513584136963,
  "inu_range": 0.4463188767433164,
  "provenance": {
    "md5sum": "80a1e1986cdd54a8acb5884f9c04288a",
    "settings": {
      "testing": false
    },
    "software": "mriqc",
    "version": "0.16.1",
    "warnings": {
      "large_rot_frame": true,
      "small_air_mask": false
    },
    "webapi_port": null,
    "webapi_url": "https://mriqc.nimh.nih.gov/api/v1"
  },
  "qi_1": 0.0,
  "qi_2": 0.004555719780351559,
  "rpve_csf": 26.464650845319266,
  "rpve_gm": 14.825839404299995,
  "rpve_wm": 20.154625719193753,
  "size_x": 176,
  "size_y": 240,
  "size_z": 256,
  "snr_csf": 2.694255233874243,
  "snr_gm": 9.280244947899277,
  "snr_total": 9.86451399057974,
  "snr_wm": 17.6190417899657,
  "snrd_csf": 9.977357219615678,
  "snrd_gm": 22.204257889072093,
  "snrd_total": 21.491341362331827,
  "snrd_wm": 32.29240897830772,
  "spacing_x": 1.0,
  "spacing_y": 1.0,
  "spacing_z": 1.0,
  "summary_bg_k": 1954.8362955760952,
  "summary_bg_mad": 20.2876997256689,
  "summary_bg_mean": 68.32110595703125,
  "summary_bg_median": 66.58300018310547,
  "summary_bg_n": 3057187.0,
  "summary_bg_p05": 37.034460449218756,
  "summary_bg_p95": 104.3155738830566,
  "summary_bg_stdv": 27.837888717651367,
  "summary_csf_k": -0.011482027069429801,
  "summary_csf_mad": 114.21688236579175,
  "summary_csf_mean": 331.7093200683594,
  "summary_csf_median": 308.97021484375,
  "summary_csf_n": 15350.0,
  "summary_csf_p05": 175.94677352905273,
  "summary_csf_p95": 537.303921508789,
  "summary_csf_stdv": 114.67367553710938,
  "summary_gm_k": 0.08102854070464494,
  "summary_gm_mad": 73.57051545901797,
  "summary_gm_mean": 686.5845947265625,
  "summary_gm_median": 687.6023559570312,
  "summary_gm_n": 11955.0,
  "summary_gm_p05": 561.6284973144532,
  "summary_gm_p95": 807.0450866699218,
  "summary_gm_stdv": 74.09002685546875,
  "summary_wm_k": 0.23564868178947984,
  "summary_wm_mad": 55.129564476057794,
  "summary_wm_mean": 999.6901245117188,
  "summary_wm_median": 1000.0035400390625,
  "summary_wm_n": 169707.0,
  "summary_wm_p05": 905.598193359375,
  "summary_wm_p95": 1092.5882324218749,
  "summary_wm_stdv": 56.75680923461914,
  "tpm_overlap_csf": 0.17374548316001892,
  "tpm_overlap_gm": 0.4340479075908661,
  "tpm_overlap_wm": 0.5066593289375305,
  "wm2max": 0.4953783585667249
}