{
  "bids_meta": {
    "AcquisitionNumber": 1,
    "DeviceSerialNumber": "35442  ",
    "EchoNumber": 1,
    "EchoTime": 0.00298,
    "FlipAngle": 9,
    "ImageOrientationPatientDICOM": [
      "-0.0325960253489",
      "0.99928523383708",
      "0.01914472686205",
      "-0.0746452556262",
      "0.01666742377896",
      "-0.9970708514429  "
    ],
    "ImageType": [
      "ORIGINAL",
      "PRIMARY",
      "M",
      "ND",
      "NORM "
    ],
    "ImagingFrequency": 123.251508,
    "InPlanePhaseEncodingDirectionDICOM": "ROW  ",
    "IntendedFor": [
      "ses-NAPFU24/func/sub-6161064_ses-NAPFU24_task-retrieval_run-001_bold.nii.gz",
      "ses-NAPFU24/anat/sub-6161064_ses-NAPFU24_run-001_T1w.nii.gz",
      "ses-NAPFU24/asl/sub-6161064_ses-NAPFU24_run-001_asl.nii.gz",
      "ses-NAPFU24/fmap/sub-6161064_ses-NAPFU24_run-001_phasediff.nii.gz",
      "ses-NAPFU24/dwi/sub-6161064_ses-NAPFU24_run-001_dwi.nii.gz",
      "ses-NAPFU24/func/sub-6161064_ses-NAPFU24_task-rest_run-001_bold.nii.gz",
      "ses-NAPFU24/fmap/sub-6161064_ses-NAPFU24_run-004_phasediff.nii.gz",
      "ses-NAPFU24/anat/sub-6161064_ses-NAPFU24_run-001_FLAIR.nii.gz",
      "ses-NAPFU24/fmap/sub-6161064_ses-NAPFU24_run-003_phasediff.nii.gz",
      "ses-NAPFU24/fmap/sub-6161064_ses-NAPFU24_run-002_phasediff.nii.gz",
      "ses-NAPFU24/fmap/sub-6161064_ses-NAPFU24_run-005_phasediff.nii.gz",
      "ses-NAPFU24/func/sub-6161064_ses-NAPFU24_task-encoding_run-001_bold.nii.gz",
      "ses-NAPFU24/anat/sub-6161064_ses-NAPFU24_run-001_T2star.nii.gz",
      "ses-NAPFU24/func/sub-6161064_ses-NAPFU24_task-rest_run-002_bold.nii.gz"
    ],
    "InversionTime": 0.9,
    "MRAcquisitionType": "3D ",
    "MagneticFieldStrength": 3,
    "Manufacturer": "SIEMENS  ",
    "ManufacturerModelName": "TrioTim  ",
    "Modality": "MRI__ ",
    "PatientPosition": "HFS  ",
    "PercentPhaseFOV": 93.75,
    "PhaseEncodingSteps": 239,
    "PixelBandwidth": 238,
    "ProtocolName": "MPRAGE ADNI_iPAT2  ",
    "PulseSequenceType": "*tfl3d1_ns ",
    "ReceiveCoilName": "HeadMatrixix\\\\ ",
    "RepetitionTime": 2.3,
    "SAR": 0.09639216071896,
    "ScanningSequence": "GR\\\\IR  ",
    "SequenceName": "*tfl3d1_ns ",
    "SequenceVariant": "SP\\\\MP  ",
    "SeriesDescription": "MPRAGE ADNI_iPAT2  ",
    "SeriesNumber": 17,
    "SliceOrder": "interleaved ",
    "SliceThickness": 1,
    "SliceTiming": null,
    "SoftwareVersions": "syngo MR B17 ",
    "dataset": "<unset>",
    "modality": "T1w",
    "run_id": 2,
    "session_id": "NAPFU24",
    "subject_id": "6161064"
  },
  "cjv": 0.43651994177627734,
  "cnr": 3.133223247549734,
  "efc": 0.6327235155915975,
  "fber": 142.0323028564453,
  "fwhm_avg": 2.8938666666666664,
  "fwhm_x": 2.94374,
  "fwhm_y": 2.89727,
  "fwhm_z": 2.84059,
  "icvs_csf": 0.19778545100357942,
  "icvs_gm": 0.4160837270728018,
  "icvs_wm": 0.3861308219236188,
  "inu_med": 1.1550264358520508,
  "inu_range": 0.2565624713897703,
  "provenance": {
    "md5sum": "77432c45ee949c75b2e9080042b904a9",
    "settings": {
      "testing": false
    },
    "software": "mriqc",
    "version": "0.16.1",
    "warnings": {
      "large_rot_frame": true,
      "small_air_mask": false
    },
    "webapi_port": null,
    "webapi_url": "https://mriqc.nimh.nih.gov/api/v1"
  },
  "qi_1": 0.0,
  "qi_2": 0.003164806676768791,
  "rpve_csf": 28.72581817793031,
  "rpve_gm": 14.196373634263013,
  "rpve_wm": 17.941813984488405,
  "size_x": 176,
  "size_y": 240,
  "size_z": 256,
  "snr_csf": 1.3259341003685914,
  "snr_gm": 7.450856846505363,
  "snr_total": 7.903127829936557,
  "snr_wm": 14.932592542935716,
  "snrd_csf": 11.702092645582436,
  "snrd_gm": 22.984853826041405,
  "snrd_total": 23.398719161581354,
  "snrd_wm": 35.50921101312022,
  "spacing_x": 1.0,
  "spacing_y": 1.0,
  "spacing_z": 1.0,
  "summary_bg_k": 642.5271303045506,
  "summary_bg_mad": 18.449174339686664,
  "summary_bg_mean": 51.47334671020508,
  "summary_bg_median": 47.64813232421875,
  "summary_bg_n": 2494383.0,
  "summary_bg_p05": 23.198612785339357,
  "summary_bg_p95": 89.42592697143553,
  "summary_bg_stdv": 25.313892364501953,
  "summary_csf_k": 13.815020504378154,
  "summary_csf_mad": 114.51987969265873,
  "summary_csf_mean": 386.1249084472656,
  "summary_csf_median": 329.54046630859375,
  "summary_csf_n": 19216.0,
  "summary_csf_p05": 180.12296295166016,
  "summary_csf_p95": 728.0278472900391,
  "summary_csf_stdv": 248.52810668945312,
  "summary_gm_k": -0.19541264450653273,
  "summary_gm_mad": 88.75234769797805,
  "summary_gm_mean": 647.5036010742188,
  "summary_gm_median": 647.272216796875,
  "summary_gm_n": 10843.0,
  "summary_gm_p05": 503.05991210937503,
  "summary_gm_p95": 791.3124084472655,
  "summary_gm_stdv": 86.86817932128906,
  "summary_wm_k": 0.21105220044978168,
  "summary_wm_mad": 65.206535939105,
  "summary_wm_mean": 1000.5523681640625,
  "summary_wm_median": 999.9683227539062,
  "summary_wm_n": 188901.0,
  "summary_wm_p05": 891.7764282226562,
  "summary_wm_p95": 1111.8624267578125,
  "summary_wm_stdv": 66.9653091430664,
  "tpm_overlap_csf": 0.15177001059055328,
  "tpm_overlap_gm": 0.39920440316200256,
  "tpm_overlap_wm": 0.4806775152683258,
  "wm2max": 0.5508830762724328
}