{
  "bids_meta": {
    "AcquisitionNumber": 1,
    "DeviceSerialNumber": "35442  ",
    "EchoNumber": 1,
    "EchoTime": 0.00298,
    "FlipAngle": 9,
    "ImageOrientationPatientDICOM": [
      "0.03887614015006",
      "0.99829961161834",
      "-0.0434342165776",
      "0.09037060855855",
      "-0.0468015432607",
      "-0.9948079054054  "
    ],
    "ImageType": [
      "ORIGINAL",
      "PRIMARY",
      "M",
      "ND",
      "NORM "
    ],
    "ImagingFrequency": 123.251224,
    "InPlanePhaseEncodingDirectionDICOM": "ROW  ",
    "IntendedFor": [
      "ses-NAPFU48/func/sub-5774407_ses-NAPFU48_task-rest_run-001_bold.nii.gz",
      "ses-NAPFU48/fmap/sub-5774407_ses-NAPFU48_run-003_phasediff.nii.gz",
      "ses-NAPFU48/fmap/sub-5774407_ses-NAPFU48_run-001_phasediff.nii.gz",
      "ses-NAPFU48/anat/sub-5774407_ses-NAPFU48_run-001_FLAIR.nii.gz",
      "ses-NAPFU48/func/sub-5774407_ses-NAPFU48_task-rest_run-002_bold.nii.gz",
      "ses-NAPFU48/fmap/sub-5774407_ses-NAPFU48_run-005_phasediff.nii.gz",
      "ses-NAPFU48/anat/sub-5774407_ses-NAPFU48_run-003_T1w.nii.gz",
      "ses-NAPFU48/anat/sub-5774407_ses-NAPFU48_run-002_T1w.nii.gz",
      "ses-NAPFU48/func/sub-5774407_ses-NAPFU48_task-retrieval_run-001_bold.nii.gz",
      "ses-NAPFU48/func/sub-5774407_ses-NAPFU48_task-encoding_run-001_bold.nii.gz",
      "ses-NAPFU48/anat/sub-5774407_ses-NAPFU48_run-001_T2star.nii.gz",
      "ses-NAPFU48/fmap/sub-5774407_ses-NAPFU48_run-002_phasediff.nii.gz",
      "ses-NAPFU48/asl/sub-5774407_ses-NAPFU48_run-001_asl.nii.gz",
      "ses-NAPFU48/fmap/sub-5774407_ses-NAPFU48_run-004_phasediff.nii.gz"
    ],
    "InversionTime": 0.9,
    "MRAcquisitionType": "3D ",
    "MagneticFieldStrength": 3,
    "Manufacturer": "SIEMENS  ",
    "ManufacturerModelName": "TrioTim  ",
    "Modality": "MRI__ ",
    "PatientPosition": "HFS  ",
    "PercentPhaseFOV": 93.75,
    "PhaseEncodingSteps": 239,
    "PixelBandwidth": 238,
    "ProtocolName": "MPRAGE ADNI_iPAT2  ",
    "PulseSequenceType": "*tfl3d1_ns ",
    "ReceiveCoilName": "HeadMatrixix\\\\ ",
    "RepetitionTime": 2.3,
    "SAR": 0.08124109245269,
    "ScanningSequence": "GR\\\\IR  ",
    "SequenceName": "*tfl3d1_ns ",
    "SequenceVariant": "SP\\\\MP  ",
    "SeriesDescription": "MPRAGE ADNI_iPAT2  ",
    "SeriesNumber": 12,
    "SliceOrder": "interleaved ",
    "SliceThickness": 1,
    "SliceTiming": null,
    "SoftwareVersions": "syngo MR B17 ",
    "dataset": "<unset>",
    "modality": "T1w",
    "run_id": 1,
    "session_id": "NAPFU48",
    "subject_id": "5774407"
  },
  "cjv": 0.46263214078204407,
  "cnr": 2.8969183783090564,
  "efc": 0.6427593871364278,
  "fber": 100.55995178222656,
  "fwhm_avg": 2.793013333333333,
  "fwhm_x": 2.88416,
  "fwhm_y": 2.80378,
  "fwhm_z": 2.6911,
  "icvs_csf": 0.21803428049913345,
  "icvs_gm": 0.4140035601423147,
  "icvs_wm": 0.36796215935855187,
  "inu_med": 1.2173981666564941,
  "inu_range": 0.3555088162422182,
  "provenance": {
    "md5sum": "c2badc46cce03e9e8fb3d3a8d40c59f1",
    "settings": {
      "testing": false
    },
    "software": "mriqc",
    "version": "0.16.1",
    "warnings": {
      "large_rot_frame": true,
      "small_air_mask": false
    },
    "webapi_port": null,
    "webapi_url": "https://mriqc.nimh.nih.gov/api/v1"
  },
  "qi_1": 0.0,
  "qi_2": 0.003484423906723687,
  "rpve_csf": 24.640540497130704,
  "rpve_gm": 12.928712217972837,
  "rpve_wm": 16.860124617935238,
  "size_x": 176,
  "size_y": 240,
  "size_z": 256,
  "snr_csf": 1.16969003915836,
  "snr_gm": 8.327529655927423,
  "snr_total": 8.045950733291383,
  "snr_wm": 14.640632504788364,
  "snrd_csf": 11.127171518486001,
  "snrd_gm": 22.083064359280325,
  "snrd_total": 21.877287469130625,
  "snrd_wm": 32.421626529625556,
  "spacing_x": 1.0,
  "spacing_y": 1.0,
  "spacing_z": 1.0,
  "summary_bg_k": 1571.2053967304048,
  "summary_bg_mad": 20.206710407702438,
  "summary_bg_mean": 67.46587371826172,
  "summary_bg_median": 65.48566436767578,
  "summary_bg_n": 2667519.0,
  "summary_bg_p05": 36.41134414672852,
  "summary_bg_p95": 104.0803321838379,
  "summary_bg_stdv": 27.607454299926758,
  "summary_csf_k": 14.544591264578571,
  "summary_csf_mad": 118.76110703057478,
  "summary_csf_mean": 410.0884704589844,
  "summary_csf_median": 343.20111083984375,
  "summary_csf_n": 22267.0,
  "summary_csf_p05": 189.04822387695313,
  "summary_csf_p95": 885.5915954589843,
  "summary_csf_stdv": 293.4054260253906,
  "summary_gm_k": -0.07949252700807996,
  "summary_gm_mad": 82.07710857123837,
  "summary_gm_mean": 679.314208984375,
  "summary_gm_median": 681.119384765625,
  "summary_gm_n": 8538.0,
  "summary_gm_p05": 540.7151153564453,
  "summary_gm_p95": 811.8989318847656,
  "summary_gm_stdv": 81.7864990234375,
  "summary_wm_k": 0.5424245626758886,
  "summary_wm_mad": 65.4459295041109,
  "summary_wm_mean": 1001.6510009765625,
  "summary_wm_median": 999.9970092773438,
  "summary_wm_n": 166394.0,
  "summary_wm_p05": 892.8141815185547,
  "summary_wm_p95": 1116.052783203125,
  "summary_wm_stdv": 68.30265045166016,
  "tpm_overlap_csf": 0.13436144590377808,
  "tpm_overlap_gm": 0.3811931014060974,
  "tpm_overlap_wm": 0.4498032331466675,
  "wm2max": 0.5052340497590978
}