{
  "bids_meta": {
    "AcquisitionNumber": 1,
    "DeviceSerialNumber": "35442  ",
    "EchoNumber": 1,
    "EchoTime": 0.00298,
    "FlipAngle": 9,
    "ImageOrientationPatientDICOM": [
      "-0.027684096907",
      "0.9910864227731",
      "0.13031229171977",
      "0.05406538621199",
      "0.13165598994179",
      "-0.989820000973 "
    ],
    "ImageType": [
      "ORIGINAL",
      "PRIMARY",
      "M",
      "ND",
      "NORM "
    ],
    "ImagingFrequency": 123.247313,
    "InPlanePhaseEncodingDirectionDICOM": "ROW  ",
    "IntendedFor": [
      "ses-PREFU24/func/sub-9827494_ses-PREFU24_task-rest_run-002_bold.nii.gz",
      "ses-PREFU24/func/sub-9827494_ses-PREFU24_task-rest_run-001_bold.nii.gz",
      "ses-PREFU24/anat/sub-9827494_ses-PREFU24_run-001_T2star.nii.gz",
      "ses-PREFU24/fmap/sub-9827494_ses-PREFU24_run-002_phasediff.nii.gz",
      "ses-PREFU24/func/sub-9827494_ses-PREFU24_task-retrieval_run-001_bold.nii.gz",
      "ses-PREFU24/asl/sub-9827494_ses-PREFU24_run-001_asl.nii.gz",
      "ses-PREFU24/func/sub-9827494_ses-PREFU24_task-encoding_run-001_bold.nii.gz",
      "ses-PREFU24/fmap/sub-9827494_ses-PREFU24_run-003_phasediff.nii.gz",
      "ses-PREFU24/fmap/sub-9827494_ses-PREFU24_run-001_phasediff.nii.gz"
    ],
    "InversionTime": 0.9,
    "MRAcquisitionType": "3D ",
    "MagneticFieldStrength": 3,
    "Manufacturer": "SIEMENS  ",
    "ManufacturerModelName": "TrioTim  ",
    "Modality": "MRI__ ",
    "PatientPosition": "HFS  ",
    "PercentPhaseFOV": 93.75,
    "PhaseEncodingSteps": 239,
    "PixelBandwidth": 238,
    "ProtocolName": "MPRAGE ADNI_iPAT2  ",
    "PulseSequenceType": "*tfl3d1_ns ",
    "ReceiveCoilName": "HeadMatrixix\\\\ ",
    "RepetitionTime": 2.3,
    "SAR": 0.08729441198794,
    "ScanningSequence": "GR\\\\IR  ",
    "SequenceName": "*tfl3d1_ns ",
    "SequenceVariant": "SP\\\\MP  ",
    "SeriesDescription": "MPRAGE ADNI_iPAT2  ",
    "SeriesNumber": 12,
    "SliceOrder": "interleaved ",
    "SliceThickness": 1,
    "SliceTiming": null,
    "SoftwareVersions": "syngo MR B17 ",
    "dataset": "<unset>",
    "modality": "T1w",
    "run_id": 1,
    "session_id": "PREFU24",
    "subject_id": "9827494"
  },
  "cjv": 0.4308500893952117,
  "cnr": 3.172326424442199,
  "efc": 0.6248147536958589,
  "fber": 149.06521606445312,
  "fwhm_avg": 2.8730233333333337,
  "fwhm_x": 2.9369,
  "fwhm_y": 2.92378,
  "fwhm_z": 2.75839,
  "icvs_csf": 0.18151176530551144,
  "icvs_gm": 0.4256824116611266,
  "icvs_wm": 0.3928058230333619,
  "inu_med": 1.34547758102417,
  "inu_range": 0.3338372290134428,
  "provenance": {
    "md5sum": "53781fc9d9c0bf6f878ee3c70e8eb0ea",
    "settings": {
      "testing": false
    },
    "software": "mriqc",
    "version": "0.16.1",
    "warnings": {
      "large_rot_frame": true,
      "small_air_mask": false
    },
    "webapi_port": null,
    "webapi_url": "https://mriqc.nimh.nih.gov/api/v1"
  },
  "qi_1": 0.00016019282872366025,
  "qi_2": 0.0043977534651246444,
  "rpve_csf": 30.08255206729989,
  "rpve_gm": 13.58812658224626,
  "rpve_wm": 17.093750646745576,
  "size_x": 176,
  "size_y": 240,
  "size_z": 256,
  "snr_csf": 0.7371205991785882,
  "snr_gm": 8.454191073269248,
  "snr_total": 8.411047055865376,
  "snr_wm": 16.041829495148296,
  "snrd_csf": 12.255418430402438,
  "snrd_gm": 25.501874111901007,
  "snrd_total": 25.19776945722005,
  "snrd_wm": 37.83601582935671,
  "spacing_x": 1.0,
  "spacing_y": 1.0,
  "spacing_z": 1.0,
  "summary_bg_k": 1.1669394862645488,
  "summary_bg_mad": 17.315012825831605,
  "summary_bg_mean": 52.170536041259766,
  "summary_bg_median": 49.96244812011719,
  "summary_bg_n": 2728183.0,
  "summary_bg_p05": 24.893766403198242,
  "summary_bg_p95": 84.06207962036129,
  "summary_bg_stdv": 17.836532592773438,
  "summary_csf_k": 4.357965604873862,
  "summary_csf_mad": 129.80426069651878,
  "summary_csf_mean": 480.6840515136719,
  "summary_csf_median": 323.90618896484375,
  "summary_csf_n": 15594.0,
  "summary_csf_p05": 178.41499938964844,
  "summary_csf_p95": 1695.9823608398433,
  "summary_csf_stdv": 439.40679931640625,
  "summary_gm_k": 0.02895114661551812,
  "summary_gm_mad": 79.82103574343854,
  "summary_gm_mean": 674.0731811523438,
  "summary_gm_median": 674.005126953125,
  "summary_gm_n": 15246.0,
  "summary_gm_p05": 543.4082489013672,
  "summary_gm_p95": 805.8077087402344,
  "summary_gm_stdv": 79.72176361083984,
  "summary_wm_k": 0.22749772313480188,
  "summary_wm_mad": 60.63041324685473,
  "summary_wm_mean": 1000.8543701171875,
  "summary_wm_median": 999.991943359375,
  "summary_wm_n": 191661.0,
  "summary_wm_p05": 899.944580078125,
  "summary_wm_p95": 1104.8306884765625,
  "summary_wm_stdv": 62.33636474609375,
  "tpm_overlap_csf": 0.16157247126102448,
  "tpm_overlap_gm": 0.41234949231147766,
  "tpm_overlap_wm": 0.4991613030433655,
  "wm2max": 0.5079199123825713
}