{
  "bids_meta": {
    "AcquisitionNumber": 1,
    "DeviceSerialNumber": "35442  ",
    "EchoNumber": 1,
    "EchoTime": 0.00298,
    "FlipAngle": 9,
    "ImageOrientationPatientDICOM": [
      "0.02224851656713",
      "0.98743871310882",
      "0.15642823071478",
      "0.01260432093014",
      "0.15617748324112",
      "-0.9876485836685  "
    ],
    "ImageType": [
      "ORIGINAL",
      "PRIMARY",
      "M",
      "ND",
      "NORM "
    ],
    "ImagingFrequency": 123.247025,
    "InPlanePhaseEncodingDirectionDICOM": "ROW  ",
    "IntendedFor": [
      "ses-PREFU12/asl/sub-8052813_ses-PREFU12_run-001_asl.nii.gz",
      "ses-PREFU12/fmap/sub-8052813_ses-PREFU12_run-001_phasediff.nii.gz",
      "ses-PREFU12/fmap/sub-8052813_ses-PREFU12_run-003_phasediff.nii.gz",
      "ses-PREFU12/func/sub-8052813_ses-PREFU12_task-encoding_run-001_bold.nii.gz",
      "ses-PREFU12/func/sub-8052813_ses-PREFU12_task-retrieval_run-001_bold.nii.gz",
      "ses-PREFU12/fmap/sub-8052813_ses-PREFU12_run-002_phasediff.nii.gz",
      "ses-PREFU12/func/sub-8052813_ses-PREFU12_task-rest_run-002_bold.nii.gz",
      "ses-PREFU12/func/sub-8052813_ses-PREFU12_task-rest_run-001_bold.nii.gz",
      "ses-PREFU12/anat/sub-8052813_ses-PREFU12_run-001_T2star.nii.gz"
    ],
    "InversionTime": 0.9,
    "MRAcquisitionType": "3D ",
    "MagneticFieldStrength": 3,
    "Manufacturer": "SIEMENS  ",
    "ManufacturerModelName": "TrioTim  ",
    "Modality": "MRI__ ",
    "PatientPosition": "HFS  ",
    "PercentPhaseFOV": 93.75,
    "PhaseEncodingSteps": 239,
    "PixelBandwidth": 238,
    "ProtocolName": "MPRAGE ADNI_iPAT2  ",
    "PulseSequenceType": "*tfl3d1_ns ",
    "ReceiveCoilName": "HeadMatrixix\\\\ ",
    "RepetitionTime": 2.3,
    "SAR": 0.07776732958379,
    "ScanningSequence": "GR\\\\IR  ",
    "SequenceName": "*tfl3d1_ns ",
    "SequenceVariant": "SP\\\\MP  ",
    "SeriesDescription": "MPRAGE ADNI_iPAT2  ",
    "SeriesNumber": 12,
    "SliceOrder": "interleaved ",
    "SliceThickness": 1,
    "SliceTiming": null,
    "SoftwareVersions": "syngo MR B17 ",
    "dataset": "<unset>",
    "modality": "T1w",
    "run_id": 1,
    "session_id": "PREFU12",
    "subject_id": "8052813"
  },
  "cjv": 0.4330091856941664,
  "cnr": 3.1963576211815954,
  "efc": 0.6117870727144565,
  "fber": 178.9029541015625,
  "fwhm_avg": 3.187046666666667,
  "fwhm_x": 3.23871,
  "fwhm_y": 3.24495,
  "fwhm_z": 3.07748,
  "icvs_csf": 0.19775061611900627,
  "icvs_gm": 0.4003227074969715,
  "icvs_wm": 0.4019266763840222,
  "inu_med": 1.310286521911621,
  "inu_range": 0.3604978621006012,
  "provenance": {
    "md5sum": "7378355b70da87047996b23a08ce40c0",
    "settings": {
      "testing": false
    },
    "software": "mriqc",
    "version": "0.16.1",
    "warnings": {
      "large_rot_frame": true,
      "small_air_mask": false
    },
    "webapi_port": null,
    "webapi_url": "https://mriqc.nimh.nih.gov/api/v1"
  },
  "qi_1": 0.0,
  "qi_2": 0.005802619715794696,
  "rpve_csf": 30.087903993726545,
  "rpve_gm": 15.268580677725206,
  "rpve_wm": 18.574396521029726,
  "size_x": 176,
  "size_y": 240,
  "size_z": 256,
  "snr_csf": 2.8399953251581693,
  "snr_gm": 8.103112223594842,
  "snr_total": 8.92088777989053,
  "snr_wm": 15.819555790918576,
  "snrd_csf": 14.693418305064476,
  "snrd_gm": 31.390719988156878,
  "snrd_total": 31.149988406564372,
  "snrd_wm": 47.36582692647176,
  "spacing_x": 1.0,
  "spacing_y": 1.0,
  "spacing_z": 1.0,
  "summary_bg_k": 2239.19125964504,
  "summary_bg_mad": 13.83085462918586,
  "summary_bg_mean": 43.92182159423828,
  "summary_bg_median": 42.3530387878418,
  "summary_bg_n": 2735447.0,
  "summary_bg_p05": 22.735138511657713,
  "summary_bg_p95": 69.87527084350576,
  "summary_bg_stdv": 21.200490951538086,
  "summary_csf_k": 1.1371300832461069,
  "summary_csf_mad": 105.56269866407044,
  "summary_csf_mean": 322.18280029296875,
  "summary_csf_median": 310.1988220214844,
  "summary_csf_n": 14896.0,
  "summary_csf_p05": 169.50524139404297,
  "summary_csf_p95": 518.7457580566406,
  "summary_csf_stdv": 109.22145080566406,
  "summary_gm_k": -0.18145907667784122,
  "summary_gm_mad": 83.99451936273711,
  "summary_gm_mean": 662.5805053710938,
  "summary_gm_median": 662.7024536132812,
  "summary_gm_n": 11517.0,
  "summary_gm_p05": 526.2623291015625,
  "summary_gm_p95": 795.8047241210938,
  "summary_gm_stdv": 81.78014373779297,
  "summary_wm_k": 0.20959294003685436,
  "summary_wm_mad": 62.040894251484055,
  "summary_wm_mean": 999.9796142578125,
  "summary_wm_median": 999.9595336914062,
  "summary_wm_n": 197622.0,
  "summary_wm_p05": 896.3369049072267,
  "summary_wm_p95": 1103.3985290527344,
  "summary_wm_stdv": 63.210182189941406,
  "tpm_overlap_csf": 0.16202160716056824,
  "tpm_overlap_gm": 0.4100503623485565,
  "tpm_overlap_wm": 0.49993327260017395,
  "wm2max": 0.6146347508904729
}