{
  "bids_meta": {
    "AcquisitionNumber": 1,
    "DeviceSerialNumber": "35442  ",
    "EchoNumber": 1,
    "EchoTime": 0.00298,
    "FlipAngle": 9,
    "ImageOrientationPatientDICOM": [
      "0.04294507621902",
      "0.99267815807251",
      "0.1128972759384",
      "0.0289045815435",
      "0.11171972760101",
      "-0.9933192979252  "
    ],
    "ImageType": [
      "ORIGINAL",
      "PRIMARY",
      "M",
      "ND",
      "NORM "
    ],
    "ImagingFrequency": 123.247162,
    "InPlanePhaseEncodingDirectionDICOM": "ROW  ",
    "IntendedFor": [
      "ses-NAPBL00/func/sub-3448346_ses-NAPBL00_task-encoding_run-001_bold.nii.gz",
      "ses-NAPBL00/asl/sub-3448346_ses-NAPBL00_run-001_asl.nii.gz",
      "ses-NAPBL00/fmap/sub-3448346_ses-NAPBL00_run-003_phasediff.nii.gz",
      "ses-NAPBL00/func/sub-3448346_ses-NAPBL00_task-retrieval_run-001_bold.nii.gz",
      "ses-NAPBL00/fmap/sub-3448346_ses-NAPBL00_run-002_phasediff.nii.gz",
      "ses-NAPBL00/func/sub-3448346_ses-NAPBL00_task-rest_run-002_bold.nii.gz",
      "ses-NAPBL00/func/sub-3448346_ses-NAPBL00_task-rest_run-001_bold.nii.gz",
      "ses-NAPBL00/anat/sub-3448346_ses-NAPBL00_run-001_T2star.nii.gz",
      "ses-NAPBL00/fmap/sub-3448346_ses-NAPBL00_run-001_phasediff.nii.gz"
    ],
    "InversionTime": 0.9,
    "MRAcquisitionType": "3D ",
    "MagneticFieldStrength": 3,
    "Manufacturer": "SIEMENS  ",
    "ManufacturerModelName": "TrioTim  ",
    "Modality": "MRI__ ",
    "PatientPosition": "HFS  ",
    "PercentPhaseFOV": 93.75,
    "PhaseEncodingSteps": 239,
    "PixelBandwidth": 238,
    "ProtocolName": "MPRAGE ADNI_iPAT2  ",
    "PulseSequenceType": "*tfl3d1_ns ",
    "ReceiveCoilName": "HeadMatrixix\\\\ ",
    "RepetitionTime": 2.3,
    "SAR": 0.09508447736343,
    "ScanningSequence": "GR\\\\IR  ",
    "SequenceName": "*tfl3d1_ns ",
    "SequenceVariant": "SP\\\\MP  ",
    "SeriesDescription": "MPRAGE ADNI_iPAT2  ",
    "SeriesNumber": 12,
    "SliceOrder": "interleaved ",
    "SliceThickness": 1,
    "SliceTiming": null,
    "SoftwareVersions": "syngo MR B17 ",
    "dataset": "<unset>",
    "modality": "T1w",
    "run_id": 1,
    "session_id": "NAPBL00",
    "subject_id": "3448346"
  },
  "cjv": 0.4225399784291057,
  "cnr": 3.2068696196496562,
  "efc": 0.6029559282354843,
  "fber": 127.26278686523438,
  "fwhm_avg": 3.2549933333333336,
  "fwhm_x": 3.29646,
  "fwhm_y": 3.43466,
  "fwhm_z": 3.03386,
  "icvs_csf": 0.2058076118546602,
  "icvs_gm": 0.39995636394168554,
  "icvs_wm": 0.3942360242036543,
  "inu_med": 1.3649532794952393,
  "inu_range": 0.41379119157791133,
  "provenance": {
    "md5sum": "0d814fbec61794b2dc68d6a008f1d40a",
    "settings": {
      "testing": false
    },
    "software": "mriqc",
    "version": "0.16.1",
    "warnings": {
      "large_rot_frame": true,
      "small_air_mask": false
    },
    "webapi_port": null,
    "webapi_url": "https://mriqc.nimh.nih.gov/api/v1"
  },
  "qi_1": 0.0,
  "qi_2": 0.005117547121232741,
  "rpve_csf": 28.9616946465262,
  "rpve_gm": 15.14961060118409,
  "rpve_wm": 18.807573230471437,
  "size_x": 176,
  "size_y": 240,
  "size_z": 256,
  "snr_csf": 2.931709674576781,
  "snr_gm": 9.546766638226988,
  "snr_total": 9.932620966418854,
  "snr_wm": 17.319386586452794,
  "snrd_csf": 12.030075339523513,
  "snrd_gm": 25.827870309045153,
  "snrd_total": 24.98801603602909,
  "snrd_wm": 37.10610245951861,
  "spacing_x": 1.0,
  "spacing_y": 1.0,
  "spacing_z": 1.0,
  "summary_bg_k": 0.6379944872312437,
  "summary_bg_mad": 17.655688283724608,
  "summary_bg_mean": 57.26449966430664,
  "summary_bg_median": 55.63143539428711,
  "summary_bg_n": 2550445.0,
  "summary_bg_p05": 30.488736343383792,
  "summary_bg_p95": 89.52827301025388,
  "summary_bg_stdv": 18.278467178344727,
  "summary_csf_k": 8.65856149253764,
  "summary_csf_mad": 117.02945134796504,
  "summary_csf_mean": 335.77264404296875,
  "summary_csf_median": 324.2061767578125,
  "summary_csf_n": 12804.0,
  "summary_csf_p05": 181.94602432250977,
  "summary_csf_p95": 520.9174194335938,
  "summary_csf_stdv": 110.58172607421875,
  "summary_gm_k": -0.03478583561087234,
  "summary_gm_mad": 72.50141121643165,
  "summary_gm_mean": 694.582275390625,
  "summary_gm_median": 696.0517578125,
  "summary_gm_n": 9418.0,
  "summary_gm_p05": 570.3521026611328,
  "summary_gm_p95": 811.4510101318359,
  "summary_gm_stdv": 72.90581512451172,
  "summary_wm_k": 0.2974456708016646,
  "summary_wm_mad": 55.92719614445486,
  "summary_wm_mean": 1000.5802001953125,
  "summary_wm_median": 999.9960327148438,
  "summary_wm_n": 189748.0,
  "summary_wm_p05": 906.6215209960938,
  "summary_wm_p95": 1096.0569396972655,
  "summary_wm_stdv": 57.73838424682617,
  "tpm_overlap_csf": 0.1803998202085495,
  "tpm_overlap_gm": 0.4300273656845093,
  "tpm_overlap_wm": 0.5107206106185913,
  "wm2max": 0.5034999370453389
}