{
  "bids_meta": {
    "AcquisitionNumber": 1,
    "DeviceSerialNumber": "35442  ",
    "EchoNumber": 1,
    "EchoTime": 0.00298,
    "FlipAngle": 9,
    "ImageOrientationPatientDICOM": [
      "-0.0199400413906",
      "0.9998011776095",
      "-1.8184779e-009",
      "-0.0004122238248",
      "-8.22321356e-006",
      "-0.9999999150019  "
    ],
    "ImageType": [
      "ORIGINAL",
      "PRIMARY",
      "M",
      "ND",
      "NORM "
    ],
    "ImagingFrequency": 123.247051,
    "InPlanePhaseEncodingDirectionDICOM": "ROW  ",
    "IntendedFor": [
      "ses-NAPFU03/func/sub-8969699_ses-NAPFU03_task-retrieval_run-001_bold.nii.gz",
      "ses-NAPFU03/fmap/sub-8969699_ses-NAPFU03_run-001_phasediff.nii.gz",
      "ses-NAPFU03/fmap/sub-8969699_ses-NAPFU03_run-003_phasediff.nii.gz",
      "ses-NAPFU03/func/sub-8969699_ses-NAPFU03_task-rest_run-001_bold.nii.gz",
      "ses-NAPFU03/fmap/sub-8969699_ses-NAPFU03_run-002_phasediff.nii.gz",
      "ses-NAPFU03/func/sub-8969699_ses-NAPFU03_task-encoding_run-001_bold.nii.gz",
      "ses-NAPFU03/asl/sub-8969699_ses-NAPFU03_run-001_asl.nii.gz",
      "ses-NAPFU03/anat/sub-8969699_ses-NAPFU03_run-001_T2star.nii.gz",
      "ses-NAPFU03/func/sub-8969699_ses-NAPFU03_task-rest_run-002_bold.nii.gz"
    ],
    "InversionTime": 0.9,
    "MRAcquisitionType": "3D ",
    "MagneticFieldStrength": 3,
    "Manufacturer": "SIEMENS  ",
    "ManufacturerModelName": "TrioTim  ",
    "Modality": "MRI__ ",
    "PatientPosition": "HFS  ",
    "PercentPhaseFOV": 93.75,
    "PhaseEncodingSteps": 239,
    "PixelBandwidth": 238,
    "ProtocolName": "MPRAGE ADNI_iPAT2  ",
    "PulseSequenceType": "*tfl3d1_ns ",
    "ReceiveCoilName": "HeadMatrixix\\\\ ",
    "RepetitionTime": 2.3,
    "SAR": 0.09573530873469,
    "ScanningSequence": "GR\\\\IR  ",
    "SequenceName": "*tfl3d1_ns ",
    "SequenceVariant": "SP\\\\MP  ",
    "SeriesDescription": "MPRAGE ADNI_iPAT2  ",
    "SeriesNumber": 12,
    "SliceOrder": "interleaved ",
    "SliceThickness": 1,
    "SliceTiming": null,
    "SoftwareVersions": "syngo MR B17 ",
    "dataset": "<unset>",
    "modality": "T1w",
    "run_id": 1,
    "session_id": "NAPFU03",
    "subject_id": "8969699"
  },
  "cjv": 0.41583450918280296,
  "cnr": 3.3110336898396473,
  "efc": 0.5931611904789229,
  "fber": 155.9225311279297,
  "fwhm_avg": 3.23503,
  "fwhm_x": 3.29523,
  "fwhm_y": 3.32279,
  "fwhm_z": 3.08707,
  "icvs_csf": 0.1979061865798341,
  "icvs_gm": 0.4137136858863081,
  "icvs_wm": 0.3883801275338578,
  "inu_med": 1.2893720865249634,
  "inu_range": 0.36018215417861943,
  "provenance": {
    "md5sum": "918356492054594b6d7ac7b1d7add5b8",
    "settings": {
      "testing": false
    },
    "software": "mriqc",
    "version": "0.16.1",
    "warnings": {
      "large_rot_frame": true,
      "small_air_mask": false
    },
    "webapi_port": null,
    "webapi_url": "https://mriqc.nimh.nih.gov/api/v1"
  },
  "qi_1": 0.00015869269495834653,
  "qi_2": 0.004690768530305305,
  "rpve_csf": 33.59518176960121,
  "rpve_gm": 16.8784021161182,
  "rpve_wm": 21.602194699222977,
  "size_x": 176,
  "size_y": 240,
  "size_z": 256,
  "snr_csf": 2.775352071830726,
  "snr_gm": 8.209378667463024,
  "snr_total": 9.263911498757102,
  "snr_wm": 16.807003756977558,
  "snrd_csf": 12.857761730043771,
  "snrd_gm": 27.389998926389158,
  "snrd_total": 27.185479403339496,
  "snrd_wm": 41.30867755358556,
  "spacing_x": 1.0,
  "spacing_y": 1.0,
  "spacing_z": 1.0,
  "summary_bg_k": 34.58670208590818,
  "summary_bg_mad": 15.859184589955419,
  "summary_bg_mean": 47.96665954589844,
  "summary_bg_median": 46.28409194946289,
  "summary_bg_n": 2761490.0,
  "summary_bg_p05": 24.778004837036132,
  "summary_bg_p95": 77.62415885925293,
  "summary_bg_stdv": 17.1099796295166,
  "summary_csf_k": 1.9002876558389081,
  "summary_csf_mad": 108.90310082132572,
  "summary_csf_mean": 330.8467102050781,
  "summary_csf_median": 311.2536926269531,
  "summary_csf_n": 10555.0,
  "summary_csf_p05": 177.1085189819336,
  "summary_csf_p95": 532.5477416992187,
  "summary_csf_stdv": 112.14395141601562,
  "summary_gm_k": -0.13423698020177888,
  "summary_gm_mad": 82.09656410572194,
  "summary_gm_mean": 661.1723022460938,
  "summary_gm_median": 663.0421752929688,
  "summary_gm_n": 12633.0,
  "summary_gm_p05": 524.0268920898437,
  "summary_gm_p95": 790.1055786132812,
  "summary_gm_stdv": 80.76322937011719,
  "summary_wm_k": 0.19111777155945742,
  "summary_wm_mad": 58.01296517737997,
  "summary_wm_mean": 999.5521850585938,
  "summary_wm_median": 999.9779663085938,
  "summary_wm_n": 167740.0,
  "summary_wm_p05": 900.9222412109375,
  "summary_wm_p95": 1096.3334411621092,
  "summary_wm_stdv": 59.49751663208008,
  "tpm_overlap_csf": 0.1732455939054489,
  "tpm_overlap_gm": 0.4274827241897583,
  "tpm_overlap_wm": 0.500123918056488,
  "wm2max": 0.5507592580316247
}