{
  "bids_meta": {
    "AcquisitionNumber": 1,
    "DeviceSerialNumber": "35442  ",
    "EchoNumber": 1,
    "EchoTime": 0.00298,
    "FlipAngle": 9,
    "ImageOrientationPatientDICOM": [
      "0.02057299468856",
      "0.99978829309629",
      "-0.0003476739097",
      "0.08826025307672",
      "-0.0021625518232",
      "-0.9960951014318  "
    ],
    "ImageType": [
      "ORIGINAL",
      "PRIMARY",
      "M",
      "ND",
      "NORM "
    ],
    "ImagingFrequency": 123.247263,
    "InPlanePhaseEncodingDirectionDICOM": "ROW  ",
    "IntendedFor": [
      "ses-NAPEN00/fmap/sub-1438245_ses-NAPEN00_run-001_phasediff.nii.gz",
      "ses-NAPEN00/dwi/sub-1438245_ses-NAPEN00_run-001_dwi.nii.gz",
      "ses-NAPEN00/fmap/sub-1438245_ses-NAPEN00_run-002_phasediff.nii.gz",
      "ses-NAPEN00/anat/sub-1438245_ses-NAPEN00_run-001_FLAIR.nii.gz"
    ],
    "InversionTime": 0.9,
    "MRAcquisitionType": "3D ",
    "MagneticFieldStrength": 3,
    "Manufacturer": "SIEMENS  ",
    "ManufacturerModelName": "TrioTim  ",
    "Modality": "MRI__ ",
    "PatientPosition": "HFS  ",
    "PercentPhaseFOV": 93.75,
    "PhaseEncodingSteps": 239,
    "PixelBandwidth": 238,
    "ProtocolName": "MPRAGE ADNI_iPAT2  ",
    "PulseSequenceType": "*tfl3d1_ns ",
    "ReceiveCoilName": "HeadMatrixix\\\\ ",
    "RepetitionTime": 2.3,
    "SAR": 0.07347154870873,
    "ScanningSequence": "GR\\\\IR  ",
    "SequenceName": "*tfl3d1_ns ",
    "SequenceVariant": "SP\\\\MP  ",
    "SeriesDescription": "MPRAGE ADNI_iPAT2  ",
    "SeriesNumber": 4,
    "SliceOrder": "interleaved ",
    "SliceThickness": 1,
    "SliceTiming": null,
    "SoftwareVersions": "syngo MR B17 ",
    "dataset": "<unset>",
    "modality": "T1w",
    "run_id": 1,
    "session_id": "NAPEN00",
    "subject_id": "1438245"
  },
  "cjv": 0.391228318608773,
  "cnr": 3.3690536460554568,
  "efc": 0.6105480179787437,
  "fber": 97.47917938232422,
  "fwhm_avg": 3.31988,
  "fwhm_x": 3.34717,
  "fwhm_y": 3.45078,
  "fwhm_z": 3.16169,
  "icvs_csf": 0.19621537612904916,
  "icvs_gm": 0.4110999635108423,
  "icvs_wm": 0.3926846603601085,
  "inu_med": 1.3060145378112793,
  "inu_range": 0.439654988050461,
  "provenance": {
    "md5sum": "d605dfe5fd79c0322418771f439e106e",
    "settings": {
      "testing": false
    },
    "software": "mriqc",
    "version": "0.16.1",
    "warnings": {
      "large_rot_frame": true,
      "small_air_mask": false
    },
    "webapi_port": null,
    "webapi_url": "https://mriqc.nimh.nih.gov/api/v1"
  },
  "qi_1": 0.0,
  "qi_2": 0.0038819838322026465,
  "rpve_csf": 28.791770463229874,
  "rpve_gm": 14.493673172540333,
  "rpve_wm": 18.51284962203954,
  "size_x": 176,
  "size_y": 240,
  "size_z": 256,
  "snr_csf": 2.5654515409123664,
  "snr_gm": 9.303789701414862,
  "snr_total": 10.20185567494262,
  "snr_wm": 18.73632578250063,
  "snrd_csf": 10.284141578629862,
  "snrd_gm": 22.83783108908864,
  "snrd_total": 22.184503124426968,
  "snrd_wm": 33.4315367055624,
  "spacing_x": 1.0,
  "spacing_y": 1.0,
  "spacing_z": 1.0,
  "summary_bg_k": 2006.5481639049626,
  "summary_bg_mad": 19.59629866895926,
  "summary_bg_mean": 66.13880157470703,
  "summary_bg_median": 64.5337142944336,
  "summary_bg_n": 2803367.0,
  "summary_bg_p05": 35.963936233520506,
  "summary_bg_p95": 100.99356842041016,
  "summary_bg_stdv": 24.639938354492188,
  "summary_csf_k": -0.09944554052766064,
  "summary_csf_mad": 119.63546363525208,
  "summary_csf_mean": 332.0857849121094,
  "summary_csf_median": 307.6170349121094,
  "summary_csf_n": 12342.0,
  "summary_csf_p05": 171.6263084411621,
  "summary_csf_p95": 546.9698272705078,
  "summary_csf_stdv": 119.90270233154297,
  "summary_gm_k": -0.03896831015561819,
  "summary_gm_mad": 72.63420655063922,
  "summary_gm_mean": 681.8626708984375,
  "summary_gm_median": 683.1203002929688,
  "summary_gm_n": 13545.0,
  "summary_gm_p05": 558.6312133789063,
  "summary_gm_p95": 801.086083984375,
  "summary_gm_stdv": 73.4211654663086,
  "summary_wm_k": 0.3466078831529509,
  "summary_wm_mad": 51.336911632917726,
  "summary_wm_mean": 998.979248046875,
  "summary_wm_median": 999.9969482421875,
  "summary_wm_n": 198105.0,
  "summary_wm_p05": 909.6565917968751,
  "summary_wm_p95": 1084.9333740234374,
  "summary_wm_stdv": 53.3719596862793,
  "tpm_overlap_csf": 0.18217934668064117,
  "tpm_overlap_gm": 0.44116589426994324,
  "tpm_overlap_wm": 0.5104389786720276,
  "wm2max": 0.49206202705525165
}