{
  "bids_meta": {
    "AcquisitionNumber": 1,
    "DeviceSerialNumber": "35442  ",
    "EchoNumber": 1,
    "EchoTime": 0.00298,
    "FlipAngle": 9,
    "ImageOrientationPatientDICOM": [
      "0.03827648170262",
      "0.99181795341672",
      "0.12178693784124",
      "-0.0323303130995",
      "0.1230416109339",
      "-0.991874746545  "
    ],
    "ImageType": [
      "ORIGINAL",
      "PRIMARY",
      "M",
      "ND",
      "NORM "
    ],
    "ImagingFrequency": 123.247073,
    "InPlanePhaseEncodingDirectionDICOM": "ROW  ",
    "IntendedFor": [
      "ses-NAPFU12/func/sub-7499557_ses-NAPFU12_task-rest_run-001_bold.nii.gz",
      "ses-NAPFU12/fmap/sub-7499557_ses-NAPFU12_run-003_phasediff.nii.gz",
      "ses-NAPFU12/fmap/sub-7499557_ses-NAPFU12_run-002_phasediff.nii.gz",
      "ses-NAPFU12/func/sub-7499557_ses-NAPFU12_task-rest_run-002_bold.nii.gz",
      "ses-NAPFU12/asl/sub-7499557_ses-NAPFU12_run-001_asl.nii.gz",
      "ses-NAPFU12/fmap/sub-7499557_ses-NAPFU12_run-001_phasediff.nii.gz",
      "ses-NAPFU12/anat/sub-7499557_ses-NAPFU12_run-001_T2star.nii.gz",
      "ses-NAPFU12/func/sub-7499557_ses-NAPFU12_task-encoding_run-001_bold.nii.gz",
      "ses-NAPFU12/func/sub-7499557_ses-NAPFU12_task-retrieval_run-001_bold.nii.gz"
    ],
    "InversionTime": 0.9,
    "MRAcquisitionType": "3D ",
    "MagneticFieldStrength": 3,
    "Manufacturer": "SIEMENS  ",
    "ManufacturerModelName": "TrioTim  ",
    "Modality": "MRI__ ",
    "PatientPosition": "HFS  ",
    "PercentPhaseFOV": 93.75,
    "PhaseEncodingSteps": 239,
    "PixelBandwidth": 238,
    "ProtocolName": "MPRAGE ADNI_iPAT2  ",
    "PulseSequenceType": "*tfl3d1_ns ",
    "ReceiveCoilName": "HeadMatrixix\\\\ ",
    "RepetitionTime": 2.3,
    "SAR": 0.08001718759499,
    "ScanningSequence": "GR\\\\IR  ",
    "SequenceName": "*tfl3d1_ns ",
    "SequenceVariant": "SP\\\\MP  ",
    "SeriesDescription": "MPRAGE ADNI_iPAT2  ",
    "SeriesNumber": 12,
    "SliceOrder": "interleaved ",
    "SliceThickness": 1,
    "SliceTiming": null,
    "SoftwareVersions": "syngo MR B17 ",
    "dataset": "<unset>",
    "modality": "T1w",
    "run_id": 1,
    "session_id": "NAPFU12",
    "subject_id": "7499557"
  },
  "cjv": 0.41555032783286583,
  "cnr": 3.2137989572793213,
  "efc": 0.5947892783849985,
  "fber": 134.1329345703125,
  "fwhm_avg": 3.1649766666666665,
  "fwhm_x": 3.26006,
  "fwhm_y": 3.26016,
  "fwhm_z": 2.97471,
  "icvs_csf": 0.21188114212332523,
  "icvs_gm": 0.4105954532551372,
  "icvs_wm": 0.37752340462153755,
  "inu_med": 1.401167869567871,
  "inu_range": 0.39594125747680664,
  "provenance": {
    "md5sum": "f5ec774027378b5fa15649de2b16fe94",
    "settings": {
      "testing": false
    },
    "software": "mriqc",
    "version": "0.16.1",
    "warnings": {
      "large_rot_frame": true,
      "small_air_mask": false
    },
    "webapi_port": null,
    "webapi_url": "https://mriqc.nimh.nih.gov/api/v1"
  },
  "qi_1": 0.0,
  "qi_2": 0.005166396472751274,
  "rpve_csf": 30.179154942234355,
  "rpve_gm": 15.855132026593749,
  "rpve_wm": 20.72639799809526,
  "size_x": 176,
  "size_y": 240,
  "size_z": 256,
  "snr_csf": 2.5837817440581516,
  "snr_gm": 8.356366822850822,
  "snr_total": 9.184297925721397,
  "snr_wm": 16.61274521025522,
  "snrd_csf": 11.739979558414383,
  "snrd_gm": 25.142760846898934,
  "snrd_total": 24.812057272694094,
  "snrd_wm": 37.553431412768965,
  "spacing_x": 1.0,
  "spacing_y": 1.0,
  "spacing_z": 1.0,
  "summary_bg_k": 1719.7134519622023,
  "summary_bg_mad": 17.445121712690433,
  "summary_bg_mean": 54.005897521972656,
  "summary_bg_median": 52.29863357543945,
  "summary_bg_n": 2946743.0,
  "summary_bg_p05": 27.519927787780762,
  "summary_bg_p95": 84.60835037231445,
  "summary_bg_stdv": 23.075382232666016,
  "summary_csf_k": 0.17103014490572788,
  "summary_csf_mad": 118.77164921553913,
  "summary_csf_mean": 337.4206848144531,
  "summary_csf_median": 312.6148681640625,
  "summary_csf_n": 13688.0,
  "summary_csf_p05": 176.38323898315429,
  "summary_csf_p95": 559.6415374755859,
  "summary_csf_stdv": 120.98678588867188,
  "summary_gm_k": -0.01679006805175387,
  "summary_gm_mad": 78.60149044932234,
  "summary_gm_mean": 666.0228881835938,
  "summary_gm_median": 669.5072021484375,
  "summary_gm_n": 7256.0,
  "summary_gm_p05": 526.2310180664062,
  "summary_gm_p95": 794.0538635253906,
  "summary_gm_stdv": 80.1138916015625,
  "summary_wm_k": 0.18242755974523517,
  "summary_wm_mad": 58.727164274642874,
  "summary_wm_mean": 999.9700927734375,
  "summary_wm_median": 999.9813842773438,
  "summary_wm_n": 167554.0,
  "summary_wm_p05": 900.7445159912108,
  "summary_wm_p95": 1099.0789916992187,
  "summary_wm_stdv": 60.19344711303711,
  "tpm_overlap_csf": 0.1645950824022293,
  "tpm_overlap_gm": 0.4131958484649658,
  "tpm_overlap_wm": 0.49752604961395264,
  "wm2max": 0.5483594930228191
}