{
  "bids_meta": {
    "AcquisitionNumber": 1,
    "DeviceSerialNumber": "35442  ",
    "EchoNumber": 1,
    "EchoTime": 0.00298,
    "FlipAngle": 9,
    "ImageOrientationPatientDICOM": [
      "0.01434478652227",
      "0.99978939050754",
      "0.01467657072324",
      "-0.0003230500458",
      "0.01468271427204",
      "-0.9998921509544  "
    ],
    "ImageType": [
      "ORIGINAL",
      "PRIMARY",
      "M",
      "ND",
      "NORM "
    ],
    "ImagingFrequency": 123.251584,
    "InPlanePhaseEncodingDirectionDICOM": "ROW  ",
    "IntendedFor": [
      "ses-PREFU48/fmap/sub-4052945_ses-PREFU48_run-002_phasediff.nii.gz",
      "ses-PREFU48/func/sub-4052945_ses-PREFU48_task-rest_run-002_bold.nii.gz",
      "ses-PREFU48/func/sub-4052945_ses-PREFU48_task-encoding_run-001_bold.nii.gz",
      "ses-PREFU48/func/sub-4052945_ses-PREFU48_task-rest_run-001_bold.nii.gz",
      "ses-PREFU48/anat/sub-4052945_ses-PREFU48_run-001_FLAIR.nii.gz",
      "ses-PREFU48/fmap/sub-4052945_ses-PREFU48_run-005_phasediff.nii.gz",
      "ses-PREFU48/anat/sub-4052945_ses-PREFU48_run-001_T1w.nii.gz",
      "ses-PREFU48/asl/sub-4052945_ses-PREFU48_run-001_asl.nii.gz",
      "ses-PREFU48/fmap/sub-4052945_ses-PREFU48_run-001_phasediff.nii.gz",
      "ses-PREFU48/fmap/sub-4052945_ses-PREFU48_run-003_phasediff.nii.gz",
      "ses-PREFU48/fmap/sub-4052945_ses-PREFU48_run-004_phasediff.nii.gz",
      "ses-PREFU48/anat/sub-4052945_ses-PREFU48_run-001_T2star.nii.gz",
      "ses-PREFU48/func/sub-4052945_ses-PREFU48_task-retrieval_run-001_bold.nii.gz",
      "ses-PREFU48/dwi/sub-4052945_ses-PREFU48_run-001_dwi.nii.gz"
    ],
    "InversionTime": 0.9,
    "MRAcquisitionType": "3D ",
    "MagneticFieldStrength": 3,
    "Manufacturer": "SIEMENS  ",
    "ManufacturerModelName": "TrioTim  ",
    "Modality": "MRI__ ",
    "PatientPosition": "HFS  ",
    "PercentPhaseFOV": 93.75,
    "PhaseEncodingSteps": 239,
    "PixelBandwidth": 238,
    "ProtocolName": "MPRAGE ADNI_iPAT2  ",
    "PulseSequenceType": "*tfl3d1_ns ",
    "ReceiveCoilName": "HeadMatrixix\\\\ ",
    "RepetitionTime": 2.3,
    "SAR": 0.09070246045787,
    "ScanningSequence": "GR\\\\IR  ",
    "SequenceName": "*tfl3d1_ns ",
    "SequenceVariant": "SP\\\\MP  ",
    "SeriesDescription": "MPRAGE ADNI_iPAT2  ",
    "SeriesNumber": 17,
    "SliceOrder": "interleaved ",
    "SliceThickness": 1,
    "SliceTiming": null,
    "SoftwareVersions": "syngo MR B17 ",
    "dataset": "<unset>",
    "modality": "T1w",
    "run_id": 2,
    "session_id": "PREFU48",
    "subject_id": "4052945"
  },
  "cjv": 0.401387994515577,
  "cnr": 3.3688578306656716,
  "efc": 0.602124627198661,
  "fber": 110.44993591308594,
  "fwhm_avg": 3.1403166666666666,
  "fwhm_x": 3.228,
  "fwhm_y": 3.24132,
  "fwhm_z": 2.95163,
  "icvs_csf": 0.19547576295879768,
  "icvs_gm": 0.43236702535528065,
  "icvs_wm": 0.3721572116859217,
  "inu_med": 1.275488257408142,
  "inu_range": 0.3034886419773102,
  "provenance": {
    "md5sum": "b0ed22284b5c3953b7eaab30caf0077b",
    "settings": {
      "testing": false
    },
    "software": "mriqc",
    "version": "0.16.1",
    "warnings": {
      "large_rot_frame": true,
      "small_air_mask": false
    },
    "webapi_port": null,
    "webapi_url": "https://mriqc.nimh.nih.gov/api/v1"
  },
  "qi_1": 0.00012928879961966697,
  "qi_2": 0.005401943737348863,
  "rpve_csf": 36.489420313947136,
  "rpve_gm": 17.745159257846826,
  "rpve_wm": 24.102344369614602,
  "size_x": 176,
  "size_y": 240,
  "size_z": 256,
  "snr_csf": 3.010034769841306,
  "snr_gm": 9.313904992314193,
  "snr_total": 9.942787607652004,
  "snr_wm": 17.504423060800516,
  "snrd_csf": 11.626764783582104,
  "snrd_gm": 25.502618367863366,
  "snrd_total": 24.85175436292748,
  "snrd_wm": 37.425879937336965,
  "spacing_x": 1.0,
  "spacing_y": 1.0,
  "spacing_z": 1.0,
  "summary_bg_k": 99.57731724429804,
  "summary_bg_mad": 17.504636418902802,
  "summary_bg_mean": 56.738243103027344,
  "summary_bg_median": 55.498348236083984,
  "summary_bg_n": 2723253.0,
  "summary_bg_p05": 30.27365760803223,
  "summary_bg_p95": 88.18985290527344,
  "summary_bg_stdv": 18.089052200317383,
  "summary_csf_k": 5.036867771596569,
  "summary_csf_mad": 101.7131270712087,
  "summary_csf_mean": 326.61700439453125,
  "summary_csf_median": 310.6563720703125,
  "summary_csf_n": 9428.0,
  "summary_csf_p05": 184.74508209228514,
  "summary_csf_p95": 512.9262115478515,
  "summary_csf_stdv": 103.20143127441406,
  "summary_gm_k": 0.025979316340558167,
  "summary_gm_mad": 72.12619087347305,
  "summary_gm_mean": 680.11083984375,
  "summary_gm_median": 681.4063110351562,
  "summary_gm_n": 11311.0,
  "summary_gm_p05": 555.9105529785156,
  "summary_gm_p95": 799.1029357910156,
  "summary_gm_stdv": 73.15687561035156,
  "summary_wm_k": 0.252463676829775,
  "summary_wm_mad": 55.74739080948351,
  "summary_wm_mean": 1000.1329345703125,
  "summary_wm_median": 999.9848022460938,
  "summary_wm_n": 145546.0,
  "summary_wm_p05": 906.6631774902344,
  "summary_wm_p95": 1094.3052368164062,
  "summary_wm_stdv": 57.12735366821289,
  "tpm_overlap_csf": 0.17888346314430237,
  "tpm_overlap_gm": 0.43888235092163086,
  "tpm_overlap_wm": 0.5008162260055542,
  "wm2max": 0.5215556202927666
}