{
  "bids_meta": {
    "AcquisitionNumber": 1,
    "DeviceSerialNumber": "35442  ",
    "EchoNumber": 1,
    "EchoTime": 0.00298,
    "FlipAngle": 9,
    "ImageOrientationPatientDICOM": [
      "-0.0731054602805",
      "0.99665106076726",
      "0.03663679501078",
      "0.01670296593258",
      "0.03795346566882",
      "-0.9991399028028  "
    ],
    "ImageType": [
      "ORIGINAL",
      "PRIMARY",
      "M",
      "ND",
      "NORM "
    ],
    "ImagingFrequency": 123.247158,
    "InPlanePhaseEncodingDirectionDICOM": "ROW  ",
    "IntendedFor": [
      "ses-PREBL00/func/sub-4101394_ses-PREBL00_task-rest_run-002_bold.nii.gz",
      "ses-PREBL00/asl/sub-4101394_ses-PREBL00_run-001_asl.nii.gz",
      "ses-PREBL00/func/sub-4101394_ses-PREBL00_task-encoding_run-001_bold.nii.gz",
      "ses-PREBL00/fmap/sub-4101394_ses-PREBL00_run-001_phasediff.nii.gz",
      "ses-PREBL00/fmap/sub-4101394_ses-PREBL00_run-003_phasediff.nii.gz",
      "ses-PREBL00/func/sub-4101394_ses-PREBL00_task-rest_run-001_bold.nii.gz",
      "ses-PREBL00/fmap/sub-4101394_ses-PREBL00_run-002_phasediff.nii.gz",
      "ses-PREBL00/func/sub-4101394_ses-PREBL00_task-retrieval_run-001_bold.nii.gz",
      "ses-PREBL00/anat/sub-4101394_ses-PREBL00_run-001_T2star.nii.gz"
    ],
    "InversionTime": 0.9,
    "MRAcquisitionType": "3D ",
    "MagneticFieldStrength": 3,
    "Manufacturer": "SIEMENS  ",
    "ManufacturerModelName": "TrioTim  ",
    "Modality": "MRI__ ",
    "PatientPosition": "HFS  ",
    "PercentPhaseFOV": 93.75,
    "PhaseEncodingSteps": 239,
    "PixelBandwidth": 238,
    "ProtocolName": "MPRAGE ADNI_iPAT2  ",
    "PulseSequenceType": "*tfl3d1_ns ",
    "ReceiveCoilName": "HeadMatrixix\\\\ ",
    "RepetitionTime": 2.3,
    "SAR": 0.07025027804623,
    "ScanningSequence": "GR\\\\IR  ",
    "SequenceName": "*tfl3d1_ns ",
    "SequenceVariant": "SP\\\\MP  ",
    "SeriesDescription": "MPRAGE ADNI_iPAT2  ",
    "SeriesNumber": 12,
    "SliceOrder": "interleaved ",
    "SliceThickness": 1,
    "SliceTiming": null,
    "SoftwareVersions": "syngo MR B17 ",
    "dataset": "<unset>",
    "modality": "T1w",
    "run_id": 1,
    "session_id": "PREBL00",
    "subject_id": "4101394"
  },
  "cjv": 0.46831476874263445,
  "cnr": 2.8883536353680808,
  "efc": 0.6065278437690326,
  "fber": 94.45265197753906,
  "fwhm_avg": 3.29955,
  "fwhm_x": 3.33445,
  "fwhm_y": 3.44544,
  "fwhm_z": 3.11876,
  "icvs_csf": 0.2047697924876749,
  "icvs_gm": 0.3997084696555358,
  "icvs_wm": 0.3955217378567893,
  "inu_med": 1.3213690519332886,
  "inu_range": 0.40087600946426427,
  "provenance": {
    "md5sum": "33927c5d34ab90e9668e7c6bd36d912d",
    "settings": {
      "testing": false
    },
    "software": "mriqc",
    "version": "0.16.1",
    "warnings": {
      "large_rot_frame": true,
      "small_air_mask": false
    },
    "webapi_port": null,
    "webapi_url": "https://mriqc.nimh.nih.gov/api/v1"
  },
  "qi_1": 0.0,
  "qi_2": 0.004349773442987367,
  "rpve_csf": 28.05395660897918,
  "rpve_gm": 14.724348944319804,
  "rpve_wm": 18.257884354307873,
  "size_x": 176,
  "size_y": 240,
  "size_z": 256,
  "snr_csf": 2.9262763696981673,
  "snr_gm": 9.276671408856352,
  "snr_total": 10.153695286367038,
  "snr_wm": 18.25813808054659,
  "snrd_csf": 11.587477979682811,
  "snrd_gm": 23.053643207706838,
  "snrd_total": 22.25755924475652,
  "snrd_wm": 32.13155654687992,
  "spacing_x": 1.0,
  "spacing_y": 1.0,
  "spacing_z": 1.0,
  "summary_bg_k": 1192.5190032586056,
  "summary_bg_mad": 20.38924743545157,
  "summary_bg_mean": 68.53216552734375,
  "summary_bg_median": 66.8894271850586,
  "summary_bg_n": 2932767.0,
  "summary_bg_p05": 37.19784927368164,
  "summary_bg_p95": 104.86938705444334,
  "summary_bg_stdv": 24.220733642578125,
  "summary_csf_k": -0.7630758232204364,
  "summary_csf_mad": 149.37450365403453,
  "summary_csf_mean": 363.4828796386719,
  "summary_csf_median": 360.62713623046875,
  "summary_csf_n": 10336.0,
  "summary_csf_p05": 178.59463119506836,
  "summary_csf_p95": 562.3677368164062,
  "summary_csf_stdv": 123.2315902709961,
  "summary_gm_k": -0.18464474770343475,
  "summary_gm_mad": 79.23433826518652,
  "summary_gm_mean": 715.8764038085938,
  "summary_gm_median": 717.478759765625,
  "summary_gm_n": 12606.0,
  "summary_gm_p05": 585.3805389404297,
  "summary_gm_p95": 840.8225860595703,
  "summary_gm_stdv": 77.33919525146484,
  "summary_wm_k": 0.28655848402782835,
  "summary_wm_mad": 53.07587445231606,
  "summary_wm_mean": 999.6102294921875,
  "summary_wm_median": 1000.0028686523438,
  "summary_wm_n": 196222.0,
  "summary_wm_p05": 909.1677429199219,
  "summary_wm_p95": 1088.7482238769533,
  "summary_wm_stdv": 54.77011489868164,
  "tpm_overlap_csf": 0.171462744474411,
  "tpm_overlap_gm": 0.4231157898902893,
  "tpm_overlap_wm": 0.5100984573364258,
  "wm2max": 0.4763316375711872
}